SEAT0,SEC1,A,0,AVAILABLE
SEAT1,SEC1,A,1,AVAILABLE
SEAT2,SEC1,A,2,AVAILABLE
SEAT3,SEC1,A,3,AVAILABLE
SEAT4,SEC1,A,4,AVAILABLE
SEAT5,SEC1,A,5,AVAILABLE
SEAT6,SEC1,A,6,AVAILABLE
SEAT7,SEC1,A,7,AVAILABLE
SEAT8,SEC1,A,8,AVAILABLE
SEAT9,SEC1,A,9,AVAILABLE
SEAT10,SEC1,A,10,AVAILABLE
SEAT11,SEC1,A,11,AVAILABLE
SEAT12,SEC1,A,12,AVAILABLE
SEAT13,SEC1,A,13,AVAILABLE
SEAT14,SEC1,A,14,AVAILABLE
SEAT15,SEC1,A,15,AVAILABLE
SEAT16,SEC1,A,16,AVAILABLE
SEAT17,SEC1,A,17,AVAILABLE
SEAT18,SEC1,A,18,AVAILABLE
SEAT19,SEC1,A,19,AVAILABLE
SEAT20,SEC1,A,20,AVAILABLE
SEAT21,SEC1,A,21,AVAILABLE
SEAT22,SEC1,A,22,AVAILABLE
SEAT23,SEC1,A,23,AVAILABLE
SEAT24,SEC1,A,24,AVAILABLE
SEAT25,SEC1,A,25,AVAILABLE
SEAT26,SEC1,A,26,AVAILABLE
SEAT27,SEC1,A,27,AVAILABLE
SEAT28,SEC1,A,28,AVAILABLE
SEAT29,SEC1,A,29,AVAILABLE
SEAT30,SEC1,A,30,AVAILABLE
SEAT31,SEC1,A,31,AVAILABLE
SEAT32,SEC1,A,32,AVAILABLE
SEAT33,SEC1,A,33,AVAILABLE
SEAT34,SEC1,A,34,AVAILABLE
SEAT35,SEC1,A,35,AVAILABLE
SEAT36,SEC1,A,36,AVAILABLE
SEAT37,SEC1,A,37,AVAILABLE
SEAT38,SEC1,A,38,AVAILABLE
SEAT39,SEC1,A,39,AVAILABLE
SEAT40,SEC1,A,40,AVAILABLE
SEAT41,SEC1,A,41,AVAILABLE
SEAT42,SEC1,A,42,AVAILABLE
SEAT43,SEC1,A,43,AVAILABLE
SEAT44,SEC1,A,44,AVAILABLE
SEAT45,SEC1,A,45,AVAILABLE
SEAT46,SEC1,A,46,AVAILABLE
SEAT47,SEC1,A,47,AVAILABLE
SEAT48,SEC1,A,48,AVAILABLE
SEAT49,SEC1,A,49,AVAILABLE
SEAT50,SEC1,A,50,AVAILABLE
SEAT51,SEC1,A,51,AVAILABLE
SEAT52,SEC1,A,52,AVAILABLE
SEAT53,SEC1,A,53,AVAILABLE
SEAT54,SEC1,A,54,AVAILABLE
SEAT55,SEC1,A,55,AVAILABLE
SEAT56,SEC1,A,56,AVAILABLE
SEAT57,SEC1,A,57,AVAILABLE
SEAT58,SEC1,A,58,AVAILABLE
SEAT59,SEC1,A,59,AVAILABLE
SEAT60,SEC1,A,60,AVAILABLE
SEAT61,SEC1,A,61,AVAILABLE
SEAT62,SEC1,A,62,AVAILABLE
SEAT63,SEC1,A,63,AVAILABLE
SEAT64,SEC1,A,64,AVAILABLE
SEAT65,SEC1,A,65,AVAILABLE
SEAT66,SEC1,A,66,AVAILABLE
SEAT67,SEC1,A,67,AVAILABLE
SEAT68,SEC1,A,68,AVAILABLE
SEAT69,SEC1,A,69,AVAILABLE
SEAT70,SEC1,A,70,AVAILABLE
SEAT71,SEC1,A,71,AVAILABLE
SEAT72,SEC1,A,72,AVAILABLE
SEAT73,SEC1,A,73,AVAILABLE
SEAT74,SEC1,A,74,AVAILABLE
SEAT75,SEC1,A,75,AVAILABLE
SEAT76,SEC1,A,76,AVAILABLE
SEAT77,SEC1,A,77,AVAILABLE
SEAT78,SEC1,A,78,AVAILABLE
SEAT79,SEC1,A,79,AVAILABLE
SEAT80,SEC1,A,80,AVAILABLE
SEAT81,SEC1,A,81,AVAILABLE
SEAT82,SEC1,A,82,AVAILABLE
SEAT83,SEC1,A,83,AVAILABLE
SEAT84,SEC1,A,84,AVAILABLE
SEAT85,SEC1,A,85,AVAILABLE
SEAT86,SEC1,A,86,AVAILABLE
SEAT87,SEC1,A,87,AVAILABLE
SEAT88,SEC1,A,88,AVAILABLE
SEAT89,SEC1,A,89,AVAILABLE
SEAT90,SEC1,A,90,AVAILABLE
SEAT91,SEC1,A,91,AVAILABLE
SEAT92,SEC1,A,92,AVAILABLE
SEAT93,SEC1,A,93,AVAILABLE
SEAT94,SEC1,A,94,AVAILABLE
SEAT95,SEC1,A,95,AVAILABLE
SEAT96,SEC1,A,96,AVAILABLE
SEAT97,SEC1,A,97,AVAILABLE
SEAT98,SEC1,A,98,AVAILABLE
SEAT99,SEC1,A,99,AVAILABLE
SEAT100,SEC1,A,100,AVAILABLE
SEAT101,SEC1,A,101,AVAILABLE
SEAT102,SEC1,A,102,AVAILABLE
SEAT103,SEC1,A,103,AVAILABLE
SEAT104,SEC1,A,104,AVAILABLE
SEAT105,SEC1,A,105,AVAILABLE
SEAT106,SEC1,A,106,AVAILABLE
SEAT107,SEC1,A,107,AVAILABLE
SEAT108,SEC1,A,108,AVAILABLE
SEAT109,SEC1,A,109,AVAILABLE
SEAT110,SEC1,A,110,AVAILABLE
SEAT111,SEC1,A,111,AVAILABLE
SEAT112,SEC1,A,112,AVAILABLE
SEAT113,SEC1,A,113,AVAILABLE
SEAT114,SEC1,A,114,AVAILABLE
SEAT115,SEC1,A,115,AVAILABLE
SEAT116,SEC1,A,116,AVAILABLE
SEAT117,SEC1,A,117,AVAILABLE
SEAT118,SEC1,A,118,AVAILABLE
SEAT119,SEC1,A,119,AVAILABLE
SEAT120,SEC1,A,120,AVAILABLE
SEAT121,SEC1,A,121,AVAILABLE
SEAT122,SEC1,A,122,AVAILABLE
SEAT123,SEC1,A,123,AVAILABLE
SEAT124,SEC1,A,124,AVAILABLE
SEAT125,SEC1,A,125,AVAILABLE
SEAT126,SEC1,A,126,AVAILABLE
SEAT127,SEC1,A,127,AVAILABLE
SEAT128,SEC1,A,128,AVAILABLE
SEAT129,SEC1,A,129,AVAILABLE
SEAT130,SEC1,A,130,AVAILABLE
SEAT131,SEC1,A,131,AVAILABLE
SEAT132,SEC1,A,132,AVAILABLE
SEAT133,SEC1,A,133,AVAILABLE
SEAT134,SEC1,A,134,AVAILABLE
SEAT135,SEC1,A,135,AVAILABLE
SEAT136,SEC1,A,136,AVAILABLE
SEAT137,SEC1,A,137,AVAILABLE
SEAT138,SEC1,A,138,AVAILABLE
SEAT139,SEC1,A,139,AVAILABLE
SEAT140,SEC1,A,140,AVAILABLE
SEAT141,SEC1,A,141,AVAILABLE
SEAT142,SEC1,A,142,AVAILABLE
SEAT143,SEC1,A,143,AVAILABLE
SEAT144,SEC1,A,144,AVAILABLE
SEAT145,SEC1,A,145,AVAILABLE
SEAT146,SEC1,A,146,AVAILABLE
SEAT147,SEC1,A,147,AVAILABLE
SEAT148,SEC1,A,148,AVAILABLE
SEAT149,SEC1,A,149,AVAILABLE
SEAT150,SEC1,A,150,AVAILABLE
SEAT151,SEC1,A,151,AVAILABLE
SEAT152,SEC1,A,152,AVAILABLE
SEAT153,SEC1,A,153,AVAILABLE
SEAT154,SEC1,A,154,AVAILABLE
SEAT155,SEC1,A,155,AVAILABLE
SEAT156,SEC1,A,156,AVAILABLE
SEAT157,SEC1,A,157,AVAILABLE
SEAT158,SEC1,A,158,AVAILABLE
SEAT159,SEC1,A,159,AVAILABLE
SEAT160,SEC1,A,160,AVAILABLE
SEAT161,SEC1,A,161,AVAILABLE
SEAT162,SEC1,A,162,AVAILABLE
SEAT163,SEC1,A,163,AVAILABLE
SEAT164,SEC1,A,164,AVAILABLE
SEAT165,SEC1,A,165,AVAILABLE
SEAT166,SEC1,A,166,AVAILABLE
SEAT167,SEC1,A,167,AVAILABLE
SEAT168,SEC1,A,168,AVAILABLE
SEAT169,SEC1,A,169,AVAILABLE
SEAT170,SEC1,A,170,AVAILABLE
SEAT171,SEC1,A,171,AVAILABLE
SEAT172,SEC1,A,172,AVAILABLE
SEAT173,SEC1,A,173,AVAILABLE
SEAT174,SEC1,A,174,AVAILABLE
SEAT175,SEC1,A,175,AVAILABLE
SEAT176,SEC1,A,176,AVAILABLE
SEAT177,SEC1,A,177,AVAILABLE
SEAT178,SEC1,A,178,AVAILABLE
SEAT179,SEC1,A,179,AVAILABLE
SEAT180,SEC1,A,180,AVAILABLE
SEAT181,SEC1,A,181,AVAILABLE
SEAT182,SEC1,A,182,AVAILABLE
SEAT183,SEC1,A,183,AVAILABLE
SEAT184,SEC1,A,184,AVAILABLE
SEAT185,SEC1,A,185,AVAILABLE
SEAT186,SEC1,A,186,AVAILABLE
SEAT187,SEC1,A,187,AVAILABLE
SEAT188,SEC1,A,188,AVAILABLE
SEAT189,SEC1,A,189,AVAILABLE
SEAT190,SEC1,A,190,AVAILABLE
SEAT191,SEC1,A,191,AVAILABLE
SEAT192,SEC1,A,192,AVAILABLE
SEAT193,SEC1,A,193,AVAILABLE
SEAT194,SEC1,A,194,AVAILABLE
SEAT195,SEC1,A,195,AVAILABLE
SEAT196,SEC1,A,196,AVAILABLE
SEAT197,SEC1,A,197,AVAILABLE
SEAT198,SEC1,A,198,AVAILABLE
SEAT199,SEC1,A,199,AVAILABLE
SEAT200,SEC1,A,200,AVAILABLE
SEAT201,SEC1,A,201,AVAILABLE
SEAT202,SEC1,A,202,AVAILABLE
SEAT203,SEC1,A,203,AVAILABLE
SEAT204,SEC1,A,204,AVAILABLE
SEAT205,SEC1,A,205,AVAILABLE
SEAT206,SEC1,A,206,AVAILABLE
SEAT207,SEC1,A,207,AVAILABLE
SEAT208,SEC1,A,208,AVAILABLE
SEAT209,SEC1,A,209,AVAILABLE
SEAT210,SEC1,A,210,AVAILABLE
SEAT211,SEC1,A,211,AVAILABLE
SEAT212,SEC1,A,212,AVAILABLE
SEAT213,SEC1,A,213,AVAILABLE
SEAT214,SEC1,A,214,AVAILABLE
SEAT215,SEC1,A,215,AVAILABLE
SEAT216,SEC1,A,216,AVAILABLE
SEAT217,SEC1,A,217,AVAILABLE
SEAT218,SEC1,A,218,AVAILABLE
SEAT219,SEC1,A,219,AVAILABLE
SEAT220,SEC1,A,220,AVAILABLE
SEAT221,SEC1,A,221,AVAILABLE
SEAT222,SEC1,A,222,AVAILABLE
SEAT223,SEC1,A,223,AVAILABLE
SEAT224,SEC1,A,224,AVAILABLE
SEAT225,SEC1,A,225,AVAILABLE
SEAT226,SEC1,A,226,AVAILABLE
SEAT227,SEC1,A,227,AVAILABLE
SEAT228,SEC1,A,228,AVAILABLE
SEAT229,SEC1,A,229,AVAILABLE
SEAT230,SEC1,A,230,AVAILABLE
SEAT231,SEC1,A,231,AVAILABLE
SEAT232,SEC1,A,232,AVAILABLE
SEAT233,SEC1,A,233,AVAILABLE
SEAT234,SEC1,A,234,AVAILABLE
SEAT235,SEC1,A,235,AVAILABLE
SEAT236,SEC1,A,236,AVAILABLE
SEAT237,SEC1,A,237,AVAILABLE
SEAT238,SEC1,A,238,AVAILABLE
SEAT239,SEC1,A,239,AVAILABLE
SEAT240,SEC1,A,240,AVAILABLE
SEAT241,SEC1,A,241,AVAILABLE
SEAT242,SEC1,A,242,AVAILABLE
SEAT243,SEC1,A,243,AVAILABLE
SEAT244,SEC1,A,244,AVAILABLE
SEAT245,SEC1,A,245,AVAILABLE
SEAT246,SEC1,A,246,AVAILABLE
SEAT247,SEC1,A,247,AVAILABLE
SEAT248,SEC1,A,248,AVAILABLE
SEAT249,SEC1,A,249,AVAILABLE
SEAT250,SEC1,A,250,AVAILABLE
SEAT251,SEC1,A,251,AVAILABLE
SEAT252,SEC1,A,252,AVAILABLE
SEAT253,SEC1,A,253,AVAILABLE
SEAT254,SEC1,A,254,AVAILABLE
SEAT255,SEC1,A,255,AVAILABLE
SEAT256,SEC1,A,256,AVAILABLE
SEAT257,SEC1,A,257,AVAILABLE
SEAT258,SEC1,A,258,AVAILABLE
SEAT259,SEC1,A,259,AVAILABLE
SEAT260,SEC1,A,260,AVAILABLE
SEAT261,SEC1,A,261,AVAILABLE
SEAT262,SEC1,A,262,AVAILABLE
SEAT263,SEC1,A,263,AVAILABLE
SEAT264,SEC1,A,264,AVAILABLE
SEAT265,SEC1,A,265,AVAILABLE
SEAT266,SEC1,A,266,AVAILABLE
SEAT267,SEC1,A,267,AVAILABLE
SEAT268,SEC1,A,268,AVAILABLE
SEAT269,SEC1,A,269,AVAILABLE
SEAT270,SEC1,A,270,AVAILABLE
SEAT271,SEC1,A,271,AVAILABLE
SEAT272,SEC1,A,272,AVAILABLE
SEAT273,SEC1,A,273,AVAILABLE
SEAT274,SEC1,A,274,AVAILABLE
SEAT275,SEC1,A,275,AVAILABLE
SEAT276,SEC1,A,276,AVAILABLE
SEAT277,SEC1,A,277,AVAILABLE
SEAT278,SEC1,A,278,AVAILABLE
SEAT279,SEC1,A,279,AVAILABLE
SEAT280,SEC1,A,280,AVAILABLE
SEAT281,SEC1,A,281,AVAILABLE
SEAT282,SEC1,A,282,AVAILABLE
SEAT283,SEC1,A,283,AVAILABLE
SEAT284,SEC1,A,284,AVAILABLE
SEAT285,SEC1,A,285,AVAILABLE
SEAT286,SEC1,A,286,AVAILABLE
SEAT287,SEC1,A,287,AVAILABLE
SEAT288,SEC1,A,288,AVAILABLE
SEAT289,SEC1,A,289,AVAILABLE
SEAT290,SEC1,A,290,AVAILABLE
SEAT291,SEC1,A,291,AVAILABLE
SEAT292,SEC1,A,292,AVAILABLE
SEAT293,SEC1,A,293,AVAILABLE
SEAT294,SEC1,A,294,AVAILABLE
SEAT295,SEC1,A,295,AVAILABLE
SEAT296,SEC1,A,296,AVAILABLE
SEAT297,SEC1,A,297,AVAILABLE
SEAT298,SEC1,A,298,AVAILABLE
SEAT299,SEC1,A,299,AVAILABLE
SEAT300,SEC1,A,300,AVAILABLE
SEAT301,SEC1,A,301,AVAILABLE
SEAT302,SEC1,A,302,AVAILABLE
SEAT303,SEC1,A,303,AVAILABLE
SEAT304,SEC1,A,304,AVAILABLE
SEAT305,SEC1,A,305,AVAILABLE
SEAT306,SEC1,A,306,AVAILABLE
SEAT307,SEC1,A,307,AVAILABLE
SEAT308,SEC1,A,308,AVAILABLE
SEAT309,SEC1,A,309,AVAILABLE
SEAT310,SEC1,A,310,AVAILABLE
SEAT311,SEC1,A,311,AVAILABLE
SEAT312,SEC1,A,312,AVAILABLE
SEAT313,SEC1,A,313,AVAILABLE
SEAT314,SEC1,A,314,AVAILABLE
SEAT315,SEC1,A,315,AVAILABLE
SEAT316,SEC1,A,316,AVAILABLE
SEAT317,SEC1,A,317,AVAILABLE
SEAT318,SEC1,A,318,AVAILABLE
SEAT319,SEC1,A,319,AVAILABLE
SEAT320,SEC1,A,320,AVAILABLE
SEAT321,SEC1,A,321,AVAILABLE
SEAT322,SEC1,A,322,AVAILABLE
SEAT323,SEC1,A,323,AVAILABLE
SEAT324,SEC1,A,324,AVAILABLE
SEAT325,SEC1,A,325,AVAILABLE
SEAT326,SEC1,A,326,AVAILABLE
SEAT327,SEC1,A,327,AVAILABLE
SEAT328,SEC1,A,328,AVAILABLE
SEAT329,SEC1,A,329,AVAILABLE
SEAT330,SEC1,A,330,AVAILABLE
SEAT331,SEC1,A,331,AVAILABLE
SEAT332,SEC1,A,332,AVAILABLE
SEAT333,SEC1,A,333,AVAILABLE
SEAT334,SEC1,A,334,AVAILABLE
SEAT335,SEC1,A,335,AVAILABLE
SEAT336,SEC1,A,336,AVAILABLE
SEAT337,SEC1,A,337,AVAILABLE
SEAT338,SEC1,A,338,AVAILABLE
SEAT339,SEC1,A,339,AVAILABLE
SEAT340,SEC1,A,340,AVAILABLE
SEAT341,SEC1,A,341,AVAILABLE
SEAT342,SEC1,A,342,AVAILABLE
SEAT343,SEC1,A,343,AVAILABLE
SEAT344,SEC1,A,344,AVAILABLE
SEAT345,SEC1,A,345,AVAILABLE
SEAT346,SEC1,A,346,AVAILABLE
SEAT347,SEC1,A,347,AVAILABLE
SEAT348,SEC1,A,348,AVAILABLE
SEAT349,SEC1,A,349,AVAILABLE
SEAT350,SEC1,A,350,AVAILABLE
SEAT351,SEC1,A,351,AVAILABLE
SEAT352,SEC1,A,352,AVAILABLE
SEAT353,SEC1,A,353,AVAILABLE
SEAT354,SEC1,A,354,AVAILABLE
SEAT355,SEC1,A,355,AVAILABLE
SEAT356,SEC1,A,356,AVAILABLE
SEAT357,SEC1,A,357,AVAILABLE
SEAT358,SEC1,A,358,AVAILABLE
SEAT359,SEC1,A,359,AVAILABLE
SEAT360,SEC1,A,360,AVAILABLE
SEAT361,SEC1,A,361,AVAILABLE
SEAT362,SEC1,A,362,AVAILABLE
SEAT363,SEC1,A,363,AVAILABLE
SEAT364,SEC1,A,364,AVAILABLE
SEAT365,SEC1,A,365,AVAILABLE
SEAT366,SEC1,A,366,AVAILABLE
SEAT367,SEC1,A,367,AVAILABLE
SEAT368,SEC1,A,368,AVAILABLE
SEAT369,SEC1,A,369,AVAILABLE
SEAT370,SEC1,A,370,AVAILABLE
SEAT371,SEC1,A,371,AVAILABLE
SEAT372,SEC1,A,372,AVAILABLE
SEAT373,SEC1,A,373,AVAILABLE
SEAT374,SEC1,A,374,AVAILABLE
SEAT375,SEC1,A,375,AVAILABLE
SEAT376,SEC1,A,376,AVAILABLE
SEAT377,SEC1,A,377,AVAILABLE
SEAT378,SEC1,A,378,AVAILABLE
SEAT379,SEC1,A,379,AVAILABLE
SEAT380,SEC1,A,380,AVAILABLE
SEAT381,SEC1,A,381,AVAILABLE
SEAT382,SEC1,A,382,AVAILABLE
SEAT383,SEC1,A,383,AVAILABLE
SEAT384,SEC1,A,384,AVAILABLE
SEAT385,SEC1,A,385,AVAILABLE
SEAT386,SEC1,A,386,AVAILABLE
SEAT387,SEC1,A,387,AVAILABLE
SEAT388,SEC1,A,388,AVAILABLE
SEAT389,SEC1,A,389,AVAILABLE
SEAT390,SEC1,A,390,AVAILABLE
SEAT391,SEC1,A,391,AVAILABLE
SEAT392,SEC1,A,392,AVAILABLE
SEAT393,SEC1,A,393,AVAILABLE
SEAT394,SEC1,A,394,AVAILABLE
SEAT395,SEC1,A,395,AVAILABLE
SEAT396,SEC1,A,396,AVAILABLE
SEAT397,SEC1,A,397,AVAILABLE
SEAT398,SEC1,A,398,AVAILABLE
SEAT399,SEC1,A,399,AVAILABLE
SEAT400,SEC1,A,400,AVAILABLE
SEAT401,SEC1,A,401,AVAILABLE
SEAT402,SEC1,A,402,AVAILABLE
SEAT403,SEC1,A,403,AVAILABLE
SEAT404,SEC1,A,404,AVAILABLE
SEAT405,SEC1,A,405,AVAILABLE
SEAT406,SEC1,A,406,AVAILABLE
SEAT407,SEC1,A,407,AVAILABLE
SEAT408,SEC1,A,408,AVAILABLE
SEAT409,SEC1,A,409,AVAILABLE
SEAT410,SEC1,A,410,AVAILABLE
SEAT411,SEC1,A,411,AVAILABLE
SEAT412,SEC1,A,412,AVAILABLE
SEAT413,SEC1,A,413,AVAILABLE
SEAT414,SEC1,A,414,AVAILABLE
SEAT415,SEC1,A,415,AVAILABLE
SEAT416,SEC1,A,416,AVAILABLE
SEAT417,SEC1,A,417,AVAILABLE
SEAT418,SEC1,A,418,AVAILABLE
SEAT419,SEC1,A,419,AVAILABLE
SEAT420,SEC1,A,420,AVAILABLE
SEAT421,SEC1,A,421,AVAILABLE
SEAT422,SEC1,A,422,AVAILABLE
SEAT423,SEC1,A,423,AVAILABLE
SEAT424,SEC1,A,424,AVAILABLE
SEAT425,SEC1,A,425,AVAILABLE
SEAT426,SEC1,A,426,AVAILABLE
SEAT427,SEC1,A,427,AVAILABLE
SEAT428,SEC1,A,428,AVAILABLE
SEAT429,SEC1,A,429,AVAILABLE
SEAT430,SEC1,A,430,AVAILABLE
SEAT431,SEC1,A,431,AVAILABLE
SEAT432,SEC1,A,432,AVAILABLE
SEAT433,SEC1,A,433,AVAILABLE
SEAT434,SEC1,A,434,AVAILABLE
SEAT435,SEC1,A,435,AVAILABLE
SEAT436,SEC1,A,436,AVAILABLE
SEAT437,SEC1,A,437,AVAILABLE
SEAT438,SEC1,A,438,AVAILABLE
SEAT439,SEC1,A,439,AVAILABLE
SEAT440,SEC1,A,440,AVAILABLE
SEAT441,SEC1,A,441,AVAILABLE
SEAT442,SEC1,A,442,AVAILABLE
SEAT443,SEC1,A,443,AVAILABLE
SEAT444,SEC1,A,444,AVAILABLE
SEAT445,SEC1,A,445,AVAILABLE
SEAT446,SEC1,A,446,AVAILABLE
SEAT447,SEC1,A,447,AVAILABLE
SEAT448,SEC1,A,448,AVAILABLE
SEAT449,SEC1,A,449,AVAILABLE
SEAT450,SEC1,A,450,AVAILABLE
SEAT451,SEC1,A,451,AVAILABLE
SEAT452,SEC1,A,452,AVAILABLE
SEAT453,SEC1,A,453,AVAILABLE
SEAT454,SEC1,A,454,AVAILABLE
SEAT455,SEC1,A,455,AVAILABLE
SEAT456,SEC1,A,456,AVAILABLE
SEAT457,SEC1,A,457,AVAILABLE
SEAT458,SEC1,A,458,AVAILABLE
SEAT459,SEC1,A,459,AVAILABLE
SEAT460,SEC1,A,460,AVAILABLE
SEAT461,SEC1,A,461,AVAILABLE
SEAT462,SEC1,A,462,AVAILABLE
SEAT463,SEC1,A,463,AVAILABLE
SEAT464,SEC1,A,464,AVAILABLE
SEAT465,SEC1,A,465,AVAILABLE
SEAT466,SEC1,A,466,AVAILABLE
SEAT467,SEC1,A,467,AVAILABLE
SEAT468,SEC1,A,468,AVAILABLE
SEAT469,SEC1,A,469,AVAILABLE
SEAT470,SEC1,A,470,AVAILABLE
SEAT471,SEC1,A,471,AVAILABLE
SEAT472,SEC1,A,472,AVAILABLE
SEAT473,SEC1,A,473,AVAILABLE
SEAT474,SEC1,A,474,AVAILABLE
SEAT475,SEC1,A,475,AVAILABLE
SEAT476,SEC1,A,476,AVAILABLE
SEAT477,SEC1,A,477,AVAILABLE
SEAT478,SEC1,A,478,AVAILABLE
SEAT479,SEC1,A,479,AVAILABLE
SEAT480,SEC1,A,480,AVAILABLE
SEAT481,SEC1,A,481,AVAILABLE
SEAT482,SEC1,A,482,AVAILABLE
SEAT483,SEC1,A,483,AVAILABLE
SEAT484,SEC1,A,484,AVAILABLE
SEAT485,SEC1,A,485,AVAILABLE
SEAT486,SEC1,A,486,AVAILABLE
SEAT487,SEC1,A,487,AVAILABLE
SEAT488,SEC1,A,488,AVAILABLE
SEAT489,SEC1,A,489,AVAILABLE
SEAT490,SEC1,A,490,AVAILABLE
SEAT491,SEC1,A,491,AVAILABLE
SEAT492,SEC1,A,492,AVAILABLE
SEAT493,SEC1,A,493,AVAILABLE
SEAT494,SEC1,A,494,AVAILABLE
SEAT495,SEC1,A,495,AVAILABLE
SEAT496,SEC1,A,496,AVAILABLE
SEAT497,SEC1,A,497,AVAILABLE
SEAT498,SEC1,A,498,AVAILABLE
SEAT499,SEC1,A,499,AVAILABLE
SEAT500,SEC1,A,500,AVAILABLE
SEAT501,SEC1,A,501,AVAILABLE
SEAT502,SEC1,A,502,AVAILABLE
SEAT503,SEC1,A,503,AVAILABLE
SEAT504,SEC1,A,504,AVAILABLE
SEAT505,SEC1,A,505,AVAILABLE
SEAT506,SEC1,A,506,AVAILABLE
SEAT507,SEC1,A,507,AVAILABLE
SEAT508,SEC1,A,508,AVAILABLE
SEAT509,SEC1,A,509,AVAILABLE
SEAT510,SEC1,A,510,AVAILABLE
SEAT511,SEC1,A,511,AVAILABLE
SEAT512,SEC1,A,512,AVAILABLE
SEAT513,SEC1,A,513,AVAILABLE
SEAT514,SEC1,A,514,AVAILABLE
SEAT515,SEC1,A,515,AVAILABLE
SEAT516,SEC1,A,516,AVAILABLE
SEAT517,SEC1,A,517,AVAILABLE
SEAT518,SEC1,A,518,AVAILABLE
SEAT519,SEC1,A,519,AVAILABLE
SEAT520,SEC1,A,520,AVAILABLE
SEAT521,SEC1,A,521,AVAILABLE
SEAT522,SEC1,A,522,AVAILABLE
SEAT523,SEC1,A,523,AVAILABLE
SEAT524,SEC1,A,524,AVAILABLE
SEAT525,SEC1,A,525,AVAILABLE
SEAT526,SEC1,A,526,AVAILABLE
SEAT527,SEC1,A,527,AVAILABLE
SEAT528,SEC1,A,528,AVAILABLE
SEAT529,SEC1,A,529,AVAILABLE
SEAT530,SEC1,A,530,AVAILABLE
SEAT531,SEC1,A,531,AVAILABLE
SEAT532,SEC1,A,532,AVAILABLE
SEAT533,SEC1,A,533,AVAILABLE
SEAT534,SEC1,A,534,AVAILABLE
SEAT535,SEC1,A,535,AVAILABLE
SEAT536,SEC1,A,536,AVAILABLE
SEAT537,SEC1,A,537,AVAILABLE
SEAT538,SEC1,A,538,AVAILABLE
SEAT539,SEC1,A,539,AVAILABLE
SEAT540,SEC1,A,540,AVAILABLE
SEAT541,SEC1,A,541,AVAILABLE
SEAT542,SEC1,A,542,AVAILABLE
SEAT543,SEC1,A,543,AVAILABLE
SEAT544,SEC1,A,544,AVAILABLE
SEAT545,SEC1,A,545,AVAILABLE
SEAT546,SEC1,A,546,AVAILABLE
SEAT547,SEC1,A,547,AVAILABLE
SEAT548,SEC1,A,548,AVAILABLE
SEAT549,SEC1,A,549,AVAILABLE
SEAT550,SEC1,A,550,AVAILABLE
SEAT551,SEC1,A,551,AVAILABLE
SEAT552,SEC1,A,552,AVAILABLE
SEAT553,SEC1,A,553,AVAILABLE
SEAT554,SEC1,A,554,AVAILABLE
SEAT555,SEC1,A,555,AVAILABLE
SEAT556,SEC1,A,556,AVAILABLE
SEAT557,SEC1,A,557,AVAILABLE
SEAT558,SEC1,A,558,AVAILABLE
SEAT559,SEC1,A,559,AVAILABLE
SEAT560,SEC1,A,560,AVAILABLE
SEAT561,SEC1,A,561,AVAILABLE
SEAT562,SEC1,A,562,AVAILABLE
SEAT563,SEC1,A,563,AVAILABLE
SEAT564,SEC1,A,564,AVAILABLE
SEAT565,SEC1,A,565,AVAILABLE
SEAT566,SEC1,A,566,AVAILABLE
SEAT567,SEC1,A,567,AVAILABLE
SEAT568,SEC1,A,568,AVAILABLE
SEAT569,SEC1,A,569,AVAILABLE
SEAT570,SEC1,A,570,AVAILABLE
SEAT571,SEC1,A,571,AVAILABLE
SEAT572,SEC1,A,572,AVAILABLE
SEAT573,SEC1,A,573,AVAILABLE
SEAT574,SEC1,A,574,AVAILABLE
SEAT575,SEC1,A,575,AVAILABLE
SEAT576,SEC1,A,576,AVAILABLE
SEAT577,SEC1,A,577,AVAILABLE
SEAT578,SEC1,A,578,AVAILABLE
SEAT579,SEC1,A,579,AVAILABLE
SEAT580,SEC1,A,580,AVAILABLE
SEAT581,SEC1,A,581,AVAILABLE
SEAT582,SEC1,A,582,AVAILABLE
SEAT583,SEC1,A,583,AVAILABLE
SEAT584,SEC1,A,584,AVAILABLE
SEAT585,SEC1,A,585,AVAILABLE
SEAT586,SEC1,A,586,AVAILABLE
SEAT587,SEC1,A,587,AVAILABLE
SEAT588,SEC1,A,588,AVAILABLE
SEAT589,SEC1,A,589,AVAILABLE
SEAT590,SEC1,A,590,AVAILABLE
SEAT591,SEC1,A,591,AVAILABLE
SEAT592,SEC1,A,592,AVAILABLE
SEAT593,SEC1,A,593,AVAILABLE
SEAT594,SEC1,A,594,AVAILABLE
SEAT595,SEC1,A,595,AVAILABLE
SEAT596,SEC1,A,596,AVAILABLE
SEAT597,SEC1,A,597,AVAILABLE
SEAT598,SEC1,A,598,AVAILABLE
SEAT599,SEC1,A,599,AVAILABLE
SEAT600,SEC1,A,600,AVAILABLE
SEAT601,SEC1,A,601,AVAILABLE
SEAT602,SEC1,A,602,AVAILABLE
SEAT603,SEC1,A,603,AVAILABLE
SEAT604,SEC1,A,604,AVAILABLE
SEAT605,SEC1,A,605,AVAILABLE
SEAT606,SEC1,A,606,AVAILABLE
SEAT607,SEC1,A,607,AVAILABLE
SEAT608,SEC1,A,608,AVAILABLE
SEAT609,SEC1,A,609,AVAILABLE
SEAT610,SEC1,A,610,AVAILABLE
SEAT611,SEC1,A,611,AVAILABLE
SEAT612,SEC1,A,612,AVAILABLE
SEAT613,SEC1,A,613,AVAILABLE
SEAT614,SEC1,A,614,AVAILABLE
SEAT615,SEC1,A,615,AVAILABLE
SEAT616,SEC1,A,616,AVAILABLE
SEAT617,SEC1,A,617,AVAILABLE
SEAT618,SEC1,A,618,AVAILABLE
SEAT619,SEC1,A,619,AVAILABLE
SEAT620,SEC1,A,620,AVAILABLE
SEAT621,SEC1,A,621,AVAILABLE
SEAT622,SEC1,A,622,AVAILABLE
SEAT623,SEC1,A,623,AVAILABLE
SEAT624,SEC1,A,624,AVAILABLE
SEAT625,SEC1,A,625,AVAILABLE
SEAT626,SEC1,A,626,AVAILABLE
SEAT627,SEC1,A,627,AVAILABLE
SEAT628,SEC1,A,628,AVAILABLE
SEAT629,SEC1,A,629,AVAILABLE
SEAT630,SEC1,A,630,AVAILABLE
SEAT631,SEC1,A,631,AVAILABLE
SEAT632,SEC1,A,632,AVAILABLE
SEAT633,SEC1,A,633,AVAILABLE
SEAT634,SEC1,A,634,AVAILABLE
SEAT635,SEC1,A,635,AVAILABLE
SEAT636,SEC1,A,636,AVAILABLE
SEAT637,SEC1,A,637,AVAILABLE
SEAT638,SEC1,A,638,AVAILABLE
SEAT639,SEC1,A,639,AVAILABLE
SEAT640,SEC1,A,640,AVAILABLE
SEAT641,SEC1,A,641,AVAILABLE
SEAT642,SEC1,A,642,AVAILABLE
SEAT643,SEC1,A,643,AVAILABLE
SEAT644,SEC1,A,644,AVAILABLE
SEAT645,SEC1,A,645,AVAILABLE
SEAT646,SEC1,A,646,AVAILABLE
SEAT647,SEC1,A,647,AVAILABLE
SEAT648,SEC1,A,648,AVAILABLE
SEAT649,SEC1,A,649,AVAILABLE
SEAT650,SEC1,A,650,AVAILABLE
SEAT651,SEC1,A,651,AVAILABLE
SEAT652,SEC1,A,652,AVAILABLE
SEAT653,SEC1,A,653,AVAILABLE
SEAT654,SEC1,A,654,AVAILABLE
SEAT655,SEC1,A,655,AVAILABLE
SEAT656,SEC1,A,656,AVAILABLE
SEAT657,SEC1,A,657,AVAILABLE
SEAT658,SEC1,A,658,AVAILABLE
SEAT659,SEC1,A,659,AVAILABLE
SEAT660,SEC1,A,660,AVAILABLE
SEAT661,SEC1,A,661,AVAILABLE
SEAT662,SEC1,A,662,AVAILABLE
SEAT663,SEC1,A,663,AVAILABLE
SEAT664,SEC1,A,664,AVAILABLE
SEAT665,SEC1,A,665,AVAILABLE
SEAT666,SEC1,A,666,AVAILABLE
SEAT667,SEC1,A,667,AVAILABLE
SEAT668,SEC1,A,668,AVAILABLE
SEAT669,SEC1,A,669,AVAILABLE
SEAT670,SEC1,A,670,AVAILABLE
SEAT671,SEC1,A,671,AVAILABLE
SEAT672,SEC1,A,672,AVAILABLE
SEAT673,SEC1,A,673,AVAILABLE
SEAT674,SEC1,A,674,AVAILABLE
SEAT675,SEC1,A,675,AVAILABLE
SEAT676,SEC1,A,676,AVAILABLE
SEAT677,SEC1,A,677,AVAILABLE
SEAT678,SEC1,A,678,AVAILABLE
SEAT679,SEC1,A,679,AVAILABLE
SEAT680,SEC1,A,680,AVAILABLE
SEAT681,SEC1,A,681,AVAILABLE
SEAT682,SEC1,A,682,AVAILABLE
SEAT683,SEC1,A,683,AVAILABLE
SEAT684,SEC1,A,684,AVAILABLE
SEAT685,SEC1,A,685,AVAILABLE
SEAT686,SEC1,A,686,AVAILABLE
SEAT687,SEC1,A,687,AVAILABLE
SEAT688,SEC1,A,688,AVAILABLE
SEAT689,SEC1,A,689,AVAILABLE
SEAT690,SEC1,A,690,AVAILABLE
SEAT691,SEC1,A,691,AVAILABLE
SEAT692,SEC1,A,692,AVAILABLE
SEAT693,SEC1,A,693,AVAILABLE
SEAT694,SEC1,A,694,AVAILABLE
SEAT695,SEC1,A,695,AVAILABLE
SEAT696,SEC1,A,696,AVAILABLE
SEAT697,SEC1,A,697,AVAILABLE
SEAT698,SEC1,A,698,AVAILABLE
SEAT699,SEC1,A,699,AVAILABLE
SEAT700,SEC1,A,700,AVAILABLE
SEAT701,SEC1,A,701,AVAILABLE
SEAT702,SEC1,A,702,AVAILABLE
SEAT703,SEC1,A,703,AVAILABLE
SEAT704,SEC1,A,704,AVAILABLE
SEAT705,SEC1,A,705,AVAILABLE
SEAT706,SEC1,A,706,AVAILABLE
SEAT707,SEC1,A,707,AVAILABLE
SEAT708,SEC1,A,708,AVAILABLE
SEAT709,SEC1,A,709,AVAILABLE
SEAT710,SEC1,A,710,AVAILABLE
SEAT711,SEC1,A,711,AVAILABLE
SEAT712,SEC1,A,712,AVAILABLE
SEAT713,SEC1,A,713,AVAILABLE
SEAT714,SEC1,A,714,AVAILABLE
SEAT715,SEC1,A,715,AVAILABLE
SEAT716,SEC1,A,716,AVAILABLE
SEAT717,SEC1,A,717,AVAILABLE
SEAT718,SEC1,A,718,AVAILABLE
SEAT719,SEC1,A,719,AVAILABLE
SEAT720,SEC1,A,720,AVAILABLE
SEAT721,SEC1,A,721,AVAILABLE
SEAT722,SEC1,A,722,AVAILABLE
SEAT723,SEC1,A,723,AVAILABLE
SEAT724,SEC1,A,724,AVAILABLE
SEAT725,SEC1,A,725,AVAILABLE
SEAT726,SEC1,A,726,AVAILABLE
SEAT727,SEC1,A,727,AVAILABLE
SEAT728,SEC1,A,728,AVAILABLE
SEAT729,SEC1,A,729,AVAILABLE
SEAT730,SEC1,A,730,AVAILABLE
SEAT731,SEC1,A,731,AVAILABLE
SEAT732,SEC1,A,732,AVAILABLE
SEAT733,SEC1,A,733,AVAILABLE
SEAT734,SEC1,A,734,AVAILABLE
SEAT735,SEC1,A,735,AVAILABLE
SEAT736,SEC1,A,736,AVAILABLE
SEAT737,SEC1,A,737,AVAILABLE
SEAT738,SEC1,A,738,AVAILABLE
SEAT739,SEC1,A,739,AVAILABLE
SEAT740,SEC1,A,740,AVAILABLE
SEAT741,SEC1,A,741,AVAILABLE
SEAT742,SEC1,A,742,AVAILABLE
SEAT743,SEC1,A,743,AVAILABLE
SEAT744,SEC1,A,744,AVAILABLE
SEAT745,SEC1,A,745,AVAILABLE
SEAT746,SEC1,A,746,AVAILABLE
SEAT747,SEC1,A,747,AVAILABLE
SEAT748,SEC1,A,748,AVAILABLE
SEAT749,SEC1,A,749,AVAILABLE
SEAT750,SEC1,A,750,AVAILABLE
SEAT751,SEC1,A,751,AVAILABLE
SEAT752,SEC1,A,752,AVAILABLE
SEAT753,SEC1,A,753,AVAILABLE
SEAT754,SEC1,A,754,AVAILABLE
SEAT755,SEC1,A,755,AVAILABLE
SEAT756,SEC1,A,756,AVAILABLE
SEAT757,SEC1,A,757,AVAILABLE
SEAT758,SEC1,A,758,AVAILABLE
SEAT759,SEC1,A,759,AVAILABLE
SEAT760,SEC1,A,760,AVAILABLE
SEAT761,SEC1,A,761,AVAILABLE
SEAT762,SEC1,A,762,AVAILABLE
SEAT763,SEC1,A,763,AVAILABLE
SEAT764,SEC1,A,764,AVAILABLE
SEAT765,SEC1,A,765,AVAILABLE
SEAT766,SEC1,A,766,AVAILABLE
SEAT767,SEC1,A,767,AVAILABLE
SEAT768,SEC1,A,768,AVAILABLE
SEAT769,SEC1,A,769,AVAILABLE
SEAT770,SEC1,A,770,AVAILABLE
SEAT771,SEC1,A,771,AVAILABLE
SEAT772,SEC1,A,772,AVAILABLE
SEAT773,SEC1,A,773,AVAILABLE
SEAT774,SEC1,A,774,AVAILABLE
SEAT775,SEC1,A,775,AVAILABLE
SEAT776,SEC1,A,776,AVAILABLE
SEAT777,SEC1,A,777,AVAILABLE
SEAT778,SEC1,A,778,AVAILABLE
SEAT779,SEC1,A,779,AVAILABLE
SEAT780,SEC1,A,780,AVAILABLE
SEAT781,SEC1,A,781,AVAILABLE
SEAT782,SEC1,A,782,AVAILABLE
SEAT783,SEC1,A,783,AVAILABLE
SEAT784,SEC1,A,784,AVAILABLE
SEAT785,SEC1,A,785,AVAILABLE
SEAT786,SEC1,A,786,AVAILABLE
SEAT787,SEC1,A,787,AVAILABLE
SEAT788,SEC1,A,788,AVAILABLE
SEAT789,SEC1,A,789,AVAILABLE
SEAT790,SEC1,A,790,AVAILABLE
SEAT791,SEC1,A,791,AVAILABLE
SEAT792,SEC1,A,792,AVAILABLE
SEAT793,SEC1,A,793,AVAILABLE
SEAT794,SEC1,A,794,AVAILABLE
SEAT795,SEC1,A,795,AVAILABLE
SEAT796,SEC1,A,796,AVAILABLE
SEAT797,SEC1,A,797,AVAILABLE
SEAT798,SEC1,A,798,AVAILABLE
SEAT799,SEC1,A,799,AVAILABLE
SEAT800,SEC1,A,800,AVAILABLE
SEAT801,SEC1,A,801,AVAILABLE
SEAT802,SEC1,A,802,AVAILABLE
SEAT803,SEC1,A,803,AVAILABLE
SEAT804,SEC1,A,804,AVAILABLE
SEAT805,SEC1,A,805,AVAILABLE
SEAT806,SEC1,A,806,AVAILABLE
SEAT807,SEC1,A,807,AVAILABLE
SEAT808,SEC1,A,808,AVAILABLE
SEAT809,SEC1,A,809,AVAILABLE
SEAT810,SEC1,A,810,AVAILABLE
SEAT811,SEC1,A,811,AVAILABLE
SEAT812,SEC1,A,812,AVAILABLE
SEAT813,SEC1,A,813,AVAILABLE
SEAT814,SEC1,A,814,AVAILABLE
SEAT815,SEC1,A,815,AVAILABLE
SEAT816,SEC1,A,816,AVAILABLE
SEAT817,SEC1,A,817,AVAILABLE
SEAT818,SEC1,A,818,AVAILABLE
SEAT819,SEC1,A,819,AVAILABLE
SEAT820,SEC1,A,820,AVAILABLE
SEAT821,SEC1,A,821,AVAILABLE
SEAT822,SEC1,A,822,AVAILABLE
SEAT823,SEC1,A,823,AVAILABLE
SEAT824,SEC1,A,824,AVAILABLE
SEAT825,SEC1,A,825,AVAILABLE
SEAT826,SEC1,A,826,AVAILABLE
SEAT827,SEC1,A,827,AVAILABLE
SEAT828,SEC1,A,828,AVAILABLE
SEAT829,SEC1,A,829,AVAILABLE
SEAT830,SEC1,A,830,AVAILABLE
SEAT831,SEC1,A,831,AVAILABLE
SEAT832,SEC1,A,832,AVAILABLE
SEAT833,SEC1,A,833,AVAILABLE
SEAT834,SEC1,A,834,AVAILABLE
SEAT835,SEC1,A,835,AVAILABLE
SEAT836,SEC1,A,836,AVAILABLE
SEAT837,SEC1,A,837,AVAILABLE
SEAT838,SEC1,A,838,AVAILABLE
SEAT839,SEC1,A,839,AVAILABLE
SEAT840,SEC1,A,840,AVAILABLE
SEAT841,SEC1,A,841,AVAILABLE
SEAT842,SEC1,A,842,AVAILABLE
SEAT843,SEC1,A,843,AVAILABLE
SEAT844,SEC1,A,844,AVAILABLE
SEAT845,SEC1,A,845,AVAILABLE
SEAT846,SEC1,A,846,AVAILABLE
SEAT847,SEC1,A,847,AVAILABLE
SEAT848,SEC1,A,848,AVAILABLE
SEAT849,SEC1,A,849,AVAILABLE
SEAT850,SEC1,A,850,AVAILABLE
SEAT851,SEC1,A,851,AVAILABLE
SEAT852,SEC1,A,852,AVAILABLE
SEAT853,SEC1,A,853,AVAILABLE
SEAT854,SEC1,A,854,AVAILABLE
SEAT855,SEC1,A,855,AVAILABLE
SEAT856,SEC1,A,856,AVAILABLE
SEAT857,SEC1,A,857,AVAILABLE
SEAT858,SEC1,A,858,AVAILABLE
SEAT859,SEC1,A,859,AVAILABLE
SEAT860,SEC1,A,860,AVAILABLE
SEAT861,SEC1,A,861,AVAILABLE
SEAT862,SEC1,A,862,AVAILABLE
SEAT863,SEC1,A,863,AVAILABLE
SEAT864,SEC1,A,864,AVAILABLE
SEAT865,SEC1,A,865,AVAILABLE
SEAT866,SEC1,A,866,AVAILABLE
SEAT867,SEC1,A,867,AVAILABLE
SEAT868,SEC1,A,868,AVAILABLE
SEAT869,SEC1,A,869,AVAILABLE
SEAT870,SEC1,A,870,AVAILABLE
SEAT871,SEC1,A,871,AVAILABLE
SEAT872,SEC1,A,872,AVAILABLE
SEAT873,SEC1,A,873,AVAILABLE
SEAT874,SEC1,A,874,AVAILABLE
SEAT875,SEC1,A,875,AVAILABLE
SEAT876,SEC1,A,876,AVAILABLE
SEAT877,SEC1,A,877,AVAILABLE
SEAT878,SEC1,A,878,AVAILABLE
SEAT879,SEC1,A,879,AVAILABLE
SEAT880,SEC1,A,880,AVAILABLE
SEAT881,SEC1,A,881,AVAILABLE
SEAT882,SEC1,A,882,AVAILABLE
SEAT883,SEC1,A,883,AVAILABLE
SEAT884,SEC1,A,884,AVAILABLE
SEAT885,SEC1,A,885,AVAILABLE
SEAT886,SEC1,A,886,AVAILABLE
SEAT887,SEC1,A,887,AVAILABLE
SEAT888,SEC1,A,888,AVAILABLE
SEAT889,SEC1,A,889,AVAILABLE
SEAT890,SEC1,A,890,AVAILABLE
SEAT891,SEC1,A,891,AVAILABLE
SEAT892,SEC1,A,892,AVAILABLE
SEAT893,SEC1,A,893,AVAILABLE
SEAT894,SEC1,A,894,AVAILABLE
SEAT895,SEC1,A,895,AVAILABLE
SEAT896,SEC1,A,896,AVAILABLE
SEAT897,SEC1,A,897,AVAILABLE
SEAT898,SEC1,A,898,AVAILABLE
SEAT899,SEC1,A,899,AVAILABLE
SEAT900,SEC1,A,900,AVAILABLE
SEAT901,SEC1,A,901,AVAILABLE
SEAT902,SEC1,A,902,AVAILABLE
SEAT903,SEC1,A,903,AVAILABLE
SEAT904,SEC1,A,904,AVAILABLE
SEAT905,SEC1,A,905,AVAILABLE
SEAT906,SEC1,A,906,AVAILABLE
SEAT907,SEC1,A,907,AVAILABLE
SEAT908,SEC1,A,908,AVAILABLE
SEAT909,SEC1,A,909,AVAILABLE
SEAT910,SEC1,A,910,AVAILABLE
SEAT911,SEC1,A,911,AVAILABLE
SEAT912,SEC1,A,912,AVAILABLE
SEAT913,SEC1,A,913,AVAILABLE
SEAT914,SEC1,A,914,AVAILABLE
SEAT915,SEC1,A,915,AVAILABLE
SEAT916,SEC1,A,916,AVAILABLE
SEAT917,SEC1,A,917,AVAILABLE
SEAT918,SEC1,A,918,AVAILABLE
SEAT919,SEC1,A,919,AVAILABLE
SEAT920,SEC1,A,920,AVAILABLE
SEAT921,SEC1,A,921,AVAILABLE
SEAT922,SEC1,A,922,AVAILABLE
SEAT923,SEC1,A,923,AVAILABLE
SEAT924,SEC1,A,924,AVAILABLE
SEAT925,SEC1,A,925,AVAILABLE
SEAT926,SEC1,A,926,AVAILABLE
SEAT927,SEC1,A,927,AVAILABLE
SEAT928,SEC1,A,928,AVAILABLE
SEAT929,SEC1,A,929,AVAILABLE
SEAT930,SEC1,A,930,AVAILABLE
SEAT931,SEC1,A,931,AVAILABLE
SEAT932,SEC1,A,932,AVAILABLE
SEAT933,SEC1,A,933,AVAILABLE
SEAT934,SEC1,A,934,AVAILABLE
SEAT935,SEC1,A,935,AVAILABLE
SEAT936,SEC1,A,936,AVAILABLE
SEAT937,SEC1,A,937,AVAILABLE
SEAT938,SEC1,A,938,AVAILABLE
SEAT939,SEC1,A,939,AVAILABLE
SEAT940,SEC1,A,940,AVAILABLE
SEAT941,SEC1,A,941,AVAILABLE
SEAT942,SEC1,A,942,AVAILABLE
SEAT943,SEC1,A,943,AVAILABLE
SEAT944,SEC1,A,944,AVAILABLE
SEAT945,SEC1,A,945,AVAILABLE
SEAT946,SEC1,A,946,AVAILABLE
SEAT947,SEC1,A,947,AVAILABLE
SEAT948,SEC1,A,948,AVAILABLE
SEAT949,SEC1,A,949,AVAILABLE
SEAT950,SEC1,A,950,AVAILABLE
SEAT951,SEC1,A,951,AVAILABLE
SEAT952,SEC1,A,952,AVAILABLE
SEAT953,SEC1,A,953,AVAILABLE
SEAT954,SEC1,A,954,AVAILABLE
SEAT955,SEC1,A,955,AVAILABLE
SEAT956,SEC1,A,956,AVAILABLE
SEAT957,SEC1,A,957,AVAILABLE
SEAT958,SEC1,A,958,AVAILABLE
SEAT959,SEC1,A,959,AVAILABLE
SEAT960,SEC1,A,960,AVAILABLE
SEAT961,SEC1,A,961,AVAILABLE
SEAT962,SEC1,A,962,AVAILABLE
SEAT963,SEC1,A,963,AVAILABLE
SEAT964,SEC1,A,964,AVAILABLE
SEAT965,SEC1,A,965,AVAILABLE
SEAT966,SEC1,A,966,AVAILABLE
SEAT967,SEC1,A,967,AVAILABLE
SEAT968,SEC1,A,968,AVAILABLE
SEAT969,SEC1,A,969,AVAILABLE
SEAT970,SEC1,A,970,AVAILABLE
SEAT971,SEC1,A,971,AVAILABLE
SEAT972,SEC1,A,972,AVAILABLE
SEAT973,SEC1,A,973,AVAILABLE
SEAT974,SEC1,A,974,AVAILABLE
SEAT975,SEC1,A,975,AVAILABLE
SEAT976,SEC1,A,976,AVAILABLE
SEAT977,SEC1,A,977,AVAILABLE
SEAT978,SEC1,A,978,AVAILABLE
SEAT979,SEC1,A,979,AVAILABLE
SEAT980,SEC1,A,980,AVAILABLE
SEAT981,SEC1,A,981,AVAILABLE
SEAT982,SEC1,A,982,AVAILABLE
SEAT983,SEC1,A,983,AVAILABLE
SEAT984,SEC1,A,984,AVAILABLE
SEAT985,SEC1,A,985,AVAILABLE
SEAT986,SEC1,A,986,AVAILABLE
SEAT987,SEC1,A,987,AVAILABLE
SEAT988,SEC1,A,988,AVAILABLE
SEAT989,SEC1,A,989,AVAILABLE
SEAT990,SEC1,A,990,AVAILABLE
SEAT991,SEC1,A,991,AVAILABLE
SEAT992,SEC1,A,992,AVAILABLE
SEAT993,SEC1,A,993,AVAILABLE
SEAT994,SEC1,A,994,AVAILABLE
SEAT995,SEC1,A,995,AVAILABLE
SEAT996,SEC1,A,996,AVAILABLE
SEAT997,SEC1,A,997,AVAILABLE
SEAT998,SEC1,A,998,AVAILABLE
SEAT999,SEC1,A,999,AVAILABLE
SEAT1000,SEC1,A,1000,AVAILABLE
SEAT1001,SEC1,A,1001,AVAILABLE
SEAT1002,SEC1,A,1002,AVAILABLE
SEAT1003,SEC1,A,1003,AVAILABLE
SEAT1004,SEC1,A,1004,AVAILABLE
SEAT1005,SEC1,A,1005,AVAILABLE
SEAT1006,SEC1,A,1006,AVAILABLE
SEAT1007,SEC1,A,1007,AVAILABLE
SEAT1008,SEC1,A,1008,AVAILABLE
SEAT1009,SEC1,A,1009,AVAILABLE
SEAT1010,SEC1,A,1010,AVAILABLE
SEAT1011,SEC1,A,1011,AVAILABLE
SEAT1012,SEC1,A,1012,AVAILABLE
SEAT1013,SEC1,A,1013,AVAILABLE
SEAT1014,SEC1,A,1014,AVAILABLE
SEAT1015,SEC1,A,1015,AVAILABLE
SEAT1016,SEC1,A,1016,AVAILABLE
SEAT1017,SEC1,A,1017,AVAILABLE
SEAT1018,SEC1,A,1018,AVAILABLE
SEAT1019,SEC1,A,1019,AVAILABLE
SEAT1020,SEC1,A,1020,AVAILABLE
SEAT1021,SEC1,A,1021,AVAILABLE
SEAT1022,SEC1,A,1022,AVAILABLE
SEAT1023,SEC1,A,1023,AVAILABLE
SEAT1024,SEC1,A,1024,AVAILABLE
SEAT1025,SEC1,A,1025,AVAILABLE
SEAT1026,SEC1,A,1026,AVAILABLE
SEAT1027,SEC1,A,1027,AVAILABLE
SEAT1028,SEC1,A,1028,AVAILABLE
SEAT1029,SEC1,A,1029,AVAILABLE
SEAT1030,SEC1,A,1030,AVAILABLE
SEAT1031,SEC1,A,1031,AVAILABLE
SEAT1032,SEC1,A,1032,AVAILABLE
SEAT1033,SEC1,A,1033,AVAILABLE
SEAT1034,SEC1,A,1034,AVAILABLE
SEAT1035,SEC1,A,1035,AVAILABLE
SEAT1036,SEC1,A,1036,AVAILABLE
SEAT1037,SEC1,A,1037,AVAILABLE
SEAT1038,SEC1,A,1038,AVAILABLE
SEAT1039,SEC1,A,1039,AVAILABLE
SEAT1040,SEC1,A,1040,AVAILABLE
SEAT1041,SEC1,A,1041,AVAILABLE
SEAT1042,SEC1,A,1042,AVAILABLE
SEAT1043,SEC1,A,1043,AVAILABLE
SEAT1044,SEC1,A,1044,AVAILABLE
SEAT1045,SEC1,A,1045,AVAILABLE
SEAT1046,SEC1,A,1046,AVAILABLE
SEAT1047,SEC1,A,1047,AVAILABLE
SEAT1048,SEC1,A,1048,AVAILABLE
SEAT1049,SEC1,A,1049,AVAILABLE
SEAT1050,SEC1,A,1050,AVAILABLE
SEAT1051,SEC1,A,1051,AVAILABLE
SEAT1052,SEC1,A,1052,AVAILABLE
SEAT1053,SEC1,A,1053,AVAILABLE
SEAT1054,SEC1,A,1054,AVAILABLE
SEAT1055,SEC1,A,1055,AVAILABLE
SEAT1056,SEC1,A,1056,AVAILABLE
SEAT1057,SEC1,A,1057,AVAILABLE
SEAT1058,SEC1,A,1058,AVAILABLE
SEAT1059,SEC1,A,1059,AVAILABLE
SEAT1060,SEC1,A,1060,AVAILABLE
SEAT1061,SEC1,A,1061,AVAILABLE
SEAT1062,SEC1,A,1062,AVAILABLE
SEAT1063,SEC1,A,1063,AVAILABLE
SEAT1064,SEC1,A,1064,AVAILABLE
SEAT1065,SEC1,A,1065,AVAILABLE
SEAT1066,SEC1,A,1066,AVAILABLE
SEAT1067,SEC1,A,1067,AVAILABLE
SEAT1068,SEC1,A,1068,AVAILABLE
SEAT1069,SEC1,A,1069,AVAILABLE
SEAT1070,SEC1,A,1070,AVAILABLE
SEAT1071,SEC1,A,1071,AVAILABLE
SEAT1072,SEC1,A,1072,AVAILABLE
SEAT1073,SEC1,A,1073,AVAILABLE
SEAT1074,SEC1,A,1074,AVAILABLE
SEAT1075,SEC1,A,1075,AVAILABLE
SEAT1076,SEC1,A,1076,AVAILABLE
SEAT1077,SEC1,A,1077,AVAILABLE
SEAT1078,SEC1,A,1078,AVAILABLE
SEAT1079,SEC1,A,1079,AVAILABLE
SEAT1080,SEC1,A,1080,AVAILABLE
SEAT1081,SEC1,A,1081,AVAILABLE
SEAT1082,SEC1,A,1082,AVAILABLE
SEAT1083,SEC1,A,1083,AVAILABLE
SEAT1084,SEC1,A,1084,AVAILABLE
SEAT1085,SEC1,A,1085,AVAILABLE
SEAT1086,SEC1,A,1086,AVAILABLE
SEAT1087,SEC1,A,1087,AVAILABLE
SEAT1088,SEC1,A,1088,AVAILABLE
SEAT1089,SEC1,A,1089,AVAILABLE
SEAT1090,SEC1,A,1090,AVAILABLE
SEAT1091,SEC1,A,1091,AVAILABLE
SEAT1092,SEC1,A,1092,AVAILABLE
SEAT1093,SEC1,A,1093,AVAILABLE
SEAT1094,SEC1,A,1094,AVAILABLE
SEAT1095,SEC1,A,1095,AVAILABLE
SEAT1096,SEC1,A,1096,AVAILABLE
SEAT1097,SEC1,A,1097,AVAILABLE
SEAT1098,SEC1,A,1098,AVAILABLE
SEAT1099,SEC1,A,1099,AVAILABLE
SEAT1100,SEC1,A,1100,AVAILABLE
SEAT1101,SEC1,A,1101,AVAILABLE
SEAT1102,SEC1,A,1102,AVAILABLE
SEAT1103,SEC1,A,1103,AVAILABLE
SEAT1104,SEC1,A,1104,AVAILABLE
SEAT1105,SEC1,A,1105,AVAILABLE
SEAT1106,SEC1,A,1106,AVAILABLE
SEAT1107,SEC1,A,1107,AVAILABLE
SEAT1108,SEC1,A,1108,AVAILABLE
SEAT1109,SEC1,A,1109,AVAILABLE
SEAT1110,SEC1,A,1110,AVAILABLE
SEAT1111,SEC1,A,1111,AVAILABLE
SEAT1112,SEC1,A,1112,AVAILABLE
SEAT1113,SEC1,A,1113,AVAILABLE
SEAT1114,SEC1,A,1114,AVAILABLE
SEAT1115,SEC1,A,1115,AVAILABLE
SEAT1116,SEC1,A,1116,AVAILABLE
SEAT1117,SEC1,A,1117,AVAILABLE
SEAT1118,SEC1,A,1118,AVAILABLE
SEAT1119,SEC1,A,1119,AVAILABLE
SEAT1120,SEC1,A,1120,AVAILABLE
SEAT1121,SEC1,A,1121,AVAILABLE
SEAT1122,SEC1,A,1122,AVAILABLE
SEAT1123,SEC1,A,1123,AVAILABLE
SEAT1124,SEC1,A,1124,AVAILABLE
SEAT1125,SEC1,A,1125,AVAILABLE
SEAT1126,SEC1,A,1126,AVAILABLE
SEAT1127,SEC1,A,1127,AVAILABLE
SEAT1128,SEC1,A,1128,AVAILABLE
SEAT1129,SEC1,A,1129,AVAILABLE
SEAT1130,SEC1,A,1130,AVAILABLE
SEAT1131,SEC1,A,1131,AVAILABLE
SEAT1132,SEC1,A,1132,AVAILABLE
SEAT1133,SEC1,A,1133,AVAILABLE
SEAT1134,SEC1,A,1134,AVAILABLE
SEAT1135,SEC1,A,1135,AVAILABLE
SEAT1136,SEC1,A,1136,AVAILABLE
SEAT1137,SEC1,A,1137,AVAILABLE
SEAT1138,SEC1,A,1138,AVAILABLE
SEAT1139,SEC1,A,1139,AVAILABLE
SEAT1140,SEC1,A,1140,AVAILABLE
SEAT1141,SEC1,A,1141,AVAILABLE
SEAT1142,SEC1,A,1142,AVAILABLE
SEAT1143,SEC1,A,1143,AVAILABLE
SEAT1144,SEC1,A,1144,AVAILABLE
SEAT1145,SEC1,A,1145,AVAILABLE
SEAT1146,SEC1,A,1146,AVAILABLE
SEAT1147,SEC1,A,1147,AVAILABLE
SEAT1148,SEC1,A,1148,AVAILABLE
SEAT1149,SEC1,A,1149,AVAILABLE
SEAT1150,SEC1,A,1150,AVAILABLE
SEAT1151,SEC1,A,1151,AVAILABLE
SEAT1152,SEC1,A,1152,AVAILABLE
SEAT1153,SEC1,A,1153,AVAILABLE
SEAT1154,SEC1,A,1154,AVAILABLE
SEAT1155,SEC1,A,1155,AVAILABLE
SEAT1156,SEC1,A,1156,AVAILABLE
SEAT1157,SEC1,A,1157,AVAILABLE
SEAT1158,SEC1,A,1158,AVAILABLE
SEAT1159,SEC1,A,1159,AVAILABLE
SEAT1160,SEC1,A,1160,AVAILABLE
SEAT1161,SEC1,A,1161,AVAILABLE
SEAT1162,SEC1,A,1162,AVAILABLE
SEAT1163,SEC1,A,1163,AVAILABLE
SEAT1164,SEC1,A,1164,AVAILABLE
SEAT1165,SEC1,A,1165,AVAILABLE
SEAT1166,SEC1,A,1166,AVAILABLE
SEAT1167,SEC1,A,1167,AVAILABLE
SEAT1168,SEC1,A,1168,AVAILABLE
SEAT1169,SEC1,A,1169,AVAILABLE
SEAT1170,SEC1,A,1170,AVAILABLE
SEAT1171,SEC1,A,1171,AVAILABLE
SEAT1172,SEC1,A,1172,AVAILABLE
SEAT1173,SEC1,A,1173,AVAILABLE
SEAT1174,SEC1,A,1174,AVAILABLE
SEAT1175,SEC1,A,1175,AVAILABLE
SEAT1176,SEC1,A,1176,AVAILABLE
SEAT1177,SEC1,A,1177,AVAILABLE
SEAT1178,SEC1,A,1178,AVAILABLE
SEAT1179,SEC1,A,1179,AVAILABLE
SEAT1180,SEC1,A,1180,AVAILABLE
SEAT1181,SEC1,A,1181,AVAILABLE
SEAT1182,SEC1,A,1182,AVAILABLE
SEAT1183,SEC1,A,1183,AVAILABLE
SEAT1184,SEC1,A,1184,AVAILABLE
SEAT1185,SEC1,A,1185,AVAILABLE
SEAT1186,SEC1,A,1186,AVAILABLE
SEAT1187,SEC1,A,1187,AVAILABLE
SEAT1188,SEC1,A,1188,AVAILABLE
SEAT1189,SEC1,A,1189,AVAILABLE
SEAT1190,SEC1,A,1190,AVAILABLE
SEAT1191,SEC1,A,1191,AVAILABLE
SEAT1192,SEC1,A,1192,AVAILABLE
SEAT1193,SEC1,A,1193,AVAILABLE
SEAT1194,SEC1,A,1194,AVAILABLE
SEAT1195,SEC1,A,1195,AVAILABLE
SEAT1196,SEC1,A,1196,AVAILABLE
SEAT1197,SEC1,A,1197,AVAILABLE
SEAT1198,SEC1,A,1198,AVAILABLE
SEAT1199,SEC1,A,1199,AVAILABLE
SEAT1200,SEC1,A,1200,AVAILABLE
SEAT1201,SEC1,A,1201,AVAILABLE
SEAT1202,SEC1,A,1202,AVAILABLE
SEAT1203,SEC1,A,1203,AVAILABLE
SEAT1204,SEC1,A,1204,AVAILABLE
SEAT1205,SEC1,A,1205,AVAILABLE
SEAT1206,SEC1,A,1206,AVAILABLE
SEAT1207,SEC1,A,1207,AVAILABLE
SEAT1208,SEC1,A,1208,AVAILABLE
SEAT1209,SEC1,A,1209,AVAILABLE
SEAT1210,SEC1,A,1210,AVAILABLE
SEAT1211,SEC1,A,1211,AVAILABLE
SEAT1212,SEC1,A,1212,AVAILABLE
SEAT1213,SEC1,A,1213,AVAILABLE
SEAT1214,SEC1,A,1214,AVAILABLE
SEAT1215,SEC1,A,1215,AVAILABLE
SEAT1216,SEC1,A,1216,AVAILABLE
SEAT1217,SEC1,A,1217,AVAILABLE
SEAT1218,SEC1,A,1218,AVAILABLE
SEAT1219,SEC1,A,1219,AVAILABLE
SEAT1220,SEC1,A,1220,AVAILABLE
SEAT1221,SEC1,A,1221,AVAILABLE
SEAT1222,SEC1,A,1222,AVAILABLE
SEAT1223,SEC1,A,1223,AVAILABLE
SEAT1224,SEC1,A,1224,AVAILABLE
SEAT1225,SEC1,A,1225,AVAILABLE
SEAT1226,SEC1,A,1226,AVAILABLE
SEAT1227,SEC1,A,1227,AVAILABLE
SEAT1228,SEC1,A,1228,AVAILABLE
SEAT1229,SEC1,A,1229,AVAILABLE
SEAT1230,SEC1,A,1230,AVAILABLE
SEAT1231,SEC1,A,1231,AVAILABLE
SEAT1232,SEC1,A,1232,AVAILABLE
SEAT1233,SEC1,A,1233,AVAILABLE
SEAT1234,SEC1,A,1234,AVAILABLE
SEAT1235,SEC1,A,1235,AVAILABLE
SEAT1236,SEC1,A,1236,AVAILABLE
SEAT1237,SEC1,A,1237,AVAILABLE
SEAT1238,SEC1,A,1238,AVAILABLE
SEAT1239,SEC1,A,1239,AVAILABLE
SEAT1240,SEC1,A,1240,AVAILABLE
SEAT1241,SEC1,A,1241,AVAILABLE
SEAT1242,SEC1,A,1242,AVAILABLE
SEAT1243,SEC1,A,1243,AVAILABLE
SEAT1244,SEC1,A,1244,AVAILABLE
SEAT1245,SEC1,A,1245,AVAILABLE
SEAT1246,SEC1,A,1246,AVAILABLE
SEAT1247,SEC1,A,1247,AVAILABLE
SEAT1248,SEC1,A,1248,AVAILABLE
SEAT1249,SEC1,A,1249,AVAILABLE
SEAT1250,SEC1,A,1250,AVAILABLE
SEAT1251,SEC1,A,1251,AVAILABLE
SEAT1252,SEC1,A,1252,AVAILABLE
SEAT1253,SEC1,A,1253,AVAILABLE
SEAT1254,SEC1,A,1254,AVAILABLE
SEAT1255,SEC1,A,1255,AVAILABLE
SEAT1256,SEC1,A,1256,AVAILABLE
SEAT1257,SEC1,A,1257,AVAILABLE
SEAT1258,SEC1,A,1258,AVAILABLE
SEAT1259,SEC1,A,1259,AVAILABLE
SEAT1260,SEC1,A,1260,AVAILABLE
SEAT1261,SEC1,A,1261,AVAILABLE
SEAT1262,SEC1,A,1262,AVAILABLE
SEAT1263,SEC1,A,1263,AVAILABLE
SEAT1264,SEC1,A,1264,AVAILABLE
SEAT1265,SEC1,A,1265,AVAILABLE
SEAT1266,SEC1,A,1266,AVAILABLE
SEAT1267,SEC1,A,1267,AVAILABLE
SEAT1268,SEC1,A,1268,AVAILABLE
SEAT1269,SEC1,A,1269,AVAILABLE
SEAT1270,SEC1,A,1270,AVAILABLE
SEAT1271,SEC1,A,1271,AVAILABLE
SEAT1272,SEC1,A,1272,AVAILABLE
SEAT1273,SEC1,A,1273,AVAILABLE
SEAT1274,SEC1,A,1274,AVAILABLE
SEAT1275,SEC1,A,1275,AVAILABLE
SEAT1276,SEC1,A,1276,AVAILABLE
SEAT1277,SEC1,A,1277,AVAILABLE
SEAT1278,SEC1,A,1278,AVAILABLE
SEAT1279,SEC1,A,1279,AVAILABLE
SEAT1280,SEC1,A,1280,AVAILABLE
SEAT1281,SEC1,A,1281,AVAILABLE
SEAT1282,SEC1,A,1282,AVAILABLE
SEAT1283,SEC1,A,1283,AVAILABLE
SEAT1284,SEC1,A,1284,AVAILABLE
SEAT1285,SEC1,A,1285,AVAILABLE
SEAT1286,SEC1,A,1286,AVAILABLE
SEAT1287,SEC1,A,1287,AVAILABLE
SEAT1288,SEC1,A,1288,AVAILABLE
SEAT1289,SEC1,A,1289,AVAILABLE
SEAT1290,SEC1,A,1290,AVAILABLE
SEAT1291,SEC1,A,1291,AVAILABLE
SEAT1292,SEC1,A,1292,AVAILABLE
SEAT1293,SEC1,A,1293,AVAILABLE
SEAT1294,SEC1,A,1294,AVAILABLE
SEAT1295,SEC1,A,1295,AVAILABLE
SEAT1296,SEC1,A,1296,AVAILABLE
SEAT1297,SEC1,A,1297,AVAILABLE
SEAT1298,SEC1,A,1298,AVAILABLE
SEAT1299,SEC1,A,1299,AVAILABLE
SEAT1300,SEC1,A,1300,AVAILABLE
SEAT1301,SEC1,A,1301,AVAILABLE
SEAT1302,SEC1,A,1302,AVAILABLE
SEAT1303,SEC1,A,1303,AVAILABLE
SEAT1304,SEC1,A,1304,AVAILABLE
SEAT1305,SEC1,A,1305,AVAILABLE
SEAT1306,SEC1,A,1306,AVAILABLE
SEAT1307,SEC1,A,1307,AVAILABLE
SEAT1308,SEC1,A,1308,AVAILABLE
SEAT1309,SEC1,A,1309,AVAILABLE
SEAT1310,SEC1,A,1310,AVAILABLE
SEAT1311,SEC1,A,1311,AVAILABLE
SEAT1312,SEC1,A,1312,AVAILABLE
SEAT1313,SEC1,A,1313,AVAILABLE
SEAT1314,SEC1,A,1314,AVAILABLE
SEAT1315,SEC1,A,1315,AVAILABLE
SEAT1316,SEC1,A,1316,AVAILABLE
SEAT1317,SEC1,A,1317,AVAILABLE
SEAT1318,SEC1,A,1318,AVAILABLE
SEAT1319,SEC1,A,1319,AVAILABLE
SEAT1320,SEC1,A,1320,AVAILABLE
SEAT1321,SEC1,A,1321,AVAILABLE
SEAT1322,SEC1,A,1322,AVAILABLE
SEAT1323,SEC1,A,1323,AVAILABLE
SEAT1324,SEC1,A,1324,AVAILABLE
SEAT1325,SEC1,A,1325,AVAILABLE
SEAT1326,SEC1,A,1326,AVAILABLE
SEAT1327,SEC1,A,1327,AVAILABLE
SEAT1328,SEC1,A,1328,AVAILABLE
SEAT1329,SEC1,A,1329,AVAILABLE
SEAT1330,SEC1,A,1330,AVAILABLE
SEAT1331,SEC1,A,1331,AVAILABLE
SEAT1332,SEC1,A,1332,AVAILABLE
SEAT1333,SEC1,A,1333,AVAILABLE
SEAT1334,SEC1,A,1334,AVAILABLE
SEAT1335,SEC1,A,1335,AVAILABLE
SEAT1336,SEC1,A,1336,AVAILABLE
SEAT1337,SEC1,A,1337,AVAILABLE
SEAT1338,SEC1,A,1338,AVAILABLE
SEAT1339,SEC1,A,1339,AVAILABLE
SEAT1340,SEC1,A,1340,AVAILABLE
SEAT1341,SEC1,A,1341,AVAILABLE
SEAT1342,SEC1,A,1342,AVAILABLE
SEAT1343,SEC1,A,1343,AVAILABLE
SEAT1344,SEC1,A,1344,AVAILABLE
SEAT1345,SEC1,A,1345,AVAILABLE
SEAT1346,SEC1,A,1346,AVAILABLE
SEAT1347,SEC1,A,1347,AVAILABLE
SEAT1348,SEC1,A,1348,AVAILABLE
SEAT1349,SEC1,A,1349,AVAILABLE
SEAT1350,SEC1,A,1350,AVAILABLE
SEAT1351,SEC1,A,1351,AVAILABLE
SEAT1352,SEC1,A,1352,AVAILABLE
SEAT1353,SEC1,A,1353,AVAILABLE
SEAT1354,SEC1,A,1354,AVAILABLE
SEAT1355,SEC1,A,1355,AVAILABLE
SEAT1356,SEC1,A,1356,AVAILABLE
SEAT1357,SEC1,A,1357,AVAILABLE
SEAT1358,SEC1,A,1358,AVAILABLE
SEAT1359,SEC1,A,1359,AVAILABLE
SEAT1360,SEC1,A,1360,AVAILABLE
SEAT1361,SEC1,A,1361,AVAILABLE
SEAT1362,SEC1,A,1362,AVAILABLE
SEAT1363,SEC1,A,1363,AVAILABLE
SEAT1364,SEC1,A,1364,AVAILABLE
SEAT1365,SEC1,A,1365,AVAILABLE
SEAT1366,SEC1,A,1366,AVAILABLE
SEAT1367,SEC1,A,1367,AVAILABLE
SEAT1368,SEC1,A,1368,AVAILABLE
SEAT1369,SEC1,A,1369,AVAILABLE
SEAT1370,SEC1,A,1370,AVAILABLE
SEAT1371,SEC1,A,1371,AVAILABLE
SEAT1372,SEC1,A,1372,AVAILABLE
SEAT1373,SEC1,A,1373,AVAILABLE
SEAT1374,SEC1,A,1374,AVAILABLE
SEAT1375,SEC1,A,1375,AVAILABLE
SEAT1376,SEC1,A,1376,AVAILABLE
SEAT1377,SEC1,A,1377,AVAILABLE
SEAT1378,SEC1,A,1378,AVAILABLE
SEAT1379,SEC1,A,1379,AVAILABLE
SEAT1380,SEC1,A,1380,AVAILABLE
SEAT1381,SEC1,A,1381,AVAILABLE
SEAT1382,SEC1,A,1382,AVAILABLE
SEAT1383,SEC1,A,1383,AVAILABLE
SEAT1384,SEC1,A,1384,AVAILABLE
SEAT1385,SEC1,A,1385,AVAILABLE
SEAT1386,SEC1,A,1386,AVAILABLE
SEAT1387,SEC1,A,1387,AVAILABLE
SEAT1388,SEC1,A,1388,AVAILABLE
SEAT1389,SEC1,A,1389,AVAILABLE
SEAT1390,SEC1,A,1390,AVAILABLE
SEAT1391,SEC1,A,1391,AVAILABLE
SEAT1392,SEC1,A,1392,AVAILABLE
SEAT1393,SEC1,A,1393,AVAILABLE
SEAT1394,SEC1,A,1394,AVAILABLE
SEAT1395,SEC1,A,1395,AVAILABLE
SEAT1396,SEC1,A,1396,AVAILABLE
SEAT1397,SEC1,A,1397,AVAILABLE
SEAT1398,SEC1,A,1398,AVAILABLE
SEAT1399,SEC1,A,1399,AVAILABLE
SEAT1400,SEC1,A,1400,AVAILABLE
SEAT1401,SEC1,A,1401,AVAILABLE
SEAT1402,SEC1,A,1402,AVAILABLE
SEAT1403,SEC1,A,1403,AVAILABLE
SEAT1404,SEC1,A,1404,AVAILABLE
SEAT1405,SEC1,A,1405,AVAILABLE
SEAT1406,SEC1,A,1406,AVAILABLE
SEAT1407,SEC1,A,1407,AVAILABLE
SEAT1408,SEC1,A,1408,AVAILABLE
SEAT1409,SEC1,A,1409,AVAILABLE
SEAT1410,SEC1,A,1410,AVAILABLE
SEAT1411,SEC1,A,1411,AVAILABLE
SEAT1412,SEC1,A,1412,AVAILABLE
SEAT1413,SEC1,A,1413,AVAILABLE
SEAT1414,SEC1,A,1414,AVAILABLE
SEAT1415,SEC1,A,1415,AVAILABLE
SEAT1416,SEC1,A,1416,AVAILABLE
SEAT1417,SEC1,A,1417,AVAILABLE
SEAT1418,SEC1,A,1418,AVAILABLE
SEAT1419,SEC1,A,1419,AVAILABLE
SEAT1420,SEC1,A,1420,AVAILABLE
SEAT1421,SEC1,A,1421,AVAILABLE
SEAT1422,SEC1,A,1422,AVAILABLE
SEAT1423,SEC1,A,1423,AVAILABLE
SEAT1424,SEC1,A,1424,AVAILABLE
SEAT1425,SEC1,A,1425,AVAILABLE
SEAT1426,SEC1,A,1426,AVAILABLE
SEAT1427,SEC1,A,1427,AVAILABLE
SEAT1428,SEC1,A,1428,AVAILABLE
SEAT1429,SEC1,A,1429,AVAILABLE
SEAT1430,SEC1,A,1430,AVAILABLE
SEAT1431,SEC1,A,1431,AVAILABLE
SEAT1432,SEC1,A,1432,AVAILABLE
SEAT1433,SEC1,A,1433,AVAILABLE
SEAT1434,SEC1,A,1434,AVAILABLE
SEAT1435,SEC1,A,1435,AVAILABLE
SEAT1436,SEC1,A,1436,AVAILABLE
SEAT1437,SEC1,A,1437,AVAILABLE
SEAT1438,SEC1,A,1438,AVAILABLE
SEAT1439,SEC1,A,1439,AVAILABLE
SEAT1440,SEC1,A,1440,AVAILABLE
SEAT1441,SEC1,A,1441,AVAILABLE
SEAT1442,SEC1,A,1442,AVAILABLE
SEAT1443,SEC1,A,1443,AVAILABLE
SEAT1444,SEC1,A,1444,AVAILABLE
SEAT1445,SEC1,A,1445,AVAILABLE
SEAT1446,SEC1,A,1446,AVAILABLE
SEAT1447,SEC1,A,1447,AVAILABLE
SEAT1448,SEC1,A,1448,AVAILABLE
SEAT1449,SEC1,A,1449,AVAILABLE
SEAT1450,SEC1,A,1450,AVAILABLE
SEAT1451,SEC1,A,1451,AVAILABLE
SEAT1452,SEC1,A,1452,AVAILABLE
SEAT1453,SEC1,A,1453,AVAILABLE
SEAT1454,SEC1,A,1454,AVAILABLE
SEAT1455,SEC1,A,1455,AVAILABLE
SEAT1456,SEC1,A,1456,AVAILABLE
SEAT1457,SEC1,A,1457,AVAILABLE
SEAT1458,SEC1,A,1458,AVAILABLE
SEAT1459,SEC1,A,1459,AVAILABLE
SEAT1460,SEC1,A,1460,AVAILABLE
SEAT1461,SEC1,A,1461,AVAILABLE
SEAT1462,SEC1,A,1462,AVAILABLE
SEAT1463,SEC1,A,1463,AVAILABLE
SEAT1464,SEC1,A,1464,AVAILABLE
SEAT1465,SEC1,A,1465,AVAILABLE
SEAT1466,SEC1,A,1466,AVAILABLE
SEAT1467,SEC1,A,1467,AVAILABLE
SEAT1468,SEC1,A,1468,AVAILABLE
SEAT1469,SEC1,A,1469,AVAILABLE
SEAT1470,SEC1,A,1470,AVAILABLE
SEAT1471,SEC1,A,1471,AVAILABLE
SEAT1472,SEC1,A,1472,AVAILABLE
SEAT1473,SEC1,A,1473,AVAILABLE
SEAT1474,SEC1,A,1474,AVAILABLE
SEAT1475,SEC1,A,1475,AVAILABLE
SEAT1476,SEC1,A,1476,AVAILABLE
SEAT1477,SEC1,A,1477,AVAILABLE
SEAT1478,SEC1,A,1478,AVAILABLE
SEAT1479,SEC1,A,1479,AVAILABLE
SEAT1480,SEC1,A,1480,AVAILABLE
SEAT1481,SEC1,A,1481,AVAILABLE
SEAT1482,SEC1,A,1482,AVAILABLE
SEAT1483,SEC1,A,1483,AVAILABLE
SEAT1484,SEC1,A,1484,AVAILABLE
SEAT1485,SEC1,A,1485,AVAILABLE
SEAT1486,SEC1,A,1486,AVAILABLE
SEAT1487,SEC1,A,1487,AVAILABLE
SEAT1488,SEC1,A,1488,AVAILABLE
SEAT1489,SEC1,A,1489,AVAILABLE
SEAT1490,SEC1,A,1490,AVAILABLE
SEAT1491,SEC1,A,1491,AVAILABLE
SEAT1492,SEC1,A,1492,AVAILABLE
SEAT1493,SEC1,A,1493,AVAILABLE
SEAT1494,SEC1,A,1494,AVAILABLE
SEAT1495,SEC1,A,1495,AVAILABLE
SEAT1496,SEC1,A,1496,AVAILABLE
SEAT1497,SEC1,A,1497,AVAILABLE
SEAT1498,SEC1,A,1498,AVAILABLE
SEAT1499,SEC1,A,1499,AVAILABLE
SEAT1500,SEC1,A,1500,AVAILABLE
SEAT1501,SEC1,A,1501,AVAILABLE
SEAT1502,SEC1,A,1502,AVAILABLE
SEAT1503,SEC1,A,1503,AVAILABLE
SEAT1504,SEC1,A,1504,AVAILABLE
SEAT1505,SEC1,A,1505,AVAILABLE
SEAT1506,SEC1,A,1506,AVAILABLE
SEAT1507,SEC1,A,1507,AVAILABLE
SEAT1508,SEC1,A,1508,AVAILABLE
SEAT1509,SEC1,A,1509,AVAILABLE
SEAT1510,SEC1,A,1510,AVAILABLE
SEAT1511,SEC1,A,1511,AVAILABLE
SEAT1512,SEC1,A,1512,AVAILABLE
SEAT1513,SEC1,A,1513,AVAILABLE
SEAT1514,SEC1,A,1514,AVAILABLE
SEAT1515,SEC1,A,1515,AVAILABLE
SEAT1516,SEC1,A,1516,AVAILABLE
SEAT1517,SEC1,A,1517,AVAILABLE
SEAT1518,SEC1,A,1518,AVAILABLE
SEAT1519,SEC1,A,1519,AVAILABLE
SEAT1520,SEC1,A,1520,AVAILABLE
SEAT1521,SEC1,A,1521,AVAILABLE
SEAT1522,SEC1,A,1522,AVAILABLE
SEAT1523,SEC1,A,1523,AVAILABLE
SEAT1524,SEC1,A,1524,AVAILABLE
SEAT1525,SEC1,A,1525,AVAILABLE
SEAT1526,SEC1,A,1526,AVAILABLE
SEAT1527,SEC1,A,1527,AVAILABLE
SEAT1528,SEC1,A,1528,AVAILABLE
SEAT1529,SEC1,A,1529,AVAILABLE
SEAT1530,SEC1,A,1530,AVAILABLE
SEAT1531,SEC1,A,1531,AVAILABLE
SEAT1532,SEC1,A,1532,AVAILABLE
SEAT1533,SEC1,A,1533,AVAILABLE
SEAT1534,SEC1,A,1534,AVAILABLE
SEAT1535,SEC1,A,1535,AVAILABLE
SEAT1536,SEC1,A,1536,AVAILABLE
SEAT1537,SEC1,A,1537,AVAILABLE
SEAT1538,SEC1,A,1538,AVAILABLE
SEAT1539,SEC1,A,1539,AVAILABLE
SEAT1540,SEC1,A,1540,AVAILABLE
SEAT1541,SEC1,A,1541,AVAILABLE
SEAT1542,SEC1,A,1542,AVAILABLE
SEAT1543,SEC1,A,1543,AVAILABLE
SEAT1544,SEC1,A,1544,AVAILABLE
SEAT1545,SEC1,A,1545,AVAILABLE
SEAT1546,SEC1,A,1546,AVAILABLE
SEAT1547,SEC1,A,1547,AVAILABLE
SEAT1548,SEC1,A,1548,AVAILABLE
SEAT1549,SEC1,A,1549,AVAILABLE
SEAT1550,SEC1,A,1550,AVAILABLE
SEAT1551,SEC1,A,1551,AVAILABLE
SEAT1552,SEC1,A,1552,AVAILABLE
SEAT1553,SEC1,A,1553,AVAILABLE
SEAT1554,SEC1,A,1554,AVAILABLE
SEAT1555,SEC1,A,1555,AVAILABLE
SEAT1556,SEC1,A,1556,AVAILABLE
SEAT1557,SEC1,A,1557,AVAILABLE
SEAT1558,SEC1,A,1558,AVAILABLE
SEAT1559,SEC1,A,1559,AVAILABLE
SEAT1560,SEC1,A,1560,AVAILABLE
SEAT1561,SEC1,A,1561,AVAILABLE
SEAT1562,SEC1,A,1562,AVAILABLE
SEAT1563,SEC1,A,1563,AVAILABLE
SEAT1564,SEC1,A,1564,AVAILABLE
SEAT1565,SEC1,A,1565,AVAILABLE
SEAT1566,SEC1,A,1566,AVAILABLE
SEAT1567,SEC1,A,1567,AVAILABLE
SEAT1568,SEC1,A,1568,AVAILABLE
SEAT1569,SEC1,A,1569,AVAILABLE
SEAT1570,SEC1,A,1570,AVAILABLE
SEAT1571,SEC1,A,1571,AVAILABLE
SEAT1572,SEC1,A,1572,AVAILABLE
SEAT1573,SEC1,A,1573,AVAILABLE
SEAT1574,SEC1,A,1574,AVAILABLE
SEAT1575,SEC1,A,1575,AVAILABLE
SEAT1576,SEC1,A,1576,AVAILABLE
SEAT1577,SEC1,A,1577,AVAILABLE
SEAT1578,SEC1,A,1578,AVAILABLE
SEAT1579,SEC1,A,1579,AVAILABLE
SEAT1580,SEC1,A,1580,AVAILABLE
SEAT1581,SEC1,A,1581,AVAILABLE
SEAT1582,SEC1,A,1582,AVAILABLE
SEAT1583,SEC1,A,1583,AVAILABLE
SEAT1584,SEC1,A,1584,AVAILABLE
SEAT1585,SEC1,A,1585,AVAILABLE
SEAT1586,SEC1,A,1586,AVAILABLE
SEAT1587,SEC1,A,1587,AVAILABLE
SEAT1588,SEC1,A,1588,AVAILABLE
SEAT1589,SEC1,A,1589,AVAILABLE
SEAT1590,SEC1,A,1590,AVAILABLE
SEAT1591,SEC1,A,1591,AVAILABLE
SEAT1592,SEC1,A,1592,AVAILABLE
SEAT1593,SEC1,A,1593,AVAILABLE
SEAT1594,SEC1,A,1594,AVAILABLE
SEAT1595,SEC1,A,1595,AVAILABLE
SEAT1596,SEC1,A,1596,AVAILABLE
SEAT1597,SEC1,A,1597,AVAILABLE
SEAT1598,SEC1,A,1598,AVAILABLE
SEAT1599,SEC1,A,1599,AVAILABLE
SEAT1600,SEC1,A,1600,AVAILABLE
SEAT1601,SEC1,A,1601,AVAILABLE
SEAT1602,SEC1,A,1602,AVAILABLE
SEAT1603,SEC1,A,1603,AVAILABLE
SEAT1604,SEC1,A,1604,AVAILABLE
SEAT1605,SEC1,A,1605,AVAILABLE
SEAT1606,SEC1,A,1606,AVAILABLE
SEAT1607,SEC1,A,1607,AVAILABLE
SEAT1608,SEC1,A,1608,AVAILABLE
SEAT1609,SEC1,A,1609,AVAILABLE
SEAT1610,SEC1,A,1610,AVAILABLE
SEAT1611,SEC1,A,1611,AVAILABLE
SEAT1612,SEC1,A,1612,AVAILABLE
SEAT1613,SEC1,A,1613,AVAILABLE
SEAT1614,SEC1,A,1614,AVAILABLE
SEAT1615,SEC1,A,1615,AVAILABLE
SEAT1616,SEC1,A,1616,AVAILABLE
SEAT1617,SEC1,A,1617,AVAILABLE
SEAT1618,SEC1,A,1618,AVAILABLE
SEAT1619,SEC1,A,1619,AVAILABLE
SEAT1620,SEC1,A,1620,AVAILABLE
SEAT1621,SEC1,A,1621,AVAILABLE
SEAT1622,SEC1,A,1622,AVAILABLE
SEAT1623,SEC1,A,1623,AVAILABLE
SEAT1624,SEC1,A,1624,AVAILABLE
SEAT1625,SEC1,A,1625,AVAILABLE
SEAT1626,SEC1,A,1626,AVAILABLE
SEAT1627,SEC1,A,1627,AVAILABLE
SEAT1628,SEC1,A,1628,AVAILABLE
SEAT1629,SEC1,A,1629,AVAILABLE
SEAT1630,SEC1,A,1630,AVAILABLE
SEAT1631,SEC1,A,1631,AVAILABLE
SEAT1632,SEC1,A,1632,AVAILABLE
SEAT1633,SEC1,A,1633,AVAILABLE
SEAT1634,SEC1,A,1634,AVAILABLE
SEAT1635,SEC1,A,1635,AVAILABLE
SEAT1636,SEC1,A,1636,AVAILABLE
SEAT1637,SEC1,A,1637,AVAILABLE
SEAT1638,SEC1,A,1638,AVAILABLE
SEAT1639,SEC1,A,1639,AVAILABLE
SEAT1640,SEC1,A,1640,AVAILABLE
SEAT1641,SEC1,A,1641,AVAILABLE
SEAT1642,SEC1,A,1642,AVAILABLE
SEAT1643,SEC1,A,1643,AVAILABLE
SEAT1644,SEC1,A,1644,AVAILABLE
SEAT1645,SEC1,A,1645,AVAILABLE
SEAT1646,SEC1,A,1646,AVAILABLE
SEAT1647,SEC1,A,1647,AVAILABLE
SEAT1648,SEC1,A,1648,AVAILABLE
SEAT1649,SEC1,A,1649,AVAILABLE
SEAT1650,SEC1,A,1650,AVAILABLE
SEAT1651,SEC1,A,1651,AVAILABLE
SEAT1652,SEC1,A,1652,AVAILABLE
SEAT1653,SEC1,A,1653,AVAILABLE
SEAT1654,SEC1,A,1654,AVAILABLE
SEAT1655,SEC1,A,1655,AVAILABLE
SEAT1656,SEC1,A,1656,AVAILABLE
SEAT1657,SEC1,A,1657,AVAILABLE
SEAT1658,SEC1,A,1658,AVAILABLE
SEAT1659,SEC1,A,1659,AVAILABLE
SEAT1660,SEC1,A,1660,AVAILABLE
SEAT1661,SEC1,A,1661,AVAILABLE
SEAT1662,SEC1,A,1662,AVAILABLE
SEAT1663,SEC1,A,1663,AVAILABLE
SEAT1664,SEC1,A,1664,AVAILABLE
SEAT1665,SEC1,A,1665,AVAILABLE
SEAT1666,SEC1,A,1666,AVAILABLE
SEAT1667,SEC1,A,1667,AVAILABLE
SEAT1668,SEC1,A,1668,AVAILABLE
SEAT1669,SEC1,A,1669,AVAILABLE
SEAT1670,SEC1,A,1670,AVAILABLE
SEAT1671,SEC1,A,1671,AVAILABLE
SEAT1672,SEC1,A,1672,AVAILABLE
SEAT1673,SEC1,A,1673,AVAILABLE
SEAT1674,SEC1,A,1674,AVAILABLE
SEAT1675,SEC1,A,1675,AVAILABLE
SEAT1676,SEC1,A,1676,AVAILABLE
SEAT1677,SEC1,A,1677,AVAILABLE
SEAT1678,SEC1,A,1678,AVAILABLE
SEAT1679,SEC1,A,1679,AVAILABLE
SEAT1680,SEC1,A,1680,AVAILABLE
SEAT1681,SEC1,A,1681,AVAILABLE
SEAT1682,SEC1,A,1682,AVAILABLE
SEAT1683,SEC1,A,1683,AVAILABLE
SEAT1684,SEC1,A,1684,AVAILABLE
SEAT1685,SEC1,A,1685,AVAILABLE
SEAT1686,SEC1,A,1686,AVAILABLE
SEAT1687,SEC1,A,1687,AVAILABLE
SEAT1688,SEC1,A,1688,AVAILABLE
SEAT1689,SEC1,A,1689,AVAILABLE
SEAT1690,SEC1,A,1690,AVAILABLE
SEAT1691,SEC1,A,1691,AVAILABLE
SEAT1692,SEC1,A,1692,AVAILABLE
SEAT1693,SEC1,A,1693,AVAILABLE
SEAT1694,SEC1,A,1694,AVAILABLE
SEAT1695,SEC1,A,1695,AVAILABLE
SEAT1696,SEC1,A,1696,AVAILABLE
SEAT1697,SEC1,A,1697,AVAILABLE
SEAT1698,SEC1,A,1698,AVAILABLE
SEAT1699,SEC1,A,1699,AVAILABLE
SEAT1700,SEC1,A,1700,AVAILABLE
SEAT1701,SEC1,A,1701,AVAILABLE
SEAT1702,SEC1,A,1702,AVAILABLE
SEAT1703,SEC1,A,1703,AVAILABLE
SEAT1704,SEC1,A,1704,AVAILABLE
SEAT1705,SEC1,A,1705,AVAILABLE
SEAT1706,SEC1,A,1706,AVAILABLE
SEAT1707,SEC1,A,1707,AVAILABLE
SEAT1708,SEC1,A,1708,AVAILABLE
SEAT1709,SEC1,A,1709,AVAILABLE
SEAT1710,SEC1,A,1710,AVAILABLE
SEAT1711,SEC1,A,1711,AVAILABLE
SEAT1712,SEC1,A,1712,AVAILABLE
SEAT1713,SEC1,A,1713,AVAILABLE
SEAT1714,SEC1,A,1714,AVAILABLE
SEAT1715,SEC1,A,1715,AVAILABLE
SEAT1716,SEC1,A,1716,AVAILABLE
SEAT1717,SEC1,A,1717,AVAILABLE
SEAT1718,SEC1,A,1718,AVAILABLE
SEAT1719,SEC1,A,1719,AVAILABLE
SEAT1720,SEC1,A,1720,AVAILABLE
SEAT1721,SEC1,A,1721,AVAILABLE
SEAT1722,SEC1,A,1722,AVAILABLE
SEAT1723,SEC1,A,1723,AVAILABLE
SEAT1724,SEC1,A,1724,AVAILABLE
SEAT1725,SEC1,A,1725,AVAILABLE
SEAT1726,SEC1,A,1726,AVAILABLE
SEAT1727,SEC1,A,1727,AVAILABLE
SEAT1728,SEC1,A,1728,AVAILABLE
SEAT1729,SEC1,A,1729,AVAILABLE
SEAT1730,SEC1,A,1730,AVAILABLE
SEAT1731,SEC1,A,1731,AVAILABLE
SEAT1732,SEC1,A,1732,AVAILABLE
SEAT1733,SEC1,A,1733,AVAILABLE
SEAT1734,SEC1,A,1734,AVAILABLE
SEAT1735,SEC1,A,1735,AVAILABLE
SEAT1736,SEC1,A,1736,AVAILABLE
SEAT1737,SEC1,A,1737,AVAILABLE
SEAT1738,SEC1,A,1738,AVAILABLE
SEAT1739,SEC1,A,1739,AVAILABLE
SEAT1740,SEC1,A,1740,AVAILABLE
SEAT1741,SEC1,A,1741,AVAILABLE
SEAT1742,SEC1,A,1742,AVAILABLE
SEAT1743,SEC1,A,1743,AVAILABLE
SEAT1744,SEC1,A,1744,AVAILABLE
SEAT1745,SEC1,A,1745,AVAILABLE
SEAT1746,SEC1,A,1746,AVAILABLE
SEAT1747,SEC1,A,1747,AVAILABLE
SEAT1748,SEC1,A,1748,AVAILABLE
SEAT1749,SEC1,A,1749,AVAILABLE
SEAT1750,SEC1,A,1750,AVAILABLE
SEAT1751,SEC1,A,1751,AVAILABLE
SEAT1752,SEC1,A,1752,AVAILABLE
SEAT1753,SEC1,A,1753,AVAILABLE
SEAT1754,SEC1,A,1754,AVAILABLE
SEAT1755,SEC1,A,1755,AVAILABLE
SEAT1756,SEC1,A,1756,AVAILABLE
SEAT1757,SEC1,A,1757,AVAILABLE
SEAT1758,SEC1,A,1758,AVAILABLE
SEAT1759,SEC1,A,1759,AVAILABLE
SEAT1760,SEC1,A,1760,AVAILABLE
SEAT1761,SEC1,A,1761,AVAILABLE
SEAT1762,SEC1,A,1762,AVAILABLE
SEAT1763,SEC1,A,1763,AVAILABLE
SEAT1764,SEC1,A,1764,AVAILABLE
SEAT1765,SEC1,A,1765,AVAILABLE
SEAT1766,SEC1,A,1766,AVAILABLE
SEAT1767,SEC1,A,1767,AVAILABLE
SEAT1768,SEC1,A,1768,AVAILABLE
SEAT1769,SEC1,A,1769,AVAILABLE
SEAT1770,SEC1,A,1770,AVAILABLE
SEAT1771,SEC1,A,1771,AVAILABLE
SEAT1772,SEC1,A,1772,AVAILABLE
SEAT1773,SEC1,A,1773,AVAILABLE
SEAT1774,SEC1,A,1774,AVAILABLE
SEAT1775,SEC1,A,1775,AVAILABLE
SEAT1776,SEC1,A,1776,AVAILABLE
SEAT1777,SEC1,A,1777,AVAILABLE
SEAT1778,SEC1,A,1778,AVAILABLE
SEAT1779,SEC1,A,1779,AVAILABLE
SEAT1780,SEC1,A,1780,AVAILABLE
SEAT1781,SEC1,A,1781,AVAILABLE
SEAT1782,SEC1,A,1782,AVAILABLE
SEAT1783,SEC1,A,1783,AVAILABLE
SEAT1784,SEC1,A,1784,AVAILABLE
SEAT1785,SEC1,A,1785,AVAILABLE
SEAT1786,SEC1,A,1786,AVAILABLE
SEAT1787,SEC1,A,1787,AVAILABLE
SEAT1788,SEC1,A,1788,AVAILABLE
SEAT1789,SEC1,A,1789,AVAILABLE
SEAT1790,SEC1,A,1790,AVAILABLE
SEAT1791,SEC1,A,1791,AVAILABLE
SEAT1792,SEC1,A,1792,AVAILABLE
SEAT1793,SEC1,A,1793,AVAILABLE
SEAT1794,SEC1,A,1794,AVAILABLE
SEAT1795,SEC1,A,1795,AVAILABLE
SEAT1796,SEC1,A,1796,AVAILABLE
SEAT1797,SEC1,A,1797,AVAILABLE
SEAT1798,SEC1,A,1798,AVAILABLE
SEAT1799,SEC1,A,1799,AVAILABLE
SEAT1800,SEC1,A,1800,AVAILABLE
SEAT1801,SEC1,A,1801,AVAILABLE
SEAT1802,SEC1,A,1802,AVAILABLE
SEAT1803,SEC1,A,1803,AVAILABLE
SEAT1804,SEC1,A,1804,AVAILABLE
SEAT1805,SEC1,A,1805,AVAILABLE
SEAT1806,SEC1,A,1806,AVAILABLE
SEAT1807,SEC1,A,1807,AVAILABLE
SEAT1808,SEC1,A,1808,AVAILABLE
SEAT1809,SEC1,A,1809,AVAILABLE
SEAT1810,SEC1,A,1810,AVAILABLE
SEAT1811,SEC1,A,1811,AVAILABLE
SEAT1812,SEC1,A,1812,AVAILABLE
SEAT1813,SEC1,A,1813,AVAILABLE
SEAT1814,SEC1,A,1814,AVAILABLE
SEAT1815,SEC1,A,1815,AVAILABLE
SEAT1816,SEC1,A,1816,AVAILABLE
SEAT1817,SEC1,A,1817,AVAILABLE
SEAT1818,SEC1,A,1818,AVAILABLE
SEAT1819,SEC1,A,1819,AVAILABLE
SEAT1820,SEC1,A,1820,AVAILABLE
SEAT1821,SEC1,A,1821,AVAILABLE
SEAT1822,SEC1,A,1822,AVAILABLE
SEAT1823,SEC1,A,1823,AVAILABLE
SEAT1824,SEC1,A,1824,AVAILABLE
SEAT1825,SEC1,A,1825,AVAILABLE
SEAT1826,SEC1,A,1826,AVAILABLE
SEAT1827,SEC1,A,1827,AVAILABLE
SEAT1828,SEC1,A,1828,AVAILABLE
SEAT1829,SEC1,A,1829,AVAILABLE
SEAT1830,SEC1,A,1830,AVAILABLE
SEAT1831,SEC1,A,1831,AVAILABLE
SEAT1832,SEC1,A,1832,AVAILABLE
SEAT1833,SEC1,A,1833,AVAILABLE
SEAT1834,SEC1,A,1834,AVAILABLE
SEAT1835,SEC1,A,1835,AVAILABLE
SEAT1836,SEC1,A,1836,AVAILABLE
SEAT1837,SEC1,A,1837,AVAILABLE
SEAT1838,SEC1,A,1838,AVAILABLE
SEAT1839,SEC1,A,1839,AVAILABLE
SEAT1840,SEC1,A,1840,AVAILABLE
SEAT1841,SEC1,A,1841,AVAILABLE
SEAT1842,SEC1,A,1842,AVAILABLE
SEAT1843,SEC1,A,1843,AVAILABLE
SEAT1844,SEC1,A,1844,AVAILABLE
SEAT1845,SEC1,A,1845,AVAILABLE
SEAT1846,SEC1,A,1846,AVAILABLE
SEAT1847,SEC1,A,1847,AVAILABLE
SEAT1848,SEC1,A,1848,AVAILABLE
SEAT1849,SEC1,A,1849,AVAILABLE
SEAT1850,SEC1,A,1850,AVAILABLE
SEAT1851,SEC1,A,1851,AVAILABLE
SEAT1852,SEC1,A,1852,AVAILABLE
SEAT1853,SEC1,A,1853,AVAILABLE
SEAT1854,SEC1,A,1854,AVAILABLE
SEAT1855,SEC1,A,1855,AVAILABLE
SEAT1856,SEC1,A,1856,AVAILABLE
SEAT1857,SEC1,A,1857,AVAILABLE
SEAT1858,SEC1,A,1858,AVAILABLE
SEAT1859,SEC1,A,1859,AVAILABLE
SEAT1860,SEC1,A,1860,AVAILABLE
SEAT1861,SEC1,A,1861,AVAILABLE
SEAT1862,SEC1,A,1862,AVAILABLE
SEAT1863,SEC1,A,1863,AVAILABLE
SEAT1864,SEC1,A,1864,AVAILABLE
SEAT1865,SEC1,A,1865,AVAILABLE
SEAT1866,SEC1,A,1866,AVAILABLE
SEAT1867,SEC1,A,1867,AVAILABLE
SEAT1868,SEC1,A,1868,AVAILABLE
SEAT1869,SEC1,A,1869,AVAILABLE
SEAT1870,SEC1,A,1870,AVAILABLE
SEAT1871,SEC1,A,1871,AVAILABLE
SEAT1872,SEC1,A,1872,AVAILABLE
SEAT1873,SEC1,A,1873,AVAILABLE
SEAT1874,SEC1,A,1874,AVAILABLE
SEAT1875,SEC1,A,1875,AVAILABLE
SEAT1876,SEC1,A,1876,AVAILABLE
SEAT1877,SEC1,A,1877,AVAILABLE
SEAT1878,SEC1,A,1878,AVAILABLE
SEAT1879,SEC1,A,1879,AVAILABLE
SEAT1880,SEC1,A,1880,AVAILABLE
SEAT1881,SEC1,A,1881,AVAILABLE
SEAT1882,SEC1,A,1882,AVAILABLE
SEAT1883,SEC1,A,1883,AVAILABLE
SEAT1884,SEC1,A,1884,AVAILABLE
SEAT1885,SEC1,A,1885,AVAILABLE
SEAT1886,SEC1,A,1886,AVAILABLE
SEAT1887,SEC1,A,1887,AVAILABLE
SEAT1888,SEC1,A,1888,AVAILABLE
SEAT1889,SEC1,A,1889,AVAILABLE
SEAT1890,SEC1,A,1890,AVAILABLE
SEAT1891,SEC1,A,1891,AVAILABLE
SEAT1892,SEC1,A,1892,AVAILABLE
SEAT1893,SEC1,A,1893,AVAILABLE
SEAT1894,SEC1,A,1894,AVAILABLE
SEAT1895,SEC1,A,1895,AVAILABLE
SEAT1896,SEC1,A,1896,AVAILABLE
SEAT1897,SEC1,A,1897,AVAILABLE
SEAT1898,SEC1,A,1898,AVAILABLE
SEAT1899,SEC1,A,1899,AVAILABLE
SEAT1900,SEC1,A,1900,AVAILABLE
SEAT1901,SEC1,A,1901,AVAILABLE
SEAT1902,SEC1,A,1902,AVAILABLE
SEAT1903,SEC1,A,1903,AVAILABLE
SEAT1904,SEC1,A,1904,AVAILABLE
SEAT1905,SEC1,A,1905,AVAILABLE
SEAT1906,SEC1,A,1906,AVAILABLE
SEAT1907,SEC1,A,1907,AVAILABLE
SEAT1908,SEC1,A,1908,AVAILABLE
SEAT1909,SEC1,A,1909,AVAILABLE
SEAT1910,SEC1,A,1910,AVAILABLE
SEAT1911,SEC1,A,1911,AVAILABLE
SEAT1912,SEC1,A,1912,AVAILABLE
SEAT1913,SEC1,A,1913,AVAILABLE
SEAT1914,SEC1,A,1914,AVAILABLE
SEAT1915,SEC1,A,1915,AVAILABLE
SEAT1916,SEC1,A,1916,AVAILABLE
SEAT1917,SEC1,A,1917,AVAILABLE
SEAT1918,SEC1,A,1918,AVAILABLE
SEAT1919,SEC1,A,1919,AVAILABLE
SEAT1920,SEC1,A,1920,AVAILABLE
SEAT1921,SEC1,A,1921,AVAILABLE
SEAT1922,SEC1,A,1922,AVAILABLE
SEAT1923,SEC1,A,1923,AVAILABLE
SEAT1924,SEC1,A,1924,AVAILABLE
SEAT1925,SEC1,A,1925,AVAILABLE
SEAT1926,SEC1,A,1926,AVAILABLE
SEAT1927,SEC1,A,1927,AVAILABLE
SEAT1928,SEC1,A,1928,AVAILABLE
SEAT1929,SEC1,A,1929,AVAILABLE
SEAT1930,SEC1,A,1930,AVAILABLE
SEAT1931,SEC1,A,1931,AVAILABLE
SEAT1932,SEC1,A,1932,AVAILABLE
SEAT1933,SEC1,A,1933,AVAILABLE
SEAT1934,SEC1,A,1934,AVAILABLE
SEAT1935,SEC1,A,1935,AVAILABLE
SEAT1936,SEC1,A,1936,AVAILABLE
SEAT1937,SEC1,A,1937,AVAILABLE
SEAT1938,SEC1,A,1938,AVAILABLE
SEAT1939,SEC1,A,1939,AVAILABLE
SEAT1940,SEC1,A,1940,AVAILABLE
SEAT1941,SEC1,A,1941,AVAILABLE
SEAT1942,SEC1,A,1942,AVAILABLE
SEAT1943,SEC1,A,1943,AVAILABLE
SEAT1944,SEC1,A,1944,AVAILABLE
SEAT1945,SEC1,A,1945,AVAILABLE
SEAT1946,SEC1,A,1946,AVAILABLE
SEAT1947,SEC1,A,1947,AVAILABLE
SEAT1948,SEC1,A,1948,AVAILABLE
SEAT1949,SEC1,A,1949,AVAILABLE
SEAT1950,SEC1,A,1950,AVAILABLE
SEAT1951,SEC1,A,1951,AVAILABLE
SEAT1952,SEC1,A,1952,AVAILABLE
SEAT1953,SEC1,A,1953,AVAILABLE
SEAT1954,SEC1,A,1954,AVAILABLE
SEAT1955,SEC1,A,1955,AVAILABLE
SEAT1956,SEC1,A,1956,AVAILABLE
SEAT1957,SEC1,A,1957,AVAILABLE
SEAT1958,SEC1,A,1958,AVAILABLE
SEAT1959,SEC1,A,1959,AVAILABLE
SEAT1960,SEC1,A,1960,AVAILABLE
SEAT1961,SEC1,A,1961,AVAILABLE
SEAT1962,SEC1,A,1962,AVAILABLE
SEAT1963,SEC1,A,1963,AVAILABLE
SEAT1964,SEC1,A,1964,AVAILABLE
SEAT1965,SEC1,A,1965,AVAILABLE
SEAT1966,SEC1,A,1966,AVAILABLE
SEAT1967,SEC1,A,1967,AVAILABLE
SEAT1968,SEC1,A,1968,AVAILABLE
SEAT1969,SEC1,A,1969,AVAILABLE
SEAT1970,SEC1,A,1970,AVAILABLE
SEAT1971,SEC1,A,1971,AVAILABLE
SEAT1972,SEC1,A,1972,AVAILABLE
SEAT1973,SEC1,A,1973,AVAILABLE
SEAT1974,SEC1,A,1974,AVAILABLE
SEAT1975,SEC1,A,1975,AVAILABLE
SEAT1976,SEC1,A,1976,AVAILABLE
SEAT1977,SEC1,A,1977,AVAILABLE
SEAT1978,SEC1,A,1978,AVAILABLE
SEAT1979,SEC1,A,1979,AVAILABLE
SEAT1980,SEC1,A,1980,AVAILABLE
SEAT1981,SEC1,A,1981,AVAILABLE
SEAT1982,SEC1,A,1982,AVAILABLE
SEAT1983,SEC1,A,1983,AVAILABLE
SEAT1984,SEC1,A,1984,AVAILABLE
SEAT1985,SEC1,A,1985,AVAILABLE
SEAT1986,SEC1,A,1986,AVAILABLE
SEAT1987,SEC1,A,1987,AVAILABLE
SEAT1988,SEC1,A,1988,AVAILABLE
SEAT1989,SEC1,A,1989,AVAILABLE
SEAT1990,SEC1,A,1990,AVAILABLE
SEAT1991,SEC1,A,1991,AVAILABLE
SEAT1992,SEC1,A,1992,AVAILABLE
SEAT1993,SEC1,A,1993,AVAILABLE
SEAT1994,SEC1,A,1994,AVAILABLE
SEAT1995,SEC1,A,1995,AVAILABLE
SEAT1996,SEC1,A,1996,AVAILABLE
SEAT1997,SEC1,A,1997,AVAILABLE
SEAT1998,SEC1,A,1998,AVAILABLE
SEAT1999,SEC1,A,1999,AVAILABLE
SEAT2000,SEC1,A,2000,AVAILABLE
SEAT2001,SEC1,A,2001,AVAILABLE
SEAT2002,SEC1,A,2002,AVAILABLE
SEAT2003,SEC1,A,2003,AVAILABLE
SEAT2004,SEC1,A,2004,AVAILABLE
SEAT2005,SEC1,A,2005,AVAILABLE
SEAT2006,SEC1,A,2006,AVAILABLE
SEAT2007,SEC1,A,2007,AVAILABLE
SEAT2008,SEC1,A,2008,AVAILABLE
SEAT2009,SEC1,A,2009,AVAILABLE
SEAT2010,SEC1,A,2010,AVAILABLE
SEAT2011,SEC1,A,2011,AVAILABLE
SEAT2012,SEC1,A,2012,AVAILABLE
SEAT2013,SEC1,A,2013,AVAILABLE
SEAT2014,SEC1,A,2014,AVAILABLE
SEAT2015,SEC1,A,2015,AVAILABLE
SEAT2016,SEC1,A,2016,AVAILABLE
SEAT2017,SEC1,A,2017,AVAILABLE
SEAT2018,SEC1,A,2018,AVAILABLE
SEAT2019,SEC1,A,2019,AVAILABLE
SEAT2020,SEC1,A,2020,AVAILABLE
SEAT2021,SEC1,A,2021,AVAILABLE
SEAT2022,SEC1,A,2022,AVAILABLE
SEAT2023,SEC1,A,2023,AVAILABLE
SEAT2024,SEC1,A,2024,AVAILABLE
SEAT2025,SEC1,A,2025,AVAILABLE
SEAT2026,SEC1,A,2026,AVAILABLE
SEAT2027,SEC1,A,2027,AVAILABLE
SEAT2028,SEC1,A,2028,AVAILABLE
SEAT2029,SEC1,A,2029,AVAILABLE
SEAT2030,SEC1,A,2030,AVAILABLE
SEAT2031,SEC1,A,2031,AVAILABLE
SEAT2032,SEC1,A,2032,AVAILABLE
SEAT2033,SEC1,A,2033,AVAILABLE
SEAT2034,SEC1,A,2034,AVAILABLE
SEAT2035,SEC1,A,2035,AVAILABLE
SEAT2036,SEC1,A,2036,AVAILABLE
SEAT2037,SEC1,A,2037,AVAILABLE
SEAT2038,SEC1,A,2038,AVAILABLE
SEAT2039,SEC1,A,2039,AVAILABLE
SEAT2040,SEC1,A,2040,AVAILABLE
SEAT2041,SEC1,A,2041,AVAILABLE
SEAT2042,SEC1,A,2042,AVAILABLE
SEAT2043,SEC1,A,2043,AVAILABLE
SEAT2044,SEC1,A,2044,AVAILABLE
SEAT2045,SEC1,A,2045,AVAILABLE
SEAT2046,SEC1,A,2046,AVAILABLE
SEAT2047,SEC1,A,2047,AVAILABLE
SEAT2048,SEC1,A,2048,AVAILABLE
SEAT2049,SEC1,A,2049,AVAILABLE
SEAT2050,SEC1,A,2050,AVAILABLE
SEAT2051,SEC1,A,2051,AVAILABLE
SEAT2052,SEC1,A,2052,AVAILABLE
SEAT2053,SEC1,A,2053,AVAILABLE
SEAT2054,SEC1,A,2054,AVAILABLE
SEAT2055,SEC1,A,2055,AVAILABLE
SEAT2056,SEC1,A,2056,AVAILABLE
SEAT2057,SEC1,A,2057,AVAILABLE
SEAT2058,SEC1,A,2058,AVAILABLE
SEAT2059,SEC1,A,2059,AVAILABLE
SEAT2060,SEC1,A,2060,AVAILABLE
SEAT2061,SEC1,A,2061,AVAILABLE
SEAT2062,SEC1,A,2062,AVAILABLE
SEAT2063,SEC1,A,2063,AVAILABLE
SEAT2064,SEC1,A,2064,AVAILABLE
SEAT2065,SEC1,A,2065,AVAILABLE
SEAT2066,SEC1,A,2066,AVAILABLE
SEAT2067,SEC1,A,2067,AVAILABLE
SEAT2068,SEC1,A,2068,AVAILABLE
SEAT2069,SEC1,A,2069,AVAILABLE
SEAT2070,SEC1,A,2070,AVAILABLE
SEAT2071,SEC1,A,2071,AVAILABLE
SEAT2072,SEC1,A,2072,AVAILABLE
SEAT2073,SEC1,A,2073,AVAILABLE
SEAT2074,SEC1,A,2074,AVAILABLE
SEAT2075,SEC1,A,2075,AVAILABLE
SEAT2076,SEC1,A,2076,AVAILABLE
SEAT2077,SEC1,A,2077,AVAILABLE
SEAT2078,SEC1,A,2078,AVAILABLE
SEAT2079,SEC1,A,2079,AVAILABLE
SEAT2080,SEC1,A,2080,AVAILABLE
SEAT2081,SEC1,A,2081,AVAILABLE
SEAT2082,SEC1,A,2082,AVAILABLE
SEAT2083,SEC1,A,2083,AVAILABLE
SEAT2084,SEC1,A,2084,AVAILABLE
SEAT2085,SEC1,A,2085,AVAILABLE
SEAT2086,SEC1,A,2086,AVAILABLE
SEAT2087,SEC1,A,2087,AVAILABLE
SEAT2088,SEC1,A,2088,AVAILABLE
SEAT2089,SEC1,A,2089,AVAILABLE
SEAT2090,SEC1,A,2090,AVAILABLE
SEAT2091,SEC1,A,2091,AVAILABLE
SEAT2092,SEC1,A,2092,AVAILABLE
SEAT2093,SEC1,A,2093,AVAILABLE
SEAT2094,SEC1,A,2094,AVAILABLE
SEAT2095,SEC1,A,2095,AVAILABLE
SEAT2096,SEC1,A,2096,AVAILABLE
SEAT2097,SEC1,A,2097,AVAILABLE
SEAT2098,SEC1,A,2098,AVAILABLE
SEAT2099,SEC1,A,2099,AVAILABLE
SEAT2100,SEC1,A,2100,AVAILABLE
SEAT2101,SEC1,A,2101,AVAILABLE
SEAT2102,SEC1,A,2102,AVAILABLE
SEAT2103,SEC1,A,2103,AVAILABLE
SEAT2104,SEC1,A,2104,AVAILABLE
SEAT2105,SEC1,A,2105,AVAILABLE
SEAT2106,SEC1,A,2106,AVAILABLE
SEAT2107,SEC1,A,2107,AVAILABLE
SEAT2108,SEC1,A,2108,AVAILABLE
SEAT2109,SEC1,A,2109,AVAILABLE
SEAT2110,SEC1,A,2110,AVAILABLE
SEAT2111,SEC1,A,2111,AVAILABLE
SEAT2112,SEC1,A,2112,AVAILABLE
SEAT2113,SEC1,A,2113,AVAILABLE
SEAT2114,SEC1,A,2114,AVAILABLE
SEAT2115,SEC1,A,2115,AVAILABLE
SEAT2116,SEC1,A,2116,AVAILABLE
SEAT2117,SEC1,A,2117,AVAILABLE
SEAT2118,SEC1,A,2118,AVAILABLE
SEAT2119,SEC1,A,2119,AVAILABLE
SEAT2120,SEC1,A,2120,AVAILABLE
SEAT2121,SEC1,A,2121,AVAILABLE
SEAT2122,SEC1,A,2122,AVAILABLE
SEAT2123,SEC1,A,2123,AVAILABLE
SEAT2124,SEC1,A,2124,AVAILABLE
SEAT2125,SEC1,A,2125,AVAILABLE
SEAT2126,SEC1,A,2126,AVAILABLE
SEAT2127,SEC1,A,2127,AVAILABLE
SEAT2128,SEC1,A,2128,AVAILABLE
SEAT2129,SEC1,A,2129,AVAILABLE
SEAT2130,SEC1,A,2130,AVAILABLE
SEAT2131,SEC1,A,2131,AVAILABLE
SEAT2132,SEC1,A,2132,AVAILABLE
SEAT2133,SEC1,A,2133,AVAILABLE
SEAT2134,SEC1,A,2134,AVAILABLE
SEAT2135,SEC1,A,2135,AVAILABLE
SEAT2136,SEC1,A,2136,AVAILABLE
SEAT2137,SEC1,A,2137,AVAILABLE
SEAT2138,SEC1,A,2138,AVAILABLE
SEAT2139,SEC1,A,2139,AVAILABLE
SEAT2140,SEC1,A,2140,AVAILABLE
SEAT2141,SEC1,A,2141,AVAILABLE
SEAT2142,SEC1,A,2142,AVAILABLE
SEAT2143,SEC1,A,2143,AVAILABLE
SEAT2144,SEC1,A,2144,AVAILABLE
SEAT2145,SEC1,A,2145,AVAILABLE
SEAT2146,SEC1,A,2146,AVAILABLE
SEAT2147,SEC1,A,2147,AVAILABLE
SEAT2148,SEC1,A,2148,AVAILABLE
SEAT2149,SEC1,A,2149,AVAILABLE
SEAT2150,SEC1,A,2150,AVAILABLE
SEAT2151,SEC1,A,2151,AVAILABLE
SEAT2152,SEC1,A,2152,AVAILABLE
SEAT2153,SEC1,A,2153,AVAILABLE
SEAT2154,SEC1,A,2154,AVAILABLE
SEAT2155,SEC1,A,2155,AVAILABLE
SEAT2156,SEC1,A,2156,AVAILABLE
SEAT2157,SEC1,A,2157,AVAILABLE
SEAT2158,SEC1,A,2158,AVAILABLE
SEAT2159,SEC1,A,2159,AVAILABLE
SEAT2160,SEC1,A,2160,AVAILABLE
SEAT2161,SEC1,A,2161,AVAILABLE
SEAT2162,SEC1,A,2162,AVAILABLE
SEAT2163,SEC1,A,2163,AVAILABLE
SEAT2164,SEC1,A,2164,AVAILABLE
SEAT2165,SEC1,A,2165,AVAILABLE
SEAT2166,SEC1,A,2166,AVAILABLE
SEAT2167,SEC1,A,2167,AVAILABLE
SEAT2168,SEC1,A,2168,AVAILABLE
SEAT2169,SEC1,A,2169,AVAILABLE
SEAT2170,SEC1,A,2170,AVAILABLE
SEAT2171,SEC1,A,2171,AVAILABLE
SEAT2172,SEC1,A,2172,AVAILABLE
SEAT2173,SEC1,A,2173,AVAILABLE
SEAT2174,SEC1,A,2174,AVAILABLE
SEAT2175,SEC1,A,2175,AVAILABLE
SEAT2176,SEC1,A,2176,AVAILABLE
SEAT2177,SEC1,A,2177,AVAILABLE
SEAT2178,SEC1,A,2178,AVAILABLE
SEAT2179,SEC1,A,2179,AVAILABLE
SEAT2180,SEC1,A,2180,AVAILABLE
SEAT2181,SEC1,A,2181,AVAILABLE
SEAT2182,SEC1,A,2182,AVAILABLE
SEAT2183,SEC1,A,2183,AVAILABLE
SEAT2184,SEC1,A,2184,AVAILABLE
SEAT2185,SEC1,A,2185,AVAILABLE
SEAT2186,SEC1,A,2186,AVAILABLE
SEAT2187,SEC1,A,2187,AVAILABLE
SEAT2188,SEC1,A,2188,AVAILABLE
SEAT2189,SEC1,A,2189,AVAILABLE
SEAT2190,SEC1,A,2190,AVAILABLE
SEAT2191,SEC1,A,2191,AVAILABLE
SEAT2192,SEC1,A,2192,AVAILABLE
SEAT2193,SEC1,A,2193,AVAILABLE
SEAT2194,SEC1,A,2194,AVAILABLE
SEAT2195,SEC1,A,2195,AVAILABLE
SEAT2196,SEC1,A,2196,AVAILABLE
SEAT2197,SEC1,A,2197,AVAILABLE
SEAT2198,SEC1,A,2198,AVAILABLE
SEAT2199,SEC1,A,2199,AVAILABLE
SEAT2200,SEC1,A,2200,AVAILABLE
SEAT2201,SEC1,A,2201,AVAILABLE
SEAT2202,SEC1,A,2202,AVAILABLE
SEAT2203,SEC1,A,2203,AVAILABLE
SEAT2204,SEC1,A,2204,AVAILABLE
SEAT2205,SEC1,A,2205,AVAILABLE
SEAT2206,SEC1,A,2206,AVAILABLE
SEAT2207,SEC1,A,2207,AVAILABLE
SEAT2208,SEC1,A,2208,AVAILABLE
SEAT2209,SEC1,A,2209,AVAILABLE
SEAT2210,SEC1,A,2210,AVAILABLE
SEAT2211,SEC1,A,2211,AVAILABLE
SEAT2212,SEC1,A,2212,AVAILABLE
SEAT2213,SEC1,A,2213,AVAILABLE
SEAT2214,SEC1,A,2214,AVAILABLE
SEAT2215,SEC1,A,2215,AVAILABLE
SEAT2216,SEC1,A,2216,AVAILABLE
SEAT2217,SEC1,A,2217,AVAILABLE
SEAT2218,SEC1,A,2218,AVAILABLE
SEAT2219,SEC1,A,2219,AVAILABLE
SEAT2220,SEC1,A,2220,AVAILABLE
SEAT2221,SEC1,A,2221,AVAILABLE
SEAT2222,SEC1,A,2222,AVAILABLE
SEAT2223,SEC1,A,2223,AVAILABLE
SEAT2224,SEC1,A,2224,AVAILABLE
SEAT2225,SEC1,A,2225,AVAILABLE
SEAT2226,SEC1,A,2226,AVAILABLE
SEAT2227,SEC1,A,2227,AVAILABLE
SEAT2228,SEC1,A,2228,AVAILABLE
SEAT2229,SEC1,A,2229,AVAILABLE
SEAT2230,SEC1,A,2230,AVAILABLE
SEAT2231,SEC1,A,2231,AVAILABLE
SEAT2232,SEC1,A,2232,AVAILABLE
SEAT2233,SEC1,A,2233,AVAILABLE
SEAT2234,SEC1,A,2234,AVAILABLE
SEAT2235,SEC1,A,2235,AVAILABLE
SEAT2236,SEC1,A,2236,AVAILABLE
SEAT2237,SEC1,A,2237,AVAILABLE
SEAT2238,SEC1,A,2238,AVAILABLE
SEAT2239,SEC1,A,2239,AVAILABLE
SEAT2240,SEC1,A,2240,AVAILABLE
SEAT2241,SEC1,A,2241,AVAILABLE
SEAT2242,SEC1,A,2242,AVAILABLE
SEAT2243,SEC1,A,2243,AVAILABLE
SEAT2244,SEC1,A,2244,AVAILABLE
SEAT2245,SEC1,A,2245,AVAILABLE
SEAT2246,SEC1,A,2246,AVAILABLE
SEAT2247,SEC1,A,2247,AVAILABLE
SEAT2248,SEC1,A,2248,AVAILABLE
SEAT2249,SEC1,A,2249,AVAILABLE
SEAT2250,SEC1,A,2250,AVAILABLE
SEAT2251,SEC1,A,2251,AVAILABLE
SEAT2252,SEC1,A,2252,AVAILABLE
SEAT2253,SEC1,A,2253,AVAILABLE
SEAT2254,SEC1,A,2254,AVAILABLE
SEAT2255,SEC1,A,2255,AVAILABLE
SEAT2256,SEC1,A,2256,AVAILABLE
SEAT2257,SEC1,A,2257,AVAILABLE
SEAT2258,SEC1,A,2258,AVAILABLE
SEAT2259,SEC1,A,2259,AVAILABLE
SEAT2260,SEC1,A,2260,AVAILABLE
SEAT2261,SEC1,A,2261,AVAILABLE
SEAT2262,SEC1,A,2262,AVAILABLE
SEAT2263,SEC1,A,2263,AVAILABLE
SEAT2264,SEC1,A,2264,AVAILABLE
SEAT2265,SEC1,A,2265,AVAILABLE
SEAT2266,SEC1,A,2266,AVAILABLE
SEAT2267,SEC1,A,2267,AVAILABLE
SEAT2268,SEC1,A,2268,AVAILABLE
SEAT2269,SEC1,A,2269,AVAILABLE
SEAT2270,SEC1,A,2270,AVAILABLE
SEAT2271,SEC1,A,2271,AVAILABLE
SEAT2272,SEC1,A,2272,AVAILABLE
SEAT2273,SEC1,A,2273,AVAILABLE
SEAT2274,SEC1,A,2274,AVAILABLE
SEAT2275,SEC1,A,2275,AVAILABLE
SEAT2276,SEC1,A,2276,AVAILABLE
SEAT2277,SEC1,A,2277,AVAILABLE
SEAT2278,SEC1,A,2278,AVAILABLE
SEAT2279,SEC1,A,2279,AVAILABLE
SEAT2280,SEC1,A,2280,AVAILABLE
SEAT2281,SEC1,A,2281,AVAILABLE
SEAT2282,SEC1,A,2282,AVAILABLE
SEAT2283,SEC1,A,2283,AVAILABLE
SEAT2284,SEC1,A,2284,AVAILABLE
SEAT2285,SEC1,A,2285,AVAILABLE
SEAT2286,SEC1,A,2286,AVAILABLE
SEAT2287,SEC1,A,2287,AVAILABLE
SEAT2288,SEC1,A,2288,AVAILABLE
SEAT2289,SEC1,A,2289,AVAILABLE
SEAT2290,SEC1,A,2290,AVAILABLE
SEAT2291,SEC1,A,2291,AVAILABLE
SEAT2292,SEC1,A,2292,AVAILABLE
SEAT2293,SEC1,A,2293,AVAILABLE
SEAT2294,SEC1,A,2294,AVAILABLE
SEAT2295,SEC1,A,2295,AVAILABLE
SEAT2296,SEC1,A,2296,AVAILABLE
SEAT2297,SEC1,A,2297,AVAILABLE
SEAT2298,SEC1,A,2298,AVAILABLE
SEAT2299,SEC1,A,2299,AVAILABLE
SEAT2300,SEC1,A,2300,AVAILABLE
SEAT2301,SEC1,A,2301,AVAILABLE
SEAT2302,SEC1,A,2302,AVAILABLE
SEAT2303,SEC1,A,2303,AVAILABLE
SEAT2304,SEC1,A,2304,AVAILABLE
SEAT2305,SEC1,A,2305,AVAILABLE
SEAT2306,SEC1,A,2306,AVAILABLE
SEAT2307,SEC1,A,2307,AVAILABLE
SEAT2308,SEC1,A,2308,AVAILABLE
SEAT2309,SEC1,A,2309,AVAILABLE
SEAT2310,SEC1,A,2310,AVAILABLE
SEAT2311,SEC1,A,2311,AVAILABLE
SEAT2312,SEC1,A,2312,AVAILABLE
SEAT2313,SEC1,A,2313,AVAILABLE
SEAT2314,SEC1,A,2314,AVAILABLE
SEAT2315,SEC1,A,2315,AVAILABLE
SEAT2316,SEC1,A,2316,AVAILABLE
SEAT2317,SEC1,A,2317,AVAILABLE
SEAT2318,SEC1,A,2318,AVAILABLE
SEAT2319,SEC1,A,2319,AVAILABLE
SEAT2320,SEC1,A,2320,AVAILABLE
SEAT2321,SEC1,A,2321,AVAILABLE
SEAT2322,SEC1,A,2322,AVAILABLE
SEAT2323,SEC1,A,2323,AVAILABLE
SEAT2324,SEC1,A,2324,AVAILABLE
SEAT2325,SEC1,A,2325,AVAILABLE
SEAT2326,SEC1,A,2326,AVAILABLE
SEAT2327,SEC1,A,2327,AVAILABLE
SEAT2328,SEC1,A,2328,AVAILABLE
SEAT2329,SEC1,A,2329,AVAILABLE
SEAT2330,SEC1,A,2330,AVAILABLE
SEAT2331,SEC1,A,2331,AVAILABLE
SEAT2332,SEC1,A,2332,AVAILABLE
SEAT2333,SEC1,A,2333,AVAILABLE
SEAT2334,SEC1,A,2334,AVAILABLE
SEAT2335,SEC1,A,2335,AVAILABLE
SEAT2336,SEC1,A,2336,AVAILABLE
SEAT2337,SEC1,A,2337,AVAILABLE
SEAT2338,SEC1,A,2338,AVAILABLE
SEAT2339,SEC1,A,2339,AVAILABLE
SEAT2340,SEC1,A,2340,AVAILABLE
SEAT2341,SEC1,A,2341,AVAILABLE
SEAT2342,SEC1,A,2342,AVAILABLE
SEAT2343,SEC1,A,2343,AVAILABLE
SEAT2344,SEC1,A,2344,AVAILABLE
SEAT2345,SEC1,A,2345,AVAILABLE
SEAT2346,SEC1,A,2346,AVAILABLE
SEAT2347,SEC1,A,2347,AVAILABLE
SEAT2348,SEC1,A,2348,AVAILABLE
SEAT2349,SEC1,A,2349,AVAILABLE
SEAT2350,SEC1,A,2350,AVAILABLE
SEAT2351,SEC1,A,2351,AVAILABLE
SEAT2352,SEC1,A,2352,AVAILABLE
SEAT2353,SEC1,A,2353,AVAILABLE
SEAT2354,SEC1,A,2354,AVAILABLE
SEAT2355,SEC1,A,2355,AVAILABLE
SEAT2356,SEC1,A,2356,AVAILABLE
SEAT2357,SEC1,A,2357,AVAILABLE
SEAT2358,SEC1,A,2358,AVAILABLE
SEAT2359,SEC1,A,2359,AVAILABLE
SEAT2360,SEC1,A,2360,AVAILABLE
SEAT2361,SEC1,A,2361,AVAILABLE
SEAT2362,SEC1,A,2362,AVAILABLE
SEAT2363,SEC1,A,2363,AVAILABLE
SEAT2364,SEC1,A,2364,AVAILABLE
SEAT2365,SEC1,A,2365,AVAILABLE
SEAT2366,SEC1,A,2366,AVAILABLE
SEAT2367,SEC1,A,2367,AVAILABLE
SEAT2368,SEC1,A,2368,AVAILABLE
SEAT2369,SEC1,A,2369,AVAILABLE
SEAT2370,SEC1,A,2370,AVAILABLE
SEAT2371,SEC1,A,2371,AVAILABLE
SEAT2372,SEC1,A,2372,AVAILABLE
SEAT2373,SEC1,A,2373,AVAILABLE
SEAT2374,SEC1,A,2374,AVAILABLE
SEAT2375,SEC1,A,2375,AVAILABLE
SEAT2376,SEC1,A,2376,AVAILABLE
SEAT2377,SEC1,A,2377,AVAILABLE
SEAT2378,SEC1,A,2378,AVAILABLE
SEAT2379,SEC1,A,2379,AVAILABLE
SEAT2380,SEC1,A,2380,AVAILABLE
SEAT2381,SEC1,A,2381,AVAILABLE
SEAT2382,SEC1,A,2382,AVAILABLE
SEAT2383,SEC1,A,2383,AVAILABLE
SEAT2384,SEC1,A,2384,AVAILABLE
SEAT2385,SEC1,A,2385,AVAILABLE
SEAT2386,SEC1,A,2386,AVAILABLE
SEAT2387,SEC1,A,2387,AVAILABLE
SEAT2388,SEC1,A,2388,AVAILABLE
SEAT2389,SEC1,A,2389,AVAILABLE
SEAT2390,SEC1,A,2390,AVAILABLE
SEAT2391,SEC1,A,2391,AVAILABLE
SEAT2392,SEC1,A,2392,AVAILABLE
SEAT2393,SEC1,A,2393,AVAILABLE
SEAT2394,SEC1,A,2394,AVAILABLE
SEAT2395,SEC1,A,2395,AVAILABLE
SEAT2396,SEC1,A,2396,AVAILABLE
SEAT2397,SEC1,A,2397,AVAILABLE
SEAT2398,SEC1,A,2398,AVAILABLE
SEAT2399,SEC1,A,2399,AVAILABLE
SEAT2400,SEC1,A,2400,AVAILABLE
SEAT2401,SEC1,A,2401,AVAILABLE
SEAT2402,SEC1,A,2402,AVAILABLE
SEAT2403,SEC1,A,2403,AVAILABLE
SEAT2404,SEC1,A,2404,AVAILABLE
SEAT2405,SEC1,A,2405,AVAILABLE
SEAT2406,SEC1,A,2406,AVAILABLE
SEAT2407,SEC1,A,2407,AVAILABLE
SEAT2408,SEC1,A,2408,AVAILABLE
SEAT2409,SEC1,A,2409,AVAILABLE
SEAT2410,SEC1,A,2410,AVAILABLE
SEAT2411,SEC1,A,2411,AVAILABLE
SEAT2412,SEC1,A,2412,AVAILABLE
SEAT2413,SEC1,A,2413,AVAILABLE
SEAT2414,SEC1,A,2414,AVAILABLE
SEAT2415,SEC1,A,2415,AVAILABLE
SEAT2416,SEC1,A,2416,AVAILABLE
SEAT2417,SEC1,A,2417,AVAILABLE
SEAT2418,SEC1,A,2418,AVAILABLE
SEAT2419,SEC1,A,2419,AVAILABLE
SEAT2420,SEC1,A,2420,AVAILABLE
SEAT2421,SEC1,A,2421,AVAILABLE
SEAT2422,SEC1,A,2422,AVAILABLE
SEAT2423,SEC1,A,2423,AVAILABLE
SEAT2424,SEC1,A,2424,AVAILABLE
SEAT2425,SEC1,A,2425,AVAILABLE
SEAT2426,SEC1,A,2426,AVAILABLE
SEAT2427,SEC1,A,2427,AVAILABLE
SEAT2428,SEC1,A,2428,AVAILABLE
SEAT2429,SEC1,A,2429,AVAILABLE
SEAT2430,SEC1,A,2430,AVAILABLE
SEAT2431,SEC1,A,2431,AVAILABLE
SEAT2432,SEC1,A,2432,AVAILABLE
SEAT2433,SEC1,A,2433,AVAILABLE
SEAT2434,SEC1,A,2434,AVAILABLE
SEAT2435,SEC1,A,2435,AVAILABLE
SEAT2436,SEC1,A,2436,AVAILABLE
SEAT2437,SEC1,A,2437,AVAILABLE
SEAT2438,SEC1,A,2438,AVAILABLE
SEAT2439,SEC1,A,2439,AVAILABLE
SEAT2440,SEC1,A,2440,AVAILABLE
SEAT2441,SEC1,A,2441,AVAILABLE
SEAT2442,SEC1,A,2442,AVAILABLE
SEAT2443,SEC1,A,2443,AVAILABLE
SEAT2444,SEC1,A,2444,AVAILABLE
SEAT2445,SEC1,A,2445,AVAILABLE
SEAT2446,SEC1,A,2446,AVAILABLE
SEAT2447,SEC1,A,2447,AVAILABLE
SEAT2448,SEC1,A,2448,AVAILABLE
SEAT2449,SEC1,A,2449,AVAILABLE
SEAT2450,SEC1,A,2450,AVAILABLE
SEAT2451,SEC1,A,2451,AVAILABLE
SEAT2452,SEC1,A,2452,AVAILABLE
SEAT2453,SEC1,A,2453,AVAILABLE
SEAT2454,SEC1,A,2454,AVAILABLE
SEAT2455,SEC1,A,2455,AVAILABLE
SEAT2456,SEC1,A,2456,AVAILABLE
SEAT2457,SEC1,A,2457,AVAILABLE
SEAT2458,SEC1,A,2458,AVAILABLE
SEAT2459,SEC1,A,2459,AVAILABLE
SEAT2460,SEC1,A,2460,AVAILABLE
SEAT2461,SEC1,A,2461,AVAILABLE
SEAT2462,SEC1,A,2462,AVAILABLE
SEAT2463,SEC1,A,2463,AVAILABLE
SEAT2464,SEC1,A,2464,AVAILABLE
SEAT2465,SEC1,A,2465,AVAILABLE
SEAT2466,SEC1,A,2466,AVAILABLE
SEAT2467,SEC1,A,2467,AVAILABLE
SEAT2468,SEC1,A,2468,AVAILABLE
SEAT2469,SEC1,A,2469,AVAILABLE
SEAT2470,SEC1,A,2470,AVAILABLE
SEAT2471,SEC1,A,2471,AVAILABLE
SEAT2472,SEC1,A,2472,AVAILABLE
SEAT2473,SEC1,A,2473,AVAILABLE
SEAT2474,SEC1,A,2474,AVAILABLE
SEAT2475,SEC1,A,2475,AVAILABLE
SEAT2476,SEC1,A,2476,AVAILABLE
SEAT2477,SEC1,A,2477,AVAILABLE
SEAT2478,SEC1,A,2478,AVAILABLE
SEAT2479,SEC1,A,2479,AVAILABLE
SEAT2480,SEC1,A,2480,AVAILABLE
SEAT2481,SEC1,A,2481,AVAILABLE
SEAT2482,SEC1,A,2482,AVAILABLE
SEAT2483,SEC1,A,2483,AVAILABLE
SEAT2484,SEC1,A,2484,AVAILABLE
SEAT2485,SEC1,A,2485,AVAILABLE
SEAT2486,SEC1,A,2486,AVAILABLE
SEAT2487,SEC1,A,2487,AVAILABLE
SEAT2488,SEC1,A,2488,AVAILABLE
SEAT2489,SEC1,A,2489,AVAILABLE
SEAT2490,SEC1,A,2490,AVAILABLE
SEAT2491,SEC1,A,2491,AVAILABLE
SEAT2492,SEC1,A,2492,AVAILABLE
SEAT2493,SEC1,A,2493,AVAILABLE
SEAT2494,SEC1,A,2494,AVAILABLE
SEAT2495,SEC1,A,2495,AVAILABLE
SEAT2496,SEC1,A,2496,AVAILABLE
SEAT2497,SEC1,A,2497,AVAILABLE
SEAT2498,SEC1,A,2498,AVAILABLE
SEAT2499,SEC1,A,2499,AVAILABLE
SEAT2500,SEC1,A,2500,AVAILABLE
SEAT2501,SEC1,A,2501,AVAILABLE
SEAT2502,SEC1,A,2502,AVAILABLE
SEAT2503,SEC1,A,2503,AVAILABLE
SEAT2504,SEC1,A,2504,AVAILABLE
SEAT2505,SEC1,A,2505,AVAILABLE
SEAT2506,SEC1,A,2506,AVAILABLE
SEAT2507,SEC1,A,2507,AVAILABLE
SEAT2508,SEC1,A,2508,AVAILABLE
SEAT2509,SEC1,A,2509,AVAILABLE
SEAT2510,SEC1,A,2510,AVAILABLE
SEAT2511,SEC1,A,2511,AVAILABLE
SEAT2512,SEC1,A,2512,AVAILABLE
SEAT2513,SEC1,A,2513,AVAILABLE
SEAT2514,SEC1,A,2514,AVAILABLE
SEAT2515,SEC1,A,2515,AVAILABLE
SEAT2516,SEC1,A,2516,AVAILABLE
SEAT2517,SEC1,A,2517,AVAILABLE
SEAT2518,SEC1,A,2518,AVAILABLE
SEAT2519,SEC1,A,2519,AVAILABLE
SEAT2520,SEC1,A,2520,AVAILABLE
SEAT2521,SEC1,A,2521,AVAILABLE
SEAT2522,SEC1,A,2522,AVAILABLE
SEAT2523,SEC1,A,2523,AVAILABLE
SEAT2524,SEC1,A,2524,AVAILABLE
SEAT2525,SEC1,A,2525,AVAILABLE
SEAT2526,SEC1,A,2526,AVAILABLE
SEAT2527,SEC1,A,2527,AVAILABLE
SEAT2528,SEC1,A,2528,AVAILABLE
SEAT2529,SEC1,A,2529,AVAILABLE
SEAT2530,SEC1,A,2530,AVAILABLE
SEAT2531,SEC1,A,2531,AVAILABLE
SEAT2532,SEC1,A,2532,AVAILABLE
SEAT2533,SEC1,A,2533,AVAILABLE
SEAT2534,SEC1,A,2534,AVAILABLE
SEAT2535,SEC1,A,2535,AVAILABLE
SEAT2536,SEC1,A,2536,AVAILABLE
SEAT2537,SEC1,A,2537,AVAILABLE
SEAT2538,SEC1,A,2538,AVAILABLE
SEAT2539,SEC1,A,2539,AVAILABLE
SEAT2540,SEC1,A,2540,AVAILABLE
SEAT2541,SEC1,A,2541,AVAILABLE
SEAT2542,SEC1,A,2542,AVAILABLE
SEAT2543,SEC1,A,2543,AVAILABLE
SEAT2544,SEC1,A,2544,AVAILABLE
SEAT2545,SEC1,A,2545,AVAILABLE
SEAT2546,SEC1,A,2546,AVAILABLE
SEAT2547,SEC1,A,2547,AVAILABLE
SEAT2548,SEC1,A,2548,AVAILABLE
SEAT2549,SEC1,A,2549,AVAILABLE
SEAT2550,SEC1,A,2550,AVAILABLE
SEAT2551,SEC1,A,2551,AVAILABLE
SEAT2552,SEC1,A,2552,AVAILABLE
SEAT2553,SEC1,A,2553,AVAILABLE
SEAT2554,SEC1,A,2554,AVAILABLE
SEAT2555,SEC1,A,2555,AVAILABLE
SEAT2556,SEC1,A,2556,AVAILABLE
SEAT2557,SEC1,A,2557,AVAILABLE
SEAT2558,SEC1,A,2558,AVAILABLE
SEAT2559,SEC1,A,2559,AVAILABLE
SEAT2560,SEC1,A,2560,AVAILABLE
SEAT2561,SEC1,A,2561,AVAILABLE
SEAT2562,SEC1,A,2562,AVAILABLE
SEAT2563,SEC1,A,2563,AVAILABLE
SEAT2564,SEC1,A,2564,AVAILABLE
SEAT2565,SEC1,A,2565,AVAILABLE
SEAT2566,SEC1,A,2566,AVAILABLE
SEAT2567,SEC1,A,2567,AVAILABLE
SEAT2568,SEC1,A,2568,AVAILABLE
SEAT2569,SEC1,A,2569,AVAILABLE
SEAT2570,SEC1,A,2570,AVAILABLE
SEAT2571,SEC1,A,2571,AVAILABLE
SEAT2572,SEC1,A,2572,AVAILABLE
SEAT2573,SEC1,A,2573,AVAILABLE
SEAT2574,SEC1,A,2574,AVAILABLE
SEAT2575,SEC1,A,2575,AVAILABLE
SEAT2576,SEC1,A,2576,AVAILABLE
SEAT2577,SEC1,A,2577,AVAILABLE
SEAT2578,SEC1,A,2578,AVAILABLE
SEAT2579,SEC1,A,2579,AVAILABLE
SEAT2580,SEC1,A,2580,AVAILABLE
SEAT2581,SEC1,A,2581,AVAILABLE
SEAT2582,SEC1,A,2582,AVAILABLE
SEAT2583,SEC1,A,2583,AVAILABLE
SEAT2584,SEC1,A,2584,AVAILABLE
SEAT2585,SEC1,A,2585,AVAILABLE
SEAT2586,SEC1,A,2586,AVAILABLE
SEAT2587,SEC1,A,2587,AVAILABLE
SEAT2588,SEC1,A,2588,AVAILABLE
SEAT2589,SEC1,A,2589,AVAILABLE
SEAT2590,SEC1,A,2590,AVAILABLE
SEAT2591,SEC1,A,2591,AVAILABLE
SEAT2592,SEC1,A,2592,AVAILABLE
SEAT2593,SEC1,A,2593,AVAILABLE
SEAT2594,SEC1,A,2594,AVAILABLE
SEAT2595,SEC1,A,2595,AVAILABLE
SEAT2596,SEC1,A,2596,AVAILABLE
SEAT2597,SEC1,A,2597,AVAILABLE
SEAT2598,SEC1,A,2598,AVAILABLE
SEAT2599,SEC1,A,2599,AVAILABLE
SEAT2600,SEC1,A,2600,AVAILABLE
SEAT2601,SEC1,A,2601,AVAILABLE
SEAT2602,SEC1,A,2602,AVAILABLE
SEAT2603,SEC1,A,2603,AVAILABLE
SEAT2604,SEC1,A,2604,AVAILABLE
SEAT2605,SEC1,A,2605,AVAILABLE
SEAT2606,SEC1,A,2606,AVAILABLE
SEAT2607,SEC1,A,2607,AVAILABLE
SEAT2608,SEC1,A,2608,AVAILABLE
SEAT2609,SEC1,A,2609,AVAILABLE
SEAT2610,SEC1,A,2610,AVAILABLE
SEAT2611,SEC1,A,2611,AVAILABLE
SEAT2612,SEC1,A,2612,AVAILABLE
SEAT2613,SEC1,A,2613,AVAILABLE
SEAT2614,SEC1,A,2614,AVAILABLE
SEAT2615,SEC1,A,2615,AVAILABLE
SEAT2616,SEC1,A,2616,AVAILABLE
SEAT2617,SEC1,A,2617,AVAILABLE
SEAT2618,SEC1,A,2618,AVAILABLE
SEAT2619,SEC1,A,2619,AVAILABLE
SEAT2620,SEC1,A,2620,AVAILABLE
SEAT2621,SEC1,A,2621,AVAILABLE
SEAT2622,SEC1,A,2622,AVAILABLE
SEAT2623,SEC1,A,2623,AVAILABLE
SEAT2624,SEC1,A,2624,AVAILABLE
SEAT2625,SEC1,A,2625,AVAILABLE
SEAT2626,SEC1,A,2626,AVAILABLE
SEAT2627,SEC1,A,2627,AVAILABLE
SEAT2628,SEC1,A,2628,AVAILABLE
SEAT2629,SEC1,A,2629,AVAILABLE
SEAT2630,SEC1,A,2630,AVAILABLE
SEAT2631,SEC1,A,2631,AVAILABLE
SEAT2632,SEC1,A,2632,AVAILABLE
SEAT2633,SEC1,A,2633,AVAILABLE
SEAT2634,SEC1,A,2634,AVAILABLE
SEAT2635,SEC1,A,2635,AVAILABLE
SEAT2636,SEC1,A,2636,AVAILABLE
SEAT2637,SEC1,A,2637,AVAILABLE
SEAT2638,SEC1,A,2638,AVAILABLE
SEAT2639,SEC1,A,2639,AVAILABLE
SEAT2640,SEC1,A,2640,AVAILABLE
SEAT2641,SEC1,A,2641,AVAILABLE
SEAT2642,SEC1,A,2642,AVAILABLE
SEAT2643,SEC1,A,2643,AVAILABLE
SEAT2644,SEC1,A,2644,AVAILABLE
SEAT2645,SEC1,A,2645,AVAILABLE
SEAT2646,SEC1,A,2646,AVAILABLE
SEAT2647,SEC1,A,2647,AVAILABLE
SEAT2648,SEC1,A,2648,AVAILABLE
SEAT2649,SEC1,A,2649,AVAILABLE
SEAT2650,SEC1,A,2650,AVAILABLE
SEAT2651,SEC1,A,2651,AVAILABLE
SEAT2652,SEC1,A,2652,AVAILABLE
SEAT2653,SEC1,A,2653,AVAILABLE
SEAT2654,SEC1,A,2654,AVAILABLE
SEAT2655,SEC1,A,2655,AVAILABLE
SEAT2656,SEC1,A,2656,AVAILABLE
SEAT2657,SEC1,A,2657,AVAILABLE
SEAT2658,SEC1,A,2658,AVAILABLE
SEAT2659,SEC1,A,2659,AVAILABLE
SEAT2660,SEC1,A,2660,AVAILABLE
SEAT2661,SEC1,A,2661,AVAILABLE
SEAT2662,SEC1,A,2662,AVAILABLE
SEAT2663,SEC1,A,2663,AVAILABLE
SEAT2664,SEC1,A,2664,AVAILABLE
SEAT2665,SEC1,A,2665,AVAILABLE
SEAT2666,SEC1,A,2666,AVAILABLE
SEAT2667,SEC1,A,2667,AVAILABLE
SEAT2668,SEC1,A,2668,AVAILABLE
SEAT2669,SEC1,A,2669,AVAILABLE
SEAT2670,SEC1,A,2670,AVAILABLE
SEAT2671,SEC1,A,2671,AVAILABLE
SEAT2672,SEC1,A,2672,AVAILABLE
SEAT2673,SEC1,A,2673,AVAILABLE
SEAT2674,SEC1,A,2674,AVAILABLE
SEAT2675,SEC1,A,2675,AVAILABLE
SEAT2676,SEC1,A,2676,AVAILABLE
SEAT2677,SEC1,A,2677,AVAILABLE
SEAT2678,SEC1,A,2678,AVAILABLE
SEAT2679,SEC1,A,2679,AVAILABLE
SEAT2680,SEC1,A,2680,AVAILABLE
SEAT2681,SEC1,A,2681,AVAILABLE
SEAT2682,SEC1,A,2682,AVAILABLE
SEAT2683,SEC1,A,2683,AVAILABLE
SEAT2684,SEC1,A,2684,AVAILABLE
SEAT2685,SEC1,A,2685,AVAILABLE
SEAT2686,SEC1,A,2686,AVAILABLE
SEAT2687,SEC1,A,2687,AVAILABLE
SEAT2688,SEC1,A,2688,AVAILABLE
SEAT2689,SEC1,A,2689,AVAILABLE
SEAT2690,SEC1,A,2690,AVAILABLE
SEAT2691,SEC1,A,2691,AVAILABLE
SEAT2692,SEC1,A,2692,AVAILABLE
SEAT2693,SEC1,A,2693,AVAILABLE
SEAT2694,SEC1,A,2694,AVAILABLE
SEAT2695,SEC1,A,2695,AVAILABLE
SEAT2696,SEC1,A,2696,AVAILABLE
SEAT2697,SEC1,A,2697,AVAILABLE
SEAT2698,SEC1,A,2698,AVAILABLE
SEAT2699,SEC1,A,2699,AVAILABLE
SEAT2700,SEC1,A,2700,AVAILABLE
SEAT2701,SEC1,A,2701,AVAILABLE
SEAT2702,SEC1,A,2702,AVAILABLE
SEAT2703,SEC1,A,2703,AVAILABLE
SEAT2704,SEC1,A,2704,AVAILABLE
SEAT2705,SEC1,A,2705,AVAILABLE
SEAT2706,SEC1,A,2706,AVAILABLE
SEAT2707,SEC1,A,2707,AVAILABLE
SEAT2708,SEC1,A,2708,AVAILABLE
SEAT2709,SEC1,A,2709,AVAILABLE
SEAT2710,SEC1,A,2710,AVAILABLE
SEAT2711,SEC1,A,2711,AVAILABLE
SEAT2712,SEC1,A,2712,AVAILABLE
SEAT2713,SEC1,A,2713,AVAILABLE
SEAT2714,SEC1,A,2714,AVAILABLE
SEAT2715,SEC1,A,2715,AVAILABLE
SEAT2716,SEC1,A,2716,AVAILABLE
SEAT2717,SEC1,A,2717,AVAILABLE
SEAT2718,SEC1,A,2718,AVAILABLE
SEAT2719,SEC1,A,2719,AVAILABLE
SEAT2720,SEC1,A,2720,AVAILABLE
SEAT2721,SEC1,A,2721,AVAILABLE
SEAT2722,SEC1,A,2722,AVAILABLE
SEAT2723,SEC1,A,2723,AVAILABLE
SEAT2724,SEC1,A,2724,AVAILABLE
SEAT2725,SEC1,A,2725,AVAILABLE
SEAT2726,SEC1,A,2726,AVAILABLE
SEAT2727,SEC1,A,2727,AVAILABLE
SEAT2728,SEC1,A,2728,AVAILABLE
SEAT2729,SEC1,A,2729,AVAILABLE
SEAT2730,SEC1,A,2730,AVAILABLE
SEAT2731,SEC1,A,2731,AVAILABLE
SEAT2732,SEC1,A,2732,AVAILABLE
SEAT2733,SEC1,A,2733,AVAILABLE
SEAT2734,SEC1,A,2734,AVAILABLE
SEAT2735,SEC1,A,2735,AVAILABLE
SEAT2736,SEC1,A,2736,AVAILABLE
SEAT2737,SEC1,A,2737,AVAILABLE
SEAT2738,SEC1,A,2738,AVAILABLE
SEAT2739,SEC1,A,2739,AVAILABLE
SEAT2740,SEC1,A,2740,AVAILABLE
SEAT2741,SEC1,A,2741,AVAILABLE
SEAT2742,SEC1,A,2742,AVAILABLE
SEAT2743,SEC1,A,2743,AVAILABLE
SEAT2744,SEC1,A,2744,AVAILABLE
SEAT2745,SEC1,A,2745,AVAILABLE
SEAT2746,SEC1,A,2746,AVAILABLE
SEAT2747,SEC1,A,2747,AVAILABLE
SEAT2748,SEC1,A,2748,AVAILABLE
SEAT2749,SEC1,A,2749,AVAILABLE
SEAT2750,SEC1,A,2750,AVAILABLE
SEAT2751,SEC1,A,2751,AVAILABLE
SEAT2752,SEC1,A,2752,AVAILABLE
SEAT2753,SEC1,A,2753,AVAILABLE
SEAT2754,SEC1,A,2754,AVAILABLE
SEAT2755,SEC1,A,2755,AVAILABLE
SEAT2756,SEC1,A,2756,AVAILABLE
SEAT2757,SEC1,A,2757,AVAILABLE
SEAT2758,SEC1,A,2758,AVAILABLE
SEAT2759,SEC1,A,2759,AVAILABLE
SEAT2760,SEC1,A,2760,AVAILABLE
SEAT2761,SEC1,A,2761,AVAILABLE
SEAT2762,SEC1,A,2762,AVAILABLE
SEAT2763,SEC1,A,2763,AVAILABLE
SEAT2764,SEC1,A,2764,AVAILABLE
SEAT2765,SEC1,A,2765,AVAILABLE
SEAT2766,SEC1,A,2766,AVAILABLE
SEAT2767,SEC1,A,2767,AVAILABLE
SEAT2768,SEC1,A,2768,AVAILABLE
SEAT2769,SEC1,A,2769,AVAILABLE
SEAT2770,SEC1,A,2770,AVAILABLE
SEAT2771,SEC1,A,2771,AVAILABLE
SEAT2772,SEC1,A,2772,AVAILABLE
SEAT2773,SEC1,A,2773,AVAILABLE
SEAT2774,SEC1,A,2774,AVAILABLE
SEAT2775,SEC1,A,2775,AVAILABLE
SEAT2776,SEC1,A,2776,AVAILABLE
SEAT2777,SEC1,A,2777,AVAILABLE
SEAT2778,SEC1,A,2778,AVAILABLE
SEAT2779,SEC1,A,2779,AVAILABLE
SEAT2780,SEC1,A,2780,AVAILABLE
SEAT2781,SEC1,A,2781,AVAILABLE
SEAT2782,SEC1,A,2782,AVAILABLE
SEAT2783,SEC1,A,2783,AVAILABLE
SEAT2784,SEC1,A,2784,AVAILABLE
SEAT2785,SEC1,A,2785,AVAILABLE
SEAT2786,SEC1,A,2786,AVAILABLE
SEAT2787,SEC1,A,2787,AVAILABLE
SEAT2788,SEC1,A,2788,AVAILABLE
SEAT2789,SEC1,A,2789,AVAILABLE
SEAT2790,SEC1,A,2790,AVAILABLE
SEAT2791,SEC1,A,2791,AVAILABLE
SEAT2792,SEC1,A,2792,AVAILABLE
SEAT2793,SEC1,A,2793,AVAILABLE
SEAT2794,SEC1,A,2794,AVAILABLE
SEAT2795,SEC1,A,2795,AVAILABLE
SEAT2796,SEC1,A,2796,AVAILABLE
SEAT2797,SEC1,A,2797,AVAILABLE
SEAT2798,SEC1,A,2798,AVAILABLE
SEAT2799,SEC1,A,2799,AVAILABLE
SEAT2800,SEC1,A,2800,AVAILABLE
SEAT2801,SEC1,A,2801,AVAILABLE
SEAT2802,SEC1,A,2802,AVAILABLE
SEAT2803,SEC1,A,2803,AVAILABLE
SEAT2804,SEC1,A,2804,AVAILABLE
SEAT2805,SEC1,A,2805,AVAILABLE
SEAT2806,SEC1,A,2806,AVAILABLE
SEAT2807,SEC1,A,2807,AVAILABLE
SEAT2808,SEC1,A,2808,AVAILABLE
SEAT2809,SEC1,A,2809,AVAILABLE
SEAT2810,SEC1,A,2810,AVAILABLE
SEAT2811,SEC1,A,2811,AVAILABLE
SEAT2812,SEC1,A,2812,AVAILABLE
SEAT2813,SEC1,A,2813,AVAILABLE
SEAT2814,SEC1,A,2814,AVAILABLE
SEAT2815,SEC1,A,2815,AVAILABLE
SEAT2816,SEC1,A,2816,AVAILABLE
SEAT2817,SEC1,A,2817,AVAILABLE
SEAT2818,SEC1,A,2818,AVAILABLE
SEAT2819,SEC1,A,2819,AVAILABLE
SEAT2820,SEC1,A,2820,AVAILABLE
SEAT2821,SEC1,A,2821,AVAILABLE
SEAT2822,SEC1,A,2822,AVAILABLE
SEAT2823,SEC1,A,2823,AVAILABLE
SEAT2824,SEC1,A,2824,AVAILABLE
SEAT2825,SEC1,A,2825,AVAILABLE
SEAT2826,SEC1,A,2826,AVAILABLE
SEAT2827,SEC1,A,2827,AVAILABLE
SEAT2828,SEC1,A,2828,AVAILABLE
SEAT2829,SEC1,A,2829,AVAILABLE
SEAT2830,SEC1,A,2830,AVAILABLE
SEAT2831,SEC1,A,2831,AVAILABLE
SEAT2832,SEC1,A,2832,AVAILABLE
SEAT2833,SEC1,A,2833,AVAILABLE
SEAT2834,SEC1,A,2834,AVAILABLE
SEAT2835,SEC1,A,2835,AVAILABLE
SEAT2836,SEC1,A,2836,AVAILABLE
SEAT2837,SEC1,A,2837,AVAILABLE
SEAT2838,SEC1,A,2838,AVAILABLE
SEAT2839,SEC1,A,2839,AVAILABLE
SEAT2840,SEC1,A,2840,AVAILABLE
SEAT2841,SEC1,A,2841,AVAILABLE
SEAT2842,SEC1,A,2842,AVAILABLE
SEAT2843,SEC1,A,2843,AVAILABLE
SEAT2844,SEC1,A,2844,AVAILABLE
SEAT2845,SEC1,A,2845,AVAILABLE
SEAT2846,SEC1,A,2846,AVAILABLE
SEAT2847,SEC1,A,2847,AVAILABLE
SEAT2848,SEC1,A,2848,AVAILABLE
SEAT2849,SEC1,A,2849,AVAILABLE
SEAT2850,SEC1,A,2850,AVAILABLE
SEAT2851,SEC1,A,2851,AVAILABLE
SEAT2852,SEC1,A,2852,AVAILABLE
SEAT2853,SEC1,A,2853,AVAILABLE
SEAT2854,SEC1,A,2854,AVAILABLE
SEAT2855,SEC1,A,2855,AVAILABLE
SEAT2856,SEC1,A,2856,AVAILABLE
SEAT2857,SEC1,A,2857,AVAILABLE
SEAT2858,SEC1,A,2858,AVAILABLE
SEAT2859,SEC1,A,2859,AVAILABLE
SEAT2860,SEC1,A,2860,AVAILABLE
SEAT2861,SEC1,A,2861,AVAILABLE
SEAT2862,SEC1,A,2862,AVAILABLE
SEAT2863,SEC1,A,2863,AVAILABLE
SEAT2864,SEC1,A,2864,AVAILABLE
SEAT2865,SEC1,A,2865,AVAILABLE
SEAT2866,SEC1,A,2866,AVAILABLE
SEAT2867,SEC1,A,2867,AVAILABLE
SEAT2868,SEC1,A,2868,AVAILABLE
SEAT2869,SEC1,A,2869,AVAILABLE
SEAT2870,SEC1,A,2870,AVAILABLE
SEAT2871,SEC1,A,2871,AVAILABLE
SEAT2872,SEC1,A,2872,AVAILABLE
SEAT2873,SEC1,A,2873,AVAILABLE
SEAT2874,SEC1,A,2874,AVAILABLE
SEAT2875,SEC1,A,2875,AVAILABLE
SEAT2876,SEC1,A,2876,AVAILABLE
SEAT2877,SEC1,A,2877,AVAILABLE
SEAT2878,SEC1,A,2878,AVAILABLE
SEAT2879,SEC1,A,2879,AVAILABLE
SEAT2880,SEC1,A,2880,AVAILABLE
SEAT2881,SEC1,A,2881,AVAILABLE
SEAT2882,SEC1,A,2882,AVAILABLE
SEAT2883,SEC1,A,2883,AVAILABLE
SEAT2884,SEC1,A,2884,AVAILABLE
SEAT2885,SEC1,A,2885,AVAILABLE
SEAT2886,SEC1,A,2886,AVAILABLE
SEAT2887,SEC1,A,2887,AVAILABLE
SEAT2888,SEC1,A,2888,AVAILABLE
SEAT2889,SEC1,A,2889,AVAILABLE
SEAT2890,SEC1,A,2890,AVAILABLE
SEAT2891,SEC1,A,2891,AVAILABLE
SEAT2892,SEC1,A,2892,AVAILABLE
SEAT2893,SEC1,A,2893,AVAILABLE
SEAT2894,SEC1,A,2894,AVAILABLE
SEAT2895,SEC1,A,2895,AVAILABLE
SEAT2896,SEC1,A,2896,AVAILABLE
SEAT2897,SEC1,A,2897,AVAILABLE
SEAT2898,SEC1,A,2898,AVAILABLE
SEAT2899,SEC1,A,2899,AVAILABLE
SEAT2900,SEC1,A,2900,AVAILABLE
SEAT2901,SEC1,A,2901,AVAILABLE
SEAT2902,SEC1,A,2902,AVAILABLE
SEAT2903,SEC1,A,2903,AVAILABLE
SEAT2904,SEC1,A,2904,AVAILABLE
SEAT2905,SEC1,A,2905,AVAILABLE
SEAT2906,SEC1,A,2906,AVAILABLE
SEAT2907,SEC1,A,2907,AVAILABLE
SEAT2908,SEC1,A,2908,AVAILABLE
SEAT2909,SEC1,A,2909,AVAILABLE
SEAT2910,SEC1,A,2910,AVAILABLE
SEAT2911,SEC1,A,2911,AVAILABLE
SEAT2912,SEC1,A,2912,AVAILABLE
SEAT2913,SEC1,A,2913,AVAILABLE
SEAT2914,SEC1,A,2914,AVAILABLE
SEAT2915,SEC1,A,2915,AVAILABLE
SEAT2916,SEC1,A,2916,AVAILABLE
SEAT2917,SEC1,A,2917,AVAILABLE
SEAT2918,SEC1,A,2918,AVAILABLE
SEAT2919,SEC1,A,2919,AVAILABLE
SEAT2920,SEC1,A,2920,AVAILABLE
SEAT2921,SEC1,A,2921,AVAILABLE
SEAT2922,SEC1,A,2922,AVAILABLE
SEAT2923,SEC1,A,2923,AVAILABLE
SEAT2924,SEC1,A,2924,AVAILABLE
SEAT2925,SEC1,A,2925,AVAILABLE
SEAT2926,SEC1,A,2926,AVAILABLE
SEAT2927,SEC1,A,2927,AVAILABLE
SEAT2928,SEC1,A,2928,AVAILABLE
SEAT2929,SEC1,A,2929,AVAILABLE
SEAT2930,SEC1,A,2930,AVAILABLE
SEAT2931,SEC1,A,2931,AVAILABLE
SEAT2932,SEC1,A,2932,AVAILABLE
SEAT2933,SEC1,A,2933,AVAILABLE
SEAT2934,SEC1,A,2934,AVAILABLE
SEAT2935,SEC1,A,2935,AVAILABLE
SEAT2936,SEC1,A,2936,AVAILABLE
SEAT2937,SEC1,A,2937,AVAILABLE
SEAT2938,SEC1,A,2938,AVAILABLE
SEAT2939,SEC1,A,2939,AVAILABLE
SEAT2940,SEC1,A,2940,AVAILABLE
SEAT2941,SEC1,A,2941,AVAILABLE
SEAT2942,SEC1,A,2942,AVAILABLE
SEAT2943,SEC1,A,2943,AVAILABLE
SEAT2944,SEC1,A,2944,AVAILABLE
SEAT2945,SEC1,A,2945,AVAILABLE
SEAT2946,SEC1,A,2946,AVAILABLE
SEAT2947,SEC1,A,2947,AVAILABLE
SEAT2948,SEC1,A,2948,AVAILABLE
SEAT2949,SEC1,A,2949,AVAILABLE
SEAT2950,SEC1,A,2950,AVAILABLE
SEAT2951,SEC1,A,2951,AVAILABLE
SEAT2952,SEC1,A,2952,AVAILABLE
SEAT2953,SEC1,A,2953,AVAILABLE
SEAT2954,SEC1,A,2954,AVAILABLE
SEAT2955,SEC1,A,2955,AVAILABLE
SEAT2956,SEC1,A,2956,AVAILABLE
SEAT2957,SEC1,A,2957,AVAILABLE
SEAT2958,SEC1,A,2958,AVAILABLE
SEAT2959,SEC1,A,2959,AVAILABLE
SEAT2960,SEC1,A,2960,AVAILABLE
SEAT2961,SEC1,A,2961,AVAILABLE
SEAT2962,SEC1,A,2962,AVAILABLE
SEAT2963,SEC1,A,2963,AVAILABLE
SEAT2964,SEC1,A,2964,AVAILABLE
SEAT2965,SEC1,A,2965,AVAILABLE
SEAT2966,SEC1,A,2966,AVAILABLE
SEAT2967,SEC1,A,2967,AVAILABLE
SEAT2968,SEC1,A,2968,AVAILABLE
SEAT2969,SEC1,A,2969,AVAILABLE
SEAT2970,SEC1,A,2970,AVAILABLE
SEAT2971,SEC1,A,2971,AVAILABLE
SEAT2972,SEC1,A,2972,AVAILABLE
SEAT2973,SEC1,A,2973,AVAILABLE
SEAT2974,SEC1,A,2974,AVAILABLE
SEAT2975,SEC1,A,2975,AVAILABLE
SEAT2976,SEC1,A,2976,AVAILABLE
SEAT2977,SEC1,A,2977,AVAILABLE
SEAT2978,SEC1,A,2978,AVAILABLE
SEAT2979,SEC1,A,2979,AVAILABLE
SEAT2980,SEC1,A,2980,AVAILABLE
SEAT2981,SEC1,A,2981,AVAILABLE
SEAT2982,SEC1,A,2982,AVAILABLE
SEAT2983,SEC1,A,2983,AVAILABLE
SEAT2984,SEC1,A,2984,AVAILABLE
SEAT2985,SEC1,A,2985,AVAILABLE
SEAT2986,SEC1,A,2986,AVAILABLE
SEAT2987,SEC1,A,2987,AVAILABLE
SEAT2988,SEC1,A,2988,AVAILABLE
SEAT2989,SEC1,A,2989,AVAILABLE
SEAT2990,SEC1,A,2990,AVAILABLE
SEAT2991,SEC1,A,2991,AVAILABLE
SEAT2992,SEC1,A,2992,AVAILABLE
SEAT2993,SEC1,A,2993,AVAILABLE
SEAT2994,SEC1,A,2994,AVAILABLE
SEAT2995,SEC1,A,2995,AVAILABLE
SEAT2996,SEC1,A,2996,AVAILABLE
SEAT2997,SEC1,A,2997,AVAILABLE
SEAT2998,SEC1,A,2998,AVAILABLE
SEAT2999,SEC1,A,2999,AVAILABLE
SEAT3000,SEC1,A,3000,AVAILABLE
SEAT3001,SEC1,A,3001,AVAILABLE
SEAT3002,SEC1,A,3002,AVAILABLE
SEAT3003,SEC1,A,3003,AVAILABLE
SEAT3004,SEC1,A,3004,AVAILABLE
SEAT3005,SEC1,A,3005,AVAILABLE
SEAT3006,SEC1,A,3006,AVAILABLE
SEAT3007,SEC1,A,3007,AVAILABLE
SEAT3008,SEC1,A,3008,AVAILABLE
SEAT3009,SEC1,A,3009,AVAILABLE
SEAT3010,SEC1,A,3010,AVAILABLE
SEAT3011,SEC1,A,3011,AVAILABLE
SEAT3012,SEC1,A,3012,AVAILABLE
SEAT3013,SEC1,A,3013,AVAILABLE
SEAT3014,SEC1,A,3014,AVAILABLE
SEAT3015,SEC1,A,3015,AVAILABLE
SEAT3016,SEC1,A,3016,AVAILABLE
SEAT3017,SEC1,A,3017,AVAILABLE
SEAT3018,SEC1,A,3018,AVAILABLE
SEAT3019,SEC1,A,3019,AVAILABLE
SEAT3020,SEC1,A,3020,AVAILABLE
SEAT3021,SEC1,A,3021,AVAILABLE
SEAT3022,SEC1,A,3022,AVAILABLE
SEAT3023,SEC1,A,3023,AVAILABLE
SEAT3024,SEC1,A,3024,AVAILABLE
SEAT3025,SEC1,A,3025,AVAILABLE
SEAT3026,SEC1,A,3026,AVAILABLE
SEAT3027,SEC1,A,3027,AVAILABLE
SEAT3028,SEC1,A,3028,AVAILABLE
SEAT3029,SEC1,A,3029,AVAILABLE
SEAT3030,SEC1,A,3030,AVAILABLE
SEAT3031,SEC1,A,3031,AVAILABLE
SEAT3032,SEC1,A,3032,AVAILABLE
SEAT3033,SEC1,A,3033,AVAILABLE
SEAT3034,SEC1,A,3034,AVAILABLE
SEAT3035,SEC1,A,3035,AVAILABLE
SEAT3036,SEC1,A,3036,AVAILABLE
SEAT3037,SEC1,A,3037,AVAILABLE
SEAT3038,SEC1,A,3038,AVAILABLE
SEAT3039,SEC1,A,3039,AVAILABLE
SEAT3040,SEC1,A,3040,AVAILABLE
SEAT3041,SEC1,A,3041,AVAILABLE
SEAT3042,SEC1,A,3042,AVAILABLE
SEAT3043,SEC1,A,3043,AVAILABLE
SEAT3044,SEC1,A,3044,AVAILABLE
SEAT3045,SEC1,A,3045,AVAILABLE
SEAT3046,SEC1,A,3046,AVAILABLE
SEAT3047,SEC1,A,3047,AVAILABLE
SEAT3048,SEC1,A,3048,AVAILABLE
SEAT3049,SEC1,A,3049,AVAILABLE
SEAT3050,SEC1,A,3050,AVAILABLE
SEAT3051,SEC1,A,3051,AVAILABLE
SEAT3052,SEC1,A,3052,AVAILABLE
SEAT3053,SEC1,A,3053,AVAILABLE
SEAT3054,SEC1,A,3054,AVAILABLE
SEAT3055,SEC1,A,3055,AVAILABLE
SEAT3056,SEC1,A,3056,AVAILABLE
SEAT3057,SEC1,A,3057,AVAILABLE
SEAT3058,SEC1,A,3058,AVAILABLE
SEAT3059,SEC1,A,3059,AVAILABLE
SEAT3060,SEC1,A,3060,AVAILABLE
SEAT3061,SEC1,A,3061,AVAILABLE
SEAT3062,SEC1,A,3062,AVAILABLE
SEAT3063,SEC1,A,3063,AVAILABLE
SEAT3064,SEC1,A,3064,AVAILABLE
SEAT3065,SEC1,A,3065,AVAILABLE
SEAT3066,SEC1,A,3066,AVAILABLE
SEAT3067,SEC1,A,3067,AVAILABLE
SEAT3068,SEC1,A,3068,AVAILABLE
SEAT3069,SEC1,A,3069,AVAILABLE
SEAT3070,SEC1,A,3070,AVAILABLE
SEAT3071,SEC1,A,3071,AVAILABLE
SEAT3072,SEC1,A,3072,AVAILABLE
SEAT3073,SEC1,A,3073,AVAILABLE
SEAT3074,SEC1,A,3074,AVAILABLE
SEAT3075,SEC1,A,3075,AVAILABLE
SEAT3076,SEC1,A,3076,AVAILABLE
SEAT3077,SEC1,A,3077,AVAILABLE
SEAT3078,SEC1,A,3078,AVAILABLE
SEAT3079,SEC1,A,3079,AVAILABLE
SEAT3080,SEC1,A,3080,AVAILABLE
SEAT3081,SEC1,A,3081,AVAILABLE
SEAT3082,SEC1,A,3082,AVAILABLE
SEAT3083,SEC1,A,3083,AVAILABLE
SEAT3084,SEC1,A,3084,AVAILABLE
SEAT3085,SEC1,A,3085,AVAILABLE
SEAT3086,SEC1,A,3086,AVAILABLE
SEAT3087,SEC1,A,3087,AVAILABLE
SEAT3088,SEC1,A,3088,AVAILABLE
SEAT3089,SEC1,A,3089,AVAILABLE
SEAT3090,SEC1,A,3090,AVAILABLE
SEAT3091,SEC1,A,3091,AVAILABLE
SEAT3092,SEC1,A,3092,AVAILABLE
SEAT3093,SEC1,A,3093,AVAILABLE
SEAT3094,SEC1,A,3094,AVAILABLE
SEAT3095,SEC1,A,3095,AVAILABLE
SEAT3096,SEC1,A,3096,AVAILABLE
SEAT3097,SEC1,A,3097,AVAILABLE
SEAT3098,SEC1,A,3098,AVAILABLE
SEAT3099,SEC1,A,3099,AVAILABLE
SEAT3100,SEC1,A,3100,AVAILABLE
SEAT3101,SEC1,A,3101,AVAILABLE
SEAT3102,SEC1,A,3102,AVAILABLE
SEAT3103,SEC1,A,3103,AVAILABLE
SEAT3104,SEC1,A,3104,AVAILABLE
SEAT3105,SEC1,A,3105,AVAILABLE
SEAT3106,SEC1,A,3106,AVAILABLE
SEAT3107,SEC1,A,3107,AVAILABLE
SEAT3108,SEC1,A,3108,AVAILABLE
SEAT3109,SEC1,A,3109,AVAILABLE
SEAT3110,SEC1,A,3110,AVAILABLE
SEAT3111,SEC1,A,3111,AVAILABLE
SEAT3112,SEC1,A,3112,AVAILABLE
SEAT3113,SEC1,A,3113,AVAILABLE
SEAT3114,SEC1,A,3114,AVAILABLE
SEAT3115,SEC1,A,3115,AVAILABLE
SEAT3116,SEC1,A,3116,AVAILABLE
SEAT3117,SEC1,A,3117,AVAILABLE
SEAT3118,SEC1,A,3118,AVAILABLE
SEAT3119,SEC1,A,3119,AVAILABLE
SEAT3120,SEC1,A,3120,AVAILABLE
SEAT3121,SEC1,A,3121,AVAILABLE
SEAT3122,SEC1,A,3122,AVAILABLE
SEAT3123,SEC1,A,3123,AVAILABLE
SEAT3124,SEC1,A,3124,AVAILABLE
SEAT3125,SEC1,A,3125,AVAILABLE
SEAT3126,SEC1,A,3126,AVAILABLE
SEAT3127,SEC1,A,3127,AVAILABLE
SEAT3128,SEC1,A,3128,AVAILABLE
SEAT3129,SEC1,A,3129,AVAILABLE
SEAT3130,SEC1,A,3130,AVAILABLE
SEAT3131,SEC1,A,3131,AVAILABLE
SEAT3132,SEC1,A,3132,AVAILABLE
SEAT3133,SEC1,A,3133,AVAILABLE
SEAT3134,SEC1,A,3134,AVAILABLE
SEAT3135,SEC1,A,3135,AVAILABLE
SEAT3136,SEC1,A,3136,AVAILABLE
SEAT3137,SEC1,A,3137,AVAILABLE
SEAT3138,SEC1,A,3138,AVAILABLE
SEAT3139,SEC1,A,3139,AVAILABLE
SEAT3140,SEC1,A,3140,AVAILABLE
SEAT3141,SEC1,A,3141,AVAILABLE
SEAT3142,SEC1,A,3142,AVAILABLE
SEAT3143,SEC1,A,3143,AVAILABLE
SEAT3144,SEC1,A,3144,AVAILABLE
SEAT3145,SEC1,A,3145,AVAILABLE
SEAT3146,SEC1,A,3146,AVAILABLE
SEAT3147,SEC1,A,3147,AVAILABLE
SEAT3148,SEC1,A,3148,AVAILABLE
SEAT3149,SEC1,A,3149,AVAILABLE
SEAT3150,SEC1,A,3150,AVAILABLE
SEAT3151,SEC1,A,3151,AVAILABLE
SEAT3152,SEC1,A,3152,AVAILABLE
SEAT3153,SEC1,A,3153,AVAILABLE
SEAT3154,SEC1,A,3154,AVAILABLE
SEAT3155,SEC1,A,3155,AVAILABLE
SEAT3156,SEC1,A,3156,AVAILABLE
SEAT3157,SEC1,A,3157,AVAILABLE
SEAT3158,SEC1,A,3158,AVAILABLE
SEAT3159,SEC1,A,3159,AVAILABLE
SEAT3160,SEC1,A,3160,AVAILABLE
SEAT3161,SEC1,A,3161,AVAILABLE
SEAT3162,SEC1,A,3162,AVAILABLE
SEAT3163,SEC1,A,3163,AVAILABLE
SEAT3164,SEC1,A,3164,AVAILABLE
SEAT3165,SEC1,A,3165,AVAILABLE
SEAT3166,SEC1,A,3166,AVAILABLE
SEAT3167,SEC1,A,3167,AVAILABLE
SEAT3168,SEC1,A,3168,AVAILABLE
SEAT3169,SEC1,A,3169,AVAILABLE
SEAT3170,SEC1,A,3170,AVAILABLE
SEAT3171,SEC1,A,3171,AVAILABLE
SEAT3172,SEC1,A,3172,AVAILABLE
SEAT3173,SEC1,A,3173,AVAILABLE
SEAT3174,SEC1,A,3174,AVAILABLE
SEAT3175,SEC1,A,3175,AVAILABLE
SEAT3176,SEC1,A,3176,AVAILABLE
SEAT3177,SEC1,A,3177,AVAILABLE
SEAT3178,SEC1,A,3178,AVAILABLE
SEAT3179,SEC1,A,3179,AVAILABLE
SEAT3180,SEC1,A,3180,AVAILABLE
SEAT3181,SEC1,A,3181,AVAILABLE
SEAT3182,SEC1,A,3182,AVAILABLE
SEAT3183,SEC1,A,3183,AVAILABLE
SEAT3184,SEC1,A,3184,AVAILABLE
SEAT3185,SEC1,A,3185,AVAILABLE
SEAT3186,SEC1,A,3186,AVAILABLE
SEAT3187,SEC1,A,3187,AVAILABLE
SEAT3188,SEC1,A,3188,AVAILABLE
SEAT3189,SEC1,A,3189,AVAILABLE
SEAT3190,SEC1,A,3190,AVAILABLE
SEAT3191,SEC1,A,3191,AVAILABLE
SEAT3192,SEC1,A,3192,AVAILABLE
SEAT3193,SEC1,A,3193,AVAILABLE
SEAT3194,SEC1,A,3194,AVAILABLE
SEAT3195,SEC1,A,3195,AVAILABLE
SEAT3196,SEC1,A,3196,AVAILABLE
SEAT3197,SEC1,A,3197,AVAILABLE
SEAT3198,SEC1,A,3198,AVAILABLE
SEAT3199,SEC1,A,3199,AVAILABLE
SEAT3200,SEC1,A,3200,AVAILABLE
SEAT3201,SEC1,A,3201,AVAILABLE
SEAT3202,SEC1,A,3202,AVAILABLE
SEAT3203,SEC1,A,3203,AVAILABLE
SEAT3204,SEC1,A,3204,AVAILABLE
SEAT3205,SEC1,A,3205,AVAILABLE
SEAT3206,SEC1,A,3206,AVAILABLE
SEAT3207,SEC1,A,3207,AVAILABLE
SEAT3208,SEC1,A,3208,AVAILABLE
SEAT3209,SEC1,A,3209,AVAILABLE
SEAT3210,SEC1,A,3210,AVAILABLE
SEAT3211,SEC1,A,3211,AVAILABLE
SEAT3212,SEC1,A,3212,AVAILABLE
SEAT3213,SEC1,A,3213,AVAILABLE
SEAT3214,SEC1,A,3214,AVAILABLE
SEAT3215,SEC1,A,3215,AVAILABLE
SEAT3216,SEC1,A,3216,AVAILABLE
SEAT3217,SEC1,A,3217,AVAILABLE
SEAT3218,SEC1,A,3218,AVAILABLE
SEAT3219,SEC1,A,3219,AVAILABLE
SEAT3220,SEC1,A,3220,AVAILABLE
SEAT3221,SEC1,A,3221,AVAILABLE
SEAT3222,SEC1,A,3222,AVAILABLE
SEAT3223,SEC1,A,3223,AVAILABLE
SEAT3224,SEC1,A,3224,AVAILABLE
SEAT3225,SEC1,A,3225,AVAILABLE
SEAT3226,SEC1,A,3226,AVAILABLE
SEAT3227,SEC1,A,3227,AVAILABLE
SEAT3228,SEC1,A,3228,AVAILABLE
SEAT3229,SEC1,A,3229,AVAILABLE
SEAT3230,SEC1,A,3230,AVAILABLE
SEAT3231,SEC1,A,3231,AVAILABLE
SEAT3232,SEC1,A,3232,AVAILABLE
SEAT3233,SEC1,A,3233,AVAILABLE
SEAT3234,SEC1,A,3234,AVAILABLE
SEAT3235,SEC1,A,3235,AVAILABLE
SEAT3236,SEC1,A,3236,AVAILABLE
SEAT3237,SEC1,A,3237,AVAILABLE
SEAT3238,SEC1,A,3238,AVAILABLE
SEAT3239,SEC1,A,3239,AVAILABLE
SEAT3240,SEC1,A,3240,AVAILABLE
SEAT3241,SEC1,A,3241,AVAILABLE
SEAT3242,SEC1,A,3242,AVAILABLE
SEAT3243,SEC1,A,3243,AVAILABLE
SEAT3244,SEC1,A,3244,AVAILABLE
SEAT3245,SEC1,A,3245,AVAILABLE
SEAT3246,SEC1,A,3246,AVAILABLE
SEAT3247,SEC1,A,3247,AVAILABLE
SEAT3248,SEC1,A,3248,AVAILABLE
SEAT3249,SEC1,A,3249,AVAILABLE
SEAT3250,SEC1,A,3250,AVAILABLE
SEAT3251,SEC1,A,3251,AVAILABLE
SEAT3252,SEC1,A,3252,AVAILABLE
SEAT3253,SEC1,A,3253,AVAILABLE
SEAT3254,SEC1,A,3254,AVAILABLE
SEAT3255,SEC1,A,3255,AVAILABLE
SEAT3256,SEC1,A,3256,AVAILABLE
SEAT3257,SEC1,A,3257,AVAILABLE
SEAT3258,SEC1,A,3258,AVAILABLE
SEAT3259,SEC1,A,3259,AVAILABLE
SEAT3260,SEC1,A,3260,AVAILABLE
SEAT3261,SEC1,A,3261,AVAILABLE
SEAT3262,SEC1,A,3262,AVAILABLE
SEAT3263,SEC1,A,3263,AVAILABLE
SEAT3264,SEC1,A,3264,AVAILABLE
SEAT3265,SEC1,A,3265,AVAILABLE
SEAT3266,SEC1,A,3266,AVAILABLE
SEAT3267,SEC1,A,3267,AVAILABLE
SEAT3268,SEC1,A,3268,AVAILABLE
SEAT3269,SEC1,A,3269,AVAILABLE
SEAT3270,SEC1,A,3270,AVAILABLE
SEAT3271,SEC1,A,3271,AVAILABLE
SEAT3272,SEC1,A,3272,AVAILABLE
SEAT3273,SEC1,A,3273,AVAILABLE
SEAT3274,SEC1,A,3274,AVAILABLE
SEAT3275,SEC1,A,3275,AVAILABLE
SEAT3276,SEC1,A,3276,AVAILABLE
SEAT3277,SEC1,A,3277,AVAILABLE
SEAT3278,SEC1,A,3278,AVAILABLE
SEAT3279,SEC1,A,3279,AVAILABLE
SEAT3280,SEC1,A,3280,AVAILABLE
SEAT3281,SEC1,A,3281,AVAILABLE
SEAT3282,SEC1,A,3282,AVAILABLE
SEAT3283,SEC1,A,3283,AVAILABLE
SEAT3284,SEC1,A,3284,AVAILABLE
SEAT3285,SEC1,A,3285,AVAILABLE
SEAT3286,SEC1,A,3286,AVAILABLE
SEAT3287,SEC1,A,3287,AVAILABLE
SEAT3288,SEC1,A,3288,AVAILABLE
SEAT3289,SEC1,A,3289,AVAILABLE
SEAT3290,SEC1,A,3290,AVAILABLE
SEAT3291,SEC1,A,3291,AVAILABLE
SEAT3292,SEC1,A,3292,AVAILABLE
SEAT3293,SEC1,A,3293,AVAILABLE
SEAT3294,SEC1,A,3294,AVAILABLE
SEAT3295,SEC1,A,3295,AVAILABLE
SEAT3296,SEC1,A,3296,AVAILABLE
SEAT3297,SEC1,A,3297,AVAILABLE
SEAT3298,SEC1,A,3298,AVAILABLE
SEAT3299,SEC1,A,3299,AVAILABLE
SEAT3300,SEC1,A,3300,AVAILABLE
SEAT3301,SEC1,A,3301,AVAILABLE
SEAT3302,SEC1,A,3302,AVAILABLE
SEAT3303,SEC1,A,3303,AVAILABLE
SEAT3304,SEC1,A,3304,AVAILABLE
SEAT3305,SEC1,A,3305,AVAILABLE
SEAT3306,SEC1,A,3306,AVAILABLE
SEAT3307,SEC1,A,3307,AVAILABLE
SEAT3308,SEC1,A,3308,AVAILABLE
SEAT3309,SEC1,A,3309,AVAILABLE
SEAT3310,SEC1,A,3310,AVAILABLE
SEAT3311,SEC1,A,3311,AVAILABLE
SEAT3312,SEC1,A,3312,AVAILABLE
SEAT3313,SEC1,A,3313,AVAILABLE
SEAT3314,SEC1,A,3314,AVAILABLE
SEAT3315,SEC1,A,3315,AVAILABLE
SEAT3316,SEC1,A,3316,AVAILABLE
SEAT3317,SEC1,A,3317,AVAILABLE
SEAT3318,SEC1,A,3318,AVAILABLE
SEAT3319,SEC1,A,3319,AVAILABLE
SEAT3320,SEC1,A,3320,AVAILABLE
SEAT3321,SEC1,A,3321,AVAILABLE
SEAT3322,SEC1,A,3322,AVAILABLE
SEAT3323,SEC1,A,3323,AVAILABLE
SEAT3324,SEC1,A,3324,AVAILABLE
SEAT3325,SEC1,A,3325,AVAILABLE
SEAT3326,SEC1,A,3326,AVAILABLE
SEAT3327,SEC1,A,3327,AVAILABLE
SEAT3328,SEC1,A,3328,AVAILABLE
SEAT3329,SEC1,A,3329,AVAILABLE
SEAT3330,SEC1,A,3330,AVAILABLE
SEAT3331,SEC1,A,3331,AVAILABLE
SEAT3332,SEC1,A,3332,AVAILABLE
SEAT3333,SEC1,A,3333,AVAILABLE
SEAT3334,SEC1,A,3334,AVAILABLE
SEAT3335,SEC1,A,3335,AVAILABLE
SEAT3336,SEC1,A,3336,AVAILABLE
SEAT3337,SEC1,A,3337,AVAILABLE
SEAT3338,SEC1,A,3338,AVAILABLE
SEAT3339,SEC1,A,3339,AVAILABLE
SEAT3340,SEC1,A,3340,AVAILABLE
SEAT3341,SEC1,A,3341,AVAILABLE
SEAT3342,SEC1,A,3342,AVAILABLE
SEAT3343,SEC1,A,3343,AVAILABLE
SEAT3344,SEC1,A,3344,AVAILABLE
SEAT3345,SEC1,A,3345,AVAILABLE
SEAT3346,SEC1,A,3346,AVAILABLE
SEAT3347,SEC1,A,3347,AVAILABLE
SEAT3348,SEC1,A,3348,AVAILABLE
SEAT3349,SEC1,A,3349,AVAILABLE
SEAT3350,SEC1,A,3350,AVAILABLE
SEAT3351,SEC1,A,3351,AVAILABLE
SEAT3352,SEC1,A,3352,AVAILABLE
SEAT3353,SEC1,A,3353,AVAILABLE
SEAT3354,SEC1,A,3354,AVAILABLE
SEAT3355,SEC1,A,3355,AVAILABLE
SEAT3356,SEC1,A,3356,AVAILABLE
SEAT3357,SEC1,A,3357,AVAILABLE
SEAT3358,SEC1,A,3358,AVAILABLE
SEAT3359,SEC1,A,3359,AVAILABLE
SEAT3360,SEC1,A,3360,AVAILABLE
SEAT3361,SEC1,A,3361,AVAILABLE
SEAT3362,SEC1,A,3362,AVAILABLE
SEAT3363,SEC1,A,3363,AVAILABLE
SEAT3364,SEC1,A,3364,AVAILABLE
SEAT3365,SEC1,A,3365,AVAILABLE
SEAT3366,SEC1,A,3366,AVAILABLE
SEAT3367,SEC1,A,3367,AVAILABLE
SEAT3368,SEC1,A,3368,AVAILABLE
SEAT3369,SEC1,A,3369,AVAILABLE
SEAT3370,SEC1,A,3370,AVAILABLE
SEAT3371,SEC1,A,3371,AVAILABLE
SEAT3372,SEC1,A,3372,AVAILABLE
SEAT3373,SEC1,A,3373,AVAILABLE
SEAT3374,SEC1,A,3374,AVAILABLE
SEAT3375,SEC1,A,3375,AVAILABLE
SEAT3376,SEC1,A,3376,AVAILABLE
SEAT3377,SEC1,A,3377,AVAILABLE
SEAT3378,SEC1,A,3378,AVAILABLE
SEAT3379,SEC1,A,3379,AVAILABLE
SEAT3380,SEC1,A,3380,AVAILABLE
SEAT3381,SEC1,A,3381,AVAILABLE
SEAT3382,SEC1,A,3382,AVAILABLE
SEAT3383,SEC1,A,3383,AVAILABLE
SEAT3384,SEC1,A,3384,AVAILABLE
SEAT3385,SEC1,A,3385,AVAILABLE
SEAT3386,SEC1,A,3386,AVAILABLE
SEAT3387,SEC1,A,3387,AVAILABLE
SEAT3388,SEC1,A,3388,AVAILABLE
SEAT3389,SEC1,A,3389,AVAILABLE
SEAT3390,SEC1,A,3390,AVAILABLE
SEAT3391,SEC1,A,3391,AVAILABLE
SEAT3392,SEC1,A,3392,AVAILABLE
SEAT3393,SEC1,A,3393,AVAILABLE
SEAT3394,SEC1,A,3394,AVAILABLE
SEAT3395,SEC1,A,3395,AVAILABLE
SEAT3396,SEC1,A,3396,AVAILABLE
SEAT3397,SEC1,A,3397,AVAILABLE
SEAT3398,SEC1,A,3398,AVAILABLE
SEAT3399,SEC1,A,3399,AVAILABLE
SEAT3400,SEC1,A,3400,AVAILABLE
SEAT3401,SEC1,A,3401,AVAILABLE
SEAT3402,SEC1,A,3402,AVAILABLE
SEAT3403,SEC1,A,3403,AVAILABLE
SEAT3404,SEC1,A,3404,AVAILABLE
SEAT3405,SEC1,A,3405,AVAILABLE
SEAT3406,SEC1,A,3406,AVAILABLE
SEAT3407,SEC1,A,3407,AVAILABLE
SEAT3408,SEC1,A,3408,AVAILABLE
SEAT3409,SEC1,A,3409,AVAILABLE
SEAT3410,SEC1,A,3410,AVAILABLE
SEAT3411,SEC1,A,3411,AVAILABLE
SEAT3412,SEC1,A,3412,AVAILABLE
SEAT3413,SEC1,A,3413,AVAILABLE
SEAT3414,SEC1,A,3414,AVAILABLE
SEAT3415,SEC1,A,3415,AVAILABLE
SEAT3416,SEC1,A,3416,AVAILABLE
SEAT3417,SEC1,A,3417,AVAILABLE
SEAT3418,SEC1,A,3418,AVAILABLE
SEAT3419,SEC1,A,3419,AVAILABLE
SEAT3420,SEC1,A,3420,AVAILABLE
SEAT3421,SEC1,A,3421,AVAILABLE
SEAT3422,SEC1,A,3422,AVAILABLE
SEAT3423,SEC1,A,3423,AVAILABLE
SEAT3424,SEC1,A,3424,AVAILABLE
SEAT3425,SEC1,A,3425,AVAILABLE
SEAT3426,SEC1,A,3426,AVAILABLE
SEAT3427,SEC1,A,3427,AVAILABLE
SEAT3428,SEC1,A,3428,AVAILABLE
SEAT3429,SEC1,A,3429,AVAILABLE
SEAT3430,SEC1,A,3430,AVAILABLE
SEAT3431,SEC1,A,3431,AVAILABLE
SEAT3432,SEC1,A,3432,AVAILABLE
SEAT3433,SEC1,A,3433,AVAILABLE
SEAT3434,SEC1,A,3434,AVAILABLE
SEAT3435,SEC1,A,3435,AVAILABLE
SEAT3436,SEC1,A,3436,AVAILABLE
SEAT3437,SEC1,A,3437,AVAILABLE
SEAT3438,SEC1,A,3438,AVAILABLE
SEAT3439,SEC1,A,3439,AVAILABLE
SEAT3440,SEC1,A,3440,AVAILABLE
SEAT3441,SEC1,A,3441,AVAILABLE
SEAT3442,SEC1,A,3442,AVAILABLE
SEAT3443,SEC1,A,3443,AVAILABLE
SEAT3444,SEC1,A,3444,AVAILABLE
SEAT3445,SEC1,A,3445,AVAILABLE
SEAT3446,SEC1,A,3446,AVAILABLE
SEAT3447,SEC1,A,3447,AVAILABLE
SEAT3448,SEC1,A,3448,AVAILABLE
SEAT3449,SEC1,A,3449,AVAILABLE
SEAT3450,SEC1,A,3450,AVAILABLE
SEAT3451,SEC1,A,3451,AVAILABLE
SEAT3452,SEC1,A,3452,AVAILABLE
SEAT3453,SEC1,A,3453,AVAILABLE
SEAT3454,SEC1,A,3454,AVAILABLE
SEAT3455,SEC1,A,3455,AVAILABLE
SEAT3456,SEC1,A,3456,AVAILABLE
SEAT3457,SEC1,A,3457,AVAILABLE
SEAT3458,SEC1,A,3458,AVAILABLE
SEAT3459,SEC1,A,3459,AVAILABLE
SEAT3460,SEC1,A,3460,AVAILABLE
SEAT3461,SEC1,A,3461,AVAILABLE
SEAT3462,SEC1,A,3462,AVAILABLE
SEAT3463,SEC1,A,3463,AVAILABLE
SEAT3464,SEC1,A,3464,AVAILABLE
SEAT3465,SEC1,A,3465,AVAILABLE
SEAT3466,SEC1,A,3466,AVAILABLE
SEAT3467,SEC1,A,3467,AVAILABLE
SEAT3468,SEC1,A,3468,AVAILABLE
SEAT3469,SEC1,A,3469,AVAILABLE
SEAT3470,SEC1,A,3470,AVAILABLE
SEAT3471,SEC1,A,3471,AVAILABLE
SEAT3472,SEC1,A,3472,AVAILABLE
SEAT3473,SEC1,A,3473,AVAILABLE
SEAT3474,SEC1,A,3474,AVAILABLE
SEAT3475,SEC1,A,3475,AVAILABLE
SEAT3476,SEC1,A,3476,AVAILABLE
SEAT3477,SEC1,A,3477,AVAILABLE
SEAT3478,SEC1,A,3478,AVAILABLE
SEAT3479,SEC1,A,3479,AVAILABLE
SEAT3480,SEC1,A,3480,AVAILABLE
SEAT3481,SEC1,A,3481,AVAILABLE
SEAT3482,SEC1,A,3482,AVAILABLE
SEAT3483,SEC1,A,3483,AVAILABLE
SEAT3484,SEC1,A,3484,AVAILABLE
SEAT3485,SEC1,A,3485,AVAILABLE
SEAT3486,SEC1,A,3486,AVAILABLE
SEAT3487,SEC1,A,3487,AVAILABLE
SEAT3488,SEC1,A,3488,AVAILABLE
SEAT3489,SEC1,A,3489,AVAILABLE
SEAT3490,SEC1,A,3490,AVAILABLE
SEAT3491,SEC1,A,3491,AVAILABLE
SEAT3492,SEC1,A,3492,AVAILABLE
SEAT3493,SEC1,A,3493,AVAILABLE
SEAT3494,SEC1,A,3494,AVAILABLE
SEAT3495,SEC1,A,3495,AVAILABLE
SEAT3496,SEC1,A,3496,AVAILABLE
SEAT3497,SEC1,A,3497,AVAILABLE
SEAT3498,SEC1,A,3498,AVAILABLE
SEAT3499,SEC1,A,3499,AVAILABLE
SEAT3500,SEC1,A,3500,AVAILABLE
SEAT3501,SEC1,A,3501,AVAILABLE
SEAT3502,SEC1,A,3502,AVAILABLE
SEAT3503,SEC1,A,3503,AVAILABLE
SEAT3504,SEC1,A,3504,AVAILABLE
SEAT3505,SEC1,A,3505,AVAILABLE
SEAT3506,SEC1,A,3506,AVAILABLE
SEAT3507,SEC1,A,3507,AVAILABLE
SEAT3508,SEC1,A,3508,AVAILABLE
SEAT3509,SEC1,A,3509,AVAILABLE
SEAT3510,SEC1,A,3510,AVAILABLE
SEAT3511,SEC1,A,3511,AVAILABLE
SEAT3512,SEC1,A,3512,AVAILABLE
SEAT3513,SEC1,A,3513,AVAILABLE
SEAT3514,SEC1,A,3514,AVAILABLE
SEAT3515,SEC1,A,3515,AVAILABLE
SEAT3516,SEC1,A,3516,AVAILABLE
SEAT3517,SEC1,A,3517,AVAILABLE
SEAT3518,SEC1,A,3518,AVAILABLE
SEAT3519,SEC1,A,3519,AVAILABLE
SEAT3520,SEC1,A,3520,AVAILABLE
SEAT3521,SEC1,A,3521,AVAILABLE
SEAT3522,SEC1,A,3522,AVAILABLE
SEAT3523,SEC1,A,3523,AVAILABLE
SEAT3524,SEC1,A,3524,AVAILABLE
SEAT3525,SEC1,A,3525,AVAILABLE
SEAT3526,SEC1,A,3526,AVAILABLE
SEAT3527,SEC1,A,3527,AVAILABLE
SEAT3528,SEC1,A,3528,AVAILABLE
SEAT3529,SEC1,A,3529,AVAILABLE
SEAT3530,SEC1,A,3530,AVAILABLE
SEAT3531,SEC1,A,3531,AVAILABLE
SEAT3532,SEC1,A,3532,AVAILABLE
SEAT3533,SEC1,A,3533,AVAILABLE
SEAT3534,SEC1,A,3534,AVAILABLE
SEAT3535,SEC1,A,3535,AVAILABLE
SEAT3536,SEC1,A,3536,AVAILABLE
SEAT3537,SEC1,A,3537,AVAILABLE
SEAT3538,SEC1,A,3538,AVAILABLE
SEAT3539,SEC1,A,3539,AVAILABLE
SEAT3540,SEC1,A,3540,AVAILABLE
SEAT3541,SEC1,A,3541,AVAILABLE
SEAT3542,SEC1,A,3542,AVAILABLE
SEAT3543,SEC1,A,3543,AVAILABLE
SEAT3544,SEC1,A,3544,AVAILABLE
SEAT3545,SEC1,A,3545,AVAILABLE
SEAT3546,SEC1,A,3546,AVAILABLE
SEAT3547,SEC1,A,3547,AVAILABLE
SEAT3548,SEC1,A,3548,AVAILABLE
SEAT3549,SEC1,A,3549,AVAILABLE
SEAT3550,SEC1,A,3550,AVAILABLE
SEAT3551,SEC1,A,3551,AVAILABLE
SEAT3552,SEC1,A,3552,AVAILABLE
SEAT3553,SEC1,A,3553,AVAILABLE
SEAT3554,SEC1,A,3554,AVAILABLE
SEAT3555,SEC1,A,3555,AVAILABLE
SEAT3556,SEC1,A,3556,AVAILABLE
SEAT3557,SEC1,A,3557,AVAILABLE
SEAT3558,SEC1,A,3558,AVAILABLE
SEAT3559,SEC1,A,3559,AVAILABLE
SEAT3560,SEC1,A,3560,AVAILABLE
SEAT3561,SEC1,A,3561,AVAILABLE
SEAT3562,SEC1,A,3562,AVAILABLE
SEAT3563,SEC1,A,3563,AVAILABLE
SEAT3564,SEC1,A,3564,AVAILABLE
SEAT3565,SEC1,A,3565,AVAILABLE
SEAT3566,SEC1,A,3566,AVAILABLE
SEAT3567,SEC1,A,3567,AVAILABLE
SEAT3568,SEC1,A,3568,AVAILABLE
SEAT3569,SEC1,A,3569,AVAILABLE
SEAT3570,SEC1,A,3570,AVAILABLE
SEAT3571,SEC1,A,3571,AVAILABLE
SEAT3572,SEC1,A,3572,AVAILABLE
SEAT3573,SEC1,A,3573,AVAILABLE
SEAT3574,SEC1,A,3574,AVAILABLE
SEAT3575,SEC1,A,3575,AVAILABLE
SEAT3576,SEC1,A,3576,AVAILABLE
SEAT3577,SEC1,A,3577,AVAILABLE
SEAT3578,SEC1,A,3578,AVAILABLE
SEAT3579,SEC1,A,3579,AVAILABLE
SEAT3580,SEC1,A,3580,AVAILABLE
SEAT3581,SEC1,A,3581,AVAILABLE
SEAT3582,SEC1,A,3582,AVAILABLE
SEAT3583,SEC1,A,3583,AVAILABLE
SEAT3584,SEC1,A,3584,AVAILABLE
SEAT3585,SEC1,A,3585,AVAILABLE
SEAT3586,SEC1,A,3586,AVAILABLE
SEAT3587,SEC1,A,3587,AVAILABLE
SEAT3588,SEC1,A,3588,AVAILABLE
SEAT3589,SEC1,A,3589,AVAILABLE
SEAT3590,SEC1,A,3590,AVAILABLE
SEAT3591,SEC1,A,3591,AVAILABLE
SEAT3592,SEC1,A,3592,AVAILABLE
SEAT3593,SEC1,A,3593,AVAILABLE
SEAT3594,SEC1,A,3594,AVAILABLE
SEAT3595,SEC1,A,3595,AVAILABLE
SEAT3596,SEC1,A,3596,AVAILABLE
SEAT3597,SEC1,A,3597,AVAILABLE
SEAT3598,SEC1,A,3598,AVAILABLE
SEAT3599,SEC1,A,3599,AVAILABLE
SEAT3600,SEC1,A,3600,AVAILABLE
SEAT3601,SEC1,A,3601,AVAILABLE
SEAT3602,SEC1,A,3602,AVAILABLE
SEAT3603,SEC1,A,3603,AVAILABLE
SEAT3604,SEC1,A,3604,AVAILABLE
SEAT3605,SEC1,A,3605,AVAILABLE
SEAT3606,SEC1,A,3606,AVAILABLE
SEAT3607,SEC1,A,3607,AVAILABLE
SEAT3608,SEC1,A,3608,AVAILABLE
SEAT3609,SEC1,A,3609,AVAILABLE
SEAT3610,SEC1,A,3610,AVAILABLE
SEAT3611,SEC1,A,3611,AVAILABLE
SEAT3612,SEC1,A,3612,AVAILABLE
SEAT3613,SEC1,A,3613,AVAILABLE
SEAT3614,SEC1,A,3614,AVAILABLE
SEAT3615,SEC1,A,3615,AVAILABLE
SEAT3616,SEC1,A,3616,AVAILABLE
SEAT3617,SEC1,A,3617,AVAILABLE
SEAT3618,SEC1,A,3618,AVAILABLE
SEAT3619,SEC1,A,3619,AVAILABLE
SEAT3620,SEC1,A,3620,AVAILABLE
SEAT3621,SEC1,A,3621,AVAILABLE
SEAT3622,SEC1,A,3622,AVAILABLE
SEAT3623,SEC1,A,3623,AVAILABLE
SEAT3624,SEC1,A,3624,AVAILABLE
SEAT3625,SEC1,A,3625,AVAILABLE
SEAT3626,SEC1,A,3626,AVAILABLE
SEAT3627,SEC1,A,3627,AVAILABLE
SEAT3628,SEC1,A,3628,AVAILABLE
SEAT3629,SEC1,A,3629,AVAILABLE
SEAT3630,SEC1,A,3630,AVAILABLE
SEAT3631,SEC1,A,3631,AVAILABLE
SEAT3632,SEC1,A,3632,AVAILABLE
SEAT3633,SEC1,A,3633,AVAILABLE
SEAT3634,SEC1,A,3634,AVAILABLE
SEAT3635,SEC1,A,3635,AVAILABLE
SEAT3636,SEC1,A,3636,AVAILABLE
SEAT3637,SEC1,A,3637,AVAILABLE
SEAT3638,SEC1,A,3638,AVAILABLE
SEAT3639,SEC1,A,3639,AVAILABLE
SEAT3640,SEC1,A,3640,AVAILABLE
SEAT3641,SEC1,A,3641,AVAILABLE
SEAT3642,SEC1,A,3642,AVAILABLE
SEAT3643,SEC1,A,3643,AVAILABLE
SEAT3644,SEC1,A,3644,AVAILABLE
SEAT3645,SEC1,A,3645,AVAILABLE
SEAT3646,SEC1,A,3646,AVAILABLE
SEAT3647,SEC1,A,3647,AVAILABLE
SEAT3648,SEC1,A,3648,AVAILABLE
SEAT3649,SEC1,A,3649,AVAILABLE
SEAT3650,SEC1,A,3650,AVAILABLE
SEAT3651,SEC1,A,3651,AVAILABLE
SEAT3652,SEC1,A,3652,AVAILABLE
SEAT3653,SEC1,A,3653,AVAILABLE
SEAT3654,SEC1,A,3654,AVAILABLE
SEAT3655,SEC1,A,3655,AVAILABLE
SEAT3656,SEC1,A,3656,AVAILABLE
SEAT3657,SEC1,A,3657,AVAILABLE
SEAT3658,SEC1,A,3658,AVAILABLE
SEAT3659,SEC1,A,3659,AVAILABLE
SEAT3660,SEC1,A,3660,AVAILABLE
SEAT3661,SEC1,A,3661,AVAILABLE
SEAT3662,SEC1,A,3662,AVAILABLE
SEAT3663,SEC1,A,3663,AVAILABLE
SEAT3664,SEC1,A,3664,AVAILABLE
SEAT3665,SEC1,A,3665,AVAILABLE
SEAT3666,SEC1,A,3666,AVAILABLE
SEAT3667,SEC1,A,3667,AVAILABLE
SEAT3668,SEC1,A,3668,AVAILABLE
SEAT3669,SEC1,A,3669,AVAILABLE
SEAT3670,SEC1,A,3670,AVAILABLE
SEAT3671,SEC1,A,3671,AVAILABLE
SEAT3672,SEC1,A,3672,AVAILABLE
SEAT3673,SEC1,A,3673,AVAILABLE
SEAT3674,SEC1,A,3674,AVAILABLE
SEAT3675,SEC1,A,3675,AVAILABLE
SEAT3676,SEC1,A,3676,AVAILABLE
SEAT3677,SEC1,A,3677,AVAILABLE
SEAT3678,SEC1,A,3678,AVAILABLE
SEAT3679,SEC1,A,3679,AVAILABLE
SEAT3680,SEC1,A,3680,AVAILABLE
SEAT3681,SEC1,A,3681,AVAILABLE
SEAT3682,SEC1,A,3682,AVAILABLE
SEAT3683,SEC1,A,3683,AVAILABLE
SEAT3684,SEC1,A,3684,AVAILABLE
SEAT3685,SEC1,A,3685,AVAILABLE
SEAT3686,SEC1,A,3686,AVAILABLE
SEAT3687,SEC1,A,3687,AVAILABLE
SEAT3688,SEC1,A,3688,AVAILABLE
SEAT3689,SEC1,A,3689,AVAILABLE
SEAT3690,SEC1,A,3690,AVAILABLE
SEAT3691,SEC1,A,3691,AVAILABLE
SEAT3692,SEC1,A,3692,AVAILABLE
SEAT3693,SEC1,A,3693,AVAILABLE
SEAT3694,SEC1,A,3694,AVAILABLE
SEAT3695,SEC1,A,3695,AVAILABLE
SEAT3696,SEC1,A,3696,AVAILABLE
SEAT3697,SEC1,A,3697,AVAILABLE
SEAT3698,SEC1,A,3698,AVAILABLE
SEAT3699,SEC1,A,3699,AVAILABLE
SEAT3700,SEC1,A,3700,AVAILABLE
SEAT3701,SEC1,A,3701,AVAILABLE
SEAT3702,SEC1,A,3702,AVAILABLE
SEAT3703,SEC1,A,3703,AVAILABLE
SEAT3704,SEC1,A,3704,AVAILABLE
SEAT3705,SEC1,A,3705,AVAILABLE
SEAT3706,SEC1,A,3706,AVAILABLE
SEAT3707,SEC1,A,3707,AVAILABLE
SEAT3708,SEC1,A,3708,AVAILABLE
SEAT3709,SEC1,A,3709,AVAILABLE
SEAT3710,SEC1,A,3710,AVAILABLE
SEAT3711,SEC1,A,3711,AVAILABLE
SEAT3712,SEC1,A,3712,AVAILABLE
SEAT3713,SEC1,A,3713,AVAILABLE
SEAT3714,SEC1,A,3714,AVAILABLE
SEAT3715,SEC1,A,3715,AVAILABLE
SEAT3716,SEC1,A,3716,AVAILABLE
SEAT3717,SEC1,A,3717,AVAILABLE
SEAT3718,SEC1,A,3718,AVAILABLE
SEAT3719,SEC1,A,3719,AVAILABLE
SEAT3720,SEC1,A,3720,AVAILABLE
SEAT3721,SEC1,A,3721,AVAILABLE
SEAT3722,SEC1,A,3722,AVAILABLE
SEAT3723,SEC1,A,3723,AVAILABLE
SEAT3724,SEC1,A,3724,AVAILABLE
SEAT3725,SEC1,A,3725,AVAILABLE
SEAT3726,SEC1,A,3726,AVAILABLE
SEAT3727,SEC1,A,3727,AVAILABLE
SEAT3728,SEC1,A,3728,AVAILABLE
SEAT3729,SEC1,A,3729,AVAILABLE
SEAT3730,SEC1,A,3730,AVAILABLE
SEAT3731,SEC1,A,3731,AVAILABLE
SEAT3732,SEC1,A,3732,AVAILABLE
SEAT3733,SEC1,A,3733,AVAILABLE
SEAT3734,SEC1,A,3734,AVAILABLE
SEAT3735,SEC1,A,3735,AVAILABLE
SEAT3736,SEC1,A,3736,AVAILABLE
SEAT3737,SEC1,A,3737,AVAILABLE
SEAT3738,SEC1,A,3738,AVAILABLE
SEAT3739,SEC1,A,3739,AVAILABLE
SEAT3740,SEC1,A,3740,AVAILABLE
SEAT3741,SEC1,A,3741,AVAILABLE
SEAT3742,SEC1,A,3742,AVAILABLE
SEAT3743,SEC1,A,3743,AVAILABLE
SEAT3744,SEC1,A,3744,AVAILABLE
SEAT3745,SEC1,A,3745,AVAILABLE
SEAT3746,SEC1,A,3746,AVAILABLE
SEAT3747,SEC1,A,3747,AVAILABLE
SEAT3748,SEC1,A,3748,AVAILABLE
SEAT3749,SEC1,A,3749,AVAILABLE
SEAT3750,SEC1,A,3750,AVAILABLE
SEAT3751,SEC1,A,3751,AVAILABLE
SEAT3752,SEC1,A,3752,AVAILABLE
SEAT3753,SEC1,A,3753,AVAILABLE
SEAT3754,SEC1,A,3754,AVAILABLE
SEAT3755,SEC1,A,3755,AVAILABLE
SEAT3756,SEC1,A,3756,AVAILABLE
SEAT3757,SEC1,A,3757,AVAILABLE
SEAT3758,SEC1,A,3758,AVAILABLE
SEAT3759,SEC1,A,3759,AVAILABLE
SEAT3760,SEC1,A,3760,AVAILABLE
SEAT3761,SEC1,A,3761,AVAILABLE
SEAT3762,SEC1,A,3762,AVAILABLE
SEAT3763,SEC1,A,3763,AVAILABLE
SEAT3764,SEC1,A,3764,AVAILABLE
SEAT3765,SEC1,A,3765,AVAILABLE
SEAT3766,SEC1,A,3766,AVAILABLE
SEAT3767,SEC1,A,3767,AVAILABLE
SEAT3768,SEC1,A,3768,AVAILABLE
SEAT3769,SEC1,A,3769,AVAILABLE
SEAT3770,SEC1,A,3770,AVAILABLE
SEAT3771,SEC1,A,3771,AVAILABLE
SEAT3772,SEC1,A,3772,AVAILABLE
SEAT3773,SEC1,A,3773,AVAILABLE
SEAT3774,SEC1,A,3774,AVAILABLE
SEAT3775,SEC1,A,3775,AVAILABLE
SEAT3776,SEC1,A,3776,AVAILABLE
SEAT3777,SEC1,A,3777,AVAILABLE
SEAT3778,SEC1,A,3778,AVAILABLE
SEAT3779,SEC1,A,3779,AVAILABLE
SEAT3780,SEC1,A,3780,AVAILABLE
SEAT3781,SEC1,A,3781,AVAILABLE
SEAT3782,SEC1,A,3782,AVAILABLE
SEAT3783,SEC1,A,3783,AVAILABLE
SEAT3784,SEC1,A,3784,AVAILABLE
SEAT3785,SEC1,A,3785,AVAILABLE
SEAT3786,SEC1,A,3786,AVAILABLE
SEAT3787,SEC1,A,3787,AVAILABLE
SEAT3788,SEC1,A,3788,AVAILABLE
SEAT3789,SEC1,A,3789,AVAILABLE
SEAT3790,SEC1,A,3790,AVAILABLE
SEAT3791,SEC1,A,3791,AVAILABLE
SEAT3792,SEC1,A,3792,AVAILABLE
SEAT3793,SEC1,A,3793,AVAILABLE
SEAT3794,SEC1,A,3794,AVAILABLE
SEAT3795,SEC1,A,3795,AVAILABLE
SEAT3796,SEC1,A,3796,AVAILABLE
SEAT3797,SEC1,A,3797,AVAILABLE
SEAT3798,SEC1,A,3798,AVAILABLE
SEAT3799,SEC1,A,3799,AVAILABLE
SEAT3800,SEC1,A,3800,AVAILABLE
SEAT3801,SEC1,A,3801,AVAILABLE
SEAT3802,SEC1,A,3802,AVAILABLE
SEAT3803,SEC1,A,3803,AVAILABLE
SEAT3804,SEC1,A,3804,AVAILABLE
SEAT3805,SEC1,A,3805,AVAILABLE
SEAT3806,SEC1,A,3806,AVAILABLE
SEAT3807,SEC1,A,3807,AVAILABLE
SEAT3808,SEC1,A,3808,AVAILABLE
SEAT3809,SEC1,A,3809,AVAILABLE
SEAT3810,SEC1,A,3810,AVAILABLE
SEAT3811,SEC1,A,3811,AVAILABLE
SEAT3812,SEC1,A,3812,AVAILABLE
SEAT3813,SEC1,A,3813,AVAILABLE
SEAT3814,SEC1,A,3814,AVAILABLE
SEAT3815,SEC1,A,3815,AVAILABLE
SEAT3816,SEC1,A,3816,AVAILABLE
SEAT3817,SEC1,A,3817,AVAILABLE
SEAT3818,SEC1,A,3818,AVAILABLE
SEAT3819,SEC1,A,3819,AVAILABLE
SEAT3820,SEC1,A,3820,AVAILABLE
SEAT3821,SEC1,A,3821,AVAILABLE
SEAT3822,SEC1,A,3822,AVAILABLE
SEAT3823,SEC1,A,3823,AVAILABLE
SEAT3824,SEC1,A,3824,AVAILABLE
SEAT3825,SEC1,A,3825,AVAILABLE
SEAT3826,SEC1,A,3826,AVAILABLE
SEAT3827,SEC1,A,3827,AVAILABLE
SEAT3828,SEC1,A,3828,AVAILABLE
SEAT3829,SEC1,A,3829,AVAILABLE
SEAT3830,SEC1,A,3830,AVAILABLE
SEAT3831,SEC1,A,3831,AVAILABLE
SEAT3832,SEC1,A,3832,AVAILABLE
SEAT3833,SEC1,A,3833,AVAILABLE
SEAT3834,SEC1,A,3834,AVAILABLE
SEAT3835,SEC1,A,3835,AVAILABLE
SEAT3836,SEC1,A,3836,AVAILABLE
SEAT3837,SEC1,A,3837,AVAILABLE
SEAT3838,SEC1,A,3838,AVAILABLE
SEAT3839,SEC1,A,3839,AVAILABLE
SEAT3840,SEC1,A,3840,AVAILABLE
SEAT3841,SEC1,A,3841,AVAILABLE
SEAT3842,SEC1,A,3842,AVAILABLE
SEAT3843,SEC1,A,3843,AVAILABLE
SEAT3844,SEC1,A,3844,AVAILABLE
SEAT3845,SEC1,A,3845,AVAILABLE
SEAT3846,SEC1,A,3846,AVAILABLE
SEAT3847,SEC1,A,3847,AVAILABLE
SEAT3848,SEC1,A,3848,AVAILABLE
SEAT3849,SEC1,A,3849,AVAILABLE
SEAT3850,SEC1,A,3850,AVAILABLE
SEAT3851,SEC1,A,3851,AVAILABLE
SEAT3852,SEC1,A,3852,AVAILABLE
SEAT3853,SEC1,A,3853,AVAILABLE
SEAT3854,SEC1,A,3854,AVAILABLE
SEAT3855,SEC1,A,3855,AVAILABLE
SEAT3856,SEC1,A,3856,AVAILABLE
SEAT3857,SEC1,A,3857,AVAILABLE
SEAT3858,SEC1,A,3858,AVAILABLE
SEAT3859,SEC1,A,3859,AVAILABLE
SEAT3860,SEC1,A,3860,AVAILABLE
SEAT3861,SEC1,A,3861,AVAILABLE
SEAT3862,SEC1,A,3862,AVAILABLE
SEAT3863,SEC1,A,3863,AVAILABLE
SEAT3864,SEC1,A,3864,AVAILABLE
SEAT3865,SEC1,A,3865,AVAILABLE
SEAT3866,SEC1,A,3866,AVAILABLE
SEAT3867,SEC1,A,3867,AVAILABLE
SEAT3868,SEC1,A,3868,AVAILABLE
SEAT3869,SEC1,A,3869,AVAILABLE
SEAT3870,SEC1,A,3870,AVAILABLE
SEAT3871,SEC1,A,3871,AVAILABLE
SEAT3872,SEC1,A,3872,AVAILABLE
SEAT3873,SEC1,A,3873,AVAILABLE
SEAT3874,SEC1,A,3874,AVAILABLE
SEAT3875,SEC1,A,3875,AVAILABLE
SEAT3876,SEC1,A,3876,AVAILABLE
SEAT3877,SEC1,A,3877,AVAILABLE
SEAT3878,SEC1,A,3878,AVAILABLE
SEAT3879,SEC1,A,3879,AVAILABLE
SEAT3880,SEC1,A,3880,AVAILABLE
SEAT3881,SEC1,A,3881,AVAILABLE
SEAT3882,SEC1,A,3882,AVAILABLE
SEAT3883,SEC1,A,3883,AVAILABLE
SEAT3884,SEC1,A,3884,AVAILABLE
SEAT3885,SEC1,A,3885,AVAILABLE
SEAT3886,SEC1,A,3886,AVAILABLE
SEAT3887,SEC1,A,3887,AVAILABLE
SEAT3888,SEC1,A,3888,AVAILABLE
SEAT3889,SEC1,A,3889,AVAILABLE
SEAT3890,SEC1,A,3890,AVAILABLE
SEAT3891,SEC1,A,3891,AVAILABLE
SEAT3892,SEC1,A,3892,AVAILABLE
SEAT3893,SEC1,A,3893,AVAILABLE
SEAT3894,SEC1,A,3894,AVAILABLE
SEAT3895,SEC1,A,3895,AVAILABLE
SEAT3896,SEC1,A,3896,AVAILABLE
SEAT3897,SEC1,A,3897,AVAILABLE
SEAT3898,SEC1,A,3898,AVAILABLE
SEAT3899,SEC1,A,3899,AVAILABLE
SEAT3900,SEC1,A,3900,AVAILABLE
SEAT3901,SEC1,A,3901,AVAILABLE
SEAT3902,SEC1,A,3902,AVAILABLE
SEAT3903,SEC1,A,3903,AVAILABLE
SEAT3904,SEC1,A,3904,AVAILABLE
SEAT3905,SEC1,A,3905,AVAILABLE
SEAT3906,SEC1,A,3906,AVAILABLE
SEAT3907,SEC1,A,3907,AVAILABLE
SEAT3908,SEC1,A,3908,AVAILABLE
SEAT3909,SEC1,A,3909,AVAILABLE
SEAT3910,SEC1,A,3910,AVAILABLE
SEAT3911,SEC1,A,3911,AVAILABLE
SEAT3912,SEC1,A,3912,AVAILABLE
SEAT3913,SEC1,A,3913,AVAILABLE
SEAT3914,SEC1,A,3914,AVAILABLE
SEAT3915,SEC1,A,3915,AVAILABLE
SEAT3916,SEC1,A,3916,AVAILABLE
SEAT3917,SEC1,A,3917,AVAILABLE
SEAT3918,SEC1,A,3918,AVAILABLE
SEAT3919,SEC1,A,3919,AVAILABLE
SEAT3920,SEC1,A,3920,AVAILABLE
SEAT3921,SEC1,A,3921,AVAILABLE
SEAT3922,SEC1,A,3922,AVAILABLE
SEAT3923,SEC1,A,3923,AVAILABLE
SEAT3924,SEC1,A,3924,AVAILABLE
SEAT3925,SEC1,A,3925,AVAILABLE
SEAT3926,SEC1,A,3926,AVAILABLE
SEAT3927,SEC1,A,3927,AVAILABLE
SEAT3928,SEC1,A,3928,AVAILABLE
SEAT3929,SEC1,A,3929,AVAILABLE
SEAT3930,SEC1,A,3930,AVAILABLE
SEAT3931,SEC1,A,3931,AVAILABLE
SEAT3932,SEC1,A,3932,AVAILABLE
SEAT3933,SEC1,A,3933,AVAILABLE
SEAT3934,SEC1,A,3934,AVAILABLE
SEAT3935,SEC1,A,3935,AVAILABLE
SEAT3936,SEC1,A,3936,AVAILABLE
SEAT3937,SEC1,A,3937,AVAILABLE
SEAT3938,SEC1,A,3938,AVAILABLE
SEAT3939,SEC1,A,3939,AVAILABLE
SEAT3940,SEC1,A,3940,AVAILABLE
SEAT3941,SEC1,A,3941,AVAILABLE
SEAT3942,SEC1,A,3942,AVAILABLE
SEAT3943,SEC1,A,3943,AVAILABLE
SEAT3944,SEC1,A,3944,AVAILABLE
SEAT3945,SEC1,A,3945,AVAILABLE
SEAT3946,SEC1,A,3946,AVAILABLE
SEAT3947,SEC1,A,3947,AVAILABLE
SEAT3948,SEC1,A,3948,AVAILABLE
SEAT3949,SEC1,A,3949,AVAILABLE
SEAT3950,SEC1,A,3950,AVAILABLE
SEAT3951,SEC1,A,3951,AVAILABLE
SEAT3952,SEC1,A,3952,AVAILABLE
SEAT3953,SEC1,A,3953,AVAILABLE
SEAT3954,SEC1,A,3954,AVAILABLE
SEAT3955,SEC1,A,3955,AVAILABLE
SEAT3956,SEC1,A,3956,AVAILABLE
SEAT3957,SEC1,A,3957,AVAILABLE
SEAT3958,SEC1,A,3958,AVAILABLE
SEAT3959,SEC1,A,3959,AVAILABLE
SEAT3960,SEC1,A,3960,AVAILABLE
SEAT3961,SEC1,A,3961,AVAILABLE
SEAT3962,SEC1,A,3962,AVAILABLE
SEAT3963,SEC1,A,3963,AVAILABLE
SEAT3964,SEC1,A,3964,AVAILABLE
SEAT3965,SEC1,A,3965,AVAILABLE
SEAT3966,SEC1,A,3966,AVAILABLE
SEAT3967,SEC1,A,3967,AVAILABLE
SEAT3968,SEC1,A,3968,AVAILABLE
SEAT3969,SEC1,A,3969,AVAILABLE
SEAT3970,SEC1,A,3970,AVAILABLE
SEAT3971,SEC1,A,3971,AVAILABLE
SEAT3972,SEC1,A,3972,AVAILABLE
SEAT3973,SEC1,A,3973,AVAILABLE
SEAT3974,SEC1,A,3974,AVAILABLE
SEAT3975,SEC1,A,3975,AVAILABLE
SEAT3976,SEC1,A,3976,AVAILABLE
SEAT3977,SEC1,A,3977,AVAILABLE
SEAT3978,SEC1,A,3978,AVAILABLE
SEAT3979,SEC1,A,3979,AVAILABLE
SEAT3980,SEC1,A,3980,AVAILABLE
SEAT3981,SEC1,A,3981,AVAILABLE
SEAT3982,SEC1,A,3982,AVAILABLE
SEAT3983,SEC1,A,3983,AVAILABLE
SEAT3984,SEC1,A,3984,AVAILABLE
SEAT3985,SEC1,A,3985,AVAILABLE
SEAT3986,SEC1,A,3986,AVAILABLE
SEAT3987,SEC1,A,3987,AVAILABLE
SEAT3988,SEC1,A,3988,AVAILABLE
SEAT3989,SEC1,A,3989,AVAILABLE
SEAT3990,SEC1,A,3990,AVAILABLE
SEAT3991,SEC1,A,3991,AVAILABLE
SEAT3992,SEC1,A,3992,AVAILABLE
SEAT3993,SEC1,A,3993,AVAILABLE
SEAT3994,SEC1,A,3994,AVAILABLE
SEAT3995,SEC1,A,3995,AVAILABLE
SEAT3996,SEC1,A,3996,AVAILABLE
SEAT3997,SEC1,A,3997,AVAILABLE
SEAT3998,SEC1,A,3998,AVAILABLE
SEAT3999,SEC1,A,3999,AVAILABLE
SEAT4000,SEC1,A,4000,AVAILABLE
SEAT4001,SEC1,A,4001,AVAILABLE
SEAT4002,SEC1,A,4002,AVAILABLE
SEAT4003,SEC1,A,4003,AVAILABLE
SEAT4004,SEC1,A,4004,AVAILABLE
SEAT4005,SEC1,A,4005,AVAILABLE
SEAT4006,SEC1,A,4006,AVAILABLE
SEAT4007,SEC1,A,4007,AVAILABLE
SEAT4008,SEC1,A,4008,AVAILABLE
SEAT4009,SEC1,A,4009,AVAILABLE
SEAT4010,SEC1,A,4010,AVAILABLE
SEAT4011,SEC1,A,4011,AVAILABLE
SEAT4012,SEC1,A,4012,AVAILABLE
SEAT4013,SEC1,A,4013,AVAILABLE
SEAT4014,SEC1,A,4014,AVAILABLE
SEAT4015,SEC1,A,4015,AVAILABLE
SEAT4016,SEC1,A,4016,AVAILABLE
SEAT4017,SEC1,A,4017,AVAILABLE
SEAT4018,SEC1,A,4018,AVAILABLE
SEAT4019,SEC1,A,4019,AVAILABLE
SEAT4020,SEC1,A,4020,AVAILABLE
SEAT4021,SEC1,A,4021,AVAILABLE
SEAT4022,SEC1,A,4022,AVAILABLE
SEAT4023,SEC1,A,4023,AVAILABLE
SEAT4024,SEC1,A,4024,AVAILABLE
SEAT4025,SEC1,A,4025,AVAILABLE
SEAT4026,SEC1,A,4026,AVAILABLE
SEAT4027,SEC1,A,4027,AVAILABLE
SEAT4028,SEC1,A,4028,AVAILABLE
SEAT4029,SEC1,A,4029,AVAILABLE
SEAT4030,SEC1,A,4030,AVAILABLE
SEAT4031,SEC1,A,4031,AVAILABLE
SEAT4032,SEC1,A,4032,AVAILABLE
SEAT4033,SEC1,A,4033,AVAILABLE
SEAT4034,SEC1,A,4034,AVAILABLE
SEAT4035,SEC1,A,4035,AVAILABLE
SEAT4036,SEC1,A,4036,AVAILABLE
SEAT4037,SEC1,A,4037,AVAILABLE
SEAT4038,SEC1,A,4038,AVAILABLE
SEAT4039,SEC1,A,4039,AVAILABLE
SEAT4040,SEC1,A,4040,AVAILABLE
SEAT4041,SEC1,A,4041,AVAILABLE
SEAT4042,SEC1,A,4042,AVAILABLE
SEAT4043,SEC1,A,4043,AVAILABLE
SEAT4044,SEC1,A,4044,AVAILABLE
SEAT4045,SEC1,A,4045,AVAILABLE
SEAT4046,SEC1,A,4046,AVAILABLE
SEAT4047,SEC1,A,4047,AVAILABLE
SEAT4048,SEC1,A,4048,AVAILABLE
SEAT4049,SEC1,A,4049,AVAILABLE
SEAT4050,SEC1,A,4050,AVAILABLE
SEAT4051,SEC1,A,4051,AVAILABLE
SEAT4052,SEC1,A,4052,AVAILABLE
SEAT4053,SEC1,A,4053,AVAILABLE
SEAT4054,SEC1,A,4054,AVAILABLE
SEAT4055,SEC1,A,4055,AVAILABLE
SEAT4056,SEC1,A,4056,AVAILABLE
SEAT4057,SEC1,A,4057,AVAILABLE
SEAT4058,SEC1,A,4058,AVAILABLE
SEAT4059,SEC1,A,4059,AVAILABLE
SEAT4060,SEC1,A,4060,AVAILABLE
SEAT4061,SEC1,A,4061,AVAILABLE
SEAT4062,SEC1,A,4062,AVAILABLE
SEAT4063,SEC1,A,4063,AVAILABLE
SEAT4064,SEC1,A,4064,AVAILABLE
SEAT4065,SEC1,A,4065,AVAILABLE
SEAT4066,SEC1,A,4066,AVAILABLE
SEAT4067,SEC1,A,4067,AVAILABLE
SEAT4068,SEC1,A,4068,AVAILABLE
SEAT4069,SEC1,A,4069,AVAILABLE
SEAT4070,SEC1,A,4070,AVAILABLE
SEAT4071,SEC1,A,4071,AVAILABLE
SEAT4072,SEC1,A,4072,AVAILABLE
SEAT4073,SEC1,A,4073,AVAILABLE
SEAT4074,SEC1,A,4074,AVAILABLE
SEAT4075,SEC1,A,4075,AVAILABLE
SEAT4076,SEC1,A,4076,AVAILABLE
SEAT4077,SEC1,A,4077,AVAILABLE
SEAT4078,SEC1,A,4078,AVAILABLE
SEAT4079,SEC1,A,4079,AVAILABLE
SEAT4080,SEC1,A,4080,AVAILABLE
SEAT4081,SEC1,A,4081,AVAILABLE
SEAT4082,SEC1,A,4082,AVAILABLE
SEAT4083,SEC1,A,4083,AVAILABLE
SEAT4084,SEC1,A,4084,AVAILABLE
SEAT4085,SEC1,A,4085,AVAILABLE
SEAT4086,SEC1,A,4086,AVAILABLE
SEAT4087,SEC1,A,4087,AVAILABLE
SEAT4088,SEC1,A,4088,AVAILABLE
SEAT4089,SEC1,A,4089,AVAILABLE
SEAT4090,SEC1,A,4090,AVAILABLE
SEAT4091,SEC1,A,4091,AVAILABLE
SEAT4092,SEC1,A,4092,AVAILABLE
SEAT4093,SEC1,A,4093,AVAILABLE
SEAT4094,SEC1,A,4094,AVAILABLE
SEAT4095,SEC1,A,4095,AVAILABLE
SEAT4096,SEC1,A,4096,AVAILABLE
SEAT4097,SEC1,A,4097,AVAILABLE
SEAT4098,SEC1,A,4098,AVAILABLE
SEAT4099,SEC1,A,4099,AVAILABLE
SEAT4100,SEC1,A,4100,AVAILABLE
SEAT4101,SEC1,A,4101,AVAILABLE
SEAT4102,SEC1,A,4102,AVAILABLE
SEAT4103,SEC1,A,4103,AVAILABLE
SEAT4104,SEC1,A,4104,AVAILABLE
SEAT4105,SEC1,A,4105,AVAILABLE
SEAT4106,SEC1,A,4106,AVAILABLE
SEAT4107,SEC1,A,4107,AVAILABLE
SEAT4108,SEC1,A,4108,AVAILABLE
SEAT4109,SEC1,A,4109,AVAILABLE
SEAT4110,SEC1,A,4110,AVAILABLE
SEAT4111,SEC1,A,4111,AVAILABLE
SEAT4112,SEC1,A,4112,AVAILABLE
SEAT4113,SEC1,A,4113,AVAILABLE
SEAT4114,SEC1,A,4114,AVAILABLE
SEAT4115,SEC1,A,4115,AVAILABLE
SEAT4116,SEC1,A,4116,AVAILABLE
SEAT4117,SEC1,A,4117,AVAILABLE
SEAT4118,SEC1,A,4118,AVAILABLE
SEAT4119,SEC1,A,4119,AVAILABLE
SEAT4120,SEC1,A,4120,AVAILABLE
SEAT4121,SEC1,A,4121,AVAILABLE
SEAT4122,SEC1,A,4122,AVAILABLE
SEAT4123,SEC1,A,4123,AVAILABLE
SEAT4124,SEC1,A,4124,AVAILABLE
SEAT4125,SEC1,A,4125,AVAILABLE
SEAT4126,SEC1,A,4126,AVAILABLE
SEAT4127,SEC1,A,4127,AVAILABLE
SEAT4128,SEC1,A,4128,AVAILABLE
SEAT4129,SEC1,A,4129,AVAILABLE
SEAT4130,SEC1,A,4130,AVAILABLE
SEAT4131,SEC1,A,4131,AVAILABLE
SEAT4132,SEC1,A,4132,AVAILABLE
SEAT4133,SEC1,A,4133,AVAILABLE
SEAT4134,SEC1,A,4134,AVAILABLE
SEAT4135,SEC1,A,4135,AVAILABLE
SEAT4136,SEC1,A,4136,AVAILABLE
SEAT4137,SEC1,A,4137,AVAILABLE
SEAT4138,SEC1,A,4138,AVAILABLE
SEAT4139,SEC1,A,4139,AVAILABLE
SEAT4140,SEC1,A,4140,AVAILABLE
SEAT4141,SEC1,A,4141,AVAILABLE
SEAT4142,SEC1,A,4142,AVAILABLE
SEAT4143,SEC1,A,4143,AVAILABLE
SEAT4144,SEC1,A,4144,AVAILABLE
SEAT4145,SEC1,A,4145,AVAILABLE
SEAT4146,SEC1,A,4146,AVAILABLE
SEAT4147,SEC1,A,4147,AVAILABLE
SEAT4148,SEC1,A,4148,AVAILABLE
SEAT4149,SEC1,A,4149,AVAILABLE
SEAT4150,SEC1,A,4150,AVAILABLE
SEAT4151,SEC1,A,4151,AVAILABLE
SEAT4152,SEC1,A,4152,AVAILABLE
SEAT4153,SEC1,A,4153,AVAILABLE
SEAT4154,SEC1,A,4154,AVAILABLE
SEAT4155,SEC1,A,4155,AVAILABLE
SEAT4156,SEC1,A,4156,AVAILABLE
SEAT4157,SEC1,A,4157,AVAILABLE
SEAT4158,SEC1,A,4158,AVAILABLE
SEAT4159,SEC1,A,4159,AVAILABLE
SEAT4160,SEC1,A,4160,AVAILABLE
SEAT4161,SEC1,A,4161,AVAILABLE
SEAT4162,SEC1,A,4162,AVAILABLE
SEAT4163,SEC1,A,4163,AVAILABLE
SEAT4164,SEC1,A,4164,AVAILABLE
SEAT4165,SEC1,A,4165,AVAILABLE
SEAT4166,SEC1,A,4166,AVAILABLE
SEAT4167,SEC1,A,4167,AVAILABLE
SEAT4168,SEC1,A,4168,AVAILABLE
SEAT4169,SEC1,A,4169,AVAILABLE
SEAT4170,SEC1,A,4170,AVAILABLE
SEAT4171,SEC1,A,4171,AVAILABLE
SEAT4172,SEC1,A,4172,AVAILABLE
SEAT4173,SEC1,A,4173,AVAILABLE
SEAT4174,SEC1,A,4174,AVAILABLE
SEAT4175,SEC1,A,4175,AVAILABLE
SEAT4176,SEC1,A,4176,AVAILABLE
SEAT4177,SEC1,A,4177,AVAILABLE
SEAT4178,SEC1,A,4178,AVAILABLE
SEAT4179,SEC1,A,4179,AVAILABLE
SEAT4180,SEC1,A,4180,AVAILABLE
SEAT4181,SEC1,A,4181,AVAILABLE
SEAT4182,SEC1,A,4182,AVAILABLE
SEAT4183,SEC1,A,4183,AVAILABLE
SEAT4184,SEC1,A,4184,AVAILABLE
SEAT4185,SEC1,A,4185,AVAILABLE
SEAT4186,SEC1,A,4186,AVAILABLE
SEAT4187,SEC1,A,4187,AVAILABLE
SEAT4188,SEC1,A,4188,AVAILABLE
SEAT4189,SEC1,A,4189,AVAILABLE
SEAT4190,SEC1,A,4190,AVAILABLE
SEAT4191,SEC1,A,4191,AVAILABLE
SEAT4192,SEC1,A,4192,AVAILABLE
SEAT4193,SEC1,A,4193,AVAILABLE
SEAT4194,SEC1,A,4194,AVAILABLE
SEAT4195,SEC1,A,4195,AVAILABLE
SEAT4196,SEC1,A,4196,AVAILABLE
SEAT4197,SEC1,A,4197,AVAILABLE
SEAT4198,SEC1,A,4198,AVAILABLE
SEAT4199,SEC1,A,4199,AVAILABLE
SEAT4200,SEC1,A,4200,AVAILABLE
SEAT4201,SEC1,A,4201,AVAILABLE
SEAT4202,SEC1,A,4202,AVAILABLE
SEAT4203,SEC1,A,4203,AVAILABLE
SEAT4204,SEC1,A,4204,AVAILABLE
SEAT4205,SEC1,A,4205,AVAILABLE
SEAT4206,SEC1,A,4206,AVAILABLE
SEAT4207,SEC1,A,4207,AVAILABLE
SEAT4208,SEC1,A,4208,AVAILABLE
SEAT4209,SEC1,A,4209,AVAILABLE
SEAT4210,SEC1,A,4210,AVAILABLE
SEAT4211,SEC1,A,4211,AVAILABLE
SEAT4212,SEC1,A,4212,AVAILABLE
SEAT4213,SEC1,A,4213,AVAILABLE
SEAT4214,SEC1,A,4214,AVAILABLE
SEAT4215,SEC1,A,4215,AVAILABLE
SEAT4216,SEC1,A,4216,AVAILABLE
SEAT4217,SEC1,A,4217,AVAILABLE
SEAT4218,SEC1,A,4218,AVAILABLE
SEAT4219,SEC1,A,4219,AVAILABLE
SEAT4220,SEC1,A,4220,AVAILABLE
SEAT4221,SEC1,A,4221,AVAILABLE
SEAT4222,SEC1,A,4222,AVAILABLE
SEAT4223,SEC1,A,4223,AVAILABLE
SEAT4224,SEC1,A,4224,AVAILABLE
SEAT4225,SEC1,A,4225,AVAILABLE
SEAT4226,SEC1,A,4226,AVAILABLE
SEAT4227,SEC1,A,4227,AVAILABLE
SEAT4228,SEC1,A,4228,AVAILABLE
SEAT4229,SEC1,A,4229,AVAILABLE
SEAT4230,SEC1,A,4230,AVAILABLE
SEAT4231,SEC1,A,4231,AVAILABLE
SEAT4232,SEC1,A,4232,AVAILABLE
SEAT4233,SEC1,A,4233,AVAILABLE
SEAT4234,SEC1,A,4234,AVAILABLE
SEAT4235,SEC1,A,4235,AVAILABLE
SEAT4236,SEC1,A,4236,AVAILABLE
SEAT4237,SEC1,A,4237,AVAILABLE
SEAT4238,SEC1,A,4238,AVAILABLE
SEAT4239,SEC1,A,4239,AVAILABLE
SEAT4240,SEC1,A,4240,AVAILABLE
SEAT4241,SEC1,A,4241,AVAILABLE
SEAT4242,SEC1,A,4242,AVAILABLE
SEAT4243,SEC1,A,4243,AVAILABLE
SEAT4244,SEC1,A,4244,AVAILABLE
SEAT4245,SEC1,A,4245,AVAILABLE
SEAT4246,SEC1,A,4246,AVAILABLE
SEAT4247,SEC1,A,4247,AVAILABLE
SEAT4248,SEC1,A,4248,AVAILABLE
SEAT4249,SEC1,A,4249,AVAILABLE
SEAT4250,SEC1,A,4250,AVAILABLE
SEAT4251,SEC1,A,4251,AVAILABLE
SEAT4252,SEC1,A,4252,AVAILABLE
SEAT4253,SEC1,A,4253,AVAILABLE
SEAT4254,SEC1,A,4254,AVAILABLE
SEAT4255,SEC1,A,4255,AVAILABLE
SEAT4256,SEC1,A,4256,AVAILABLE
SEAT4257,SEC1,A,4257,AVAILABLE
SEAT4258,SEC1,A,4258,AVAILABLE
SEAT4259,SEC1,A,4259,AVAILABLE
SEAT4260,SEC1,A,4260,AVAILABLE
SEAT4261,SEC1,A,4261,AVAILABLE
SEAT4262,SEC1,A,4262,AVAILABLE
SEAT4263,SEC1,A,4263,AVAILABLE
SEAT4264,SEC1,A,4264,AVAILABLE
SEAT4265,SEC1,A,4265,AVAILABLE
SEAT4266,SEC1,A,4266,AVAILABLE
SEAT4267,SEC1,A,4267,AVAILABLE
SEAT4268,SEC1,A,4268,AVAILABLE
SEAT4269,SEC1,A,4269,AVAILABLE
SEAT4270,SEC1,A,4270,AVAILABLE
SEAT4271,SEC1,A,4271,AVAILABLE
SEAT4272,SEC1,A,4272,AVAILABLE
SEAT4273,SEC1,A,4273,AVAILABLE
SEAT4274,SEC1,A,4274,AVAILABLE
SEAT4275,SEC1,A,4275,AVAILABLE
SEAT4276,SEC1,A,4276,AVAILABLE
SEAT4277,SEC1,A,4277,AVAILABLE
SEAT4278,SEC1,A,4278,AVAILABLE
SEAT4279,SEC1,A,4279,AVAILABLE
SEAT4280,SEC1,A,4280,AVAILABLE
SEAT4281,SEC1,A,4281,AVAILABLE
SEAT4282,SEC1,A,4282,AVAILABLE
SEAT4283,SEC1,A,4283,AVAILABLE
SEAT4284,SEC1,A,4284,AVAILABLE
SEAT4285,SEC1,A,4285,AVAILABLE
SEAT4286,SEC1,A,4286,AVAILABLE
SEAT4287,SEC1,A,4287,AVAILABLE
SEAT4288,SEC1,A,4288,AVAILABLE
SEAT4289,SEC1,A,4289,AVAILABLE
SEAT4290,SEC1,A,4290,AVAILABLE
SEAT4291,SEC1,A,4291,AVAILABLE
SEAT4292,SEC1,A,4292,AVAILABLE
SEAT4293,SEC1,A,4293,AVAILABLE
SEAT4294,SEC1,A,4294,AVAILABLE
SEAT4295,SEC1,A,4295,AVAILABLE
SEAT4296,SEC1,A,4296,AVAILABLE
SEAT4297,SEC1,A,4297,AVAILABLE
SEAT4298,SEC1,A,4298,AVAILABLE
SEAT4299,SEC1,A,4299,AVAILABLE
SEAT4300,SEC1,A,4300,AVAILABLE
SEAT4301,SEC1,A,4301,AVAILABLE
SEAT4302,SEC1,A,4302,AVAILABLE
SEAT4303,SEC1,A,4303,AVAILABLE
SEAT4304,SEC1,A,4304,AVAILABLE
SEAT4305,SEC1,A,4305,AVAILABLE
SEAT4306,SEC1,A,4306,AVAILABLE
SEAT4307,SEC1,A,4307,AVAILABLE
SEAT4308,SEC1,A,4308,AVAILABLE
SEAT4309,SEC1,A,4309,AVAILABLE
SEAT4310,SEC1,A,4310,AVAILABLE
SEAT4311,SEC1,A,4311,AVAILABLE
SEAT4312,SEC1,A,4312,AVAILABLE
SEAT4313,SEC1,A,4313,AVAILABLE
SEAT4314,SEC1,A,4314,AVAILABLE
SEAT4315,SEC1,A,4315,AVAILABLE
SEAT4316,SEC1,A,4316,AVAILABLE
SEAT4317,SEC1,A,4317,AVAILABLE
SEAT4318,SEC1,A,4318,AVAILABLE
SEAT4319,SEC1,A,4319,AVAILABLE
SEAT4320,SEC1,A,4320,AVAILABLE
SEAT4321,SEC1,A,4321,AVAILABLE
SEAT4322,SEC1,A,4322,AVAILABLE
SEAT4323,SEC1,A,4323,AVAILABLE
SEAT4324,SEC1,A,4324,AVAILABLE
SEAT4325,SEC1,A,4325,AVAILABLE
SEAT4326,SEC1,A,4326,AVAILABLE
SEAT4327,SEC1,A,4327,AVAILABLE
SEAT4328,SEC1,A,4328,AVAILABLE
SEAT4329,SEC1,A,4329,AVAILABLE
SEAT4330,SEC1,A,4330,AVAILABLE
SEAT4331,SEC1,A,4331,AVAILABLE
SEAT4332,SEC1,A,4332,AVAILABLE
SEAT4333,SEC1,A,4333,AVAILABLE
SEAT4334,SEC1,A,4334,AVAILABLE
SEAT4335,SEC1,A,4335,AVAILABLE
SEAT4336,SEC1,A,4336,AVAILABLE
SEAT4337,SEC1,A,4337,AVAILABLE
SEAT4338,SEC1,A,4338,AVAILABLE
SEAT4339,SEC1,A,4339,AVAILABLE
SEAT4340,SEC1,A,4340,AVAILABLE
SEAT4341,SEC1,A,4341,AVAILABLE
SEAT4342,SEC1,A,4342,AVAILABLE
SEAT4343,SEC1,A,4343,AVAILABLE
SEAT4344,SEC1,A,4344,AVAILABLE
SEAT4345,SEC1,A,4345,AVAILABLE
SEAT4346,SEC1,A,4346,AVAILABLE
SEAT4347,SEC1,A,4347,AVAILABLE
SEAT4348,SEC1,A,4348,AVAILABLE
SEAT4349,SEC1,A,4349,AVAILABLE
SEAT4350,SEC1,A,4350,AVAILABLE
SEAT4351,SEC1,A,4351,AVAILABLE
SEAT4352,SEC1,A,4352,AVAILABLE
SEAT4353,SEC1,A,4353,AVAILABLE
SEAT4354,SEC1,A,4354,AVAILABLE
SEAT4355,SEC1,A,4355,AVAILABLE
SEAT4356,SEC1,A,4356,AVAILABLE
SEAT4357,SEC1,A,4357,AVAILABLE
SEAT4358,SEC1,A,4358,AVAILABLE
SEAT4359,SEC1,A,4359,AVAILABLE
SEAT4360,SEC1,A,4360,AVAILABLE
SEAT4361,SEC1,A,4361,AVAILABLE
SEAT4362,SEC1,A,4362,AVAILABLE
SEAT4363,SEC1,A,4363,AVAILABLE
SEAT4364,SEC1,A,4364,AVAILABLE
SEAT4365,SEC1,A,4365,AVAILABLE
SEAT4366,SEC1,A,4366,AVAILABLE
SEAT4367,SEC1,A,4367,AVAILABLE
SEAT4368,SEC1,A,4368,AVAILABLE
SEAT4369,SEC1,A,4369,AVAILABLE
SEAT4370,SEC1,A,4370,AVAILABLE
SEAT4371,SEC1,A,4371,AVAILABLE
SEAT4372,SEC1,A,4372,AVAILABLE
SEAT4373,SEC1,A,4373,AVAILABLE
SEAT4374,SEC1,A,4374,AVAILABLE
SEAT4375,SEC1,A,4375,AVAILABLE
SEAT4376,SEC1,A,4376,AVAILABLE
SEAT4377,SEC1,A,4377,AVAILABLE
SEAT4378,SEC1,A,4378,AVAILABLE
SEAT4379,SEC1,A,4379,AVAILABLE
SEAT4380,SEC1,A,4380,AVAILABLE
SEAT4381,SEC1,A,4381,AVAILABLE
SEAT4382,SEC1,A,4382,AVAILABLE
SEAT4383,SEC1,A,4383,AVAILABLE
SEAT4384,SEC1,A,4384,AVAILABLE
SEAT4385,SEC1,A,4385,AVAILABLE
SEAT4386,SEC1,A,4386,AVAILABLE
SEAT4387,SEC1,A,4387,AVAILABLE
SEAT4388,SEC1,A,4388,AVAILABLE
SEAT4389,SEC1,A,4389,AVAILABLE
SEAT4390,SEC1,A,4390,AVAILABLE
SEAT4391,SEC1,A,4391,AVAILABLE
SEAT4392,SEC1,A,4392,AVAILABLE
SEAT4393,SEC1,A,4393,AVAILABLE
SEAT4394,SEC1,A,4394,AVAILABLE
SEAT4395,SEC1,A,4395,AVAILABLE
SEAT4396,SEC1,A,4396,AVAILABLE
SEAT4397,SEC1,A,4397,AVAILABLE
SEAT4398,SEC1,A,4398,AVAILABLE
SEAT4399,SEC1,A,4399,AVAILABLE
SEAT4400,SEC1,A,4400,AVAILABLE
SEAT4401,SEC1,A,4401,AVAILABLE
SEAT4402,SEC1,A,4402,AVAILABLE
SEAT4403,SEC1,A,4403,AVAILABLE
SEAT4404,SEC1,A,4404,AVAILABLE
SEAT4405,SEC1,A,4405,AVAILABLE
SEAT4406,SEC1,A,4406,AVAILABLE
SEAT4407,SEC1,A,4407,AVAILABLE
SEAT4408,SEC1,A,4408,AVAILABLE
SEAT4409,SEC1,A,4409,AVAILABLE
SEAT4410,SEC1,A,4410,AVAILABLE
SEAT4411,SEC1,A,4411,AVAILABLE
SEAT4412,SEC1,A,4412,AVAILABLE
SEAT4413,SEC1,A,4413,AVAILABLE
SEAT4414,SEC1,A,4414,AVAILABLE
SEAT4415,SEC1,A,4415,AVAILABLE
SEAT4416,SEC1,A,4416,AVAILABLE
SEAT4417,SEC1,A,4417,AVAILABLE
SEAT4418,SEC1,A,4418,AVAILABLE
SEAT4419,SEC1,A,4419,AVAILABLE
SEAT4420,SEC1,A,4420,AVAILABLE
SEAT4421,SEC1,A,4421,AVAILABLE
SEAT4422,SEC1,A,4422,AVAILABLE
SEAT4423,SEC1,A,4423,AVAILABLE
SEAT4424,SEC1,A,4424,AVAILABLE
SEAT4425,SEC1,A,4425,AVAILABLE
SEAT4426,SEC1,A,4426,AVAILABLE
SEAT4427,SEC1,A,4427,AVAILABLE
SEAT4428,SEC1,A,4428,AVAILABLE
SEAT4429,SEC1,A,4429,AVAILABLE
SEAT4430,SEC1,A,4430,AVAILABLE
SEAT4431,SEC1,A,4431,AVAILABLE
SEAT4432,SEC1,A,4432,AVAILABLE
SEAT4433,SEC1,A,4433,AVAILABLE
SEAT4434,SEC1,A,4434,AVAILABLE
SEAT4435,SEC1,A,4435,AVAILABLE
SEAT4436,SEC1,A,4436,AVAILABLE
SEAT4437,SEC1,A,4437,AVAILABLE
SEAT4438,SEC1,A,4438,AVAILABLE
SEAT4439,SEC1,A,4439,AVAILABLE
SEAT4440,SEC1,A,4440,AVAILABLE
SEAT4441,SEC1,A,4441,AVAILABLE
SEAT4442,SEC1,A,4442,AVAILABLE
SEAT4443,SEC1,A,4443,AVAILABLE
SEAT4444,SEC1,A,4444,AVAILABLE
SEAT4445,SEC1,A,4445,AVAILABLE
SEAT4446,SEC1,A,4446,AVAILABLE
SEAT4447,SEC1,A,4447,AVAILABLE
SEAT4448,SEC1,A,4448,AVAILABLE
SEAT4449,SEC1,A,4449,AVAILABLE
SEAT4450,SEC1,A,4450,AVAILABLE
SEAT4451,SEC1,A,4451,AVAILABLE
SEAT4452,SEC1,A,4452,AVAILABLE
SEAT4453,SEC1,A,4453,AVAILABLE
SEAT4454,SEC1,A,4454,AVAILABLE
SEAT4455,SEC1,A,4455,AVAILABLE
SEAT4456,SEC1,A,4456,AVAILABLE
SEAT4457,SEC1,A,4457,AVAILABLE
SEAT4458,SEC1,A,4458,AVAILABLE
SEAT4459,SEC1,A,4459,AVAILABLE
SEAT4460,SEC1,A,4460,AVAILABLE
SEAT4461,SEC1,A,4461,AVAILABLE
SEAT4462,SEC1,A,4462,AVAILABLE
SEAT4463,SEC1,A,4463,AVAILABLE
SEAT4464,SEC1,A,4464,AVAILABLE
SEAT4465,SEC1,A,4465,AVAILABLE
SEAT4466,SEC1,A,4466,AVAILABLE
SEAT4467,SEC1,A,4467,AVAILABLE
SEAT4468,SEC1,A,4468,AVAILABLE
SEAT4469,SEC1,A,4469,AVAILABLE
SEAT4470,SEC1,A,4470,AVAILABLE
SEAT4471,SEC1,A,4471,AVAILABLE
SEAT4472,SEC1,A,4472,AVAILABLE
SEAT4473,SEC1,A,4473,AVAILABLE
SEAT4474,SEC1,A,4474,AVAILABLE
SEAT4475,SEC1,A,4475,AVAILABLE
SEAT4476,SEC1,A,4476,AVAILABLE
SEAT4477,SEC1,A,4477,AVAILABLE
SEAT4478,SEC1,A,4478,AVAILABLE
SEAT4479,SEC1,A,4479,AVAILABLE
SEAT4480,SEC1,A,4480,AVAILABLE
SEAT4481,SEC1,A,4481,AVAILABLE
SEAT4482,SEC1,A,4482,AVAILABLE
SEAT4483,SEC1,A,4483,AVAILABLE
SEAT4484,SEC1,A,4484,AVAILABLE
SEAT4485,SEC1,A,4485,AVAILABLE
SEAT4486,SEC1,A,4486,AVAILABLE
SEAT4487,SEC1,A,4487,AVAILABLE
SEAT4488,SEC1,A,4488,AVAILABLE
SEAT4489,SEC1,A,4489,AVAILABLE
SEAT4490,SEC1,A,4490,AVAILABLE
SEAT4491,SEC1,A,4491,AVAILABLE
SEAT4492,SEC1,A,4492,AVAILABLE
SEAT4493,SEC1,A,4493,AVAILABLE
SEAT4494,SEC1,A,4494,AVAILABLE
SEAT4495,SEC1,A,4495,AVAILABLE
SEAT4496,SEC1,A,4496,AVAILABLE
SEAT4497,SEC1,A,4497,AVAILABLE
SEAT4498,SEC1,A,4498,AVAILABLE
SEAT4499,SEC1,A,4499,AVAILABLE
SEAT4500,SEC1,A,4500,AVAILABLE
SEAT4501,SEC1,A,4501,AVAILABLE
SEAT4502,SEC1,A,4502,AVAILABLE
SEAT4503,SEC1,A,4503,AVAILABLE
SEAT4504,SEC1,A,4504,AVAILABLE
SEAT4505,SEC1,A,4505,AVAILABLE
SEAT4506,SEC1,A,4506,AVAILABLE
SEAT4507,SEC1,A,4507,AVAILABLE
SEAT4508,SEC1,A,4508,AVAILABLE
SEAT4509,SEC1,A,4509,AVAILABLE
SEAT4510,SEC1,A,4510,AVAILABLE
SEAT4511,SEC1,A,4511,AVAILABLE
SEAT4512,SEC1,A,4512,AVAILABLE
SEAT4513,SEC1,A,4513,AVAILABLE
SEAT4514,SEC1,A,4514,AVAILABLE
SEAT4515,SEC1,A,4515,AVAILABLE
SEAT4516,SEC1,A,4516,AVAILABLE
SEAT4517,SEC1,A,4517,AVAILABLE
SEAT4518,SEC1,A,4518,AVAILABLE
SEAT4519,SEC1,A,4519,AVAILABLE
SEAT4520,SEC1,A,4520,AVAILABLE
SEAT4521,SEC1,A,4521,AVAILABLE
SEAT4522,SEC1,A,4522,AVAILABLE
SEAT4523,SEC1,A,4523,AVAILABLE
SEAT4524,SEC1,A,4524,AVAILABLE
SEAT4525,SEC1,A,4525,AVAILABLE
SEAT4526,SEC1,A,4526,AVAILABLE
SEAT4527,SEC1,A,4527,AVAILABLE
SEAT4528,SEC1,A,4528,AVAILABLE
SEAT4529,SEC1,A,4529,AVAILABLE
SEAT4530,SEC1,A,4530,AVAILABLE
SEAT4531,SEC1,A,4531,AVAILABLE
SEAT4532,SEC1,A,4532,AVAILABLE
SEAT4533,SEC1,A,4533,AVAILABLE
SEAT4534,SEC1,A,4534,AVAILABLE
SEAT4535,SEC1,A,4535,AVAILABLE
SEAT4536,SEC1,A,4536,AVAILABLE
SEAT4537,SEC1,A,4537,AVAILABLE
SEAT4538,SEC1,A,4538,AVAILABLE
SEAT4539,SEC1,A,4539,AVAILABLE
SEAT4540,SEC1,A,4540,AVAILABLE
SEAT4541,SEC1,A,4541,AVAILABLE
SEAT4542,SEC1,A,4542,AVAILABLE
SEAT4543,SEC1,A,4543,AVAILABLE
SEAT4544,SEC1,A,4544,AVAILABLE
SEAT4545,SEC1,A,4545,AVAILABLE
SEAT4546,SEC1,A,4546,AVAILABLE
SEAT4547,SEC1,A,4547,AVAILABLE
SEAT4548,SEC1,A,4548,AVAILABLE
SEAT4549,SEC1,A,4549,AVAILABLE
SEAT4550,SEC1,A,4550,AVAILABLE
SEAT4551,SEC1,A,4551,AVAILABLE
SEAT4552,SEC1,A,4552,AVAILABLE
SEAT4553,SEC1,A,4553,AVAILABLE
SEAT4554,SEC1,A,4554,AVAILABLE
SEAT4555,SEC1,A,4555,AVAILABLE
SEAT4556,SEC1,A,4556,AVAILABLE
SEAT4557,SEC1,A,4557,AVAILABLE
SEAT4558,SEC1,A,4558,AVAILABLE
SEAT4559,SEC1,A,4559,AVAILABLE
SEAT4560,SEC1,A,4560,AVAILABLE
SEAT4561,SEC1,A,4561,AVAILABLE
SEAT4562,SEC1,A,4562,AVAILABLE
SEAT4563,SEC1,A,4563,AVAILABLE
SEAT4564,SEC1,A,4564,AVAILABLE
SEAT4565,SEC1,A,4565,AVAILABLE
SEAT4566,SEC1,A,4566,AVAILABLE
SEAT4567,SEC1,A,4567,AVAILABLE
SEAT4568,SEC1,A,4568,AVAILABLE
SEAT4569,SEC1,A,4569,AVAILABLE
SEAT4570,SEC1,A,4570,AVAILABLE
SEAT4571,SEC1,A,4571,AVAILABLE
SEAT4572,SEC1,A,4572,AVAILABLE
SEAT4573,SEC1,A,4573,AVAILABLE
SEAT4574,SEC1,A,4574,AVAILABLE
SEAT4575,SEC1,A,4575,AVAILABLE
SEAT4576,SEC1,A,4576,AVAILABLE
SEAT4577,SEC1,A,4577,AVAILABLE
SEAT4578,SEC1,A,4578,AVAILABLE
SEAT4579,SEC1,A,4579,AVAILABLE
SEAT4580,SEC1,A,4580,AVAILABLE
SEAT4581,SEC1,A,4581,AVAILABLE
SEAT4582,SEC1,A,4582,AVAILABLE
SEAT4583,SEC1,A,4583,AVAILABLE
SEAT4584,SEC1,A,4584,AVAILABLE
SEAT4585,SEC1,A,4585,AVAILABLE
SEAT4586,SEC1,A,4586,AVAILABLE
SEAT4587,SEC1,A,4587,AVAILABLE
SEAT4588,SEC1,A,4588,AVAILABLE
SEAT4589,SEC1,A,4589,AVAILABLE
SEAT4590,SEC1,A,4590,AVAILABLE
SEAT4591,SEC1,A,4591,AVAILABLE
SEAT4592,SEC1,A,4592,AVAILABLE
SEAT4593,SEC1,A,4593,AVAILABLE
SEAT4594,SEC1,A,4594,AVAILABLE
SEAT4595,SEC1,A,4595,AVAILABLE
SEAT4596,SEC1,A,4596,AVAILABLE
SEAT4597,SEC1,A,4597,AVAILABLE
SEAT4598,SEC1,A,4598,AVAILABLE
SEAT4599,SEC1,A,4599,AVAILABLE
SEAT4600,SEC1,A,4600,AVAILABLE
SEAT4601,SEC1,A,4601,AVAILABLE
SEAT4602,SEC1,A,4602,AVAILABLE
SEAT4603,SEC1,A,4603,AVAILABLE
SEAT4604,SEC1,A,4604,AVAILABLE
SEAT4605,SEC1,A,4605,AVAILABLE
SEAT4606,SEC1,A,4606,AVAILABLE
SEAT4607,SEC1,A,4607,AVAILABLE
SEAT4608,SEC1,A,4608,AVAILABLE
SEAT4609,SEC1,A,4609,AVAILABLE
SEAT4610,SEC1,A,4610,AVAILABLE
SEAT4611,SEC1,A,4611,AVAILABLE
SEAT4612,SEC1,A,4612,AVAILABLE
SEAT4613,SEC1,A,4613,AVAILABLE
SEAT4614,SEC1,A,4614,AVAILABLE
SEAT4615,SEC1,A,4615,AVAILABLE
SEAT4616,SEC1,A,4616,AVAILABLE
SEAT4617,SEC1,A,4617,AVAILABLE
SEAT4618,SEC1,A,4618,AVAILABLE
SEAT4619,SEC1,A,4619,AVAILABLE
SEAT4620,SEC1,A,4620,AVAILABLE
SEAT4621,SEC1,A,4621,AVAILABLE
SEAT4622,SEC1,A,4622,AVAILABLE
SEAT4623,SEC1,A,4623,AVAILABLE
SEAT4624,SEC1,A,4624,AVAILABLE
SEAT4625,SEC1,A,4625,AVAILABLE
SEAT4626,SEC1,A,4626,AVAILABLE
SEAT4627,SEC1,A,4627,AVAILABLE
SEAT4628,SEC1,A,4628,AVAILABLE
SEAT4629,SEC1,A,4629,AVAILABLE
SEAT4630,SEC1,A,4630,AVAILABLE
SEAT4631,SEC1,A,4631,AVAILABLE
SEAT4632,SEC1,A,4632,AVAILABLE
SEAT4633,SEC1,A,4633,AVAILABLE
SEAT4634,SEC1,A,4634,AVAILABLE
SEAT4635,SEC1,A,4635,AVAILABLE
SEAT4636,SEC1,A,4636,AVAILABLE
SEAT4637,SEC1,A,4637,AVAILABLE
SEAT4638,SEC1,A,4638,AVAILABLE
SEAT4639,SEC1,A,4639,AVAILABLE
SEAT4640,SEC1,A,4640,AVAILABLE
SEAT4641,SEC1,A,4641,AVAILABLE
SEAT4642,SEC1,A,4642,AVAILABLE
SEAT4643,SEC1,A,4643,AVAILABLE
SEAT4644,SEC1,A,4644,AVAILABLE
SEAT4645,SEC1,A,4645,AVAILABLE
SEAT4646,SEC1,A,4646,AVAILABLE
SEAT4647,SEC1,A,4647,AVAILABLE
SEAT4648,SEC1,A,4648,AVAILABLE
SEAT4649,SEC1,A,4649,AVAILABLE
SEAT4650,SEC1,A,4650,AVAILABLE
SEAT4651,SEC1,A,4651,AVAILABLE
SEAT4652,SEC1,A,4652,AVAILABLE
SEAT4653,SEC1,A,4653,AVAILABLE
SEAT4654,SEC1,A,4654,AVAILABLE
SEAT4655,SEC1,A,4655,AVAILABLE
SEAT4656,SEC1,A,4656,AVAILABLE
SEAT4657,SEC1,A,4657,AVAILABLE
SEAT4658,SEC1,A,4658,AVAILABLE
SEAT4659,SEC1,A,4659,AVAILABLE
SEAT4660,SEC1,A,4660,AVAILABLE
SEAT4661,SEC1,A,4661,AVAILABLE
SEAT4662,SEC1,A,4662,AVAILABLE
SEAT4663,SEC1,A,4663,AVAILABLE
SEAT4664,SEC1,A,4664,AVAILABLE
SEAT4665,SEC1,A,4665,AVAILABLE
SEAT4666,SEC1,A,4666,AVAILABLE
SEAT4667,SEC1,A,4667,AVAILABLE
SEAT4668,SEC1,A,4668,AVAILABLE
SEAT4669,SEC1,A,4669,AVAILABLE
SEAT4670,SEC1,A,4670,AVAILABLE
SEAT4671,SEC1,A,4671,AVAILABLE
SEAT4672,SEC1,A,4672,AVAILABLE
SEAT4673,SEC1,A,4673,AVAILABLE
SEAT4674,SEC1,A,4674,AVAILABLE
SEAT4675,SEC1,A,4675,AVAILABLE
SEAT4676,SEC1,A,4676,AVAILABLE
SEAT4677,SEC1,A,4677,AVAILABLE
SEAT4678,SEC1,A,4678,AVAILABLE
SEAT4679,SEC1,A,4679,AVAILABLE
SEAT4680,SEC1,A,4680,AVAILABLE
SEAT4681,SEC1,A,4681,AVAILABLE
SEAT4682,SEC1,A,4682,AVAILABLE
SEAT4683,SEC1,A,4683,AVAILABLE
SEAT4684,SEC1,A,4684,AVAILABLE
SEAT4685,SEC1,A,4685,AVAILABLE
SEAT4686,SEC1,A,4686,AVAILABLE
SEAT4687,SEC1,A,4687,AVAILABLE
SEAT4688,SEC1,A,4688,AVAILABLE
SEAT4689,SEC1,A,4689,AVAILABLE
SEAT4690,SEC1,A,4690,AVAILABLE
SEAT4691,SEC1,A,4691,AVAILABLE
SEAT4692,SEC1,A,4692,AVAILABLE
SEAT4693,SEC1,A,4693,AVAILABLE
SEAT4694,SEC1,A,4694,AVAILABLE
SEAT4695,SEC1,A,4695,AVAILABLE
SEAT4696,SEC1,A,4696,AVAILABLE
SEAT4697,SEC1,A,4697,AVAILABLE
SEAT4698,SEC1,A,4698,AVAILABLE
SEAT4699,SEC1,A,4699,AVAILABLE
SEAT4700,SEC1,A,4700,AVAILABLE
SEAT4701,SEC1,A,4701,AVAILABLE
SEAT4702,SEC1,A,4702,AVAILABLE
SEAT4703,SEC1,A,4703,AVAILABLE
SEAT4704,SEC1,A,4704,AVAILABLE
SEAT4705,SEC1,A,4705,AVAILABLE
SEAT4706,SEC1,A,4706,AVAILABLE
SEAT4707,SEC1,A,4707,AVAILABLE
SEAT4708,SEC1,A,4708,AVAILABLE
SEAT4709,SEC1,A,4709,AVAILABLE
SEAT4710,SEC1,A,4710,AVAILABLE
SEAT4711,SEC1,A,4711,AVAILABLE
SEAT4712,SEC1,A,4712,AVAILABLE
SEAT4713,SEC1,A,4713,AVAILABLE
SEAT4714,SEC1,A,4714,AVAILABLE
SEAT4715,SEC1,A,4715,AVAILABLE
SEAT4716,SEC1,A,4716,AVAILABLE
SEAT4717,SEC1,A,4717,AVAILABLE
SEAT4718,SEC1,A,4718,AVAILABLE
SEAT4719,SEC1,A,4719,AVAILABLE
SEAT4720,SEC1,A,4720,AVAILABLE
SEAT4721,SEC1,A,4721,AVAILABLE
SEAT4722,SEC1,A,4722,AVAILABLE
SEAT4723,SEC1,A,4723,AVAILABLE
SEAT4724,SEC1,A,4724,AVAILABLE
SEAT4725,SEC1,A,4725,AVAILABLE
SEAT4726,SEC1,A,4726,AVAILABLE
SEAT4727,SEC1,A,4727,AVAILABLE
SEAT4728,SEC1,A,4728,AVAILABLE
SEAT4729,SEC1,A,4729,AVAILABLE
SEAT4730,SEC1,A,4730,AVAILABLE
SEAT4731,SEC1,A,4731,AVAILABLE
SEAT4732,SEC1,A,4732,AVAILABLE
SEAT4733,SEC1,A,4733,AVAILABLE
SEAT4734,SEC1,A,4734,AVAILABLE
SEAT4735,SEC1,A,4735,AVAILABLE
SEAT4736,SEC1,A,4736,AVAILABLE
SEAT4737,SEC1,A,4737,AVAILABLE
SEAT4738,SEC1,A,4738,AVAILABLE
SEAT4739,SEC1,A,4739,AVAILABLE
SEAT4740,SEC1,A,4740,AVAILABLE
SEAT4741,SEC1,A,4741,AVAILABLE
SEAT4742,SEC1,A,4742,AVAILABLE
SEAT4743,SEC1,A,4743,AVAILABLE
SEAT4744,SEC1,A,4744,AVAILABLE
SEAT4745,SEC1,A,4745,AVAILABLE
SEAT4746,SEC1,A,4746,AVAILABLE
SEAT4747,SEC1,A,4747,AVAILABLE
SEAT4748,SEC1,A,4748,AVAILABLE
SEAT4749,SEC1,A,4749,AVAILABLE
SEAT4750,SEC1,A,4750,AVAILABLE
SEAT4751,SEC1,A,4751,AVAILABLE
SEAT4752,SEC1,A,4752,AVAILABLE
SEAT4753,SEC1,A,4753,AVAILABLE
SEAT4754,SEC1,A,4754,AVAILABLE
SEAT4755,SEC1,A,4755,AVAILABLE
SEAT4756,SEC1,A,4756,AVAILABLE
SEAT4757,SEC1,A,4757,AVAILABLE
SEAT4758,SEC1,A,4758,AVAILABLE
SEAT4759,SEC1,A,4759,AVAILABLE
SEAT4760,SEC1,A,4760,AVAILABLE
SEAT4761,SEC1,A,4761,AVAILABLE
SEAT4762,SEC1,A,4762,AVAILABLE
SEAT4763,SEC1,A,4763,AVAILABLE
SEAT4764,SEC1,A,4764,AVAILABLE
SEAT4765,SEC1,A,4765,AVAILABLE
SEAT4766,SEC1,A,4766,AVAILABLE
SEAT4767,SEC1,A,4767,AVAILABLE
SEAT4768,SEC1,A,4768,AVAILABLE
SEAT4769,SEC1,A,4769,AVAILABLE
SEAT4770,SEC1,A,4770,AVAILABLE
SEAT4771,SEC1,A,4771,AVAILABLE
SEAT4772,SEC1,A,4772,AVAILABLE
SEAT4773,SEC1,A,4773,AVAILABLE
SEAT4774,SEC1,A,4774,AVAILABLE
SEAT4775,SEC1,A,4775,AVAILABLE
SEAT4776,SEC1,A,4776,AVAILABLE
SEAT4777,SEC1,A,4777,AVAILABLE
SEAT4778,SEC1,A,4778,AVAILABLE
SEAT4779,SEC1,A,4779,AVAILABLE
SEAT4780,SEC1,A,4780,AVAILABLE
SEAT4781,SEC1,A,4781,AVAILABLE
SEAT4782,SEC1,A,4782,AVAILABLE
SEAT4783,SEC1,A,4783,AVAILABLE
SEAT4784,SEC1,A,4784,AVAILABLE
SEAT4785,SEC1,A,4785,AVAILABLE
SEAT4786,SEC1,A,4786,AVAILABLE
SEAT4787,SEC1,A,4787,AVAILABLE
SEAT4788,SEC1,A,4788,AVAILABLE
SEAT4789,SEC1,A,4789,AVAILABLE
SEAT4790,SEC1,A,4790,AVAILABLE
SEAT4791,SEC1,A,4791,AVAILABLE
SEAT4792,SEC1,A,4792,AVAILABLE
SEAT4793,SEC1,A,4793,AVAILABLE
SEAT4794,SEC1,A,4794,AVAILABLE
SEAT4795,SEC1,A,4795,AVAILABLE
SEAT4796,SEC1,A,4796,AVAILABLE
SEAT4797,SEC1,A,4797,AVAILABLE
SEAT4798,SEC1,A,4798,AVAILABLE
SEAT4799,SEC1,A,4799,AVAILABLE
SEAT4800,SEC1,A,4800,AVAILABLE
SEAT4801,SEC1,A,4801,AVAILABLE
SEAT4802,SEC1,A,4802,AVAILABLE
SEAT4803,SEC1,A,4803,AVAILABLE
SEAT4804,SEC1,A,4804,AVAILABLE
SEAT4805,SEC1,A,4805,AVAILABLE
SEAT4806,SEC1,A,4806,AVAILABLE
SEAT4807,SEC1,A,4807,AVAILABLE
SEAT4808,SEC1,A,4808,AVAILABLE
SEAT4809,SEC1,A,4809,AVAILABLE
SEAT4810,SEC1,A,4810,AVAILABLE
SEAT4811,SEC1,A,4811,AVAILABLE
SEAT4812,SEC1,A,4812,AVAILABLE
SEAT4813,SEC1,A,4813,AVAILABLE
SEAT4814,SEC1,A,4814,AVAILABLE
SEAT4815,SEC1,A,4815,AVAILABLE
SEAT4816,SEC1,A,4816,AVAILABLE
SEAT4817,SEC1,A,4817,AVAILABLE
SEAT4818,SEC1,A,4818,AVAILABLE
SEAT4819,SEC1,A,4819,AVAILABLE
SEAT4820,SEC1,A,4820,AVAILABLE
SEAT4821,SEC1,A,4821,AVAILABLE
SEAT4822,SEC1,A,4822,AVAILABLE
SEAT4823,SEC1,A,4823,AVAILABLE
SEAT4824,SEC1,A,4824,AVAILABLE
SEAT4825,SEC1,A,4825,AVAILABLE
SEAT4826,SEC1,A,4826,AVAILABLE
SEAT4827,SEC1,A,4827,AVAILABLE
SEAT4828,SEC1,A,4828,AVAILABLE
SEAT4829,SEC1,A,4829,AVAILABLE
SEAT4830,SEC1,A,4830,AVAILABLE
SEAT4831,SEC1,A,4831,AVAILABLE
SEAT4832,SEC1,A,4832,AVAILABLE
SEAT4833,SEC1,A,4833,AVAILABLE
SEAT4834,SEC1,A,4834,AVAILABLE
SEAT4835,SEC1,A,4835,AVAILABLE
SEAT4836,SEC1,A,4836,AVAILABLE
SEAT4837,SEC1,A,4837,AVAILABLE
SEAT4838,SEC1,A,4838,AVAILABLE
SEAT4839,SEC1,A,4839,AVAILABLE
SEAT4840,SEC1,A,4840,AVAILABLE
SEAT4841,SEC1,A,4841,AVAILABLE
SEAT4842,SEC1,A,4842,AVAILABLE
SEAT4843,SEC1,A,4843,AVAILABLE
SEAT4844,SEC1,A,4844,AVAILABLE
SEAT4845,SEC1,A,4845,AVAILABLE
SEAT4846,SEC1,A,4846,AVAILABLE
SEAT4847,SEC1,A,4847,AVAILABLE
SEAT4848,SEC1,A,4848,AVAILABLE
SEAT4849,SEC1,A,4849,AVAILABLE
SEAT4850,SEC1,A,4850,AVAILABLE
SEAT4851,SEC1,A,4851,AVAILABLE
SEAT4852,SEC1,A,4852,AVAILABLE
SEAT4853,SEC1,A,4853,AVAILABLE
SEAT4854,SEC1,A,4854,AVAILABLE
SEAT4855,SEC1,A,4855,AVAILABLE
SEAT4856,SEC1,A,4856,AVAILABLE
SEAT4857,SEC1,A,4857,AVAILABLE
SEAT4858,SEC1,A,4858,AVAILABLE
SEAT4859,SEC1,A,4859,AVAILABLE
SEAT4860,SEC1,A,4860,AVAILABLE
SEAT4861,SEC1,A,4861,AVAILABLE
SEAT4862,SEC1,A,4862,AVAILABLE
SEAT4863,SEC1,A,4863,AVAILABLE
SEAT4864,SEC1,A,4864,AVAILABLE
SEAT4865,SEC1,A,4865,AVAILABLE
SEAT4866,SEC1,A,4866,AVAILABLE
SEAT4867,SEC1,A,4867,AVAILABLE
SEAT4868,SEC1,A,4868,AVAILABLE
SEAT4869,SEC1,A,4869,AVAILABLE
SEAT4870,SEC1,A,4870,AVAILABLE
SEAT4871,SEC1,A,4871,AVAILABLE
SEAT4872,SEC1,A,4872,AVAILABLE
SEAT4873,SEC1,A,4873,AVAILABLE
SEAT4874,SEC1,A,4874,AVAILABLE
SEAT4875,SEC1,A,4875,AVAILABLE
SEAT4876,SEC1,A,4876,AVAILABLE
SEAT4877,SEC1,A,4877,AVAILABLE
SEAT4878,SEC1,A,4878,AVAILABLE
SEAT4879,SEC1,A,4879,AVAILABLE
SEAT4880,SEC1,A,4880,AVAILABLE
SEAT4881,SEC1,A,4881,AVAILABLE
SEAT4882,SEC1,A,4882,AVAILABLE
SEAT4883,SEC1,A,4883,AVAILABLE
SEAT4884,SEC1,A,4884,AVAILABLE
SEAT4885,SEC1,A,4885,AVAILABLE
SEAT4886,SEC1,A,4886,AVAILABLE
SEAT4887,SEC1,A,4887,AVAILABLE
SEAT4888,SEC1,A,4888,AVAILABLE
SEAT4889,SEC1,A,4889,AVAILABLE
SEAT4890,SEC1,A,4890,AVAILABLE
SEAT4891,SEC1,A,4891,AVAILABLE
SEAT4892,SEC1,A,4892,AVAILABLE
SEAT4893,SEC1,A,4893,AVAILABLE
SEAT4894,SEC1,A,4894,AVAILABLE
SEAT4895,SEC1,A,4895,AVAILABLE
SEAT4896,SEC1,A,4896,AVAILABLE
SEAT4897,SEC1,A,4897,AVAILABLE
SEAT4898,SEC1,A,4898,AVAILABLE
SEAT4899,SEC1,A,4899,AVAILABLE
SEAT4900,SEC1,A,4900,AVAILABLE
SEAT4901,SEC1,A,4901,AVAILABLE
SEAT4902,SEC1,A,4902,AVAILABLE
SEAT4903,SEC1,A,4903,AVAILABLE
SEAT4904,SEC1,A,4904,AVAILABLE
SEAT4905,SEC1,A,4905,AVAILABLE
SEAT4906,SEC1,A,4906,AVAILABLE
SEAT4907,SEC1,A,4907,AVAILABLE
SEAT4908,SEC1,A,4908,AVAILABLE
SEAT4909,SEC1,A,4909,AVAILABLE
SEAT4910,SEC1,A,4910,AVAILABLE
SEAT4911,SEC1,A,4911,AVAILABLE
SEAT4912,SEC1,A,4912,AVAILABLE
SEAT4913,SEC1,A,4913,AVAILABLE
SEAT4914,SEC1,A,4914,AVAILABLE
SEAT4915,SEC1,A,4915,AVAILABLE
SEAT4916,SEC1,A,4916,AVAILABLE
SEAT4917,SEC1,A,4917,AVAILABLE
SEAT4918,SEC1,A,4918,AVAILABLE
SEAT4919,SEC1,A,4919,AVAILABLE
SEAT4920,SEC1,A,4920,AVAILABLE
SEAT4921,SEC1,A,4921,AVAILABLE
SEAT4922,SEC1,A,4922,AVAILABLE
SEAT4923,SEC1,A,4923,AVAILABLE
SEAT4924,SEC1,A,4924,AVAILABLE
SEAT4925,SEC1,A,4925,AVAILABLE
SEAT4926,SEC1,A,4926,AVAILABLE
SEAT4927,SEC1,A,4927,AVAILABLE
SEAT4928,SEC1,A,4928,AVAILABLE
SEAT4929,SEC1,A,4929,AVAILABLE
SEAT4930,SEC1,A,4930,AVAILABLE
SEAT4931,SEC1,A,4931,AVAILABLE
SEAT4932,SEC1,A,4932,AVAILABLE
SEAT4933,SEC1,A,4933,AVAILABLE
SEAT4934,SEC1,A,4934,AVAILABLE
SEAT4935,SEC1,A,4935,AVAILABLE
SEAT4936,SEC1,A,4936,AVAILABLE
SEAT4937,SEC1,A,4937,AVAILABLE
SEAT4938,SEC1,A,4938,AVAILABLE
SEAT4939,SEC1,A,4939,AVAILABLE
SEAT4940,SEC1,A,4940,AVAILABLE
SEAT4941,SEC1,A,4941,AVAILABLE
SEAT4942,SEC1,A,4942,AVAILABLE
SEAT4943,SEC1,A,4943,AVAILABLE
SEAT4944,SEC1,A,4944,AVAILABLE
SEAT4945,SEC1,A,4945,AVAILABLE
SEAT4946,SEC1,A,4946,AVAILABLE
SEAT4947,SEC1,A,4947,AVAILABLE
SEAT4948,SEC1,A,4948,AVAILABLE
SEAT4949,SEC1,A,4949,AVAILABLE
SEAT4950,SEC1,A,4950,AVAILABLE
SEAT4951,SEC1,A,4951,AVAILABLE
SEAT4952,SEC1,A,4952,AVAILABLE
SEAT4953,SEC1,A,4953,AVAILABLE
SEAT4954,SEC1,A,4954,AVAILABLE
SEAT4955,SEC1,A,4955,AVAILABLE
SEAT4956,SEC1,A,4956,AVAILABLE
SEAT4957,SEC1,A,4957,AVAILABLE
SEAT4958,SEC1,A,4958,AVAILABLE
SEAT4959,SEC1,A,4959,AVAILABLE
SEAT4960,SEC1,A,4960,AVAILABLE
SEAT4961,SEC1,A,4961,AVAILABLE
SEAT4962,SEC1,A,4962,AVAILABLE
SEAT4963,SEC1,A,4963,AVAILABLE
SEAT4964,SEC1,A,4964,AVAILABLE
SEAT4965,SEC1,A,4965,AVAILABLE
SEAT4966,SEC1,A,4966,AVAILABLE
SEAT4967,SEC1,A,4967,AVAILABLE
SEAT4968,SEC1,A,4968,AVAILABLE
SEAT4969,SEC1,A,4969,AVAILABLE
SEAT4970,SEC1,A,4970,AVAILABLE
SEAT4971,SEC1,A,4971,AVAILABLE
SEAT4972,SEC1,A,4972,AVAILABLE
SEAT4973,SEC1,A,4973,AVAILABLE
SEAT4974,SEC1,A,4974,AVAILABLE
SEAT4975,SEC1,A,4975,AVAILABLE
SEAT4976,SEC1,A,4976,AVAILABLE
SEAT4977,SEC1,A,4977,AVAILABLE
SEAT4978,SEC1,A,4978,AVAILABLE
SEAT4979,SEC1,A,4979,AVAILABLE
SEAT4980,SEC1,A,4980,AVAILABLE
SEAT4981,SEC1,A,4981,AVAILABLE
SEAT4982,SEC1,A,4982,AVAILABLE
SEAT4983,SEC1,A,4983,AVAILABLE
SEAT4984,SEC1,A,4984,AVAILABLE
SEAT4985,SEC1,A,4985,AVAILABLE
SEAT4986,SEC1,A,4986,AVAILABLE
SEAT4987,SEC1,A,4987,AVAILABLE
SEAT4988,SEC1,A,4988,AVAILABLE
SEAT4989,SEC1,A,4989,AVAILABLE
SEAT4990,SEC1,A,4990,AVAILABLE
SEAT4991,SEC1,A,4991,AVAILABLE
SEAT4992,SEC1,A,4992,AVAILABLE
SEAT4993,SEC1,A,4993,AVAILABLE
SEAT4994,SEC1,A,4994,AVAILABLE
SEAT4995,SEC1,A,4995,AVAILABLE
SEAT4996,SEC1,A,4996,AVAILABLE
SEAT4997,SEC1,A,4997,AVAILABLE
SEAT4998,SEC1,A,4998,AVAILABLE
SEAT4999,SEC1,A,4999,AVAILABLE
SEAT5000,SEC1,A,5000,AVAILABLE
SEAT5001,SEC1,A,5001,AVAILABLE
SEAT5002,SEC1,A,5002,AVAILABLE
SEAT5003,SEC1,A,5003,AVAILABLE
SEAT5004,SEC1,A,5004,AVAILABLE
SEAT5005,SEC1,A,5005,AVAILABLE
SEAT5006,SEC1,A,5006,AVAILABLE
SEAT5007,SEC1,A,5007,AVAILABLE
SEAT5008,SEC1,A,5008,AVAILABLE
SEAT5009,SEC1,A,5009,AVAILABLE
SEAT5010,SEC1,A,5010,AVAILABLE
SEAT5011,SEC1,A,5011,AVAILABLE
SEAT5012,SEC1,A,5012,AVAILABLE
SEAT5013,SEC1,A,5013,AVAILABLE
SEAT5014,SEC1,A,5014,AVAILABLE
SEAT5015,SEC1,A,5015,AVAILABLE
SEAT5016,SEC1,A,5016,AVAILABLE
SEAT5017,SEC1,A,5017,AVAILABLE
SEAT5018,SEC1,A,5018,AVAILABLE
SEAT5019,SEC1,A,5019,AVAILABLE
SEAT5020,SEC1,A,5020,AVAILABLE
SEAT5021,SEC1,A,5021,AVAILABLE
SEAT5022,SEC1,A,5022,AVAILABLE
SEAT5023,SEC1,A,5023,AVAILABLE
SEAT5024,SEC1,A,5024,AVAILABLE
SEAT5025,SEC1,A,5025,AVAILABLE
SEAT5026,SEC1,A,5026,AVAILABLE
SEAT5027,SEC1,A,5027,AVAILABLE
SEAT5028,SEC1,A,5028,AVAILABLE
SEAT5029,SEC1,A,5029,AVAILABLE
SEAT5030,SEC1,A,5030,AVAILABLE
SEAT5031,SEC1,A,5031,AVAILABLE
SEAT5032,SEC1,A,5032,AVAILABLE
SEAT5033,SEC1,A,5033,AVAILABLE
SEAT5034,SEC1,A,5034,AVAILABLE
SEAT5035,SEC1,A,5035,AVAILABLE
SEAT5036,SEC1,A,5036,AVAILABLE
SEAT5037,SEC1,A,5037,AVAILABLE
SEAT5038,SEC1,A,5038,AVAILABLE
SEAT5039,SEC1,A,5039,AVAILABLE
SEAT5040,SEC1,A,5040,AVAILABLE
SEAT5041,SEC1,A,5041,AVAILABLE
SEAT5042,SEC1,A,5042,AVAILABLE
SEAT5043,SEC1,A,5043,AVAILABLE
SEAT5044,SEC1,A,5044,AVAILABLE
SEAT5045,SEC1,A,5045,AVAILABLE
SEAT5046,SEC1,A,5046,AVAILABLE
SEAT5047,SEC1,A,5047,AVAILABLE
SEAT5048,SEC1,A,5048,AVAILABLE
SEAT5049,SEC1,A,5049,AVAILABLE
SEAT5050,SEC1,A,5050,AVAILABLE
SEAT5051,SEC1,A,5051,AVAILABLE
SEAT5052,SEC1,A,5052,AVAILABLE
SEAT5053,SEC1,A,5053,AVAILABLE
SEAT5054,SEC1,A,5054,AVAILABLE
SEAT5055,SEC1,A,5055,AVAILABLE
SEAT5056,SEC1,A,5056,AVAILABLE
SEAT5057,SEC1,A,5057,AVAILABLE
SEAT5058,SEC1,A,5058,AVAILABLE
SEAT5059,SEC1,A,5059,AVAILABLE
SEAT5060,SEC1,A,5060,AVAILABLE
SEAT5061,SEC1,A,5061,AVAILABLE
SEAT5062,SEC1,A,5062,AVAILABLE
SEAT5063,SEC1,A,5063,AVAILABLE
SEAT5064,SEC1,A,5064,AVAILABLE
SEAT5065,SEC1,A,5065,AVAILABLE
SEAT5066,SEC1,A,5066,AVAILABLE
SEAT5067,SEC1,A,5067,AVAILABLE
SEAT5068,SEC1,A,5068,AVAILABLE
SEAT5069,SEC1,A,5069,AVAILABLE
SEAT5070,SEC1,A,5070,AVAILABLE
SEAT5071,SEC1,A,5071,AVAILABLE
SEAT5072,SEC1,A,5072,AVAILABLE
SEAT5073,SEC1,A,5073,AVAILABLE
SEAT5074,SEC1,A,5074,AVAILABLE
SEAT5075,SEC1,A,5075,AVAILABLE
SEAT5076,SEC1,A,5076,AVAILABLE
SEAT5077,SEC1,A,5077,AVAILABLE
SEAT5078,SEC1,A,5078,AVAILABLE
SEAT5079,SEC1,A,5079,AVAILABLE
SEAT5080,SEC1,A,5080,AVAILABLE
SEAT5081,SEC1,A,5081,AVAILABLE
SEAT5082,SEC1,A,5082,AVAILABLE
SEAT5083,SEC1,A,5083,AVAILABLE
SEAT5084,SEC1,A,5084,AVAILABLE
SEAT5085,SEC1,A,5085,AVAILABLE
SEAT5086,SEC1,A,5086,AVAILABLE
SEAT5087,SEC1,A,5087,AVAILABLE
SEAT5088,SEC1,A,5088,AVAILABLE
SEAT5089,SEC1,A,5089,AVAILABLE
SEAT5090,SEC1,A,5090,AVAILABLE
SEAT5091,SEC1,A,5091,AVAILABLE
SEAT5092,SEC1,A,5092,AVAILABLE
SEAT5093,SEC1,A,5093,AVAILABLE
SEAT5094,SEC1,A,5094,AVAILABLE
SEAT5095,SEC1,A,5095,AVAILABLE
SEAT5096,SEC1,A,5096,AVAILABLE
SEAT5097,SEC1,A,5097,AVAILABLE
SEAT5098,SEC1,A,5098,AVAILABLE
SEAT5099,SEC1,A,5099,AVAILABLE
SEAT5100,SEC1,A,5100,AVAILABLE
SEAT5101,SEC1,A,5101,AVAILABLE
SEAT5102,SEC1,A,5102,AVAILABLE
SEAT5103,SEC1,A,5103,AVAILABLE
SEAT5104,SEC1,A,5104,AVAILABLE
SEAT5105,SEC1,A,5105,AVAILABLE
SEAT5106,SEC1,A,5106,AVAILABLE
SEAT5107,SEC1,A,5107,AVAILABLE
SEAT5108,SEC1,A,5108,AVAILABLE
SEAT5109,SEC1,A,5109,AVAILABLE
SEAT5110,SEC1,A,5110,AVAILABLE
SEAT5111,SEC1,A,5111,AVAILABLE
SEAT5112,SEC1,A,5112,AVAILABLE
SEAT5113,SEC1,A,5113,AVAILABLE
SEAT5114,SEC1,A,5114,AVAILABLE
SEAT5115,SEC1,A,5115,AVAILABLE
SEAT5116,SEC1,A,5116,AVAILABLE
SEAT5117,SEC1,A,5117,AVAILABLE
SEAT5118,SEC1,A,5118,AVAILABLE
SEAT5119,SEC1,A,5119,AVAILABLE
SEAT5120,SEC1,A,5120,AVAILABLE
SEAT5121,SEC1,A,5121,AVAILABLE
SEAT5122,SEC1,A,5122,AVAILABLE
SEAT5123,SEC1,A,5123,AVAILABLE
SEAT5124,SEC1,A,5124,AVAILABLE
SEAT5125,SEC1,A,5125,AVAILABLE
SEAT5126,SEC1,A,5126,AVAILABLE
SEAT5127,SEC1,A,5127,AVAILABLE
SEAT5128,SEC1,A,5128,AVAILABLE
SEAT5129,SEC1,A,5129,AVAILABLE
SEAT5130,SEC1,A,5130,AVAILABLE
SEAT5131,SEC1,A,5131,AVAILABLE
SEAT5132,SEC1,A,5132,AVAILABLE
SEAT5133,SEC1,A,5133,AVAILABLE
SEAT5134,SEC1,A,5134,AVAILABLE
SEAT5135,SEC1,A,5135,AVAILABLE
SEAT5136,SEC1,A,5136,AVAILABLE
SEAT5137,SEC1,A,5137,AVAILABLE
SEAT5138,SEC1,A,5138,AVAILABLE
SEAT5139,SEC1,A,5139,AVAILABLE
SEAT5140,SEC1,A,5140,AVAILABLE
SEAT5141,SEC1,A,5141,AVAILABLE
SEAT5142,SEC1,A,5142,AVAILABLE
SEAT5143,SEC1,A,5143,AVAILABLE
SEAT5144,SEC1,A,5144,AVAILABLE
SEAT5145,SEC1,A,5145,AVAILABLE
SEAT5146,SEC1,A,5146,AVAILABLE
SEAT5147,SEC1,A,5147,AVAILABLE
SEAT5148,SEC1,A,5148,AVAILABLE
SEAT5149,SEC1,A,5149,AVAILABLE
SEAT5150,SEC1,A,5150,AVAILABLE
SEAT5151,SEC1,A,5151,AVAILABLE
SEAT5152,SEC1,A,5152,AVAILABLE
SEAT5153,SEC1,A,5153,AVAILABLE
SEAT5154,SEC1,A,5154,AVAILABLE
SEAT5155,SEC1,A,5155,AVAILABLE
SEAT5156,SEC1,A,5156,AVAILABLE
SEAT5157,SEC1,A,5157,AVAILABLE
SEAT5158,SEC1,A,5158,AVAILABLE
SEAT5159,SEC1,A,5159,AVAILABLE
SEAT5160,SEC1,A,5160,AVAILABLE
SEAT5161,SEC1,A,5161,AVAILABLE
SEAT5162,SEC1,A,5162,AVAILABLE
SEAT5163,SEC1,A,5163,AVAILABLE
SEAT5164,SEC1,A,5164,AVAILABLE
SEAT5165,SEC1,A,5165,AVAILABLE
SEAT5166,SEC1,A,5166,AVAILABLE
SEAT5167,SEC1,A,5167,AVAILABLE
SEAT5168,SEC1,A,5168,AVAILABLE
SEAT5169,SEC1,A,5169,AVAILABLE
SEAT5170,SEC1,A,5170,AVAILABLE
SEAT5171,SEC1,A,5171,AVAILABLE
SEAT5172,SEC1,A,5172,AVAILABLE
SEAT5173,SEC1,A,5173,AVAILABLE
SEAT5174,SEC1,A,5174,AVAILABLE
SEAT5175,SEC1,A,5175,AVAILABLE
SEAT5176,SEC1,A,5176,AVAILABLE
SEAT5177,SEC1,A,5177,AVAILABLE
SEAT5178,SEC1,A,5178,AVAILABLE
SEAT5179,SEC1,A,5179,AVAILABLE
SEAT5180,SEC1,A,5180,AVAILABLE
SEAT5181,SEC1,A,5181,AVAILABLE
SEAT5182,SEC1,A,5182,AVAILABLE
SEAT5183,SEC1,A,5183,AVAILABLE
SEAT5184,SEC1,A,5184,AVAILABLE
SEAT5185,SEC1,A,5185,AVAILABLE
SEAT5186,SEC1,A,5186,AVAILABLE
SEAT5187,SEC1,A,5187,AVAILABLE
SEAT5188,SEC1,A,5188,AVAILABLE
SEAT5189,SEC1,A,5189,AVAILABLE
SEAT5190,SEC1,A,5190,AVAILABLE
SEAT5191,SEC1,A,5191,AVAILABLE
SEAT5192,SEC1,A,5192,AVAILABLE
SEAT5193,SEC1,A,5193,AVAILABLE
SEAT5194,SEC1,A,5194,AVAILABLE
SEAT5195,SEC1,A,5195,AVAILABLE
SEAT5196,SEC1,A,5196,AVAILABLE
SEAT5197,SEC1,A,5197,AVAILABLE
SEAT5198,SEC1,A,5198,AVAILABLE
SEAT5199,SEC1,A,5199,AVAILABLE
SEAT5200,SEC1,A,5200,AVAILABLE
SEAT5201,SEC1,A,5201,AVAILABLE
SEAT5202,SEC1,A,5202,AVAILABLE
SEAT5203,SEC1,A,5203,AVAILABLE
SEAT5204,SEC1,A,5204,AVAILABLE
SEAT5205,SEC1,A,5205,AVAILABLE
SEAT5206,SEC1,A,5206,AVAILABLE
SEAT5207,SEC1,A,5207,AVAILABLE
SEAT5208,SEC1,A,5208,AVAILABLE
SEAT5209,SEC1,A,5209,AVAILABLE
SEAT5210,SEC1,A,5210,AVAILABLE
SEAT5211,SEC1,A,5211,AVAILABLE
SEAT5212,SEC1,A,5212,AVAILABLE
SEAT5213,SEC1,A,5213,AVAILABLE
SEAT5214,SEC1,A,5214,AVAILABLE
SEAT5215,SEC1,A,5215,AVAILABLE
SEAT5216,SEC1,A,5216,AVAILABLE
SEAT5217,SEC1,A,5217,AVAILABLE
SEAT5218,SEC1,A,5218,AVAILABLE
SEAT5219,SEC1,A,5219,AVAILABLE
SEAT5220,SEC1,A,5220,AVAILABLE
SEAT5221,SEC1,A,5221,AVAILABLE
SEAT5222,SEC1,A,5222,AVAILABLE
SEAT5223,SEC1,A,5223,AVAILABLE
SEAT5224,SEC1,A,5224,AVAILABLE
SEAT5225,SEC1,A,5225,AVAILABLE
SEAT5226,SEC1,A,5226,AVAILABLE
SEAT5227,SEC1,A,5227,AVAILABLE
SEAT5228,SEC1,A,5228,AVAILABLE
SEAT5229,SEC1,A,5229,AVAILABLE
SEAT5230,SEC1,A,5230,AVAILABLE
SEAT5231,SEC1,A,5231,AVAILABLE
SEAT5232,SEC1,A,5232,AVAILABLE
SEAT5233,SEC1,A,5233,AVAILABLE
SEAT5234,SEC1,A,5234,AVAILABLE
SEAT5235,SEC1,A,5235,AVAILABLE
SEAT5236,SEC1,A,5236,AVAILABLE
SEAT5237,SEC1,A,5237,AVAILABLE
SEAT5238,SEC1,A,5238,AVAILABLE
SEAT5239,SEC1,A,5239,AVAILABLE
SEAT5240,SEC1,A,5240,AVAILABLE
SEAT5241,SEC1,A,5241,AVAILABLE
SEAT5242,SEC1,A,5242,AVAILABLE
SEAT5243,SEC1,A,5243,AVAILABLE
SEAT5244,SEC1,A,5244,AVAILABLE
SEAT5245,SEC1,A,5245,AVAILABLE
SEAT5246,SEC1,A,5246,AVAILABLE
SEAT5247,SEC1,A,5247,AVAILABLE
SEAT5248,SEC1,A,5248,AVAILABLE
SEAT5249,SEC1,A,5249,AVAILABLE
SEAT5250,SEC1,A,5250,AVAILABLE
SEAT5251,SEC1,A,5251,AVAILABLE
SEAT5252,SEC1,A,5252,AVAILABLE
SEAT5253,SEC1,A,5253,AVAILABLE
SEAT5254,SEC1,A,5254,AVAILABLE
SEAT5255,SEC1,A,5255,AVAILABLE
SEAT5256,SEC1,A,5256,AVAILABLE
SEAT5257,SEC1,A,5257,AVAILABLE
SEAT5258,SEC1,A,5258,AVAILABLE
SEAT5259,SEC1,A,5259,AVAILABLE
SEAT5260,SEC1,A,5260,AVAILABLE
SEAT5261,SEC1,A,5261,AVAILABLE
SEAT5262,SEC1,A,5262,AVAILABLE
SEAT5263,SEC1,A,5263,AVAILABLE
SEAT5264,SEC1,A,5264,AVAILABLE
SEAT5265,SEC1,A,5265,AVAILABLE
SEAT5266,SEC1,A,5266,AVAILABLE
SEAT5267,SEC1,A,5267,AVAILABLE
SEAT5268,SEC1,A,5268,AVAILABLE
SEAT5269,SEC1,A,5269,AVAILABLE
SEAT5270,SEC1,A,5270,AVAILABLE
SEAT5271,SEC1,A,5271,AVAILABLE
SEAT5272,SEC1,A,5272,AVAILABLE
SEAT5273,SEC1,A,5273,AVAILABLE
SEAT5274,SEC1,A,5274,AVAILABLE
SEAT5275,SEC1,A,5275,AVAILABLE
SEAT5276,SEC1,A,5276,AVAILABLE
SEAT5277,SEC1,A,5277,AVAILABLE
SEAT5278,SEC1,A,5278,AVAILABLE
SEAT5279,SEC1,A,5279,AVAILABLE
SEAT5280,SEC1,A,5280,AVAILABLE
SEAT5281,SEC1,A,5281,AVAILABLE
SEAT5282,SEC1,A,5282,AVAILABLE
SEAT5283,SEC1,A,5283,AVAILABLE
SEAT5284,SEC1,A,5284,AVAILABLE
SEAT5285,SEC1,A,5285,AVAILABLE
SEAT5286,SEC1,A,5286,AVAILABLE
SEAT5287,SEC1,A,5287,AVAILABLE
SEAT5288,SEC1,A,5288,AVAILABLE
SEAT5289,SEC1,A,5289,AVAILABLE
SEAT5290,SEC1,A,5290,AVAILABLE
SEAT5291,SEC1,A,5291,AVAILABLE
SEAT5292,SEC1,A,5292,AVAILABLE
SEAT5293,SEC1,A,5293,AVAILABLE
SEAT5294,SEC1,A,5294,AVAILABLE
SEAT5295,SEC1,A,5295,AVAILABLE
SEAT5296,SEC1,A,5296,AVAILABLE
SEAT5297,SEC1,A,5297,AVAILABLE
SEAT5298,SEC1,A,5298,AVAILABLE
SEAT5299,SEC1,A,5299,AVAILABLE
SEAT5300,SEC1,A,5300,AVAILABLE
SEAT5301,SEC1,A,5301,AVAILABLE
SEAT5302,SEC1,A,5302,AVAILABLE
SEAT5303,SEC1,A,5303,AVAILABLE
SEAT5304,SEC1,A,5304,AVAILABLE
SEAT5305,SEC1,A,5305,AVAILABLE
SEAT5306,SEC1,A,5306,AVAILABLE
SEAT5307,SEC1,A,5307,AVAILABLE
SEAT5308,SEC1,A,5308,AVAILABLE
SEAT5309,SEC1,A,5309,AVAILABLE
SEAT5310,SEC1,A,5310,AVAILABLE
SEAT5311,SEC1,A,5311,AVAILABLE
SEAT5312,SEC1,A,5312,AVAILABLE
SEAT5313,SEC1,A,5313,AVAILABLE
SEAT5314,SEC1,A,5314,AVAILABLE
SEAT5315,SEC1,A,5315,AVAILABLE
SEAT5316,SEC1,A,5316,AVAILABLE
SEAT5317,SEC1,A,5317,AVAILABLE
SEAT5318,SEC1,A,5318,AVAILABLE
SEAT5319,SEC1,A,5319,AVAILABLE
SEAT5320,SEC1,A,5320,AVAILABLE
SEAT5321,SEC1,A,5321,AVAILABLE
SEAT5322,SEC1,A,5322,AVAILABLE
SEAT5323,SEC1,A,5323,AVAILABLE
SEAT5324,SEC1,A,5324,AVAILABLE
SEAT5325,SEC1,A,5325,AVAILABLE
SEAT5326,SEC1,A,5326,AVAILABLE
SEAT5327,SEC1,A,5327,AVAILABLE
SEAT5328,SEC1,A,5328,AVAILABLE
SEAT5329,SEC1,A,5329,AVAILABLE
SEAT5330,SEC1,A,5330,AVAILABLE
SEAT5331,SEC1,A,5331,AVAILABLE
SEAT5332,SEC1,A,5332,AVAILABLE
SEAT5333,SEC1,A,5333,AVAILABLE
SEAT5334,SEC1,A,5334,AVAILABLE
SEAT5335,SEC1,A,5335,AVAILABLE
SEAT5336,SEC1,A,5336,AVAILABLE
SEAT5337,SEC1,A,5337,AVAILABLE
SEAT5338,SEC1,A,5338,AVAILABLE
SEAT5339,SEC1,A,5339,AVAILABLE
SEAT5340,SEC1,A,5340,AVAILABLE
SEAT5341,SEC1,A,5341,AVAILABLE
SEAT5342,SEC1,A,5342,AVAILABLE
SEAT5343,SEC1,A,5343,AVAILABLE
SEAT5344,SEC1,A,5344,AVAILABLE
SEAT5345,SEC1,A,5345,AVAILABLE
SEAT5346,SEC1,A,5346,AVAILABLE
SEAT5347,SEC1,A,5347,AVAILABLE
SEAT5348,SEC1,A,5348,AVAILABLE
SEAT5349,SEC1,A,5349,AVAILABLE
SEAT5350,SEC1,A,5350,AVAILABLE
SEAT5351,SEC1,A,5351,AVAILABLE
SEAT5352,SEC1,A,5352,AVAILABLE
SEAT5353,SEC1,A,5353,AVAILABLE
SEAT5354,SEC1,A,5354,AVAILABLE
SEAT5355,SEC1,A,5355,AVAILABLE
SEAT5356,SEC1,A,5356,AVAILABLE
SEAT5357,SEC1,A,5357,AVAILABLE
SEAT5358,SEC1,A,5358,AVAILABLE
SEAT5359,SEC1,A,5359,AVAILABLE
SEAT5360,SEC1,A,5360,AVAILABLE
SEAT5361,SEC1,A,5361,AVAILABLE
SEAT5362,SEC1,A,5362,AVAILABLE
SEAT5363,SEC1,A,5363,AVAILABLE
SEAT5364,SEC1,A,5364,AVAILABLE
SEAT5365,SEC1,A,5365,AVAILABLE
SEAT5366,SEC1,A,5366,AVAILABLE
SEAT5367,SEC1,A,5367,AVAILABLE
SEAT5368,SEC1,A,5368,AVAILABLE
SEAT5369,SEC1,A,5369,AVAILABLE
SEAT5370,SEC1,A,5370,AVAILABLE
SEAT5371,SEC1,A,5371,AVAILABLE
SEAT5372,SEC1,A,5372,AVAILABLE
SEAT5373,SEC1,A,5373,AVAILABLE
SEAT5374,SEC1,A,5374,AVAILABLE
SEAT5375,SEC1,A,5375,AVAILABLE
SEAT5376,SEC1,A,5376,AVAILABLE
SEAT5377,SEC1,A,5377,AVAILABLE
SEAT5378,SEC1,A,5378,AVAILABLE
SEAT5379,SEC1,A,5379,AVAILABLE
SEAT5380,SEC1,A,5380,AVAILABLE
SEAT5381,SEC1,A,5381,AVAILABLE
SEAT5382,SEC1,A,5382,AVAILABLE
SEAT5383,SEC1,A,5383,AVAILABLE
SEAT5384,SEC1,A,5384,AVAILABLE
SEAT5385,SEC1,A,5385,AVAILABLE
SEAT5386,SEC1,A,5386,AVAILABLE
SEAT5387,SEC1,A,5387,AVAILABLE
SEAT5388,SEC1,A,5388,AVAILABLE
SEAT5389,SEC1,A,5389,AVAILABLE
SEAT5390,SEC1,A,5390,AVAILABLE
SEAT5391,SEC1,A,5391,AVAILABLE
SEAT5392,SEC1,A,5392,AVAILABLE
SEAT5393,SEC1,A,5393,AVAILABLE
SEAT5394,SEC1,A,5394,AVAILABLE
SEAT5395,SEC1,A,5395,AVAILABLE
SEAT5396,SEC1,A,5396,AVAILABLE
SEAT5397,SEC1,A,5397,AVAILABLE
SEAT5398,SEC1,A,5398,AVAILABLE
SEAT5399,SEC1,A,5399,AVAILABLE
SEAT5400,SEC1,A,5400,AVAILABLE
SEAT5401,SEC1,A,5401,AVAILABLE
SEAT5402,SEC1,A,5402,AVAILABLE
SEAT5403,SEC1,A,5403,AVAILABLE
SEAT5404,SEC1,A,5404,AVAILABLE
SEAT5405,SEC1,A,5405,AVAILABLE
SEAT5406,SEC1,A,5406,AVAILABLE
SEAT5407,SEC1,A,5407,AVAILABLE
SEAT5408,SEC1,A,5408,AVAILABLE
SEAT5409,SEC1,A,5409,AVAILABLE
SEAT5410,SEC1,A,5410,AVAILABLE
SEAT5411,SEC1,A,5411,AVAILABLE
SEAT5412,SEC1,A,5412,AVAILABLE
SEAT5413,SEC1,A,5413,AVAILABLE
SEAT5414,SEC1,A,5414,AVAILABLE
SEAT5415,SEC1,A,5415,AVAILABLE
SEAT5416,SEC1,A,5416,AVAILABLE
SEAT5417,SEC1,A,5417,AVAILABLE
SEAT5418,SEC1,A,5418,AVAILABLE
SEAT5419,SEC1,A,5419,AVAILABLE
SEAT5420,SEC1,A,5420,AVAILABLE
SEAT5421,SEC1,A,5421,AVAILABLE
SEAT5422,SEC1,A,5422,AVAILABLE
SEAT5423,SEC1,A,5423,AVAILABLE
SEAT5424,SEC1,A,5424,AVAILABLE
SEAT5425,SEC1,A,5425,AVAILABLE
SEAT5426,SEC1,A,5426,AVAILABLE
SEAT5427,SEC1,A,5427,AVAILABLE
SEAT5428,SEC1,A,5428,AVAILABLE
SEAT5429,SEC1,A,5429,AVAILABLE
SEAT5430,SEC1,A,5430,AVAILABLE
SEAT5431,SEC1,A,5431,AVAILABLE
SEAT5432,SEC1,A,5432,AVAILABLE
SEAT5433,SEC1,A,5433,AVAILABLE
SEAT5434,SEC1,A,5434,AVAILABLE
SEAT5435,SEC1,A,5435,AVAILABLE
SEAT5436,SEC1,A,5436,AVAILABLE
SEAT5437,SEC1,A,5437,AVAILABLE
SEAT5438,SEC1,A,5438,AVAILABLE
SEAT5439,SEC1,A,5439,AVAILABLE
SEAT5440,SEC1,A,5440,AVAILABLE
SEAT5441,SEC1,A,5441,AVAILABLE
SEAT5442,SEC1,A,5442,AVAILABLE
SEAT5443,SEC1,A,5443,AVAILABLE
SEAT5444,SEC1,A,5444,AVAILABLE
SEAT5445,SEC1,A,5445,AVAILABLE
SEAT5446,SEC1,A,5446,AVAILABLE
SEAT5447,SEC1,A,5447,AVAILABLE
SEAT5448,SEC1,A,5448,AVAILABLE
SEAT5449,SEC1,A,5449,AVAILABLE
SEAT5450,SEC1,A,5450,AVAILABLE
SEAT5451,SEC1,A,5451,AVAILABLE
SEAT5452,SEC1,A,5452,AVAILABLE
SEAT5453,SEC1,A,5453,AVAILABLE
SEAT5454,SEC1,A,5454,AVAILABLE
SEAT5455,SEC1,A,5455,AVAILABLE
SEAT5456,SEC1,A,5456,AVAILABLE
SEAT5457,SEC1,A,5457,AVAILABLE
SEAT5458,SEC1,A,5458,AVAILABLE
SEAT5459,SEC1,A,5459,AVAILABLE
SEAT5460,SEC1,A,5460,AVAILABLE
SEAT5461,SEC1,A,5461,AVAILABLE
SEAT5462,SEC1,A,5462,AVAILABLE
SEAT5463,SEC1,A,5463,AVAILABLE
SEAT5464,SEC1,A,5464,AVAILABLE
SEAT5465,SEC1,A,5465,AVAILABLE
SEAT5466,SEC1,A,5466,AVAILABLE
SEAT5467,SEC1,A,5467,AVAILABLE
SEAT5468,SEC1,A,5468,AVAILABLE
SEAT5469,SEC1,A,5469,AVAILABLE
SEAT5470,SEC1,A,5470,AVAILABLE
SEAT5471,SEC1,A,5471,AVAILABLE
SEAT5472,SEC1,A,5472,AVAILABLE
SEAT5473,SEC1,A,5473,AVAILABLE
SEAT5474,SEC1,A,5474,AVAILABLE
SEAT5475,SEC1,A,5475,AVAILABLE
SEAT5476,SEC1,A,5476,AVAILABLE
SEAT5477,SEC1,A,5477,AVAILABLE
SEAT5478,SEC1,A,5478,AVAILABLE
SEAT5479,SEC1,A,5479,AVAILABLE
SEAT5480,SEC1,A,5480,AVAILABLE
SEAT5481,SEC1,A,5481,AVAILABLE
SEAT5482,SEC1,A,5482,AVAILABLE
SEAT5483,SEC1,A,5483,AVAILABLE
SEAT5484,SEC1,A,5484,AVAILABLE
SEAT5485,SEC1,A,5485,AVAILABLE
SEAT5486,SEC1,A,5486,AVAILABLE
SEAT5487,SEC1,A,5487,AVAILABLE
SEAT5488,SEC1,A,5488,AVAILABLE
SEAT5489,SEC1,A,5489,AVAILABLE
SEAT5490,SEC1,A,5490,AVAILABLE
SEAT5491,SEC1,A,5491,AVAILABLE
SEAT5492,SEC1,A,5492,AVAILABLE
SEAT5493,SEC1,A,5493,AVAILABLE
SEAT5494,SEC1,A,5494,AVAILABLE
SEAT5495,SEC1,A,5495,AVAILABLE
SEAT5496,SEC1,A,5496,AVAILABLE
SEAT5497,SEC1,A,5497,AVAILABLE
SEAT5498,SEC1,A,5498,AVAILABLE
SEAT5499,SEC1,A,5499,AVAILABLE
SEAT5500,SEC1,A,5500,AVAILABLE
SEAT5501,SEC1,A,5501,AVAILABLE
SEAT5502,SEC1,A,5502,AVAILABLE
SEAT5503,SEC1,A,5503,AVAILABLE
SEAT5504,SEC1,A,5504,AVAILABLE
SEAT5505,SEC1,A,5505,AVAILABLE
SEAT5506,SEC1,A,5506,AVAILABLE
SEAT5507,SEC1,A,5507,AVAILABLE
SEAT5508,SEC1,A,5508,AVAILABLE
SEAT5509,SEC1,A,5509,AVAILABLE
SEAT5510,SEC1,A,5510,AVAILABLE
SEAT5511,SEC1,A,5511,AVAILABLE
SEAT5512,SEC1,A,5512,AVAILABLE
SEAT5513,SEC1,A,5513,AVAILABLE
SEAT5514,SEC1,A,5514,AVAILABLE
SEAT5515,SEC1,A,5515,AVAILABLE
SEAT5516,SEC1,A,5516,AVAILABLE
SEAT5517,SEC1,A,5517,AVAILABLE
SEAT5518,SEC1,A,5518,AVAILABLE
SEAT5519,SEC1,A,5519,AVAILABLE
SEAT5520,SEC1,A,5520,AVAILABLE
SEAT5521,SEC1,A,5521,AVAILABLE
SEAT5522,SEC1,A,5522,AVAILABLE
SEAT5523,SEC1,A,5523,AVAILABLE
SEAT5524,SEC1,A,5524,AVAILABLE
SEAT5525,SEC1,A,5525,AVAILABLE
SEAT5526,SEC1,A,5526,AVAILABLE
SEAT5527,SEC1,A,5527,AVAILABLE
SEAT5528,SEC1,A,5528,AVAILABLE
SEAT5529,SEC1,A,5529,AVAILABLE
SEAT5530,SEC1,A,5530,AVAILABLE
SEAT5531,SEC1,A,5531,AVAILABLE
SEAT5532,SEC1,A,5532,AVAILABLE
SEAT5533,SEC1,A,5533,AVAILABLE
SEAT5534,SEC1,A,5534,AVAILABLE
SEAT5535,SEC1,A,5535,AVAILABLE
SEAT5536,SEC1,A,5536,AVAILABLE
SEAT5537,SEC1,A,5537,AVAILABLE
SEAT5538,SEC1,A,5538,AVAILABLE
SEAT5539,SEC1,A,5539,AVAILABLE
SEAT5540,SEC1,A,5540,AVAILABLE
SEAT5541,SEC1,A,5541,AVAILABLE
SEAT5542,SEC1,A,5542,AVAILABLE
SEAT5543,SEC1,A,5543,AVAILABLE
SEAT5544,SEC1,A,5544,AVAILABLE
SEAT5545,SEC1,A,5545,AVAILABLE
SEAT5546,SEC1,A,5546,AVAILABLE
SEAT5547,SEC1,A,5547,AVAILABLE
SEAT5548,SEC1,A,5548,AVAILABLE
SEAT5549,SEC1,A,5549,AVAILABLE
SEAT5550,SEC1,A,5550,AVAILABLE
SEAT5551,SEC1,A,5551,AVAILABLE
SEAT5552,SEC1,A,5552,AVAILABLE
SEAT5553,SEC1,A,5553,AVAILABLE
SEAT5554,SEC1,A,5554,AVAILABLE
SEAT5555,SEC1,A,5555,AVAILABLE
SEAT5556,SEC1,A,5556,AVAILABLE
SEAT5557,SEC1,A,5557,AVAILABLE
SEAT5558,SEC1,A,5558,AVAILABLE
SEAT5559,SEC1,A,5559,AVAILABLE
SEAT5560,SEC1,A,5560,AVAILABLE
SEAT5561,SEC1,A,5561,AVAILABLE
SEAT5562,SEC1,A,5562,AVAILABLE
SEAT5563,SEC1,A,5563,AVAILABLE
SEAT5564,SEC1,A,5564,AVAILABLE
SEAT5565,SEC1,A,5565,AVAILABLE
SEAT5566,SEC1,A,5566,AVAILABLE
SEAT5567,SEC1,A,5567,AVAILABLE
SEAT5568,SEC1,A,5568,AVAILABLE
SEAT5569,SEC1,A,5569,AVAILABLE
SEAT5570,SEC1,A,5570,AVAILABLE
SEAT5571,SEC1,A,5571,AVAILABLE
SEAT5572,SEC1,A,5572,AVAILABLE
SEAT5573,SEC1,A,5573,AVAILABLE
SEAT5574,SEC1,A,5574,AVAILABLE
SEAT5575,SEC1,A,5575,AVAILABLE
SEAT5576,SEC1,A,5576,AVAILABLE
SEAT5577,SEC1,A,5577,AVAILABLE
SEAT5578,SEC1,A,5578,AVAILABLE
SEAT5579,SEC1,A,5579,AVAILABLE
SEAT5580,SEC1,A,5580,AVAILABLE
SEAT5581,SEC1,A,5581,AVAILABLE
SEAT5582,SEC1,A,5582,AVAILABLE
SEAT5583,SEC1,A,5583,AVAILABLE
SEAT5584,SEC1,A,5584,AVAILABLE
SEAT5585,SEC1,A,5585,AVAILABLE
SEAT5586,SEC1,A,5586,AVAILABLE
SEAT5587,SEC1,A,5587,AVAILABLE
SEAT5588,SEC1,A,5588,AVAILABLE
SEAT5589,SEC1,A,5589,AVAILABLE
SEAT5590,SEC1,A,5590,AVAILABLE
SEAT5591,SEC1,A,5591,AVAILABLE
SEAT5592,SEC1,A,5592,AVAILABLE
SEAT5593,SEC1,A,5593,AVAILABLE
SEAT5594,SEC1,A,5594,AVAILABLE
SEAT5595,SEC1,A,5595,AVAILABLE
SEAT5596,SEC1,A,5596,AVAILABLE
SEAT5597,SEC1,A,5597,AVAILABLE
SEAT5598,SEC1,A,5598,AVAILABLE
SEAT5599,SEC1,A,5599,AVAILABLE
SEAT5600,SEC1,A,5600,AVAILABLE
SEAT5601,SEC1,A,5601,AVAILABLE
SEAT5602,SEC1,A,5602,AVAILABLE
SEAT5603,SEC1,A,5603,AVAILABLE
SEAT5604,SEC1,A,5604,AVAILABLE
SEAT5605,SEC1,A,5605,AVAILABLE
SEAT5606,SEC1,A,5606,AVAILABLE
SEAT5607,SEC1,A,5607,AVAILABLE
SEAT5608,SEC1,A,5608,AVAILABLE
SEAT5609,SEC1,A,5609,AVAILABLE
SEAT5610,SEC1,A,5610,AVAILABLE
SEAT5611,SEC1,A,5611,AVAILABLE
SEAT5612,SEC1,A,5612,AVAILABLE
SEAT5613,SEC1,A,5613,AVAILABLE
SEAT5614,SEC1,A,5614,AVAILABLE
SEAT5615,SEC1,A,5615,AVAILABLE
SEAT5616,SEC1,A,5616,AVAILABLE
SEAT5617,SEC1,A,5617,AVAILABLE
SEAT5618,SEC1,A,5618,AVAILABLE
SEAT5619,SEC1,A,5619,AVAILABLE
SEAT5620,SEC1,A,5620,AVAILABLE
SEAT5621,SEC1,A,5621,AVAILABLE
SEAT5622,SEC1,A,5622,AVAILABLE
SEAT5623,SEC1,A,5623,AVAILABLE
SEAT5624,SEC1,A,5624,AVAILABLE
SEAT5625,SEC1,A,5625,AVAILABLE
SEAT5626,SEC1,A,5626,AVAILABLE
SEAT5627,SEC1,A,5627,AVAILABLE
SEAT5628,SEC1,A,5628,AVAILABLE
SEAT5629,SEC1,A,5629,AVAILABLE
SEAT5630,SEC1,A,5630,AVAILABLE
SEAT5631,SEC1,A,5631,AVAILABLE
SEAT5632,SEC1,A,5632,AVAILABLE
SEAT5633,SEC1,A,5633,AVAILABLE
SEAT5634,SEC1,A,5634,AVAILABLE
SEAT5635,SEC1,A,5635,AVAILABLE
SEAT5636,SEC1,A,5636,AVAILABLE
SEAT5637,SEC1,A,5637,AVAILABLE
SEAT5638,SEC1,A,5638,AVAILABLE
SEAT5639,SEC1,A,5639,AVAILABLE
SEAT5640,SEC1,A,5640,AVAILABLE
SEAT5641,SEC1,A,5641,AVAILABLE
SEAT5642,SEC1,A,5642,AVAILABLE
SEAT5643,SEC1,A,5643,AVAILABLE
SEAT5644,SEC1,A,5644,AVAILABLE
SEAT5645,SEC1,A,5645,AVAILABLE
SEAT5646,SEC1,A,5646,AVAILABLE
SEAT5647,SEC1,A,5647,AVAILABLE
SEAT5648,SEC1,A,5648,AVAILABLE
SEAT5649,SEC1,A,5649,AVAILABLE
SEAT5650,SEC1,A,5650,AVAILABLE
SEAT5651,SEC1,A,5651,AVAILABLE
SEAT5652,SEC1,A,5652,AVAILABLE
SEAT5653,SEC1,A,5653,AVAILABLE
SEAT5654,SEC1,A,5654,AVAILABLE
SEAT5655,SEC1,A,5655,AVAILABLE
SEAT5656,SEC1,A,5656,AVAILABLE
SEAT5657,SEC1,A,5657,AVAILABLE
SEAT5658,SEC1,A,5658,AVAILABLE
SEAT5659,SEC1,A,5659,AVAILABLE
SEAT5660,SEC1,A,5660,AVAILABLE
SEAT5661,SEC1,A,5661,AVAILABLE
SEAT5662,SEC1,A,5662,AVAILABLE
SEAT5663,SEC1,A,5663,AVAILABLE
SEAT5664,SEC1,A,5664,AVAILABLE
SEAT5665,SEC1,A,5665,AVAILABLE
SEAT5666,SEC1,A,5666,AVAILABLE
SEAT5667,SEC1,A,5667,AVAILABLE
SEAT5668,SEC1,A,5668,AVAILABLE
SEAT5669,SEC1,A,5669,AVAILABLE
SEAT5670,SEC1,A,5670,AVAILABLE
SEAT5671,SEC1,A,5671,AVAILABLE
SEAT5672,SEC1,A,5672,AVAILABLE
SEAT5673,SEC1,A,5673,AVAILABLE
SEAT5674,SEC1,A,5674,AVAILABLE
SEAT5675,SEC1,A,5675,AVAILABLE
SEAT5676,SEC1,A,5676,AVAILABLE
SEAT5677,SEC1,A,5677,AVAILABLE
SEAT5678,SEC1,A,5678,AVAILABLE
SEAT5679,SEC1,A,5679,AVAILABLE
SEAT5680,SEC1,A,5680,AVAILABLE
SEAT5681,SEC1,A,5681,AVAILABLE
SEAT5682,SEC1,A,5682,AVAILABLE
SEAT5683,SEC1,A,5683,AVAILABLE
SEAT5684,SEC1,A,5684,AVAILABLE
SEAT5685,SEC1,A,5685,AVAILABLE
SEAT5686,SEC1,A,5686,AVAILABLE
SEAT5687,SEC1,A,5687,AVAILABLE
SEAT5688,SEC1,A,5688,AVAILABLE
SEAT5689,SEC1,A,5689,AVAILABLE
SEAT5690,SEC1,A,5690,AVAILABLE
SEAT5691,SEC1,A,5691,AVAILABLE
SEAT5692,SEC1,A,5692,AVAILABLE
SEAT5693,SEC1,A,5693,AVAILABLE
SEAT5694,SEC1,A,5694,AVAILABLE
SEAT5695,SEC1,A,5695,AVAILABLE
SEAT5696,SEC1,A,5696,AVAILABLE
SEAT5697,SEC1,A,5697,AVAILABLE
SEAT5698,SEC1,A,5698,AVAILABLE
SEAT5699,SEC1,A,5699,AVAILABLE
SEAT5700,SEC1,A,5700,AVAILABLE
SEAT5701,SEC1,A,5701,AVAILABLE
SEAT5702,SEC1,A,5702,AVAILABLE
SEAT5703,SEC1,A,5703,AVAILABLE
SEAT5704,SEC1,A,5704,AVAILABLE
SEAT5705,SEC1,A,5705,AVAILABLE
SEAT5706,SEC1,A,5706,AVAILABLE
SEAT5707,SEC1,A,5707,AVAILABLE
SEAT5708,SEC1,A,5708,AVAILABLE
SEAT5709,SEC1,A,5709,AVAILABLE
SEAT5710,SEC1,A,5710,AVAILABLE
SEAT5711,SEC1,A,5711,AVAILABLE
SEAT5712,SEC1,A,5712,AVAILABLE
SEAT5713,SEC1,A,5713,AVAILABLE
SEAT5714,SEC1,A,5714,AVAILABLE
SEAT5715,SEC1,A,5715,AVAILABLE
SEAT5716,SEC1,A,5716,AVAILABLE
SEAT5717,SEC1,A,5717,AVAILABLE
SEAT5718,SEC1,A,5718,AVAILABLE
SEAT5719,SEC1,A,5719,AVAILABLE
SEAT5720,SEC1,A,5720,AVAILABLE
SEAT5721,SEC1,A,5721,AVAILABLE
SEAT5722,SEC1,A,5722,AVAILABLE
SEAT5723,SEC1,A,5723,AVAILABLE
SEAT5724,SEC1,A,5724,AVAILABLE
SEAT5725,SEC1,A,5725,AVAILABLE
SEAT5726,SEC1,A,5726,AVAILABLE
SEAT5727,SEC1,A,5727,AVAILABLE
SEAT5728,SEC1,A,5728,AVAILABLE
SEAT5729,SEC1,A,5729,AVAILABLE
SEAT5730,SEC1,A,5730,AVAILABLE
SEAT5731,SEC1,A,5731,AVAILABLE
SEAT5732,SEC1,A,5732,AVAILABLE
SEAT5733,SEC1,A,5733,AVAILABLE
SEAT5734,SEC1,A,5734,AVAILABLE
SEAT5735,SEC1,A,5735,AVAILABLE
SEAT5736,SEC1,A,5736,AVAILABLE
SEAT5737,SEC1,A,5737,AVAILABLE
SEAT5738,SEC1,A,5738,AVAILABLE
SEAT5739,SEC1,A,5739,AVAILABLE
SEAT5740,SEC1,A,5740,AVAILABLE
SEAT5741,SEC1,A,5741,AVAILABLE
SEAT5742,SEC1,A,5742,AVAILABLE
SEAT5743,SEC1,A,5743,AVAILABLE
SEAT5744,SEC1,A,5744,AVAILABLE
SEAT5745,SEC1,A,5745,AVAILABLE
SEAT5746,SEC1,A,5746,AVAILABLE
SEAT5747,SEC1,A,5747,AVAILABLE
SEAT5748,SEC1,A,5748,AVAILABLE
SEAT5749,SEC1,A,5749,AVAILABLE
SEAT5750,SEC1,A,5750,AVAILABLE
SEAT5751,SEC1,A,5751,AVAILABLE
SEAT5752,SEC1,A,5752,AVAILABLE
SEAT5753,SEC1,A,5753,AVAILABLE
SEAT5754,SEC1,A,5754,AVAILABLE
SEAT5755,SEC1,A,5755,AVAILABLE
SEAT5756,SEC1,A,5756,AVAILABLE
SEAT5757,SEC1,A,5757,AVAILABLE
SEAT5758,SEC1,A,5758,AVAILABLE
SEAT5759,SEC1,A,5759,AVAILABLE
SEAT5760,SEC1,A,5760,AVAILABLE
SEAT5761,SEC1,A,5761,AVAILABLE
SEAT5762,SEC1,A,5762,AVAILABLE
SEAT5763,SEC1,A,5763,AVAILABLE
SEAT5764,SEC1,A,5764,AVAILABLE
SEAT5765,SEC1,A,5765,AVAILABLE
SEAT5766,SEC1,A,5766,AVAILABLE
SEAT5767,SEC1,A,5767,AVAILABLE
SEAT5768,SEC1,A,5768,AVAILABLE
SEAT5769,SEC1,A,5769,AVAILABLE
SEAT5770,SEC1,A,5770,AVAILABLE
SEAT5771,SEC1,A,5771,AVAILABLE
SEAT5772,SEC1,A,5772,AVAILABLE
SEAT5773,SEC1,A,5773,AVAILABLE
SEAT5774,SEC1,A,5774,AVAILABLE
SEAT5775,SEC1,A,5775,AVAILABLE
SEAT5776,SEC1,A,5776,AVAILABLE
SEAT5777,SEC1,A,5777,AVAILABLE
SEAT5778,SEC1,A,5778,AVAILABLE
SEAT5779,SEC1,A,5779,AVAILABLE
SEAT5780,SEC1,A,5780,AVAILABLE
SEAT5781,SEC1,A,5781,AVAILABLE
SEAT5782,SEC1,A,5782,AVAILABLE
SEAT5783,SEC1,A,5783,AVAILABLE
SEAT5784,SEC1,A,5784,AVAILABLE
SEAT5785,SEC1,A,5785,AVAILABLE
SEAT5786,SEC1,A,5786,AVAILABLE
SEAT5787,SEC1,A,5787,AVAILABLE
SEAT5788,SEC1,A,5788,AVAILABLE
SEAT5789,SEC1,A,5789,AVAILABLE
SEAT5790,SEC1,A,5790,AVAILABLE
SEAT5791,SEC1,A,5791,AVAILABLE
SEAT5792,SEC1,A,5792,AVAILABLE
SEAT5793,SEC1,A,5793,AVAILABLE
SEAT5794,SEC1,A,5794,AVAILABLE
SEAT5795,SEC1,A,5795,AVAILABLE
SEAT5796,SEC1,A,5796,AVAILABLE
SEAT5797,SEC1,A,5797,AVAILABLE
SEAT5798,SEC1,A,5798,AVAILABLE
SEAT5799,SEC1,A,5799,AVAILABLE
SEAT5800,SEC1,A,5800,AVAILABLE
SEAT5801,SEC1,A,5801,AVAILABLE
SEAT5802,SEC1,A,5802,AVAILABLE
SEAT5803,SEC1,A,5803,AVAILABLE
SEAT5804,SEC1,A,5804,AVAILABLE
SEAT5805,SEC1,A,5805,AVAILABLE
SEAT5806,SEC1,A,5806,AVAILABLE
SEAT5807,SEC1,A,5807,AVAILABLE
SEAT5808,SEC1,A,5808,AVAILABLE
SEAT5809,SEC1,A,5809,AVAILABLE
SEAT5810,SEC1,A,5810,AVAILABLE
SEAT5811,SEC1,A,5811,AVAILABLE
SEAT5812,SEC1,A,5812,AVAILABLE
SEAT5813,SEC1,A,5813,AVAILABLE
SEAT5814,SEC1,A,5814,AVAILABLE
SEAT5815,SEC1,A,5815,AVAILABLE
SEAT5816,SEC1,A,5816,AVAILABLE
SEAT5817,SEC1,A,5817,AVAILABLE
SEAT5818,SEC1,A,5818,AVAILABLE
SEAT5819,SEC1,A,5819,AVAILABLE
SEAT5820,SEC1,A,5820,AVAILABLE
SEAT5821,SEC1,A,5821,AVAILABLE
SEAT5822,SEC1,A,5822,AVAILABLE
SEAT5823,SEC1,A,5823,AVAILABLE
SEAT5824,SEC1,A,5824,AVAILABLE
SEAT5825,SEC1,A,5825,AVAILABLE
SEAT5826,SEC1,A,5826,AVAILABLE
SEAT5827,SEC1,A,5827,AVAILABLE
SEAT5828,SEC1,A,5828,AVAILABLE
SEAT5829,SEC1,A,5829,AVAILABLE
SEAT5830,SEC1,A,5830,AVAILABLE
SEAT5831,SEC1,A,5831,AVAILABLE
SEAT5832,SEC1,A,5832,AVAILABLE
SEAT5833,SEC1,A,5833,AVAILABLE
SEAT5834,SEC1,A,5834,AVAILABLE
SEAT5835,SEC1,A,5835,AVAILABLE
SEAT5836,SEC1,A,5836,AVAILABLE
SEAT5837,SEC1,A,5837,AVAILABLE
SEAT5838,SEC1,A,5838,AVAILABLE
SEAT5839,SEC1,A,5839,AVAILABLE
SEAT5840,SEC1,A,5840,AVAILABLE
SEAT5841,SEC1,A,5841,AVAILABLE
SEAT5842,SEC1,A,5842,AVAILABLE
SEAT5843,SEC1,A,5843,AVAILABLE
SEAT5844,SEC1,A,5844,AVAILABLE
SEAT5845,SEC1,A,5845,AVAILABLE
SEAT5846,SEC1,A,5846,AVAILABLE
SEAT5847,SEC1,A,5847,AVAILABLE
SEAT5848,SEC1,A,5848,AVAILABLE
SEAT5849,SEC1,A,5849,AVAILABLE
SEAT5850,SEC1,A,5850,AVAILABLE
SEAT5851,SEC1,A,5851,AVAILABLE
SEAT5852,SEC1,A,5852,AVAILABLE
SEAT5853,SEC1,A,5853,AVAILABLE
SEAT5854,SEC1,A,5854,AVAILABLE
SEAT5855,SEC1,A,5855,AVAILABLE
SEAT5856,SEC1,A,5856,AVAILABLE
SEAT5857,SEC1,A,5857,AVAILABLE
SEAT5858,SEC1,A,5858,AVAILABLE
SEAT5859,SEC1,A,5859,AVAILABLE
SEAT5860,SEC1,A,5860,AVAILABLE
SEAT5861,SEC1,A,5861,AVAILABLE
SEAT5862,SEC1,A,5862,AVAILABLE
SEAT5863,SEC1,A,5863,AVAILABLE
SEAT5864,SEC1,A,5864,AVAILABLE
SEAT5865,SEC1,A,5865,AVAILABLE
SEAT5866,SEC1,A,5866,AVAILABLE
SEAT5867,SEC1,A,5867,AVAILABLE
SEAT5868,SEC1,A,5868,AVAILABLE
SEAT5869,SEC1,A,5869,AVAILABLE
SEAT5870,SEC1,A,5870,AVAILABLE
SEAT5871,SEC1,A,5871,AVAILABLE
SEAT5872,SEC1,A,5872,AVAILABLE
SEAT5873,SEC1,A,5873,AVAILABLE
SEAT5874,SEC1,A,5874,AVAILABLE
SEAT5875,SEC1,A,5875,AVAILABLE
SEAT5876,SEC1,A,5876,AVAILABLE
SEAT5877,SEC1,A,5877,AVAILABLE
SEAT5878,SEC1,A,5878,AVAILABLE
SEAT5879,SEC1,A,5879,AVAILABLE
SEAT5880,SEC1,A,5880,AVAILABLE
SEAT5881,SEC1,A,5881,AVAILABLE
SEAT5882,SEC1,A,5882,AVAILABLE
SEAT5883,SEC1,A,5883,AVAILABLE
SEAT5884,SEC1,A,5884,AVAILABLE
SEAT5885,SEC1,A,5885,AVAILABLE
SEAT5886,SEC1,A,5886,AVAILABLE
SEAT5887,SEC1,A,5887,AVAILABLE
SEAT5888,SEC1,A,5888,AVAILABLE
SEAT5889,SEC1,A,5889,AVAILABLE
SEAT5890,SEC1,A,5890,AVAILABLE
SEAT5891,SEC1,A,5891,AVAILABLE
SEAT5892,SEC1,A,5892,AVAILABLE
SEAT5893,SEC1,A,5893,AVAILABLE
SEAT5894,SEC1,A,5894,AVAILABLE
SEAT5895,SEC1,A,5895,AVAILABLE
SEAT5896,SEC1,A,5896,AVAILABLE
SEAT5897,SEC1,A,5897,AVAILABLE
SEAT5898,SEC1,A,5898,AVAILABLE
SEAT5899,SEC1,A,5899,AVAILABLE
SEAT5900,SEC1,A,5900,AVAILABLE
SEAT5901,SEC1,A,5901,AVAILABLE
SEAT5902,SEC1,A,5902,AVAILABLE
SEAT5903,SEC1,A,5903,AVAILABLE
SEAT5904,SEC1,A,5904,AVAILABLE
SEAT5905,SEC1,A,5905,AVAILABLE
SEAT5906,SEC1,A,5906,AVAILABLE
SEAT5907,SEC1,A,5907,AVAILABLE
SEAT5908,SEC1,A,5908,AVAILABLE
SEAT5909,SEC1,A,5909,AVAILABLE
SEAT5910,SEC1,A,5910,AVAILABLE
SEAT5911,SEC1,A,5911,AVAILABLE
SEAT5912,SEC1,A,5912,AVAILABLE
SEAT5913,SEC1,A,5913,AVAILABLE
SEAT5914,SEC1,A,5914,AVAILABLE
SEAT5915,SEC1,A,5915,AVAILABLE
SEAT5916,SEC1,A,5916,AVAILABLE
SEAT5917,SEC1,A,5917,AVAILABLE
SEAT5918,SEC1,A,5918,AVAILABLE
SEAT5919,SEC1,A,5919,AVAILABLE
SEAT5920,SEC1,A,5920,AVAILABLE
SEAT5921,SEC1,A,5921,AVAILABLE
SEAT5922,SEC1,A,5922,AVAILABLE
SEAT5923,SEC1,A,5923,AVAILABLE
SEAT5924,SEC1,A,5924,AVAILABLE
SEAT5925,SEC1,A,5925,AVAILABLE
SEAT5926,SEC1,A,5926,AVAILABLE
SEAT5927,SEC1,A,5927,AVAILABLE
SEAT5928,SEC1,A,5928,AVAILABLE
SEAT5929,SEC1,A,5929,AVAILABLE
SEAT5930,SEC1,A,5930,AVAILABLE
SEAT5931,SEC1,A,5931,AVAILABLE
SEAT5932,SEC1,A,5932,AVAILABLE
SEAT5933,SEC1,A,5933,AVAILABLE
SEAT5934,SEC1,A,5934,AVAILABLE
SEAT5935,SEC1,A,5935,AVAILABLE
SEAT5936,SEC1,A,5936,AVAILABLE
SEAT5937,SEC1,A,5937,AVAILABLE
SEAT5938,SEC1,A,5938,AVAILABLE
SEAT5939,SEC1,A,5939,AVAILABLE
SEAT5940,SEC1,A,5940,AVAILABLE
SEAT5941,SEC1,A,5941,AVAILABLE
SEAT5942,SEC1,A,5942,AVAILABLE
SEAT5943,SEC1,A,5943,AVAILABLE
SEAT5944,SEC1,A,5944,AVAILABLE
SEAT5945,SEC1,A,5945,AVAILABLE
SEAT5946,SEC1,A,5946,AVAILABLE
SEAT5947,SEC1,A,5947,AVAILABLE
SEAT5948,SEC1,A,5948,AVAILABLE
SEAT5949,SEC1,A,5949,AVAILABLE
SEAT5950,SEC1,A,5950,AVAILABLE
SEAT5951,SEC1,A,5951,AVAILABLE
SEAT5952,SEC1,A,5952,AVAILABLE
SEAT5953,SEC1,A,5953,AVAILABLE
SEAT5954,SEC1,A,5954,AVAILABLE
SEAT5955,SEC1,A,5955,AVAILABLE
SEAT5956,SEC1,A,5956,AVAILABLE
SEAT5957,SEC1,A,5957,AVAILABLE
SEAT5958,SEC1,A,5958,AVAILABLE
SEAT5959,SEC1,A,5959,AVAILABLE
SEAT5960,SEC1,A,5960,AVAILABLE
SEAT5961,SEC1,A,5961,AVAILABLE
SEAT5962,SEC1,A,5962,AVAILABLE
SEAT5963,SEC1,A,5963,AVAILABLE
SEAT5964,SEC1,A,5964,AVAILABLE
SEAT5965,SEC1,A,5965,AVAILABLE
SEAT5966,SEC1,A,5966,AVAILABLE
SEAT5967,SEC1,A,5967,AVAILABLE
SEAT5968,SEC1,A,5968,AVAILABLE
SEAT5969,SEC1,A,5969,AVAILABLE
SEAT5970,SEC1,A,5970,AVAILABLE
SEAT5971,SEC1,A,5971,AVAILABLE
SEAT5972,SEC1,A,5972,AVAILABLE
SEAT5973,SEC1,A,5973,AVAILABLE
SEAT5974,SEC1,A,5974,AVAILABLE
SEAT5975,SEC1,A,5975,AVAILABLE
SEAT5976,SEC1,A,5976,AVAILABLE
SEAT5977,SEC1,A,5977,AVAILABLE
SEAT5978,SEC1,A,5978,AVAILABLE
SEAT5979,SEC1,A,5979,AVAILABLE
SEAT5980,SEC1,A,5980,AVAILABLE
SEAT5981,SEC1,A,5981,AVAILABLE
SEAT5982,SEC1,A,5982,AVAILABLE
SEAT5983,SEC1,A,5983,AVAILABLE
SEAT5984,SEC1,A,5984,AVAILABLE
SEAT5985,SEC1,A,5985,AVAILABLE
SEAT5986,SEC1,A,5986,AVAILABLE
SEAT5987,SEC1,A,5987,AVAILABLE
SEAT5988,SEC1,A,5988,AVAILABLE
SEAT5989,SEC1,A,5989,AVAILABLE
SEAT5990,SEC1,A,5990,AVAILABLE
SEAT5991,SEC1,A,5991,AVAILABLE
SEAT5992,SEC1,A,5992,AVAILABLE
SEAT5993,SEC1,A,5993,AVAILABLE
SEAT5994,SEC1,A,5994,AVAILABLE
SEAT5995,SEC1,A,5995,AVAILABLE
SEAT5996,SEC1,A,5996,AVAILABLE
SEAT5997,SEC1,A,5997,AVAILABLE
SEAT5998,SEC1,A,5998,AVAILABLE
SEAT5999,SEC1,A,5999,AVAILABLE
SEAT6000,SEC1,A,6000,AVAILABLE
SEAT6001,SEC1,A,6001,AVAILABLE
SEAT6002,SEC1,A,6002,AVAILABLE
SEAT6003,SEC1,A,6003,AVAILABLE
SEAT6004,SEC1,A,6004,AVAILABLE
SEAT6005,SEC1,A,6005,AVAILABLE
SEAT6006,SEC1,A,6006,AVAILABLE
SEAT6007,SEC1,A,6007,AVAILABLE
SEAT6008,SEC1,A,6008,AVAILABLE
SEAT6009,SEC1,A,6009,AVAILABLE
SEAT6010,SEC1,A,6010,AVAILABLE
SEAT6011,SEC1,A,6011,AVAILABLE
SEAT6012,SEC1,A,6012,AVAILABLE
SEAT6013,SEC1,A,6013,AVAILABLE
SEAT6014,SEC1,A,6014,AVAILABLE
SEAT6015,SEC1,A,6015,AVAILABLE
SEAT6016,SEC1,A,6016,AVAILABLE
SEAT6017,SEC1,A,6017,AVAILABLE
SEAT6018,SEC1,A,6018,AVAILABLE
SEAT6019,SEC1,A,6019,AVAILABLE
SEAT6020,SEC1,A,6020,AVAILABLE
SEAT6021,SEC1,A,6021,AVAILABLE
SEAT6022,SEC1,A,6022,AVAILABLE
SEAT6023,SEC1,A,6023,AVAILABLE
SEAT6024,SEC1,A,6024,AVAILABLE
SEAT6025,SEC1,A,6025,AVAILABLE
SEAT6026,SEC1,A,6026,AVAILABLE
SEAT6027,SEC1,A,6027,AVAILABLE
SEAT6028,SEC1,A,6028,AVAILABLE
SEAT6029,SEC1,A,6029,AVAILABLE
SEAT6030,SEC1,A,6030,AVAILABLE
SEAT6031,SEC1,A,6031,AVAILABLE
SEAT6032,SEC1,A,6032,AVAILABLE
SEAT6033,SEC1,A,6033,AVAILABLE
SEAT6034,SEC1,A,6034,AVAILABLE
SEAT6035,SEC1,A,6035,AVAILABLE
SEAT6036,SEC1,A,6036,AVAILABLE
SEAT6037,SEC1,A,6037,AVAILABLE
SEAT6038,SEC1,A,6038,AVAILABLE
SEAT6039,SEC1,A,6039,AVAILABLE
SEAT6040,SEC1,A,6040,AVAILABLE
SEAT6041,SEC1,A,6041,AVAILABLE
SEAT6042,SEC1,A,6042,AVAILABLE
SEAT6043,SEC1,A,6043,AVAILABLE
SEAT6044,SEC1,A,6044,AVAILABLE
SEAT6045,SEC1,A,6045,AVAILABLE
SEAT6046,SEC1,A,6046,AVAILABLE
SEAT6047,SEC1,A,6047,AVAILABLE
SEAT6048,SEC1,A,6048,AVAILABLE
SEAT6049,SEC1,A,6049,AVAILABLE
SEAT6050,SEC1,A,6050,AVAILABLE
SEAT6051,SEC1,A,6051,AVAILABLE
SEAT6052,SEC1,A,6052,AVAILABLE
SEAT6053,SEC1,A,6053,AVAILABLE
SEAT6054,SEC1,A,6054,AVAILABLE
SEAT6055,SEC1,A,6055,AVAILABLE
SEAT6056,SEC1,A,6056,AVAILABLE
SEAT6057,SEC1,A,6057,AVAILABLE
SEAT6058,SEC1,A,6058,AVAILABLE
SEAT6059,SEC1,A,6059,AVAILABLE
SEAT6060,SEC1,A,6060,AVAILABLE
SEAT6061,SEC1,A,6061,AVAILABLE
SEAT6062,SEC1,A,6062,AVAILABLE
SEAT6063,SEC1,A,6063,AVAILABLE
SEAT6064,SEC1,A,6064,AVAILABLE
SEAT6065,SEC1,A,6065,AVAILABLE
SEAT6066,SEC1,A,6066,AVAILABLE
SEAT6067,SEC1,A,6067,AVAILABLE
SEAT6068,SEC1,A,6068,AVAILABLE
SEAT6069,SEC1,A,6069,AVAILABLE
SEAT6070,SEC1,A,6070,AVAILABLE
SEAT6071,SEC1,A,6071,AVAILABLE
SEAT6072,SEC1,A,6072,AVAILABLE
SEAT6073,SEC1,A,6073,AVAILABLE
SEAT6074,SEC1,A,6074,AVAILABLE
SEAT6075,SEC1,A,6075,AVAILABLE
SEAT6076,SEC1,A,6076,AVAILABLE
SEAT6077,SEC1,A,6077,AVAILABLE
SEAT6078,SEC1,A,6078,AVAILABLE
SEAT6079,SEC1,A,6079,AVAILABLE
SEAT6080,SEC1,A,6080,AVAILABLE
SEAT6081,SEC1,A,6081,AVAILABLE
SEAT6082,SEC1,A,6082,AVAILABLE
SEAT6083,SEC1,A,6083,AVAILABLE
SEAT6084,SEC1,A,6084,AVAILABLE
SEAT6085,SEC1,A,6085,AVAILABLE
SEAT6086,SEC1,A,6086,AVAILABLE
SEAT6087,SEC1,A,6087,AVAILABLE
SEAT6088,SEC1,A,6088,AVAILABLE
SEAT6089,SEC1,A,6089,AVAILABLE
SEAT6090,SEC1,A,6090,AVAILABLE
SEAT6091,SEC1,A,6091,AVAILABLE
SEAT6092,SEC1,A,6092,AVAILABLE
SEAT6093,SEC1,A,6093,AVAILABLE
SEAT6094,SEC1,A,6094,AVAILABLE
SEAT6095,SEC1,A,6095,AVAILABLE
SEAT6096,SEC1,A,6096,AVAILABLE
SEAT6097,SEC1,A,6097,AVAILABLE
SEAT6098,SEC1,A,6098,AVAILABLE
SEAT6099,SEC1,A,6099,AVAILABLE
SEAT6100,SEC1,A,6100,AVAILABLE
SEAT6101,SEC1,A,6101,AVAILABLE
SEAT6102,SEC1,A,6102,AVAILABLE
SEAT6103,SEC1,A,6103,AVAILABLE
SEAT6104,SEC1,A,6104,AVAILABLE
SEAT6105,SEC1,A,6105,AVAILABLE
SEAT6106,SEC1,A,6106,AVAILABLE
SEAT6107,SEC1,A,6107,AVAILABLE
SEAT6108,SEC1,A,6108,AVAILABLE
SEAT6109,SEC1,A,6109,AVAILABLE
SEAT6110,SEC1,A,6110,AVAILABLE
SEAT6111,SEC1,A,6111,AVAILABLE
SEAT6112,SEC1,A,6112,AVAILABLE
SEAT6113,SEC1,A,6113,AVAILABLE
SEAT6114,SEC1,A,6114,AVAILABLE
SEAT6115,SEC1,A,6115,AVAILABLE
SEAT6116,SEC1,A,6116,AVAILABLE
SEAT6117,SEC1,A,6117,AVAILABLE
SEAT6118,SEC1,A,6118,AVAILABLE
SEAT6119,SEC1,A,6119,AVAILABLE
SEAT6120,SEC1,A,6120,AVAILABLE
SEAT6121,SEC1,A,6121,AVAILABLE
SEAT6122,SEC1,A,6122,AVAILABLE
SEAT6123,SEC1,A,6123,AVAILABLE
SEAT6124,SEC1,A,6124,AVAILABLE
SEAT6125,SEC1,A,6125,AVAILABLE
SEAT6126,SEC1,A,6126,AVAILABLE
SEAT6127,SEC1,A,6127,AVAILABLE
SEAT6128,SEC1,A,6128,AVAILABLE
SEAT6129,SEC1,A,6129,AVAILABLE
SEAT6130,SEC1,A,6130,AVAILABLE
SEAT6131,SEC1,A,6131,AVAILABLE
SEAT6132,SEC1,A,6132,AVAILABLE
SEAT6133,SEC1,A,6133,AVAILABLE
SEAT6134,SEC1,A,6134,AVAILABLE
SEAT6135,SEC1,A,6135,AVAILABLE
SEAT6136,SEC1,A,6136,AVAILABLE
SEAT6137,SEC1,A,6137,AVAILABLE
SEAT6138,SEC1,A,6138,AVAILABLE
SEAT6139,SEC1,A,6139,AVAILABLE
SEAT6140,SEC1,A,6140,AVAILABLE
SEAT6141,SEC1,A,6141,AVAILABLE
SEAT6142,SEC1,A,6142,AVAILABLE
SEAT6143,SEC1,A,6143,AVAILABLE
SEAT6144,SEC1,A,6144,AVAILABLE
SEAT6145,SEC1,A,6145,AVAILABLE
SEAT6146,SEC1,A,6146,AVAILABLE
SEAT6147,SEC1,A,6147,AVAILABLE
SEAT6148,SEC1,A,6148,AVAILABLE
SEAT6149,SEC1,A,6149,AVAILABLE
SEAT6150,SEC1,A,6150,AVAILABLE
SEAT6151,SEC1,A,6151,AVAILABLE
SEAT6152,SEC1,A,6152,AVAILABLE
SEAT6153,SEC1,A,6153,AVAILABLE
SEAT6154,SEC1,A,6154,AVAILABLE
SEAT6155,SEC1,A,6155,AVAILABLE
SEAT6156,SEC1,A,6156,AVAILABLE
SEAT6157,SEC1,A,6157,AVAILABLE
SEAT6158,SEC1,A,6158,AVAILABLE
SEAT6159,SEC1,A,6159,AVAILABLE
SEAT6160,SEC1,A,6160,AVAILABLE
SEAT6161,SEC1,A,6161,AVAILABLE
SEAT6162,SEC1,A,6162,AVAILABLE
SEAT6163,SEC1,A,6163,AVAILABLE
SEAT6164,SEC1,A,6164,AVAILABLE
SEAT6165,SEC1,A,6165,AVAILABLE
SEAT6166,SEC1,A,6166,AVAILABLE
SEAT6167,SEC1,A,6167,AVAILABLE
SEAT6168,SEC1,A,6168,AVAILABLE
SEAT6169,SEC1,A,6169,AVAILABLE
SEAT6170,SEC1,A,6170,AVAILABLE
SEAT6171,SEC1,A,6171,AVAILABLE
SEAT6172,SEC1,A,6172,AVAILABLE
SEAT6173,SEC1,A,6173,AVAILABLE
SEAT6174,SEC1,A,6174,AVAILABLE
SEAT6175,SEC1,A,6175,AVAILABLE
SEAT6176,SEC1,A,6176,AVAILABLE
SEAT6177,SEC1,A,6177,AVAILABLE
SEAT6178,SEC1,A,6178,AVAILABLE
SEAT6179,SEC1,A,6179,AVAILABLE
SEAT6180,SEC1,A,6180,AVAILABLE
SEAT6181,SEC1,A,6181,AVAILABLE
SEAT6182,SEC1,A,6182,AVAILABLE
SEAT6183,SEC1,A,6183,AVAILABLE
SEAT6184,SEC1,A,6184,AVAILABLE
SEAT6185,SEC1,A,6185,AVAILABLE
SEAT6186,SEC1,A,6186,AVAILABLE
SEAT6187,SEC1,A,6187,AVAILABLE
SEAT6188,SEC1,A,6188,AVAILABLE
SEAT6189,SEC1,A,6189,AVAILABLE
SEAT6190,SEC1,A,6190,AVAILABLE
SEAT6191,SEC1,A,6191,AVAILABLE
SEAT6192,SEC1,A,6192,AVAILABLE
SEAT6193,SEC1,A,6193,AVAILABLE
SEAT6194,SEC1,A,6194,AVAILABLE
SEAT6195,SEC1,A,6195,AVAILABLE
SEAT6196,SEC1,A,6196,AVAILABLE
SEAT6197,SEC1,A,6197,AVAILABLE
SEAT6198,SEC1,A,6198,AVAILABLE
SEAT6199,SEC1,A,6199,AVAILABLE
SEAT6200,SEC1,A,6200,AVAILABLE
SEAT6201,SEC1,A,6201,AVAILABLE
SEAT6202,SEC1,A,6202,AVAILABLE
SEAT6203,SEC1,A,6203,AVAILABLE
SEAT6204,SEC1,A,6204,AVAILABLE
SEAT6205,SEC1,A,6205,AVAILABLE
SEAT6206,SEC1,A,6206,AVAILABLE
SEAT6207,SEC1,A,6207,AVAILABLE
SEAT6208,SEC1,A,6208,AVAILABLE
SEAT6209,SEC1,A,6209,AVAILABLE
SEAT6210,SEC1,A,6210,AVAILABLE
SEAT6211,SEC1,A,6211,AVAILABLE
SEAT6212,SEC1,A,6212,AVAILABLE
SEAT6213,SEC1,A,6213,AVAILABLE
SEAT6214,SEC1,A,6214,AVAILABLE
SEAT6215,SEC1,A,6215,AVAILABLE
SEAT6216,SEC1,A,6216,AVAILABLE
SEAT6217,SEC1,A,6217,AVAILABLE
SEAT6218,SEC1,A,6218,AVAILABLE
SEAT6219,SEC1,A,6219,AVAILABLE
SEAT6220,SEC1,A,6220,AVAILABLE
SEAT6221,SEC1,A,6221,AVAILABLE
SEAT6222,SEC1,A,6222,AVAILABLE
SEAT6223,SEC1,A,6223,AVAILABLE
SEAT6224,SEC1,A,6224,AVAILABLE
SEAT6225,SEC1,A,6225,AVAILABLE
SEAT6226,SEC1,A,6226,AVAILABLE
SEAT6227,SEC1,A,6227,AVAILABLE
SEAT6228,SEC1,A,6228,AVAILABLE
SEAT6229,SEC1,A,6229,AVAILABLE
SEAT6230,SEC1,A,6230,AVAILABLE
SEAT6231,SEC1,A,6231,AVAILABLE
SEAT6232,SEC1,A,6232,AVAILABLE
SEAT6233,SEC1,A,6233,AVAILABLE
SEAT6234,SEC1,A,6234,AVAILABLE
SEAT6235,SEC1,A,6235,AVAILABLE
SEAT6236,SEC1,A,6236,AVAILABLE
SEAT6237,SEC1,A,6237,AVAILABLE
SEAT6238,SEC1,A,6238,AVAILABLE
SEAT6239,SEC1,A,6239,AVAILABLE
SEAT6240,SEC1,A,6240,AVAILABLE
SEAT6241,SEC1,A,6241,AVAILABLE
SEAT6242,SEC1,A,6242,AVAILABLE
SEAT6243,SEC1,A,6243,AVAILABLE
SEAT6244,SEC1,A,6244,AVAILABLE
SEAT6245,SEC1,A,6245,AVAILABLE
SEAT6246,SEC1,A,6246,AVAILABLE
SEAT6247,SEC1,A,6247,AVAILABLE
SEAT6248,SEC1,A,6248,AVAILABLE
SEAT6249,SEC1,A,6249,AVAILABLE
SEAT6250,SEC1,A,6250,AVAILABLE
SEAT6251,SEC1,A,6251,AVAILABLE
SEAT6252,SEC1,A,6252,AVAILABLE
SEAT6253,SEC1,A,6253,AVAILABLE
SEAT6254,SEC1,A,6254,AVAILABLE
SEAT6255,SEC1,A,6255,AVAILABLE
SEAT6256,SEC1,A,6256,AVAILABLE
SEAT6257,SEC1,A,6257,AVAILABLE
SEAT6258,SEC1,A,6258,AVAILABLE
SEAT6259,SEC1,A,6259,AVAILABLE
SEAT6260,SEC1,A,6260,AVAILABLE
SEAT6261,SEC1,A,6261,AVAILABLE
SEAT6262,SEC1,A,6262,AVAILABLE
SEAT6263,SEC1,A,6263,AVAILABLE
SEAT6264,SEC1,A,6264,AVAILABLE
SEAT6265,SEC1,A,6265,AVAILABLE
SEAT6266,SEC1,A,6266,AVAILABLE
SEAT6267,SEC1,A,6267,AVAILABLE
SEAT6268,SEC1,A,6268,AVAILABLE
SEAT6269,SEC1,A,6269,AVAILABLE
SEAT6270,SEC1,A,6270,AVAILABLE
SEAT6271,SEC1,A,6271,AVAILABLE
SEAT6272,SEC1,A,6272,AVAILABLE
SEAT6273,SEC1,A,6273,AVAILABLE
SEAT6274,SEC1,A,6274,AVAILABLE
SEAT6275,SEC1,A,6275,AVAILABLE
SEAT6276,SEC1,A,6276,AVAILABLE
SEAT6277,SEC1,A,6277,AVAILABLE
SEAT6278,SEC1,A,6278,AVAILABLE
SEAT6279,SEC1,A,6279,AVAILABLE
SEAT6280,SEC1,A,6280,AVAILABLE
SEAT6281,SEC1,A,6281,AVAILABLE
SEAT6282,SEC1,A,6282,AVAILABLE
SEAT6283,SEC1,A,6283,AVAILABLE
SEAT6284,SEC1,A,6284,AVAILABLE
SEAT6285,SEC1,A,6285,AVAILABLE
SEAT6286,SEC1,A,6286,AVAILABLE
SEAT6287,SEC1,A,6287,AVAILABLE
SEAT6288,SEC1,A,6288,AVAILABLE
SEAT6289,SEC1,A,6289,AVAILABLE
SEAT6290,SEC1,A,6290,AVAILABLE
SEAT6291,SEC1,A,6291,AVAILABLE
SEAT6292,SEC1,A,6292,AVAILABLE
SEAT6293,SEC1,A,6293,AVAILABLE
SEAT6294,SEC1,A,6294,AVAILABLE
SEAT6295,SEC1,A,6295,AVAILABLE
SEAT6296,SEC1,A,6296,AVAILABLE
SEAT6297,SEC1,A,6297,AVAILABLE
SEAT6298,SEC1,A,6298,AVAILABLE
SEAT6299,SEC1,A,6299,AVAILABLE
SEAT6300,SEC1,A,6300,AVAILABLE
SEAT6301,SEC1,A,6301,AVAILABLE
SEAT6302,SEC1,A,6302,AVAILABLE
SEAT6303,SEC1,A,6303,AVAILABLE
SEAT6304,SEC1,A,6304,AVAILABLE
SEAT6305,SEC1,A,6305,AVAILABLE
SEAT6306,SEC1,A,6306,AVAILABLE
SEAT6307,SEC1,A,6307,AVAILABLE
SEAT6308,SEC1,A,6308,AVAILABLE
SEAT6309,SEC1,A,6309,AVAILABLE
SEAT6310,SEC1,A,6310,AVAILABLE
SEAT6311,SEC1,A,6311,AVAILABLE
SEAT6312,SEC1,A,6312,AVAILABLE
SEAT6313,SEC1,A,6313,AVAILABLE
SEAT6314,SEC1,A,6314,AVAILABLE
SEAT6315,SEC1,A,6315,AVAILABLE
SEAT6316,SEC1,A,6316,AVAILABLE
SEAT6317,SEC1,A,6317,AVAILABLE
SEAT6318,SEC1,A,6318,AVAILABLE
SEAT6319,SEC1,A,6319,AVAILABLE
SEAT6320,SEC1,A,6320,AVAILABLE
SEAT6321,SEC1,A,6321,AVAILABLE
SEAT6322,SEC1,A,6322,AVAILABLE
SEAT6323,SEC1,A,6323,AVAILABLE
SEAT6324,SEC1,A,6324,AVAILABLE
SEAT6325,SEC1,A,6325,AVAILABLE
SEAT6326,SEC1,A,6326,AVAILABLE
SEAT6327,SEC1,A,6327,AVAILABLE
SEAT6328,SEC1,A,6328,AVAILABLE
SEAT6329,SEC1,A,6329,AVAILABLE
SEAT6330,SEC1,A,6330,AVAILABLE
SEAT6331,SEC1,A,6331,AVAILABLE
SEAT6332,SEC1,A,6332,AVAILABLE
SEAT6333,SEC1,A,6333,AVAILABLE
SEAT6334,SEC1,A,6334,AVAILABLE
SEAT6335,SEC1,A,6335,AVAILABLE
SEAT6336,SEC1,A,6336,AVAILABLE
SEAT6337,SEC1,A,6337,AVAILABLE
SEAT6338,SEC1,A,6338,AVAILABLE
SEAT6339,SEC1,A,6339,AVAILABLE
SEAT6340,SEC1,A,6340,AVAILABLE
SEAT6341,SEC1,A,6341,AVAILABLE
SEAT6342,SEC1,A,6342,AVAILABLE
SEAT6343,SEC1,A,6343,AVAILABLE
SEAT6344,SEC1,A,6344,AVAILABLE
SEAT6345,SEC1,A,6345,AVAILABLE
SEAT6346,SEC1,A,6346,AVAILABLE
SEAT6347,SEC1,A,6347,AVAILABLE
SEAT6348,SEC1,A,6348,AVAILABLE
SEAT6349,SEC1,A,6349,AVAILABLE
SEAT6350,SEC1,A,6350,AVAILABLE
SEAT6351,SEC1,A,6351,AVAILABLE
SEAT6352,SEC1,A,6352,AVAILABLE
SEAT6353,SEC1,A,6353,AVAILABLE
SEAT6354,SEC1,A,6354,AVAILABLE
SEAT6355,SEC1,A,6355,AVAILABLE
SEAT6356,SEC1,A,6356,AVAILABLE
SEAT6357,SEC1,A,6357,AVAILABLE
SEAT6358,SEC1,A,6358,AVAILABLE
SEAT6359,SEC1,A,6359,AVAILABLE
SEAT6360,SEC1,A,6360,AVAILABLE
SEAT6361,SEC1,A,6361,AVAILABLE
SEAT6362,SEC1,A,6362,AVAILABLE
SEAT6363,SEC1,A,6363,AVAILABLE
SEAT6364,SEC1,A,6364,AVAILABLE
SEAT6365,SEC1,A,6365,AVAILABLE
SEAT6366,SEC1,A,6366,AVAILABLE
SEAT6367,SEC1,A,6367,AVAILABLE
SEAT6368,SEC1,A,6368,AVAILABLE
SEAT6369,SEC1,A,6369,AVAILABLE
SEAT6370,SEC1,A,6370,AVAILABLE
SEAT6371,SEC1,A,6371,AVAILABLE
SEAT6372,SEC1,A,6372,AVAILABLE
SEAT6373,SEC1,A,6373,AVAILABLE
SEAT6374,SEC1,A,6374,AVAILABLE
SEAT6375,SEC1,A,6375,AVAILABLE
SEAT6376,SEC1,A,6376,AVAILABLE
SEAT6377,SEC1,A,6377,AVAILABLE
SEAT6378,SEC1,A,6378,AVAILABLE
SEAT6379,SEC1,A,6379,AVAILABLE
SEAT6380,SEC1,A,6380,AVAILABLE
SEAT6381,SEC1,A,6381,AVAILABLE
SEAT6382,SEC1,A,6382,AVAILABLE
SEAT6383,SEC1,A,6383,AVAILABLE
SEAT6384,SEC1,A,6384,AVAILABLE
SEAT6385,SEC1,A,6385,AVAILABLE
SEAT6386,SEC1,A,6386,AVAILABLE
SEAT6387,SEC1,A,6387,AVAILABLE
SEAT6388,SEC1,A,6388,AVAILABLE
SEAT6389,SEC1,A,6389,AVAILABLE
SEAT6390,SEC1,A,6390,AVAILABLE
SEAT6391,SEC1,A,6391,AVAILABLE
SEAT6392,SEC1,A,6392,AVAILABLE
SEAT6393,SEC1,A,6393,AVAILABLE
SEAT6394,SEC1,A,6394,AVAILABLE
SEAT6395,SEC1,A,6395,AVAILABLE
SEAT6396,SEC1,A,6396,AVAILABLE
SEAT6397,SEC1,A,6397,AVAILABLE
SEAT6398,SEC1,A,6398,AVAILABLE
SEAT6399,SEC1,A,6399,AVAILABLE
SEAT6400,SEC1,A,6400,AVAILABLE
SEAT6401,SEC1,A,6401,AVAILABLE
SEAT6402,SEC1,A,6402,AVAILABLE
SEAT6403,SEC1,A,6403,AVAILABLE
SEAT6404,SEC1,A,6404,AVAILABLE
SEAT6405,SEC1,A,6405,AVAILABLE
SEAT6406,SEC1,A,6406,AVAILABLE
SEAT6407,SEC1,A,6407,AVAILABLE
SEAT6408,SEC1,A,6408,AVAILABLE
SEAT6409,SEC1,A,6409,AVAILABLE
SEAT6410,SEC1,A,6410,AVAILABLE
SEAT6411,SEC1,A,6411,AVAILABLE
SEAT6412,SEC1,A,6412,AVAILABLE
SEAT6413,SEC1,A,6413,AVAILABLE
SEAT6414,SEC1,A,6414,AVAILABLE
SEAT6415,SEC1,A,6415,AVAILABLE
SEAT6416,SEC1,A,6416,AVAILABLE
SEAT6417,SEC1,A,6417,AVAILABLE
SEAT6418,SEC1,A,6418,AVAILABLE
SEAT6419,SEC1,A,6419,AVAILABLE
SEAT6420,SEC1,A,6420,AVAILABLE
SEAT6421,SEC1,A,6421,AVAILABLE
SEAT6422,SEC1,A,6422,AVAILABLE
SEAT6423,SEC1,A,6423,AVAILABLE
SEAT6424,SEC1,A,6424,AVAILABLE
SEAT6425,SEC1,A,6425,AVAILABLE
SEAT6426,SEC1,A,6426,AVAILABLE
SEAT6427,SEC1,A,6427,AVAILABLE
SEAT6428,SEC1,A,6428,AVAILABLE
SEAT6429,SEC1,A,6429,AVAILABLE
SEAT6430,SEC1,A,6430,AVAILABLE
SEAT6431,SEC1,A,6431,AVAILABLE
SEAT6432,SEC1,A,6432,AVAILABLE
SEAT6433,SEC1,A,6433,AVAILABLE
SEAT6434,SEC1,A,6434,AVAILABLE
SEAT6435,SEC1,A,6435,AVAILABLE
SEAT6436,SEC1,A,6436,AVAILABLE
SEAT6437,SEC1,A,6437,AVAILABLE
SEAT6438,SEC1,A,6438,AVAILABLE
SEAT6439,SEC1,A,6439,AVAILABLE
SEAT6440,SEC1,A,6440,AVAILABLE
SEAT6441,SEC1,A,6441,AVAILABLE
SEAT6442,SEC1,A,6442,AVAILABLE
SEAT6443,SEC1,A,6443,AVAILABLE
SEAT6444,SEC1,A,6444,AVAILABLE
SEAT6445,SEC1,A,6445,AVAILABLE
SEAT6446,SEC1,A,6446,AVAILABLE
SEAT6447,SEC1,A,6447,AVAILABLE
SEAT6448,SEC1,A,6448,AVAILABLE
SEAT6449,SEC1,A,6449,AVAILABLE
SEAT6450,SEC1,A,6450,AVAILABLE
SEAT6451,SEC1,A,6451,AVAILABLE
SEAT6452,SEC1,A,6452,AVAILABLE
SEAT6453,SEC1,A,6453,AVAILABLE
SEAT6454,SEC1,A,6454,AVAILABLE
SEAT6455,SEC1,A,6455,AVAILABLE
SEAT6456,SEC1,A,6456,AVAILABLE
SEAT6457,SEC1,A,6457,AVAILABLE
SEAT6458,SEC1,A,6458,AVAILABLE
SEAT6459,SEC1,A,6459,AVAILABLE
SEAT6460,SEC1,A,6460,AVAILABLE
SEAT6461,SEC1,A,6461,AVAILABLE
SEAT6462,SEC1,A,6462,AVAILABLE
SEAT6463,SEC1,A,6463,AVAILABLE
SEAT6464,SEC1,A,6464,AVAILABLE
SEAT6465,SEC1,A,6465,AVAILABLE
SEAT6466,SEC1,A,6466,AVAILABLE
SEAT6467,SEC1,A,6467,AVAILABLE
SEAT6468,SEC1,A,6468,AVAILABLE
SEAT6469,SEC1,A,6469,AVAILABLE
SEAT6470,SEC1,A,6470,AVAILABLE
SEAT6471,SEC1,A,6471,AVAILABLE
SEAT6472,SEC1,A,6472,AVAILABLE
SEAT6473,SEC1,A,6473,AVAILABLE
SEAT6474,SEC1,A,6474,AVAILABLE
SEAT6475,SEC1,A,6475,AVAILABLE
SEAT6476,SEC1,A,6476,AVAILABLE
SEAT6477,SEC1,A,6477,AVAILABLE
SEAT6478,SEC1,A,6478,AVAILABLE
SEAT6479,SEC1,A,6479,AVAILABLE
SEAT6480,SEC1,A,6480,AVAILABLE
SEAT6481,SEC1,A,6481,AVAILABLE
SEAT6482,SEC1,A,6482,AVAILABLE
SEAT6483,SEC1,A,6483,AVAILABLE
SEAT6484,SEC1,A,6484,AVAILABLE
SEAT6485,SEC1,A,6485,AVAILABLE
SEAT6486,SEC1,A,6486,AVAILABLE
SEAT6487,SEC1,A,6487,AVAILABLE
SEAT6488,SEC1,A,6488,AVAILABLE
SEAT6489,SEC1,A,6489,AVAILABLE
SEAT6490,SEC1,A,6490,AVAILABLE
SEAT6491,SEC1,A,6491,AVAILABLE
SEAT6492,SEC1,A,6492,AVAILABLE
SEAT6493,SEC1,A,6493,AVAILABLE
SEAT6494,SEC1,A,6494,AVAILABLE
SEAT6495,SEC1,A,6495,AVAILABLE
SEAT6496,SEC1,A,6496,AVAILABLE
SEAT6497,SEC1,A,6497,AVAILABLE
SEAT6498,SEC1,A,6498,AVAILABLE
SEAT6499,SEC1,A,6499,AVAILABLE
SEAT6500,SEC1,A,6500,AVAILABLE
SEAT6501,SEC1,A,6501,AVAILABLE
SEAT6502,SEC1,A,6502,AVAILABLE
SEAT6503,SEC1,A,6503,AVAILABLE
SEAT6504,SEC1,A,6504,AVAILABLE
SEAT6505,SEC1,A,6505,AVAILABLE
SEAT6506,SEC1,A,6506,AVAILABLE
SEAT6507,SEC1,A,6507,AVAILABLE
SEAT6508,SEC1,A,6508,AVAILABLE
SEAT6509,SEC1,A,6509,AVAILABLE
SEAT6510,SEC1,A,6510,AVAILABLE
SEAT6511,SEC1,A,6511,AVAILABLE
SEAT6512,SEC1,A,6512,AVAILABLE
SEAT6513,SEC1,A,6513,AVAILABLE
SEAT6514,SEC1,A,6514,AVAILABLE
SEAT6515,SEC1,A,6515,AVAILABLE
SEAT6516,SEC1,A,6516,AVAILABLE
SEAT6517,SEC1,A,6517,AVAILABLE
SEAT6518,SEC1,A,6518,AVAILABLE
SEAT6519,SEC1,A,6519,AVAILABLE
SEAT6520,SEC1,A,6520,AVAILABLE
SEAT6521,SEC1,A,6521,AVAILABLE
SEAT6522,SEC1,A,6522,AVAILABLE
SEAT6523,SEC1,A,6523,AVAILABLE
SEAT6524,SEC1,A,6524,AVAILABLE
SEAT6525,SEC1,A,6525,AVAILABLE
SEAT6526,SEC1,A,6526,AVAILABLE
SEAT6527,SEC1,A,6527,AVAILABLE
SEAT6528,SEC1,A,6528,AVAILABLE
SEAT6529,SEC1,A,6529,AVAILABLE
SEAT6530,SEC1,A,6530,AVAILABLE
SEAT6531,SEC1,A,6531,AVAILABLE
SEAT6532,SEC1,A,6532,AVAILABLE
SEAT6533,SEC1,A,6533,AVAILABLE
SEAT6534,SEC1,A,6534,AVAILABLE
SEAT6535,SEC1,A,6535,AVAILABLE
SEAT6536,SEC1,A,6536,AVAILABLE
SEAT6537,SEC1,A,6537,AVAILABLE
SEAT6538,SEC1,A,6538,AVAILABLE
SEAT6539,SEC1,A,6539,AVAILABLE
SEAT6540,SEC1,A,6540,AVAILABLE
SEAT6541,SEC1,A,6541,AVAILABLE
SEAT6542,SEC1,A,6542,AVAILABLE
SEAT6543,SEC1,A,6543,AVAILABLE
SEAT6544,SEC1,A,6544,AVAILABLE
SEAT6545,SEC1,A,6545,AVAILABLE
SEAT6546,SEC1,A,6546,AVAILABLE
SEAT6547,SEC1,A,6547,AVAILABLE
SEAT6548,SEC1,A,6548,AVAILABLE
SEAT6549,SEC1,A,6549,AVAILABLE
SEAT6550,SEC1,A,6550,AVAILABLE
SEAT6551,SEC1,A,6551,AVAILABLE
SEAT6552,SEC1,A,6552,AVAILABLE
SEAT6553,SEC1,A,6553,AVAILABLE
SEAT6554,SEC1,A,6554,AVAILABLE
SEAT6555,SEC1,A,6555,AVAILABLE
SEAT6556,SEC1,A,6556,AVAILABLE
SEAT6557,SEC1,A,6557,AVAILABLE
SEAT6558,SEC1,A,6558,AVAILABLE
SEAT6559,SEC1,A,6559,AVAILABLE
SEAT6560,SEC1,A,6560,AVAILABLE
SEAT6561,SEC1,A,6561,AVAILABLE
SEAT6562,SEC1,A,6562,AVAILABLE
SEAT6563,SEC1,A,6563,AVAILABLE
SEAT6564,SEC1,A,6564,AVAILABLE
SEAT6565,SEC1,A,6565,AVAILABLE
SEAT6566,SEC1,A,6566,AVAILABLE
SEAT6567,SEC1,A,6567,AVAILABLE
SEAT6568,SEC1,A,6568,AVAILABLE
SEAT6569,SEC1,A,6569,AVAILABLE
SEAT6570,SEC1,A,6570,AVAILABLE
SEAT6571,SEC1,A,6571,AVAILABLE
SEAT6572,SEC1,A,6572,AVAILABLE
SEAT6573,SEC1,A,6573,AVAILABLE
SEAT6574,SEC1,A,6574,AVAILABLE
SEAT6575,SEC1,A,6575,AVAILABLE
SEAT6576,SEC1,A,6576,AVAILABLE
SEAT6577,SEC1,A,6577,AVAILABLE
SEAT6578,SEC1,A,6578,AVAILABLE
SEAT6579,SEC1,A,6579,AVAILABLE
SEAT6580,SEC1,A,6580,AVAILABLE
SEAT6581,SEC1,A,6581,AVAILABLE
SEAT6582,SEC1,A,6582,AVAILABLE
SEAT6583,SEC1,A,6583,AVAILABLE
SEAT6584,SEC1,A,6584,AVAILABLE
SEAT6585,SEC1,A,6585,AVAILABLE
SEAT6586,SEC1,A,6586,AVAILABLE
SEAT6587,SEC1,A,6587,AVAILABLE
SEAT6588,SEC1,A,6588,AVAILABLE
SEAT6589,SEC1,A,6589,AVAILABLE
SEAT6590,SEC1,A,6590,AVAILABLE
SEAT6591,SEC1,A,6591,AVAILABLE
SEAT6592,SEC1,A,6592,AVAILABLE
SEAT6593,SEC1,A,6593,AVAILABLE
SEAT6594,SEC1,A,6594,AVAILABLE
SEAT6595,SEC1,A,6595,AVAILABLE
SEAT6596,SEC1,A,6596,AVAILABLE
SEAT6597,SEC1,A,6597,AVAILABLE
SEAT6598,SEC1,A,6598,AVAILABLE
SEAT6599,SEC1,A,6599,AVAILABLE
SEAT6600,SEC1,A,6600,AVAILABLE
SEAT6601,SEC1,A,6601,AVAILABLE
SEAT6602,SEC1,A,6602,AVAILABLE
SEAT6603,SEC1,A,6603,AVAILABLE
SEAT6604,SEC1,A,6604,AVAILABLE
SEAT6605,SEC1,A,6605,AVAILABLE
SEAT6606,SEC1,A,6606,AVAILABLE
SEAT6607,SEC1,A,6607,AVAILABLE
SEAT6608,SEC1,A,6608,AVAILABLE
SEAT6609,SEC1,A,6609,AVAILABLE
SEAT6610,SEC1,A,6610,AVAILABLE
SEAT6611,SEC1,A,6611,AVAILABLE
SEAT6612,SEC1,A,6612,AVAILABLE
SEAT6613,SEC1,A,6613,AVAILABLE
SEAT6614,SEC1,A,6614,AVAILABLE
SEAT6615,SEC1,A,6615,AVAILABLE
SEAT6616,SEC1,A,6616,AVAILABLE
SEAT6617,SEC1,A,6617,AVAILABLE
SEAT6618,SEC1,A,6618,AVAILABLE
SEAT6619,SEC1,A,6619,AVAILABLE
SEAT6620,SEC1,A,6620,AVAILABLE
SEAT6621,SEC1,A,6621,AVAILABLE
SEAT6622,SEC1,A,6622,AVAILABLE
SEAT6623,SEC1,A,6623,AVAILABLE
SEAT6624,SEC1,A,6624,AVAILABLE
SEAT6625,SEC1,A,6625,AVAILABLE
SEAT6626,SEC1,A,6626,AVAILABLE
SEAT6627,SEC1,A,6627,AVAILABLE
SEAT6628,SEC1,A,6628,AVAILABLE
SEAT6629,SEC1,A,6629,AVAILABLE
SEAT6630,SEC1,A,6630,AVAILABLE
SEAT6631,SEC1,A,6631,AVAILABLE
SEAT6632,SEC1,A,6632,AVAILABLE
SEAT6633,SEC1,A,6633,AVAILABLE
SEAT6634,SEC1,A,6634,AVAILABLE
SEAT6635,SEC1,A,6635,AVAILABLE
SEAT6636,SEC1,A,6636,AVAILABLE
SEAT6637,SEC1,A,6637,AVAILABLE
SEAT6638,SEC1,A,6638,AVAILABLE
SEAT6639,SEC1,A,6639,AVAILABLE
SEAT6640,SEC1,A,6640,AVAILABLE
SEAT6641,SEC1,A,6641,AVAILABLE
SEAT6642,SEC1,A,6642,AVAILABLE
SEAT6643,SEC1,A,6643,AVAILABLE
SEAT6644,SEC1,A,6644,AVAILABLE
SEAT6645,SEC1,A,6645,AVAILABLE
SEAT6646,SEC1,A,6646,AVAILABLE
SEAT6647,SEC1,A,6647,AVAILABLE
SEAT6648,SEC1,A,6648,AVAILABLE
SEAT6649,SEC1,A,6649,AVAILABLE
SEAT6650,SEC1,A,6650,AVAILABLE
SEAT6651,SEC1,A,6651,AVAILABLE
SEAT6652,SEC1,A,6652,AVAILABLE
SEAT6653,SEC1,A,6653,AVAILABLE
SEAT6654,SEC1,A,6654,AVAILABLE
SEAT6655,SEC1,A,6655,AVAILABLE
SEAT6656,SEC1,A,6656,AVAILABLE
SEAT6657,SEC1,A,6657,AVAILABLE
SEAT6658,SEC1,A,6658,AVAILABLE
SEAT6659,SEC1,A,6659,AVAILABLE
SEAT6660,SEC1,A,6660,AVAILABLE
SEAT6661,SEC1,A,6661,AVAILABLE
SEAT6662,SEC1,A,6662,AVAILABLE
SEAT6663,SEC1,A,6663,AVAILABLE
SEAT6664,SEC1,A,6664,AVAILABLE
SEAT6665,SEC1,A,6665,AVAILABLE
SEAT6666,SEC1,A,6666,AVAILABLE
SEAT6667,SEC1,A,6667,AVAILABLE
SEAT6668,SEC1,A,6668,AVAILABLE
SEAT6669,SEC1,A,6669,AVAILABLE
SEAT6670,SEC1,A,6670,AVAILABLE
SEAT6671,SEC1,A,6671,AVAILABLE
SEAT6672,SEC1,A,6672,AVAILABLE
SEAT6673,SEC1,A,6673,AVAILABLE
SEAT6674,SEC1,A,6674,AVAILABLE
SEAT6675,SEC1,A,6675,AVAILABLE
SEAT6676,SEC1,A,6676,AVAILABLE
SEAT6677,SEC1,A,6677,AVAILABLE
SEAT6678,SEC1,A,6678,AVAILABLE
SEAT6679,SEC1,A,6679,AVAILABLE
SEAT6680,SEC1,A,6680,AVAILABLE
SEAT6681,SEC1,A,6681,AVAILABLE
SEAT6682,SEC1,A,6682,AVAILABLE
SEAT6683,SEC1,A,6683,AVAILABLE
SEAT6684,SEC1,A,6684,AVAILABLE
SEAT6685,SEC1,A,6685,AVAILABLE
SEAT6686,SEC1,A,6686,AVAILABLE
SEAT6687,SEC1,A,6687,AVAILABLE
SEAT6688,SEC1,A,6688,AVAILABLE
SEAT6689,SEC1,A,6689,AVAILABLE
SEAT6690,SEC1,A,6690,AVAILABLE
SEAT6691,SEC1,A,6691,AVAILABLE
SEAT6692,SEC1,A,6692,AVAILABLE
SEAT6693,SEC1,A,6693,AVAILABLE
SEAT6694,SEC1,A,6694,AVAILABLE
SEAT6695,SEC1,A,6695,AVAILABLE
SEAT6696,SEC1,A,6696,AVAILABLE
SEAT6697,SEC1,A,6697,AVAILABLE
SEAT6698,SEC1,A,6698,AVAILABLE
SEAT6699,SEC1,A,6699,AVAILABLE
SEAT6700,SEC1,A,6700,AVAILABLE
SEAT6701,SEC1,A,6701,AVAILABLE
SEAT6702,SEC1,A,6702,AVAILABLE
SEAT6703,SEC1,A,6703,AVAILABLE
SEAT6704,SEC1,A,6704,AVAILABLE
SEAT6705,SEC1,A,6705,AVAILABLE
SEAT6706,SEC1,A,6706,AVAILABLE
SEAT6707,SEC1,A,6707,AVAILABLE
SEAT6708,SEC1,A,6708,AVAILABLE
SEAT6709,SEC1,A,6709,AVAILABLE
SEAT6710,SEC1,A,6710,AVAILABLE
SEAT6711,SEC1,A,6711,AVAILABLE
SEAT6712,SEC1,A,6712,AVAILABLE
SEAT6713,SEC1,A,6713,AVAILABLE
SEAT6714,SEC1,A,6714,AVAILABLE
SEAT6715,SEC1,A,6715,AVAILABLE
SEAT6716,SEC1,A,6716,AVAILABLE
SEAT6717,SEC1,A,6717,AVAILABLE
SEAT6718,SEC1,A,6718,AVAILABLE
SEAT6719,SEC1,A,6719,AVAILABLE
SEAT6720,SEC1,A,6720,AVAILABLE
SEAT6721,SEC1,A,6721,AVAILABLE
SEAT6722,SEC1,A,6722,AVAILABLE
SEAT6723,SEC1,A,6723,AVAILABLE
SEAT6724,SEC1,A,6724,AVAILABLE
SEAT6725,SEC1,A,6725,AVAILABLE
SEAT6726,SEC1,A,6726,AVAILABLE
SEAT6727,SEC1,A,6727,AVAILABLE
SEAT6728,SEC1,A,6728,AVAILABLE
SEAT6729,SEC1,A,6729,AVAILABLE
SEAT6730,SEC1,A,6730,AVAILABLE
SEAT6731,SEC1,A,6731,AVAILABLE
SEAT6732,SEC1,A,6732,AVAILABLE
SEAT6733,SEC1,A,6733,AVAILABLE
SEAT6734,SEC1,A,6734,AVAILABLE
SEAT6735,SEC1,A,6735,AVAILABLE
SEAT6736,SEC1,A,6736,AVAILABLE
SEAT6737,SEC1,A,6737,AVAILABLE
SEAT6738,SEC1,A,6738,AVAILABLE
SEAT6739,SEC1,A,6739,AVAILABLE
SEAT6740,SEC1,A,6740,AVAILABLE
SEAT6741,SEC1,A,6741,AVAILABLE
SEAT6742,SEC1,A,6742,AVAILABLE
SEAT6743,SEC1,A,6743,AVAILABLE
SEAT6744,SEC1,A,6744,AVAILABLE
SEAT6745,SEC1,A,6745,AVAILABLE
SEAT6746,SEC1,A,6746,AVAILABLE
SEAT6747,SEC1,A,6747,AVAILABLE
SEAT6748,SEC1,A,6748,AVAILABLE
SEAT6749,SEC1,A,6749,AVAILABLE
SEAT6750,SEC1,A,6750,AVAILABLE
SEAT6751,SEC1,A,6751,AVAILABLE
SEAT6752,SEC1,A,6752,AVAILABLE
SEAT6753,SEC1,A,6753,AVAILABLE
SEAT6754,SEC1,A,6754,AVAILABLE
SEAT6755,SEC1,A,6755,AVAILABLE
SEAT6756,SEC1,A,6756,AVAILABLE
SEAT6757,SEC1,A,6757,AVAILABLE
SEAT6758,SEC1,A,6758,AVAILABLE
SEAT6759,SEC1,A,6759,AVAILABLE
SEAT6760,SEC1,A,6760,AVAILABLE
SEAT6761,SEC1,A,6761,AVAILABLE
SEAT6762,SEC1,A,6762,AVAILABLE
SEAT6763,SEC1,A,6763,AVAILABLE
SEAT6764,SEC1,A,6764,AVAILABLE
SEAT6765,SEC1,A,6765,AVAILABLE
SEAT6766,SEC1,A,6766,AVAILABLE
SEAT6767,SEC1,A,6767,AVAILABLE
SEAT6768,SEC1,A,6768,AVAILABLE
SEAT6769,SEC1,A,6769,AVAILABLE
SEAT6770,SEC1,A,6770,AVAILABLE
SEAT6771,SEC1,A,6771,AVAILABLE
SEAT6772,SEC1,A,6772,AVAILABLE
SEAT6773,SEC1,A,6773,AVAILABLE
SEAT6774,SEC1,A,6774,AVAILABLE
SEAT6775,SEC1,A,6775,AVAILABLE
SEAT6776,SEC1,A,6776,AVAILABLE
SEAT6777,SEC1,A,6777,AVAILABLE
SEAT6778,SEC1,A,6778,AVAILABLE
SEAT6779,SEC1,A,6779,AVAILABLE
SEAT6780,SEC1,A,6780,AVAILABLE
SEAT6781,SEC1,A,6781,AVAILABLE
SEAT6782,SEC1,A,6782,AVAILABLE
SEAT6783,SEC1,A,6783,AVAILABLE
SEAT6784,SEC1,A,6784,AVAILABLE
SEAT6785,SEC1,A,6785,AVAILABLE
SEAT6786,SEC1,A,6786,AVAILABLE
SEAT6787,SEC1,A,6787,AVAILABLE
SEAT6788,SEC1,A,6788,AVAILABLE
SEAT6789,SEC1,A,6789,AVAILABLE
SEAT6790,SEC1,A,6790,AVAILABLE
SEAT6791,SEC1,A,6791,AVAILABLE
SEAT6792,SEC1,A,6792,AVAILABLE
SEAT6793,SEC1,A,6793,AVAILABLE
SEAT6794,SEC1,A,6794,AVAILABLE
SEAT6795,SEC1,A,6795,AVAILABLE
SEAT6796,SEC1,A,6796,AVAILABLE
SEAT6797,SEC1,A,6797,AVAILABLE
SEAT6798,SEC1,A,6798,AVAILABLE
SEAT6799,SEC1,A,6799,AVAILABLE
SEAT6800,SEC1,A,6800,AVAILABLE
SEAT6801,SEC1,A,6801,AVAILABLE
SEAT6802,SEC1,A,6802,AVAILABLE
SEAT6803,SEC1,A,6803,AVAILABLE
SEAT6804,SEC1,A,6804,AVAILABLE
SEAT6805,SEC1,A,6805,AVAILABLE
SEAT6806,SEC1,A,6806,AVAILABLE
SEAT6807,SEC1,A,6807,AVAILABLE
SEAT6808,SEC1,A,6808,AVAILABLE
SEAT6809,SEC1,A,6809,AVAILABLE
SEAT6810,SEC1,A,6810,AVAILABLE
SEAT6811,SEC1,A,6811,AVAILABLE
SEAT6812,SEC1,A,6812,AVAILABLE
SEAT6813,SEC1,A,6813,AVAILABLE
SEAT6814,SEC1,A,6814,AVAILABLE
SEAT6815,SEC1,A,6815,AVAILABLE
SEAT6816,SEC1,A,6816,AVAILABLE
SEAT6817,SEC1,A,6817,AVAILABLE
SEAT6818,SEC1,A,6818,AVAILABLE
SEAT6819,SEC1,A,6819,AVAILABLE
SEAT6820,SEC1,A,6820,AVAILABLE
SEAT6821,SEC1,A,6821,AVAILABLE
SEAT6822,SEC1,A,6822,AVAILABLE
SEAT6823,SEC1,A,6823,AVAILABLE
SEAT6824,SEC1,A,6824,AVAILABLE
SEAT6825,SEC1,A,6825,AVAILABLE
SEAT6826,SEC1,A,6826,AVAILABLE
SEAT6827,SEC1,A,6827,AVAILABLE
SEAT6828,SEC1,A,6828,AVAILABLE
SEAT6829,SEC1,A,6829,AVAILABLE
SEAT6830,SEC1,A,6830,AVAILABLE
SEAT6831,SEC1,A,6831,AVAILABLE
SEAT6832,SEC1,A,6832,AVAILABLE
SEAT6833,SEC1,A,6833,AVAILABLE
SEAT6834,SEC1,A,6834,AVAILABLE
SEAT6835,SEC1,A,6835,AVAILABLE
SEAT6836,SEC1,A,6836,AVAILABLE
SEAT6837,SEC1,A,6837,AVAILABLE
SEAT6838,SEC1,A,6838,AVAILABLE
SEAT6839,SEC1,A,6839,AVAILABLE
SEAT6840,SEC1,A,6840,AVAILABLE
SEAT6841,SEC1,A,6841,AVAILABLE
SEAT6842,SEC1,A,6842,AVAILABLE
SEAT6843,SEC1,A,6843,AVAILABLE
SEAT6844,SEC1,A,6844,AVAILABLE
SEAT6845,SEC1,A,6845,AVAILABLE
SEAT6846,SEC1,A,6846,AVAILABLE
SEAT6847,SEC1,A,6847,AVAILABLE
SEAT6848,SEC1,A,6848,AVAILABLE
SEAT6849,SEC1,A,6849,AVAILABLE
SEAT6850,SEC1,A,6850,AVAILABLE
SEAT6851,SEC1,A,6851,AVAILABLE
SEAT6852,SEC1,A,6852,AVAILABLE
SEAT6853,SEC1,A,6853,AVAILABLE
SEAT6854,SEC1,A,6854,AVAILABLE
SEAT6855,SEC1,A,6855,AVAILABLE
SEAT6856,SEC1,A,6856,AVAILABLE
SEAT6857,SEC1,A,6857,AVAILABLE
SEAT6858,SEC1,A,6858,AVAILABLE
SEAT6859,SEC1,A,6859,AVAILABLE
SEAT6860,SEC1,A,6860,AVAILABLE
SEAT6861,SEC1,A,6861,AVAILABLE
SEAT6862,SEC1,A,6862,AVAILABLE
SEAT6863,SEC1,A,6863,AVAILABLE
SEAT6864,SEC1,A,6864,AVAILABLE
SEAT6865,SEC1,A,6865,AVAILABLE
SEAT6866,SEC1,A,6866,AVAILABLE
SEAT6867,SEC1,A,6867,AVAILABLE
SEAT6868,SEC1,A,6868,AVAILABLE
SEAT6869,SEC1,A,6869,AVAILABLE
SEAT6870,SEC1,A,6870,AVAILABLE
SEAT6871,SEC1,A,6871,AVAILABLE
SEAT6872,SEC1,A,6872,AVAILABLE
SEAT6873,SEC1,A,6873,AVAILABLE
SEAT6874,SEC1,A,6874,AVAILABLE
SEAT6875,SEC1,A,6875,AVAILABLE
SEAT6876,SEC1,A,6876,AVAILABLE
SEAT6877,SEC1,A,6877,AVAILABLE
SEAT6878,SEC1,A,6878,AVAILABLE
SEAT6879,SEC1,A,6879,AVAILABLE
SEAT6880,SEC1,A,6880,AVAILABLE
SEAT6881,SEC1,A,6881,AVAILABLE
SEAT6882,SEC1,A,6882,AVAILABLE
SEAT6883,SEC1,A,6883,AVAILABLE
SEAT6884,SEC1,A,6884,AVAILABLE
SEAT6885,SEC1,A,6885,AVAILABLE
SEAT6886,SEC1,A,6886,AVAILABLE
SEAT6887,SEC1,A,6887,AVAILABLE
SEAT6888,SEC1,A,6888,AVAILABLE
SEAT6889,SEC1,A,6889,AVAILABLE
SEAT6890,SEC1,A,6890,AVAILABLE
SEAT6891,SEC1,A,6891,AVAILABLE
SEAT6892,SEC1,A,6892,AVAILABLE
SEAT6893,SEC1,A,6893,AVAILABLE
SEAT6894,SEC1,A,6894,AVAILABLE
SEAT6895,SEC1,A,6895,AVAILABLE
SEAT6896,SEC1,A,6896,AVAILABLE
SEAT6897,SEC1,A,6897,AVAILABLE
SEAT6898,SEC1,A,6898,AVAILABLE
SEAT6899,SEC1,A,6899,AVAILABLE
SEAT6900,SEC1,A,6900,AVAILABLE
SEAT6901,SEC1,A,6901,AVAILABLE
SEAT6902,SEC1,A,6902,AVAILABLE
SEAT6903,SEC1,A,6903,AVAILABLE
SEAT6904,SEC1,A,6904,AVAILABLE
SEAT6905,SEC1,A,6905,AVAILABLE
SEAT6906,SEC1,A,6906,AVAILABLE
SEAT6907,SEC1,A,6907,AVAILABLE
SEAT6908,SEC1,A,6908,AVAILABLE
SEAT6909,SEC1,A,6909,AVAILABLE
SEAT6910,SEC1,A,6910,AVAILABLE
SEAT6911,SEC1,A,6911,AVAILABLE
SEAT6912,SEC1,A,6912,AVAILABLE
SEAT6913,SEC1,A,6913,AVAILABLE
SEAT6914,SEC1,A,6914,AVAILABLE
SEAT6915,SEC1,A,6915,AVAILABLE
SEAT6916,SEC1,A,6916,AVAILABLE
SEAT6917,SEC1,A,6917,AVAILABLE
SEAT6918,SEC1,A,6918,AVAILABLE
SEAT6919,SEC1,A,6919,AVAILABLE
SEAT6920,SEC1,A,6920,AVAILABLE
SEAT6921,SEC1,A,6921,AVAILABLE
SEAT6922,SEC1,A,6922,AVAILABLE
SEAT6923,SEC1,A,6923,AVAILABLE
SEAT6924,SEC1,A,6924,AVAILABLE
SEAT6925,SEC1,A,6925,AVAILABLE
SEAT6926,SEC1,A,6926,AVAILABLE
SEAT6927,SEC1,A,6927,AVAILABLE
SEAT6928,SEC1,A,6928,AVAILABLE
SEAT6929,SEC1,A,6929,AVAILABLE
SEAT6930,SEC1,A,6930,AVAILABLE
SEAT6931,SEC1,A,6931,AVAILABLE
SEAT6932,SEC1,A,6932,AVAILABLE
SEAT6933,SEC1,A,6933,AVAILABLE
SEAT6934,SEC1,A,6934,AVAILABLE
SEAT6935,SEC1,A,6935,AVAILABLE
SEAT6936,SEC1,A,6936,AVAILABLE
SEAT6937,SEC1,A,6937,AVAILABLE
SEAT6938,SEC1,A,6938,AVAILABLE
SEAT6939,SEC1,A,6939,AVAILABLE
SEAT6940,SEC1,A,6940,AVAILABLE
SEAT6941,SEC1,A,6941,AVAILABLE
SEAT6942,SEC1,A,6942,AVAILABLE
SEAT6943,SEC1,A,6943,AVAILABLE
SEAT6944,SEC1,A,6944,AVAILABLE
SEAT6945,SEC1,A,6945,AVAILABLE
SEAT6946,SEC1,A,6946,AVAILABLE
SEAT6947,SEC1,A,6947,AVAILABLE
SEAT6948,SEC1,A,6948,AVAILABLE
SEAT6949,SEC1,A,6949,AVAILABLE
SEAT6950,SEC1,A,6950,AVAILABLE
SEAT6951,SEC1,A,6951,AVAILABLE
SEAT6952,SEC1,A,6952,AVAILABLE
SEAT6953,SEC1,A,6953,AVAILABLE
SEAT6954,SEC1,A,6954,AVAILABLE
SEAT6955,SEC1,A,6955,AVAILABLE
SEAT6956,SEC1,A,6956,AVAILABLE
SEAT6957,SEC1,A,6957,AVAILABLE
SEAT6958,SEC1,A,6958,AVAILABLE
SEAT6959,SEC1,A,6959,AVAILABLE
SEAT6960,SEC1,A,6960,AVAILABLE
SEAT6961,SEC1,A,6961,AVAILABLE
SEAT6962,SEC1,A,6962,AVAILABLE
SEAT6963,SEC1,A,6963,AVAILABLE
SEAT6964,SEC1,A,6964,AVAILABLE
SEAT6965,SEC1,A,6965,AVAILABLE
SEAT6966,SEC1,A,6966,AVAILABLE
SEAT6967,SEC1,A,6967,AVAILABLE
SEAT6968,SEC1,A,6968,AVAILABLE
SEAT6969,SEC1,A,6969,AVAILABLE
SEAT6970,SEC1,A,6970,AVAILABLE
SEAT6971,SEC1,A,6971,AVAILABLE
SEAT6972,SEC1,A,6972,AVAILABLE
SEAT6973,SEC1,A,6973,AVAILABLE
SEAT6974,SEC1,A,6974,AVAILABLE
SEAT6975,SEC1,A,6975,AVAILABLE
SEAT6976,SEC1,A,6976,AVAILABLE
SEAT6977,SEC1,A,6977,AVAILABLE
SEAT6978,SEC1,A,6978,AVAILABLE
SEAT6979,SEC1,A,6979,AVAILABLE
SEAT6980,SEC1,A,6980,AVAILABLE
SEAT6981,SEC1,A,6981,AVAILABLE
SEAT6982,SEC1,A,6982,AVAILABLE
SEAT6983,SEC1,A,6983,AVAILABLE
SEAT6984,SEC1,A,6984,AVAILABLE
SEAT6985,SEC1,A,6985,AVAILABLE
SEAT6986,SEC1,A,6986,AVAILABLE
SEAT6987,SEC1,A,6987,AVAILABLE
SEAT6988,SEC1,A,6988,AVAILABLE
SEAT6989,SEC1,A,6989,AVAILABLE
SEAT6990,SEC1,A,6990,AVAILABLE
SEAT6991,SEC1,A,6991,AVAILABLE
SEAT6992,SEC1,A,6992,AVAILABLE
SEAT6993,SEC1,A,6993,AVAILABLE
SEAT6994,SEC1,A,6994,AVAILABLE
SEAT6995,SEC1,A,6995,AVAILABLE
SEAT6996,SEC1,A,6996,AVAILABLE
SEAT6997,SEC1,A,6997,AVAILABLE
SEAT6998,SEC1,A,6998,AVAILABLE
SEAT6999,SEC1,A,6999,AVAILABLE
SEAT7000,SEC1,A,7000,AVAILABLE
SEAT7001,SEC1,A,7001,AVAILABLE
SEAT7002,SEC1,A,7002,AVAILABLE
SEAT7003,SEC1,A,7003,AVAILABLE
SEAT7004,SEC1,A,7004,AVAILABLE
SEAT7005,SEC1,A,7005,AVAILABLE
SEAT7006,SEC1,A,7006,AVAILABLE
SEAT7007,SEC1,A,7007,AVAILABLE
SEAT7008,SEC1,A,7008,AVAILABLE
SEAT7009,SEC1,A,7009,AVAILABLE
SEAT7010,SEC1,A,7010,AVAILABLE
SEAT7011,SEC1,A,7011,AVAILABLE
SEAT7012,SEC1,A,7012,AVAILABLE
SEAT7013,SEC1,A,7013,AVAILABLE
SEAT7014,SEC1,A,7014,AVAILABLE
SEAT7015,SEC1,A,7015,AVAILABLE
SEAT7016,SEC1,A,7016,AVAILABLE
SEAT7017,SEC1,A,7017,AVAILABLE
SEAT7018,SEC1,A,7018,AVAILABLE
SEAT7019,SEC1,A,7019,AVAILABLE
SEAT7020,SEC1,A,7020,AVAILABLE
SEAT7021,SEC1,A,7021,AVAILABLE
SEAT7022,SEC1,A,7022,AVAILABLE
SEAT7023,SEC1,A,7023,AVAILABLE
SEAT7024,SEC1,A,7024,AVAILABLE
SEAT7025,SEC1,A,7025,AVAILABLE
SEAT7026,SEC1,A,7026,AVAILABLE
SEAT7027,SEC1,A,7027,AVAILABLE
SEAT7028,SEC1,A,7028,AVAILABLE
SEAT7029,SEC1,A,7029,AVAILABLE
SEAT7030,SEC1,A,7030,AVAILABLE
SEAT7031,SEC1,A,7031,AVAILABLE
SEAT7032,SEC1,A,7032,AVAILABLE
SEAT7033,SEC1,A,7033,AVAILABLE
SEAT7034,SEC1,A,7034,AVAILABLE
SEAT7035,SEC1,A,7035,AVAILABLE
SEAT7036,SEC1,A,7036,AVAILABLE
SEAT7037,SEC1,A,7037,AVAILABLE
SEAT7038,SEC1,A,7038,AVAILABLE
SEAT7039,SEC1,A,7039,AVAILABLE
SEAT7040,SEC1,A,7040,AVAILABLE
SEAT7041,SEC1,A,7041,AVAILABLE
SEAT7042,SEC1,A,7042,AVAILABLE
SEAT7043,SEC1,A,7043,AVAILABLE
SEAT7044,SEC1,A,7044,AVAILABLE
SEAT7045,SEC1,A,7045,AVAILABLE
SEAT7046,SEC1,A,7046,AVAILABLE
SEAT7047,SEC1,A,7047,AVAILABLE
SEAT7048,SEC1,A,7048,AVAILABLE
SEAT7049,SEC1,A,7049,AVAILABLE
SEAT7050,SEC1,A,7050,AVAILABLE
SEAT7051,SEC1,A,7051,AVAILABLE
SEAT7052,SEC1,A,7052,AVAILABLE
SEAT7053,SEC1,A,7053,AVAILABLE
SEAT7054,SEC1,A,7054,AVAILABLE
SEAT7055,SEC1,A,7055,AVAILABLE
SEAT7056,SEC1,A,7056,AVAILABLE
SEAT7057,SEC1,A,7057,AVAILABLE
SEAT7058,SEC1,A,7058,AVAILABLE
SEAT7059,SEC1,A,7059,AVAILABLE
SEAT7060,SEC1,A,7060,AVAILABLE
SEAT7061,SEC1,A,7061,AVAILABLE
SEAT7062,SEC1,A,7062,AVAILABLE
SEAT7063,SEC1,A,7063,AVAILABLE
SEAT7064,SEC1,A,7064,AVAILABLE
SEAT7065,SEC1,A,7065,AVAILABLE
SEAT7066,SEC1,A,7066,AVAILABLE
SEAT7067,SEC1,A,7067,AVAILABLE
SEAT7068,SEC1,A,7068,AVAILABLE
SEAT7069,SEC1,A,7069,AVAILABLE
SEAT7070,SEC1,A,7070,AVAILABLE
SEAT7071,SEC1,A,7071,AVAILABLE
SEAT7072,SEC1,A,7072,AVAILABLE
SEAT7073,SEC1,A,7073,AVAILABLE
SEAT7074,SEC1,A,7074,AVAILABLE
SEAT7075,SEC1,A,7075,AVAILABLE
SEAT7076,SEC1,A,7076,AVAILABLE
SEAT7077,SEC1,A,7077,AVAILABLE
SEAT7078,SEC1,A,7078,AVAILABLE
SEAT7079,SEC1,A,7079,AVAILABLE
SEAT7080,SEC1,A,7080,AVAILABLE
SEAT7081,SEC1,A,7081,AVAILABLE
SEAT7082,SEC1,A,7082,AVAILABLE
SEAT7083,SEC1,A,7083,AVAILABLE
SEAT7084,SEC1,A,7084,AVAILABLE
SEAT7085,SEC1,A,7085,AVAILABLE
SEAT7086,SEC1,A,7086,AVAILABLE
SEAT7087,SEC1,A,7087,AVAILABLE
SEAT7088,SEC1,A,7088,AVAILABLE
SEAT7089,SEC1,A,7089,AVAILABLE
SEAT7090,SEC1,A,7090,AVAILABLE
SEAT7091,SEC1,A,7091,AVAILABLE
SEAT7092,SEC1,A,7092,AVAILABLE
SEAT7093,SEC1,A,7093,AVAILABLE
SEAT7094,SEC1,A,7094,AVAILABLE
SEAT7095,SEC1,A,7095,AVAILABLE
SEAT7096,SEC1,A,7096,AVAILABLE
SEAT7097,SEC1,A,7097,AVAILABLE
SEAT7098,SEC1,A,7098,AVAILABLE
SEAT7099,SEC1,A,7099,AVAILABLE
SEAT7100,SEC1,A,7100,AVAILABLE
SEAT7101,SEC1,A,7101,AVAILABLE
SEAT7102,SEC1,A,7102,AVAILABLE
SEAT7103,SEC1,A,7103,AVAILABLE
SEAT7104,SEC1,A,7104,AVAILABLE
SEAT7105,SEC1,A,7105,AVAILABLE
SEAT7106,SEC1,A,7106,AVAILABLE
SEAT7107,SEC1,A,7107,AVAILABLE
SEAT7108,SEC1,A,7108,AVAILABLE
SEAT7109,SEC1,A,7109,AVAILABLE
SEAT7110,SEC1,A,7110,AVAILABLE
SEAT7111,SEC1,A,7111,AVAILABLE
SEAT7112,SEC1,A,7112,AVAILABLE
SEAT7113,SEC1,A,7113,AVAILABLE
SEAT7114,SEC1,A,7114,AVAILABLE
SEAT7115,SEC1,A,7115,AVAILABLE
SEAT7116,SEC1,A,7116,AVAILABLE
SEAT7117,SEC1,A,7117,AVAILABLE
SEAT7118,SEC1,A,7118,AVAILABLE
SEAT7119,SEC1,A,7119,AVAILABLE
SEAT7120,SEC1,A,7120,AVAILABLE
SEAT7121,SEC1,A,7121,AVAILABLE
SEAT7122,SEC1,A,7122,AVAILABLE
SEAT7123,SEC1,A,7123,AVAILABLE
SEAT7124,SEC1,A,7124,AVAILABLE
SEAT7125,SEC1,A,7125,AVAILABLE
SEAT7126,SEC1,A,7126,AVAILABLE
SEAT7127,SEC1,A,7127,AVAILABLE
SEAT7128,SEC1,A,7128,AVAILABLE
SEAT7129,SEC1,A,7129,AVAILABLE
SEAT7130,SEC1,A,7130,AVAILABLE
SEAT7131,SEC1,A,7131,AVAILABLE
SEAT7132,SEC1,A,7132,AVAILABLE
SEAT7133,SEC1,A,7133,AVAILABLE
SEAT7134,SEC1,A,7134,AVAILABLE
SEAT7135,SEC1,A,7135,AVAILABLE
SEAT7136,SEC1,A,7136,AVAILABLE
SEAT7137,SEC1,A,7137,AVAILABLE
SEAT7138,SEC1,A,7138,AVAILABLE
SEAT7139,SEC1,A,7139,AVAILABLE
SEAT7140,SEC1,A,7140,AVAILABLE
SEAT7141,SEC1,A,7141,AVAILABLE
SEAT7142,SEC1,A,7142,AVAILABLE
SEAT7143,SEC1,A,7143,AVAILABLE
SEAT7144,SEC1,A,7144,AVAILABLE
SEAT7145,SEC1,A,7145,AVAILABLE
SEAT7146,SEC1,A,7146,AVAILABLE
SEAT7147,SEC1,A,7147,AVAILABLE
SEAT7148,SEC1,A,7148,AVAILABLE
SEAT7149,SEC1,A,7149,AVAILABLE
SEAT7150,SEC1,A,7150,AVAILABLE
SEAT7151,SEC1,A,7151,AVAILABLE
SEAT7152,SEC1,A,7152,AVAILABLE
SEAT7153,SEC1,A,7153,AVAILABLE
SEAT7154,SEC1,A,7154,AVAILABLE
SEAT7155,SEC1,A,7155,AVAILABLE
SEAT7156,SEC1,A,7156,AVAILABLE
SEAT7157,SEC1,A,7157,AVAILABLE
SEAT7158,SEC1,A,7158,AVAILABLE
SEAT7159,SEC1,A,7159,AVAILABLE
SEAT7160,SEC1,A,7160,AVAILABLE
SEAT7161,SEC1,A,7161,AVAILABLE
SEAT7162,SEC1,A,7162,AVAILABLE
SEAT7163,SEC1,A,7163,AVAILABLE
SEAT7164,SEC1,A,7164,AVAILABLE
SEAT7165,SEC1,A,7165,AVAILABLE
SEAT7166,SEC1,A,7166,AVAILABLE
SEAT7167,SEC1,A,7167,AVAILABLE
SEAT7168,SEC1,A,7168,AVAILABLE
SEAT7169,SEC1,A,7169,AVAILABLE
SEAT7170,SEC1,A,7170,AVAILABLE
SEAT7171,SEC1,A,7171,AVAILABLE
SEAT7172,SEC1,A,7172,AVAILABLE
SEAT7173,SEC1,A,7173,AVAILABLE
SEAT7174,SEC1,A,7174,AVAILABLE
SEAT7175,SEC1,A,7175,AVAILABLE
SEAT7176,SEC1,A,7176,AVAILABLE
SEAT7177,SEC1,A,7177,AVAILABLE
SEAT7178,SEC1,A,7178,AVAILABLE
SEAT7179,SEC1,A,7179,AVAILABLE
SEAT7180,SEC1,A,7180,AVAILABLE
SEAT7181,SEC1,A,7181,AVAILABLE
SEAT7182,SEC1,A,7182,AVAILABLE
SEAT7183,SEC1,A,7183,AVAILABLE
SEAT7184,SEC1,A,7184,AVAILABLE
SEAT7185,SEC1,A,7185,AVAILABLE
SEAT7186,SEC1,A,7186,AVAILABLE
SEAT7187,SEC1,A,7187,AVAILABLE
SEAT7188,SEC1,A,7188,AVAILABLE
SEAT7189,SEC1,A,7189,AVAILABLE
SEAT7190,SEC1,A,7190,AVAILABLE
SEAT7191,SEC1,A,7191,AVAILABLE
SEAT7192,SEC1,A,7192,AVAILABLE
SEAT7193,SEC1,A,7193,AVAILABLE
SEAT7194,SEC1,A,7194,AVAILABLE
SEAT7195,SEC1,A,7195,AVAILABLE
SEAT7196,SEC1,A,7196,AVAILABLE
SEAT7197,SEC1,A,7197,AVAILABLE
SEAT7198,SEC1,A,7198,AVAILABLE
SEAT7199,SEC1,A,7199,AVAILABLE
SEAT7200,SEC1,A,7200,AVAILABLE
SEAT7201,SEC1,A,7201,AVAILABLE
SEAT7202,SEC1,A,7202,AVAILABLE
SEAT7203,SEC1,A,7203,AVAILABLE
SEAT7204,SEC1,A,7204,AVAILABLE
SEAT7205,SEC1,A,7205,AVAILABLE
SEAT7206,SEC1,A,7206,AVAILABLE
SEAT7207,SEC1,A,7207,AVAILABLE
SEAT7208,SEC1,A,7208,AVAILABLE
SEAT7209,SEC1,A,7209,AVAILABLE
SEAT7210,SEC1,A,7210,AVAILABLE
SEAT7211,SEC1,A,7211,AVAILABLE
SEAT7212,SEC1,A,7212,AVAILABLE
SEAT7213,SEC1,A,7213,AVAILABLE
SEAT7214,SEC1,A,7214,AVAILABLE
SEAT7215,SEC1,A,7215,AVAILABLE
SEAT7216,SEC1,A,7216,AVAILABLE
SEAT7217,SEC1,A,7217,AVAILABLE
SEAT7218,SEC1,A,7218,AVAILABLE
SEAT7219,SEC1,A,7219,AVAILABLE
SEAT7220,SEC1,A,7220,AVAILABLE
SEAT7221,SEC1,A,7221,AVAILABLE
SEAT7222,SEC1,A,7222,AVAILABLE
SEAT7223,SEC1,A,7223,AVAILABLE
SEAT7224,SEC1,A,7224,AVAILABLE
SEAT7225,SEC1,A,7225,AVAILABLE
SEAT7226,SEC1,A,7226,AVAILABLE
SEAT7227,SEC1,A,7227,AVAILABLE
SEAT7228,SEC1,A,7228,AVAILABLE
SEAT7229,SEC1,A,7229,AVAILABLE
SEAT7230,SEC1,A,7230,AVAILABLE
SEAT7231,SEC1,A,7231,AVAILABLE
SEAT7232,SEC1,A,7232,AVAILABLE
SEAT7233,SEC1,A,7233,AVAILABLE
SEAT7234,SEC1,A,7234,AVAILABLE
SEAT7235,SEC1,A,7235,AVAILABLE
SEAT7236,SEC1,A,7236,AVAILABLE
SEAT7237,SEC1,A,7237,AVAILABLE
SEAT7238,SEC1,A,7238,AVAILABLE
SEAT7239,SEC1,A,7239,AVAILABLE
SEAT7240,SEC1,A,7240,AVAILABLE
SEAT7241,SEC1,A,7241,AVAILABLE
SEAT7242,SEC1,A,7242,AVAILABLE
SEAT7243,SEC1,A,7243,AVAILABLE
SEAT7244,SEC1,A,7244,AVAILABLE
SEAT7245,SEC1,A,7245,AVAILABLE
SEAT7246,SEC1,A,7246,AVAILABLE
SEAT7247,SEC1,A,7247,AVAILABLE
SEAT7248,SEC1,A,7248,AVAILABLE
SEAT7249,SEC1,A,7249,AVAILABLE
SEAT7250,SEC1,A,7250,AVAILABLE
SEAT7251,SEC1,A,7251,AVAILABLE
SEAT7252,SEC1,A,7252,AVAILABLE
SEAT7253,SEC1,A,7253,AVAILABLE
SEAT7254,SEC1,A,7254,AVAILABLE
SEAT7255,SEC1,A,7255,AVAILABLE
SEAT7256,SEC1,A,7256,AVAILABLE
SEAT7257,SEC1,A,7257,AVAILABLE
SEAT7258,SEC1,A,7258,AVAILABLE
SEAT7259,SEC1,A,7259,AVAILABLE
SEAT7260,SEC1,A,7260,AVAILABLE
SEAT7261,SEC1,A,7261,AVAILABLE
SEAT7262,SEC1,A,7262,AVAILABLE
SEAT7263,SEC1,A,7263,AVAILABLE
SEAT7264,SEC1,A,7264,AVAILABLE
SEAT7265,SEC1,A,7265,AVAILABLE
SEAT7266,SEC1,A,7266,AVAILABLE
SEAT7267,SEC1,A,7267,AVAILABLE
SEAT7268,SEC1,A,7268,AVAILABLE
SEAT7269,SEC1,A,7269,AVAILABLE
SEAT7270,SEC1,A,7270,AVAILABLE
SEAT7271,SEC1,A,7271,AVAILABLE
SEAT7272,SEC1,A,7272,AVAILABLE
SEAT7273,SEC1,A,7273,AVAILABLE
SEAT7274,SEC1,A,7274,AVAILABLE
SEAT7275,SEC1,A,7275,AVAILABLE
SEAT7276,SEC1,A,7276,AVAILABLE
SEAT7277,SEC1,A,7277,AVAILABLE
SEAT7278,SEC1,A,7278,AVAILABLE
SEAT7279,SEC1,A,7279,AVAILABLE
SEAT7280,SEC1,A,7280,AVAILABLE
SEAT7281,SEC1,A,7281,AVAILABLE
SEAT7282,SEC1,A,7282,AVAILABLE
SEAT7283,SEC1,A,7283,AVAILABLE
SEAT7284,SEC1,A,7284,AVAILABLE
SEAT7285,SEC1,A,7285,AVAILABLE
SEAT7286,SEC1,A,7286,AVAILABLE
SEAT7287,SEC1,A,7287,AVAILABLE
SEAT7288,SEC1,A,7288,AVAILABLE
SEAT7289,SEC1,A,7289,AVAILABLE
SEAT7290,SEC1,A,7290,AVAILABLE
SEAT7291,SEC1,A,7291,AVAILABLE
SEAT7292,SEC1,A,7292,AVAILABLE
SEAT7293,SEC1,A,7293,AVAILABLE
SEAT7294,SEC1,A,7294,AVAILABLE
SEAT7295,SEC1,A,7295,AVAILABLE
SEAT7296,SEC1,A,7296,AVAILABLE
SEAT7297,SEC1,A,7297,AVAILABLE
SEAT7298,SEC1,A,7298,AVAILABLE
SEAT7299,SEC1,A,7299,AVAILABLE
SEAT7300,SEC1,A,7300,AVAILABLE
SEAT7301,SEC1,A,7301,AVAILABLE
SEAT7302,SEC1,A,7302,AVAILABLE
SEAT7303,SEC1,A,7303,AVAILABLE
SEAT7304,SEC1,A,7304,AVAILABLE
SEAT7305,SEC1,A,7305,AVAILABLE
SEAT7306,SEC1,A,7306,AVAILABLE
SEAT7307,SEC1,A,7307,AVAILABLE
SEAT7308,SEC1,A,7308,AVAILABLE
SEAT7309,SEC1,A,7309,AVAILABLE
SEAT7310,SEC1,A,7310,AVAILABLE
SEAT7311,SEC1,A,7311,AVAILABLE
SEAT7312,SEC1,A,7312,AVAILABLE
SEAT7313,SEC1,A,7313,AVAILABLE
SEAT7314,SEC1,A,7314,AVAILABLE
SEAT7315,SEC1,A,7315,AVAILABLE
SEAT7316,SEC1,A,7316,AVAILABLE
SEAT7317,SEC1,A,7317,AVAILABLE
SEAT7318,SEC1,A,7318,AVAILABLE
SEAT7319,SEC1,A,7319,AVAILABLE
SEAT7320,SEC1,A,7320,AVAILABLE
SEAT7321,SEC1,A,7321,AVAILABLE
SEAT7322,SEC1,A,7322,AVAILABLE
SEAT7323,SEC1,A,7323,AVAILABLE
SEAT7324,SEC1,A,7324,AVAILABLE
SEAT7325,SEC1,A,7325,AVAILABLE
SEAT7326,SEC1,A,7326,AVAILABLE
SEAT7327,SEC1,A,7327,AVAILABLE
SEAT7328,SEC1,A,7328,AVAILABLE
SEAT7329,SEC1,A,7329,AVAILABLE
SEAT7330,SEC1,A,7330,AVAILABLE
SEAT7331,SEC1,A,7331,AVAILABLE
SEAT7332,SEC1,A,7332,AVAILABLE
SEAT7333,SEC1,A,7333,AVAILABLE
SEAT7334,SEC1,A,7334,AVAILABLE
SEAT7335,SEC1,A,7335,AVAILABLE
SEAT7336,SEC1,A,7336,AVAILABLE
SEAT7337,SEC1,A,7337,AVAILABLE
SEAT7338,SEC1,A,7338,AVAILABLE
SEAT7339,SEC1,A,7339,AVAILABLE
SEAT7340,SEC1,A,7340,AVAILABLE
SEAT7341,SEC1,A,7341,AVAILABLE
SEAT7342,SEC1,A,7342,AVAILABLE
SEAT7343,SEC1,A,7343,AVAILABLE
SEAT7344,SEC1,A,7344,AVAILABLE
SEAT7345,SEC1,A,7345,AVAILABLE
SEAT7346,SEC1,A,7346,AVAILABLE
SEAT7347,SEC1,A,7347,AVAILABLE
SEAT7348,SEC1,A,7348,AVAILABLE
SEAT7349,SEC1,A,7349,AVAILABLE
SEAT7350,SEC1,A,7350,AVAILABLE
SEAT7351,SEC1,A,7351,AVAILABLE
SEAT7352,SEC1,A,7352,AVAILABLE
SEAT7353,SEC1,A,7353,AVAILABLE
SEAT7354,SEC1,A,7354,AVAILABLE
SEAT7355,SEC1,A,7355,AVAILABLE
SEAT7356,SEC1,A,7356,AVAILABLE
SEAT7357,SEC1,A,7357,AVAILABLE
SEAT7358,SEC1,A,7358,AVAILABLE
SEAT7359,SEC1,A,7359,AVAILABLE
SEAT7360,SEC1,A,7360,AVAILABLE
SEAT7361,SEC1,A,7361,AVAILABLE
SEAT7362,SEC1,A,7362,AVAILABLE
SEAT7363,SEC1,A,7363,AVAILABLE
SEAT7364,SEC1,A,7364,AVAILABLE
SEAT7365,SEC1,A,7365,AVAILABLE
SEAT7366,SEC1,A,7366,AVAILABLE
SEAT7367,SEC1,A,7367,AVAILABLE
SEAT7368,SEC1,A,7368,AVAILABLE
SEAT7369,SEC1,A,7369,AVAILABLE
SEAT7370,SEC1,A,7370,AVAILABLE
SEAT7371,SEC1,A,7371,AVAILABLE
SEAT7372,SEC1,A,7372,AVAILABLE
SEAT7373,SEC1,A,7373,AVAILABLE
SEAT7374,SEC1,A,7374,AVAILABLE
SEAT7375,SEC1,A,7375,AVAILABLE
SEAT7376,SEC1,A,7376,AVAILABLE
SEAT7377,SEC1,A,7377,AVAILABLE
SEAT7378,SEC1,A,7378,AVAILABLE
SEAT7379,SEC1,A,7379,AVAILABLE
SEAT7380,SEC1,A,7380,AVAILABLE
SEAT7381,SEC1,A,7381,AVAILABLE
SEAT7382,SEC1,A,7382,AVAILABLE
SEAT7383,SEC1,A,7383,AVAILABLE
SEAT7384,SEC1,A,7384,AVAILABLE
SEAT7385,SEC1,A,7385,AVAILABLE
SEAT7386,SEC1,A,7386,AVAILABLE
SEAT7387,SEC1,A,7387,AVAILABLE
SEAT7388,SEC1,A,7388,AVAILABLE
SEAT7389,SEC1,A,7389,AVAILABLE
SEAT7390,SEC1,A,7390,AVAILABLE
SEAT7391,SEC1,A,7391,AVAILABLE
SEAT7392,SEC1,A,7392,AVAILABLE
SEAT7393,SEC1,A,7393,AVAILABLE
SEAT7394,SEC1,A,7394,AVAILABLE
SEAT7395,SEC1,A,7395,AVAILABLE
SEAT7396,SEC1,A,7396,AVAILABLE
SEAT7397,SEC1,A,7397,AVAILABLE
SEAT7398,SEC1,A,7398,AVAILABLE
SEAT7399,SEC1,A,7399,AVAILABLE
SEAT7400,SEC1,A,7400,AVAILABLE
SEAT7401,SEC1,A,7401,AVAILABLE
SEAT7402,SEC1,A,7402,AVAILABLE
SEAT7403,SEC1,A,7403,AVAILABLE
SEAT7404,SEC1,A,7404,AVAILABLE
SEAT7405,SEC1,A,7405,AVAILABLE
SEAT7406,SEC1,A,7406,AVAILABLE
SEAT7407,SEC1,A,7407,AVAILABLE
SEAT7408,SEC1,A,7408,AVAILABLE
SEAT7409,SEC1,A,7409,AVAILABLE
SEAT7410,SEC1,A,7410,AVAILABLE
SEAT7411,SEC1,A,7411,AVAILABLE
SEAT7412,SEC1,A,7412,AVAILABLE
SEAT7413,SEC1,A,7413,AVAILABLE
SEAT7414,SEC1,A,7414,AVAILABLE
SEAT7415,SEC1,A,7415,AVAILABLE
SEAT7416,SEC1,A,7416,AVAILABLE
SEAT7417,SEC1,A,7417,AVAILABLE
SEAT7418,SEC1,A,7418,AVAILABLE
SEAT7419,SEC1,A,7419,AVAILABLE
SEAT7420,SEC1,A,7420,AVAILABLE
SEAT7421,SEC1,A,7421,AVAILABLE
SEAT7422,SEC1,A,7422,AVAILABLE
SEAT7423,SEC1,A,7423,AVAILABLE
SEAT7424,SEC1,A,7424,AVAILABLE
SEAT7425,SEC1,A,7425,AVAILABLE
SEAT7426,SEC1,A,7426,AVAILABLE
SEAT7427,SEC1,A,7427,AVAILABLE
SEAT7428,SEC1,A,7428,AVAILABLE
SEAT7429,SEC1,A,7429,AVAILABLE
SEAT7430,SEC1,A,7430,AVAILABLE
SEAT7431,SEC1,A,7431,AVAILABLE
SEAT7432,SEC1,A,7432,AVAILABLE
SEAT7433,SEC1,A,7433,AVAILABLE
SEAT7434,SEC1,A,7434,AVAILABLE
SEAT7435,SEC1,A,7435,AVAILABLE
SEAT7436,SEC1,A,7436,AVAILABLE
SEAT7437,SEC1,A,7437,AVAILABLE
SEAT7438,SEC1,A,7438,AVAILABLE
SEAT7439,SEC1,A,7439,AVAILABLE
SEAT7440,SEC1,A,7440,AVAILABLE
SEAT7441,SEC1,A,7441,AVAILABLE
SEAT7442,SEC1,A,7442,AVAILABLE
SEAT7443,SEC1,A,7443,AVAILABLE
SEAT7444,SEC1,A,7444,AVAILABLE
SEAT7445,SEC1,A,7445,AVAILABLE
SEAT7446,SEC1,A,7446,AVAILABLE
SEAT7447,SEC1,A,7447,AVAILABLE
SEAT7448,SEC1,A,7448,AVAILABLE
SEAT7449,SEC1,A,7449,AVAILABLE
SEAT7450,SEC1,A,7450,AVAILABLE
SEAT7451,SEC1,A,7451,AVAILABLE
SEAT7452,SEC1,A,7452,AVAILABLE
SEAT7453,SEC1,A,7453,AVAILABLE
SEAT7454,SEC1,A,7454,AVAILABLE
SEAT7455,SEC1,A,7455,AVAILABLE
SEAT7456,SEC1,A,7456,AVAILABLE
SEAT7457,SEC1,A,7457,AVAILABLE
SEAT7458,SEC1,A,7458,AVAILABLE
SEAT7459,SEC1,A,7459,AVAILABLE
SEAT7460,SEC1,A,7460,AVAILABLE
SEAT7461,SEC1,A,7461,AVAILABLE
SEAT7462,SEC1,A,7462,AVAILABLE
SEAT7463,SEC1,A,7463,AVAILABLE
SEAT7464,SEC1,A,7464,AVAILABLE
SEAT7465,SEC1,A,7465,AVAILABLE
SEAT7466,SEC1,A,7466,AVAILABLE
SEAT7467,SEC1,A,7467,AVAILABLE
SEAT7468,SEC1,A,7468,AVAILABLE
SEAT7469,SEC1,A,7469,AVAILABLE
SEAT7470,SEC1,A,7470,AVAILABLE
SEAT7471,SEC1,A,7471,AVAILABLE
SEAT7472,SEC1,A,7472,AVAILABLE
SEAT7473,SEC1,A,7473,AVAILABLE
SEAT7474,SEC1,A,7474,AVAILABLE
SEAT7475,SEC1,A,7475,AVAILABLE
SEAT7476,SEC1,A,7476,AVAILABLE
SEAT7477,SEC1,A,7477,AVAILABLE
SEAT7478,SEC1,A,7478,AVAILABLE
SEAT7479,SEC1,A,7479,AVAILABLE
SEAT7480,SEC1,A,7480,AVAILABLE
SEAT7481,SEC1,A,7481,AVAILABLE
SEAT7482,SEC1,A,7482,AVAILABLE
SEAT7483,SEC1,A,7483,AVAILABLE
SEAT7484,SEC1,A,7484,AVAILABLE
SEAT7485,SEC1,A,7485,AVAILABLE
SEAT7486,SEC1,A,7486,AVAILABLE
SEAT7487,SEC1,A,7487,AVAILABLE
SEAT7488,SEC1,A,7488,AVAILABLE
SEAT7489,SEC1,A,7489,AVAILABLE
SEAT7490,SEC1,A,7490,AVAILABLE
SEAT7491,SEC1,A,7491,AVAILABLE
SEAT7492,SEC1,A,7492,AVAILABLE
SEAT7493,SEC1,A,7493,AVAILABLE
SEAT7494,SEC1,A,7494,AVAILABLE
SEAT7495,SEC1,A,7495,AVAILABLE
SEAT7496,SEC1,A,7496,AVAILABLE
SEAT7497,SEC1,A,7497,AVAILABLE
SEAT7498,SEC1,A,7498,AVAILABLE
SEAT7499,SEC1,A,7499,AVAILABLE
SEAT7500,SEC1,A,7500,AVAILABLE
SEAT7501,SEC1,A,7501,AVAILABLE
SEAT7502,SEC1,A,7502,AVAILABLE
SEAT7503,SEC1,A,7503,AVAILABLE
SEAT7504,SEC1,A,7504,AVAILABLE
SEAT7505,SEC1,A,7505,AVAILABLE
SEAT7506,SEC1,A,7506,AVAILABLE
SEAT7507,SEC1,A,7507,AVAILABLE
SEAT7508,SEC1,A,7508,AVAILABLE
SEAT7509,SEC1,A,7509,AVAILABLE
SEAT7510,SEC1,A,7510,AVAILABLE
SEAT7511,SEC1,A,7511,AVAILABLE
SEAT7512,SEC1,A,7512,AVAILABLE
SEAT7513,SEC1,A,7513,AVAILABLE
SEAT7514,SEC1,A,7514,AVAILABLE
SEAT7515,SEC1,A,7515,AVAILABLE
SEAT7516,SEC1,A,7516,AVAILABLE
SEAT7517,SEC1,A,7517,AVAILABLE
SEAT7518,SEC1,A,7518,AVAILABLE
SEAT7519,SEC1,A,7519,AVAILABLE
SEAT7520,SEC1,A,7520,AVAILABLE
SEAT7521,SEC1,A,7521,AVAILABLE
SEAT7522,SEC1,A,7522,AVAILABLE
SEAT7523,SEC1,A,7523,AVAILABLE
SEAT7524,SEC1,A,7524,AVAILABLE
SEAT7525,SEC1,A,7525,AVAILABLE
SEAT7526,SEC1,A,7526,AVAILABLE
SEAT7527,SEC1,A,7527,AVAILABLE
SEAT7528,SEC1,A,7528,AVAILABLE
SEAT7529,SEC1,A,7529,AVAILABLE
SEAT7530,SEC1,A,7530,AVAILABLE
SEAT7531,SEC1,A,7531,AVAILABLE
SEAT7532,SEC1,A,7532,AVAILABLE
SEAT7533,SEC1,A,7533,AVAILABLE
SEAT7534,SEC1,A,7534,AVAILABLE
SEAT7535,SEC1,A,7535,AVAILABLE
SEAT7536,SEC1,A,7536,AVAILABLE
SEAT7537,SEC1,A,7537,AVAILABLE
SEAT7538,SEC1,A,7538,AVAILABLE
SEAT7539,SEC1,A,7539,AVAILABLE
SEAT7540,SEC1,A,7540,AVAILABLE
SEAT7541,SEC1,A,7541,AVAILABLE
SEAT7542,SEC1,A,7542,AVAILABLE
SEAT7543,SEC1,A,7543,AVAILABLE
SEAT7544,SEC1,A,7544,AVAILABLE
SEAT7545,SEC1,A,7545,AVAILABLE
SEAT7546,SEC1,A,7546,AVAILABLE
SEAT7547,SEC1,A,7547,AVAILABLE
SEAT7548,SEC1,A,7548,AVAILABLE
SEAT7549,SEC1,A,7549,AVAILABLE
SEAT7550,SEC1,A,7550,AVAILABLE
SEAT7551,SEC1,A,7551,AVAILABLE
SEAT7552,SEC1,A,7552,AVAILABLE
SEAT7553,SEC1,A,7553,AVAILABLE
SEAT7554,SEC1,A,7554,AVAILABLE
SEAT7555,SEC1,A,7555,AVAILABLE
SEAT7556,SEC1,A,7556,AVAILABLE
SEAT7557,SEC1,A,7557,AVAILABLE
SEAT7558,SEC1,A,7558,AVAILABLE
SEAT7559,SEC1,A,7559,AVAILABLE
SEAT7560,SEC1,A,7560,AVAILABLE
SEAT7561,SEC1,A,7561,AVAILABLE
SEAT7562,SEC1,A,7562,AVAILABLE
SEAT7563,SEC1,A,7563,AVAILABLE
SEAT7564,SEC1,A,7564,AVAILABLE
SEAT7565,SEC1,A,7565,AVAILABLE
SEAT7566,SEC1,A,7566,AVAILABLE
SEAT7567,SEC1,A,7567,AVAILABLE
SEAT7568,SEC1,A,7568,AVAILABLE
SEAT7569,SEC1,A,7569,AVAILABLE
SEAT7570,SEC1,A,7570,AVAILABLE
SEAT7571,SEC1,A,7571,AVAILABLE
SEAT7572,SEC1,A,7572,AVAILABLE
SEAT7573,SEC1,A,7573,AVAILABLE
SEAT7574,SEC1,A,7574,AVAILABLE
SEAT7575,SEC1,A,7575,AVAILABLE
SEAT7576,SEC1,A,7576,AVAILABLE
SEAT7577,SEC1,A,7577,AVAILABLE
SEAT7578,SEC1,A,7578,AVAILABLE
SEAT7579,SEC1,A,7579,AVAILABLE
SEAT7580,SEC1,A,7580,AVAILABLE
SEAT7581,SEC1,A,7581,AVAILABLE
SEAT7582,SEC1,A,7582,AVAILABLE
SEAT7583,SEC1,A,7583,AVAILABLE
SEAT7584,SEC1,A,7584,AVAILABLE
SEAT7585,SEC1,A,7585,AVAILABLE
SEAT7586,SEC1,A,7586,AVAILABLE
SEAT7587,SEC1,A,7587,AVAILABLE
SEAT7588,SEC1,A,7588,AVAILABLE
SEAT7589,SEC1,A,7589,AVAILABLE
SEAT7590,SEC1,A,7590,AVAILABLE
SEAT7591,SEC1,A,7591,AVAILABLE
SEAT7592,SEC1,A,7592,AVAILABLE
SEAT7593,SEC1,A,7593,AVAILABLE
SEAT7594,SEC1,A,7594,AVAILABLE
SEAT7595,SEC1,A,7595,AVAILABLE
SEAT7596,SEC1,A,7596,AVAILABLE
SEAT7597,SEC1,A,7597,AVAILABLE
SEAT7598,SEC1,A,7598,AVAILABLE
SEAT7599,SEC1,A,7599,AVAILABLE
SEAT7600,SEC1,A,7600,AVAILABLE
SEAT7601,SEC1,A,7601,AVAILABLE
SEAT7602,SEC1,A,7602,AVAILABLE
SEAT7603,SEC1,A,7603,AVAILABLE
SEAT7604,SEC1,A,7604,AVAILABLE
SEAT7605,SEC1,A,7605,AVAILABLE
SEAT7606,SEC1,A,7606,AVAILABLE
SEAT7607,SEC1,A,7607,AVAILABLE
SEAT7608,SEC1,A,7608,AVAILABLE
SEAT7609,SEC1,A,7609,AVAILABLE
SEAT7610,SEC1,A,7610,AVAILABLE
SEAT7611,SEC1,A,7611,AVAILABLE
SEAT7612,SEC1,A,7612,AVAILABLE
SEAT7613,SEC1,A,7613,AVAILABLE
SEAT7614,SEC1,A,7614,AVAILABLE
SEAT7615,SEC1,A,7615,AVAILABLE
SEAT7616,SEC1,A,7616,AVAILABLE
SEAT7617,SEC1,A,7617,AVAILABLE
SEAT7618,SEC1,A,7618,AVAILABLE
SEAT7619,SEC1,A,7619,AVAILABLE
SEAT7620,SEC1,A,7620,AVAILABLE
SEAT7621,SEC1,A,7621,AVAILABLE
SEAT7622,SEC1,A,7622,AVAILABLE
SEAT7623,SEC1,A,7623,AVAILABLE
SEAT7624,SEC1,A,7624,AVAILABLE
SEAT7625,SEC1,A,7625,AVAILABLE
SEAT7626,SEC1,A,7626,AVAILABLE
SEAT7627,SEC1,A,7627,AVAILABLE
SEAT7628,SEC1,A,7628,AVAILABLE
SEAT7629,SEC1,A,7629,AVAILABLE
SEAT7630,SEC1,A,7630,AVAILABLE
SEAT7631,SEC1,A,7631,AVAILABLE
SEAT7632,SEC1,A,7632,AVAILABLE
SEAT7633,SEC1,A,7633,AVAILABLE
SEAT7634,SEC1,A,7634,AVAILABLE
SEAT7635,SEC1,A,7635,AVAILABLE
SEAT7636,SEC1,A,7636,AVAILABLE
SEAT7637,SEC1,A,7637,AVAILABLE
SEAT7638,SEC1,A,7638,AVAILABLE
SEAT7639,SEC1,A,7639,AVAILABLE
SEAT7640,SEC1,A,7640,AVAILABLE
SEAT7641,SEC1,A,7641,AVAILABLE
SEAT7642,SEC1,A,7642,AVAILABLE
SEAT7643,SEC1,A,7643,AVAILABLE
SEAT7644,SEC1,A,7644,AVAILABLE
SEAT7645,SEC1,A,7645,AVAILABLE
SEAT7646,SEC1,A,7646,AVAILABLE
SEAT7647,SEC1,A,7647,AVAILABLE
SEAT7648,SEC1,A,7648,AVAILABLE
SEAT7649,SEC1,A,7649,AVAILABLE
SEAT7650,SEC1,A,7650,AVAILABLE
SEAT7651,SEC1,A,7651,AVAILABLE
SEAT7652,SEC1,A,7652,AVAILABLE
SEAT7653,SEC1,A,7653,AVAILABLE
SEAT7654,SEC1,A,7654,AVAILABLE
SEAT7655,SEC1,A,7655,AVAILABLE
SEAT7656,SEC1,A,7656,AVAILABLE
SEAT7657,SEC1,A,7657,AVAILABLE
SEAT7658,SEC1,A,7658,AVAILABLE
SEAT7659,SEC1,A,7659,AVAILABLE
SEAT7660,SEC1,A,7660,AVAILABLE
SEAT7661,SEC1,A,7661,AVAILABLE
SEAT7662,SEC1,A,7662,AVAILABLE
SEAT7663,SEC1,A,7663,AVAILABLE
SEAT7664,SEC1,A,7664,AVAILABLE
SEAT7665,SEC1,A,7665,AVAILABLE
SEAT7666,SEC1,A,7666,AVAILABLE
SEAT7667,SEC1,A,7667,AVAILABLE
SEAT7668,SEC1,A,7668,AVAILABLE
SEAT7669,SEC1,A,7669,AVAILABLE
SEAT7670,SEC1,A,7670,AVAILABLE
SEAT7671,SEC1,A,7671,AVAILABLE
SEAT7672,SEC1,A,7672,AVAILABLE
SEAT7673,SEC1,A,7673,AVAILABLE
SEAT7674,SEC1,A,7674,AVAILABLE
SEAT7675,SEC1,A,7675,AVAILABLE
SEAT7676,SEC1,A,7676,AVAILABLE
SEAT7677,SEC1,A,7677,AVAILABLE
SEAT7678,SEC1,A,7678,AVAILABLE
SEAT7679,SEC1,A,7679,AVAILABLE
SEAT7680,SEC1,A,7680,AVAILABLE
SEAT7681,SEC1,A,7681,AVAILABLE
SEAT7682,SEC1,A,7682,AVAILABLE
SEAT7683,SEC1,A,7683,AVAILABLE
SEAT7684,SEC1,A,7684,AVAILABLE
SEAT7685,SEC1,A,7685,AVAILABLE
SEAT7686,SEC1,A,7686,AVAILABLE
SEAT7687,SEC1,A,7687,AVAILABLE
SEAT7688,SEC1,A,7688,AVAILABLE
SEAT7689,SEC1,A,7689,AVAILABLE
SEAT7690,SEC1,A,7690,AVAILABLE
SEAT7691,SEC1,A,7691,AVAILABLE
SEAT7692,SEC1,A,7692,AVAILABLE
SEAT7693,SEC1,A,7693,AVAILABLE
SEAT7694,SEC1,A,7694,AVAILABLE
SEAT7695,SEC1,A,7695,AVAILABLE
SEAT7696,SEC1,A,7696,AVAILABLE
SEAT7697,SEC1,A,7697,AVAILABLE
SEAT7698,SEC1,A,7698,AVAILABLE
SEAT7699,SEC1,A,7699,AVAILABLE
SEAT7700,SEC1,A,7700,AVAILABLE
SEAT7701,SEC1,A,7701,AVAILABLE
SEAT7702,SEC1,A,7702,AVAILABLE
SEAT7703,SEC1,A,7703,AVAILABLE
SEAT7704,SEC1,A,7704,AVAILABLE
SEAT7705,SEC1,A,7705,AVAILABLE
SEAT7706,SEC1,A,7706,AVAILABLE
SEAT7707,SEC1,A,7707,AVAILABLE
SEAT7708,SEC1,A,7708,AVAILABLE
SEAT7709,SEC1,A,7709,AVAILABLE
SEAT7710,SEC1,A,7710,AVAILABLE
SEAT7711,SEC1,A,7711,AVAILABLE
SEAT7712,SEC1,A,7712,AVAILABLE
SEAT7713,SEC1,A,7713,AVAILABLE
SEAT7714,SEC1,A,7714,AVAILABLE
SEAT7715,SEC1,A,7715,AVAILABLE
SEAT7716,SEC1,A,7716,AVAILABLE
SEAT7717,SEC1,A,7717,AVAILABLE
SEAT7718,SEC1,A,7718,AVAILABLE
SEAT7719,SEC1,A,7719,AVAILABLE
SEAT7720,SEC1,A,7720,AVAILABLE
SEAT7721,SEC1,A,7721,AVAILABLE
SEAT7722,SEC1,A,7722,AVAILABLE
SEAT7723,SEC1,A,7723,AVAILABLE
SEAT7724,SEC1,A,7724,AVAILABLE
SEAT7725,SEC1,A,7725,AVAILABLE
SEAT7726,SEC1,A,7726,AVAILABLE
SEAT7727,SEC1,A,7727,AVAILABLE
SEAT7728,SEC1,A,7728,AVAILABLE
SEAT7729,SEC1,A,7729,AVAILABLE
SEAT7730,SEC1,A,7730,AVAILABLE
SEAT7731,SEC1,A,7731,AVAILABLE
SEAT7732,SEC1,A,7732,AVAILABLE
SEAT7733,SEC1,A,7733,AVAILABLE
SEAT7734,SEC1,A,7734,AVAILABLE
SEAT7735,SEC1,A,7735,AVAILABLE
SEAT7736,SEC1,A,7736,AVAILABLE
SEAT7737,SEC1,A,7737,AVAILABLE
SEAT7738,SEC1,A,7738,AVAILABLE
SEAT7739,SEC1,A,7739,AVAILABLE
SEAT7740,SEC1,A,7740,AVAILABLE
SEAT7741,SEC1,A,7741,AVAILABLE
SEAT7742,SEC1,A,7742,AVAILABLE
SEAT7743,SEC1,A,7743,AVAILABLE
SEAT7744,SEC1,A,7744,AVAILABLE
SEAT7745,SEC1,A,7745,AVAILABLE
SEAT7746,SEC1,A,7746,AVAILABLE
SEAT7747,SEC1,A,7747,AVAILABLE
SEAT7748,SEC1,A,7748,AVAILABLE
SEAT7749,SEC1,A,7749,AVAILABLE
SEAT7750,SEC1,A,7750,AVAILABLE
SEAT7751,SEC1,A,7751,AVAILABLE
SEAT7752,SEC1,A,7752,AVAILABLE
SEAT7753,SEC1,A,7753,AVAILABLE
SEAT7754,SEC1,A,7754,AVAILABLE
SEAT7755,SEC1,A,7755,AVAILABLE
SEAT7756,SEC1,A,7756,AVAILABLE
SEAT7757,SEC1,A,7757,AVAILABLE
SEAT7758,SEC1,A,7758,AVAILABLE
SEAT7759,SEC1,A,7759,AVAILABLE
SEAT7760,SEC1,A,7760,AVAILABLE
SEAT7761,SEC1,A,7761,AVAILABLE
SEAT7762,SEC1,A,7762,AVAILABLE
SEAT7763,SEC1,A,7763,AVAILABLE
SEAT7764,SEC1,A,7764,AVAILABLE
SEAT7765,SEC1,A,7765,AVAILABLE
SEAT7766,SEC1,A,7766,AVAILABLE
SEAT7767,SEC1,A,7767,AVAILABLE
SEAT7768,SEC1,A,7768,AVAILABLE
SEAT7769,SEC1,A,7769,AVAILABLE
SEAT7770,SEC1,A,7770,AVAILABLE
SEAT7771,SEC1,A,7771,AVAILABLE
SEAT7772,SEC1,A,7772,AVAILABLE
SEAT7773,SEC1,A,7773,AVAILABLE
SEAT7774,SEC1,A,7774,AVAILABLE
SEAT7775,SEC1,A,7775,AVAILABLE
SEAT7776,SEC1,A,7776,AVAILABLE
SEAT7777,SEC1,A,7777,AVAILABLE
SEAT7778,SEC1,A,7778,AVAILABLE
SEAT7779,SEC1,A,7779,AVAILABLE
SEAT7780,SEC1,A,7780,AVAILABLE
SEAT7781,SEC1,A,7781,AVAILABLE
SEAT7782,SEC1,A,7782,AVAILABLE
SEAT7783,SEC1,A,7783,AVAILABLE
SEAT7784,SEC1,A,7784,AVAILABLE
SEAT7785,SEC1,A,7785,AVAILABLE
SEAT7786,SEC1,A,7786,AVAILABLE
SEAT7787,SEC1,A,7787,AVAILABLE
SEAT7788,SEC1,A,7788,AVAILABLE
SEAT7789,SEC1,A,7789,AVAILABLE
SEAT7790,SEC1,A,7790,AVAILABLE
SEAT7791,SEC1,A,7791,AVAILABLE
SEAT7792,SEC1,A,7792,AVAILABLE
SEAT7793,SEC1,A,7793,AVAILABLE
SEAT7794,SEC1,A,7794,AVAILABLE
SEAT7795,SEC1,A,7795,AVAILABLE
SEAT7796,SEC1,A,7796,AVAILABLE
SEAT7797,SEC1,A,7797,AVAILABLE
SEAT7798,SEC1,A,7798,AVAILABLE
SEAT7799,SEC1,A,7799,AVAILABLE
SEAT7800,SEC1,A,7800,AVAILABLE
SEAT7801,SEC1,A,7801,AVAILABLE
SEAT7802,SEC1,A,7802,AVAILABLE
SEAT7803,SEC1,A,7803,AVAILABLE
SEAT7804,SEC1,A,7804,AVAILABLE
SEAT7805,SEC1,A,7805,AVAILABLE
SEAT7806,SEC1,A,7806,AVAILABLE
SEAT7807,SEC1,A,7807,AVAILABLE
SEAT7808,SEC1,A,7808,AVAILABLE
SEAT7809,SEC1,A,7809,AVAILABLE
SEAT7810,SEC1,A,7810,AVAILABLE
SEAT7811,SEC1,A,7811,AVAILABLE
SEAT7812,SEC1,A,7812,AVAILABLE
SEAT7813,SEC1,A,7813,AVAILABLE
SEAT7814,SEC1,A,7814,AVAILABLE
SEAT7815,SEC1,A,7815,AVAILABLE
SEAT7816,SEC1,A,7816,AVAILABLE
SEAT7817,SEC1,A,7817,AVAILABLE
SEAT7818,SEC1,A,7818,AVAILABLE
SEAT7819,SEC1,A,7819,AVAILABLE
SEAT7820,SEC1,A,7820,AVAILABLE
SEAT7821,SEC1,A,7821,AVAILABLE
SEAT7822,SEC1,A,7822,AVAILABLE
SEAT7823,SEC1,A,7823,AVAILABLE
SEAT7824,SEC1,A,7824,AVAILABLE
SEAT7825,SEC1,A,7825,AVAILABLE
SEAT7826,SEC1,A,7826,AVAILABLE
SEAT7827,SEC1,A,7827,AVAILABLE
SEAT7828,SEC1,A,7828,AVAILABLE
SEAT7829,SEC1,A,7829,AVAILABLE
SEAT7830,SEC1,A,7830,AVAILABLE
SEAT7831,SEC1,A,7831,AVAILABLE
SEAT7832,SEC1,A,7832,AVAILABLE
SEAT7833,SEC1,A,7833,AVAILABLE
SEAT7834,SEC1,A,7834,AVAILABLE
SEAT7835,SEC1,A,7835,AVAILABLE
SEAT7836,SEC1,A,7836,AVAILABLE
SEAT7837,SEC1,A,7837,AVAILABLE
SEAT7838,SEC1,A,7838,AVAILABLE
SEAT7839,SEC1,A,7839,AVAILABLE
SEAT7840,SEC1,A,7840,AVAILABLE
SEAT7841,SEC1,A,7841,AVAILABLE
SEAT7842,SEC1,A,7842,AVAILABLE
SEAT7843,SEC1,A,7843,AVAILABLE
SEAT7844,SEC1,A,7844,AVAILABLE
SEAT7845,SEC1,A,7845,AVAILABLE
SEAT7846,SEC1,A,7846,AVAILABLE
SEAT7847,SEC1,A,7847,AVAILABLE
SEAT7848,SEC1,A,7848,AVAILABLE
SEAT7849,SEC1,A,7849,AVAILABLE
SEAT7850,SEC1,A,7850,AVAILABLE
SEAT7851,SEC1,A,7851,AVAILABLE
SEAT7852,SEC1,A,7852,AVAILABLE
SEAT7853,SEC1,A,7853,AVAILABLE
SEAT7854,SEC1,A,7854,AVAILABLE
SEAT7855,SEC1,A,7855,AVAILABLE
SEAT7856,SEC1,A,7856,AVAILABLE
SEAT7857,SEC1,A,7857,AVAILABLE
SEAT7858,SEC1,A,7858,AVAILABLE
SEAT7859,SEC1,A,7859,AVAILABLE
SEAT7860,SEC1,A,7860,AVAILABLE
SEAT7861,SEC1,A,7861,AVAILABLE
SEAT7862,SEC1,A,7862,AVAILABLE
SEAT7863,SEC1,A,7863,AVAILABLE
SEAT7864,SEC1,A,7864,AVAILABLE
SEAT7865,SEC1,A,7865,AVAILABLE
SEAT7866,SEC1,A,7866,AVAILABLE
SEAT7867,SEC1,A,7867,AVAILABLE
SEAT7868,SEC1,A,7868,AVAILABLE
SEAT7869,SEC1,A,7869,AVAILABLE
SEAT7870,SEC1,A,7870,AVAILABLE
SEAT7871,SEC1,A,7871,AVAILABLE
SEAT7872,SEC1,A,7872,AVAILABLE
SEAT7873,SEC1,A,7873,AVAILABLE
SEAT7874,SEC1,A,7874,AVAILABLE
SEAT7875,SEC1,A,7875,AVAILABLE
SEAT7876,SEC1,A,7876,AVAILABLE
SEAT7877,SEC1,A,7877,AVAILABLE
SEAT7878,SEC1,A,7878,AVAILABLE
SEAT7879,SEC1,A,7879,AVAILABLE
SEAT7880,SEC1,A,7880,AVAILABLE
SEAT7881,SEC1,A,7881,AVAILABLE
SEAT7882,SEC1,A,7882,AVAILABLE
SEAT7883,SEC1,A,7883,AVAILABLE
SEAT7884,SEC1,A,7884,AVAILABLE
SEAT7885,SEC1,A,7885,AVAILABLE
SEAT7886,SEC1,A,7886,AVAILABLE
SEAT7887,SEC1,A,7887,AVAILABLE
SEAT7888,SEC1,A,7888,AVAILABLE
SEAT7889,SEC1,A,7889,AVAILABLE
SEAT7890,SEC1,A,7890,AVAILABLE
SEAT7891,SEC1,A,7891,AVAILABLE
SEAT7892,SEC1,A,7892,AVAILABLE
SEAT7893,SEC1,A,7893,AVAILABLE
SEAT7894,SEC1,A,7894,AVAILABLE
SEAT7895,SEC1,A,7895,AVAILABLE
SEAT7896,SEC1,A,7896,AVAILABLE
SEAT7897,SEC1,A,7897,AVAILABLE
SEAT7898,SEC1,A,7898,AVAILABLE
SEAT7899,SEC1,A,7899,AVAILABLE
SEAT7900,SEC1,A,7900,AVAILABLE
SEAT7901,SEC1,A,7901,AVAILABLE
SEAT7902,SEC1,A,7902,AVAILABLE
SEAT7903,SEC1,A,7903,AVAILABLE
SEAT7904,SEC1,A,7904,AVAILABLE
SEAT7905,SEC1,A,7905,AVAILABLE
SEAT7906,SEC1,A,7906,AVAILABLE
SEAT7907,SEC1,A,7907,AVAILABLE
SEAT7908,SEC1,A,7908,AVAILABLE
SEAT7909,SEC1,A,7909,AVAILABLE
SEAT7910,SEC1,A,7910,AVAILABLE
SEAT7911,SEC1,A,7911,AVAILABLE
SEAT7912,SEC1,A,7912,AVAILABLE
SEAT7913,SEC1,A,7913,AVAILABLE
SEAT7914,SEC1,A,7914,AVAILABLE
SEAT7915,SEC1,A,7915,AVAILABLE
SEAT7916,SEC1,A,7916,AVAILABLE
SEAT7917,SEC1,A,7917,AVAILABLE
SEAT7918,SEC1,A,7918,AVAILABLE
SEAT7919,SEC1,A,7919,AVAILABLE
SEAT7920,SEC1,A,7920,AVAILABLE
SEAT7921,SEC1,A,7921,AVAILABLE
SEAT7922,SEC1,A,7922,AVAILABLE
SEAT7923,SEC1,A,7923,AVAILABLE
SEAT7924,SEC1,A,7924,AVAILABLE
SEAT7925,SEC1,A,7925,AVAILABLE
SEAT7926,SEC1,A,7926,AVAILABLE
SEAT7927,SEC1,A,7927,AVAILABLE
SEAT7928,SEC1,A,7928,AVAILABLE
SEAT7929,SEC1,A,7929,AVAILABLE
SEAT7930,SEC1,A,7930,AVAILABLE
SEAT7931,SEC1,A,7931,AVAILABLE
SEAT7932,SEC1,A,7932,AVAILABLE
SEAT7933,SEC1,A,7933,AVAILABLE
SEAT7934,SEC1,A,7934,AVAILABLE
SEAT7935,SEC1,A,7935,AVAILABLE
SEAT7936,SEC1,A,7936,AVAILABLE
SEAT7937,SEC1,A,7937,AVAILABLE
SEAT7938,SEC1,A,7938,AVAILABLE
SEAT7939,SEC1,A,7939,AVAILABLE
SEAT7940,SEC1,A,7940,AVAILABLE
SEAT7941,SEC1,A,7941,AVAILABLE
SEAT7942,SEC1,A,7942,AVAILABLE
SEAT7943,SEC1,A,7943,AVAILABLE
SEAT7944,SEC1,A,7944,AVAILABLE
SEAT7945,SEC1,A,7945,AVAILABLE
SEAT7946,SEC1,A,7946,AVAILABLE
SEAT7947,SEC1,A,7947,AVAILABLE
SEAT7948,SEC1,A,7948,AVAILABLE
SEAT7949,SEC1,A,7949,AVAILABLE
SEAT7950,SEC1,A,7950,AVAILABLE
SEAT7951,SEC1,A,7951,AVAILABLE
SEAT7952,SEC1,A,7952,AVAILABLE
SEAT7953,SEC1,A,7953,AVAILABLE
SEAT7954,SEC1,A,7954,AVAILABLE
SEAT7955,SEC1,A,7955,AVAILABLE
SEAT7956,SEC1,A,7956,AVAILABLE
SEAT7957,SEC1,A,7957,AVAILABLE
SEAT7958,SEC1,A,7958,AVAILABLE
SEAT7959,SEC1,A,7959,AVAILABLE
SEAT7960,SEC1,A,7960,AVAILABLE
SEAT7961,SEC1,A,7961,AVAILABLE
SEAT7962,SEC1,A,7962,AVAILABLE
SEAT7963,SEC1,A,7963,AVAILABLE
SEAT7964,SEC1,A,7964,AVAILABLE
SEAT7965,SEC1,A,7965,AVAILABLE
SEAT7966,SEC1,A,7966,AVAILABLE
SEAT7967,SEC1,A,7967,AVAILABLE
SEAT7968,SEC1,A,7968,AVAILABLE
SEAT7969,SEC1,A,7969,AVAILABLE
SEAT7970,SEC1,A,7970,AVAILABLE
SEAT7971,SEC1,A,7971,AVAILABLE
SEAT7972,SEC1,A,7972,AVAILABLE
SEAT7973,SEC1,A,7973,AVAILABLE
SEAT7974,SEC1,A,7974,AVAILABLE
SEAT7975,SEC1,A,7975,AVAILABLE
SEAT7976,SEC1,A,7976,AVAILABLE
SEAT7977,SEC1,A,7977,AVAILABLE
SEAT7978,SEC1,A,7978,AVAILABLE
SEAT7979,SEC1,A,7979,AVAILABLE
SEAT7980,SEC1,A,7980,AVAILABLE
SEAT7981,SEC1,A,7981,AVAILABLE
SEAT7982,SEC1,A,7982,AVAILABLE
SEAT7983,SEC1,A,7983,AVAILABLE
SEAT7984,SEC1,A,7984,AVAILABLE
SEAT7985,SEC1,A,7985,AVAILABLE
SEAT7986,SEC1,A,7986,AVAILABLE
SEAT7987,SEC1,A,7987,AVAILABLE
SEAT7988,SEC1,A,7988,AVAILABLE
SEAT7989,SEC1,A,7989,AVAILABLE
SEAT7990,SEC1,A,7990,AVAILABLE
SEAT7991,SEC1,A,7991,AVAILABLE
SEAT7992,SEC1,A,7992,AVAILABLE
SEAT7993,SEC1,A,7993,AVAILABLE
SEAT7994,SEC1,A,7994,AVAILABLE
SEAT7995,SEC1,A,7995,AVAILABLE
SEAT7996,SEC1,A,7996,AVAILABLE
SEAT7997,SEC1,A,7997,AVAILABLE
SEAT7998,SEC1,A,7998,AVAILABLE
SEAT7999,SEC1,A,7999,AVAILABLE
SEAT8000,SEC1,A,8000,AVAILABLE
SEAT8001,SEC1,A,8001,AVAILABLE
SEAT8002,SEC1,A,8002,AVAILABLE
SEAT8003,SEC1,A,8003,AVAILABLE
SEAT8004,SEC1,A,8004,AVAILABLE
SEAT8005,SEC1,A,8005,AVAILABLE
SEAT8006,SEC1,A,8006,AVAILABLE
SEAT8007,SEC1,A,8007,AVAILABLE
SEAT8008,SEC1,A,8008,AVAILABLE
SEAT8009,SEC1,A,8009,AVAILABLE
SEAT8010,SEC1,A,8010,AVAILABLE
SEAT8011,SEC1,A,8011,AVAILABLE
SEAT8012,SEC1,A,8012,AVAILABLE
SEAT8013,SEC1,A,8013,AVAILABLE
SEAT8014,SEC1,A,8014,AVAILABLE
SEAT8015,SEC1,A,8015,AVAILABLE
SEAT8016,SEC1,A,8016,AVAILABLE
SEAT8017,SEC1,A,8017,AVAILABLE
SEAT8018,SEC1,A,8018,AVAILABLE
SEAT8019,SEC1,A,8019,AVAILABLE
SEAT8020,SEC1,A,8020,AVAILABLE
SEAT8021,SEC1,A,8021,AVAILABLE
SEAT8022,SEC1,A,8022,AVAILABLE
SEAT8023,SEC1,A,8023,AVAILABLE
SEAT8024,SEC1,A,8024,AVAILABLE
SEAT8025,SEC1,A,8025,AVAILABLE
SEAT8026,SEC1,A,8026,AVAILABLE
SEAT8027,SEC1,A,8027,AVAILABLE
SEAT8028,SEC1,A,8028,AVAILABLE
SEAT8029,SEC1,A,8029,AVAILABLE
SEAT8030,SEC1,A,8030,AVAILABLE
SEAT8031,SEC1,A,8031,AVAILABLE
SEAT8032,SEC1,A,8032,AVAILABLE
SEAT8033,SEC1,A,8033,AVAILABLE
SEAT8034,SEC1,A,8034,AVAILABLE
SEAT8035,SEC1,A,8035,AVAILABLE
SEAT8036,SEC1,A,8036,AVAILABLE
SEAT8037,SEC1,A,8037,AVAILABLE
SEAT8038,SEC1,A,8038,AVAILABLE
SEAT8039,SEC1,A,8039,AVAILABLE
SEAT8040,SEC1,A,8040,AVAILABLE
SEAT8041,SEC1,A,8041,AVAILABLE
SEAT8042,SEC1,A,8042,AVAILABLE
SEAT8043,SEC1,A,8043,AVAILABLE
SEAT8044,SEC1,A,8044,AVAILABLE
SEAT8045,SEC1,A,8045,AVAILABLE
SEAT8046,SEC1,A,8046,AVAILABLE
SEAT8047,SEC1,A,8047,AVAILABLE
SEAT8048,SEC1,A,8048,AVAILABLE
SEAT8049,SEC1,A,8049,AVAILABLE
SEAT8050,SEC1,A,8050,AVAILABLE
SEAT8051,SEC1,A,8051,AVAILABLE
SEAT8052,SEC1,A,8052,AVAILABLE
SEAT8053,SEC1,A,8053,AVAILABLE
SEAT8054,SEC1,A,8054,AVAILABLE
SEAT8055,SEC1,A,8055,AVAILABLE
SEAT8056,SEC1,A,8056,AVAILABLE
SEAT8057,SEC1,A,8057,AVAILABLE
SEAT8058,SEC1,A,8058,AVAILABLE
SEAT8059,SEC1,A,8059,AVAILABLE
SEAT8060,SEC1,A,8060,AVAILABLE
SEAT8061,SEC1,A,8061,AVAILABLE
SEAT8062,SEC1,A,8062,AVAILABLE
SEAT8063,SEC1,A,8063,AVAILABLE
SEAT8064,SEC1,A,8064,AVAILABLE
SEAT8065,SEC1,A,8065,AVAILABLE
SEAT8066,SEC1,A,8066,AVAILABLE
SEAT8067,SEC1,A,8067,AVAILABLE
SEAT8068,SEC1,A,8068,AVAILABLE
SEAT8069,SEC1,A,8069,AVAILABLE
SEAT8070,SEC1,A,8070,AVAILABLE
SEAT8071,SEC1,A,8071,AVAILABLE
SEAT8072,SEC1,A,8072,AVAILABLE
SEAT8073,SEC1,A,8073,AVAILABLE
SEAT8074,SEC1,A,8074,AVAILABLE
SEAT8075,SEC1,A,8075,AVAILABLE
SEAT8076,SEC1,A,8076,AVAILABLE
SEAT8077,SEC1,A,8077,AVAILABLE
SEAT8078,SEC1,A,8078,AVAILABLE
SEAT8079,SEC1,A,8079,AVAILABLE
SEAT8080,SEC1,A,8080,AVAILABLE
SEAT8081,SEC1,A,8081,AVAILABLE
SEAT8082,SEC1,A,8082,AVAILABLE
SEAT8083,SEC1,A,8083,AVAILABLE
SEAT8084,SEC1,A,8084,AVAILABLE
SEAT8085,SEC1,A,8085,AVAILABLE
SEAT8086,SEC1,A,8086,AVAILABLE
SEAT8087,SEC1,A,8087,AVAILABLE
SEAT8088,SEC1,A,8088,AVAILABLE
SEAT8089,SEC1,A,8089,AVAILABLE
SEAT8090,SEC1,A,8090,AVAILABLE
SEAT8091,SEC1,A,8091,AVAILABLE
SEAT8092,SEC1,A,8092,AVAILABLE
SEAT8093,SEC1,A,8093,AVAILABLE
SEAT8094,SEC1,A,8094,AVAILABLE
SEAT8095,SEC1,A,8095,AVAILABLE
SEAT8096,SEC1,A,8096,AVAILABLE
SEAT8097,SEC1,A,8097,AVAILABLE
SEAT8098,SEC1,A,8098,AVAILABLE
SEAT8099,SEC1,A,8099,AVAILABLE
SEAT8100,SEC1,A,8100,AVAILABLE
SEAT8101,SEC1,A,8101,AVAILABLE
SEAT8102,SEC1,A,8102,AVAILABLE
SEAT8103,SEC1,A,8103,AVAILABLE
SEAT8104,SEC1,A,8104,AVAILABLE
SEAT8105,SEC1,A,8105,AVAILABLE
SEAT8106,SEC1,A,8106,AVAILABLE
SEAT8107,SEC1,A,8107,AVAILABLE
SEAT8108,SEC1,A,8108,AVAILABLE
SEAT8109,SEC1,A,8109,AVAILABLE
SEAT8110,SEC1,A,8110,AVAILABLE
SEAT8111,SEC1,A,8111,AVAILABLE
SEAT8112,SEC1,A,8112,AVAILABLE
SEAT8113,SEC1,A,8113,AVAILABLE
SEAT8114,SEC1,A,8114,AVAILABLE
SEAT8115,SEC1,A,8115,AVAILABLE
SEAT8116,SEC1,A,8116,AVAILABLE
SEAT8117,SEC1,A,8117,AVAILABLE
SEAT8118,SEC1,A,8118,AVAILABLE
SEAT8119,SEC1,A,8119,AVAILABLE
SEAT8120,SEC1,A,8120,AVAILABLE
SEAT8121,SEC1,A,8121,AVAILABLE
SEAT8122,SEC1,A,8122,AVAILABLE
SEAT8123,SEC1,A,8123,AVAILABLE
SEAT8124,SEC1,A,8124,AVAILABLE
SEAT8125,SEC1,A,8125,AVAILABLE
SEAT8126,SEC1,A,8126,AVAILABLE
SEAT8127,SEC1,A,8127,AVAILABLE
SEAT8128,SEC1,A,8128,AVAILABLE
SEAT8129,SEC1,A,8129,AVAILABLE
SEAT8130,SEC1,A,8130,AVAILABLE
SEAT8131,SEC1,A,8131,AVAILABLE
SEAT8132,SEC1,A,8132,AVAILABLE
SEAT8133,SEC1,A,8133,AVAILABLE
SEAT8134,SEC1,A,8134,AVAILABLE
SEAT8135,SEC1,A,8135,AVAILABLE
SEAT8136,SEC1,A,8136,AVAILABLE
SEAT8137,SEC1,A,8137,AVAILABLE
SEAT8138,SEC1,A,8138,AVAILABLE
SEAT8139,SEC1,A,8139,AVAILABLE
SEAT8140,SEC1,A,8140,AVAILABLE
SEAT8141,SEC1,A,8141,AVAILABLE
SEAT8142,SEC1,A,8142,AVAILABLE
SEAT8143,SEC1,A,8143,AVAILABLE
SEAT8144,SEC1,A,8144,AVAILABLE
SEAT8145,SEC1,A,8145,AVAILABLE
SEAT8146,SEC1,A,8146,AVAILABLE
SEAT8147,SEC1,A,8147,AVAILABLE
SEAT8148,SEC1,A,8148,AVAILABLE
SEAT8149,SEC1,A,8149,AVAILABLE
SEAT8150,SEC1,A,8150,AVAILABLE
SEAT8151,SEC1,A,8151,AVAILABLE
SEAT8152,SEC1,A,8152,AVAILABLE
SEAT8153,SEC1,A,8153,AVAILABLE
SEAT8154,SEC1,A,8154,AVAILABLE
SEAT8155,SEC1,A,8155,AVAILABLE
SEAT8156,SEC1,A,8156,AVAILABLE
SEAT8157,SEC1,A,8157,AVAILABLE
SEAT8158,SEC1,A,8158,AVAILABLE
SEAT8159,SEC1,A,8159,AVAILABLE
SEAT8160,SEC1,A,8160,AVAILABLE
SEAT8161,SEC1,A,8161,AVAILABLE
SEAT8162,SEC1,A,8162,AVAILABLE
SEAT8163,SEC1,A,8163,AVAILABLE
SEAT8164,SEC1,A,8164,AVAILABLE
SEAT8165,SEC1,A,8165,AVAILABLE
SEAT8166,SEC1,A,8166,AVAILABLE
SEAT8167,SEC1,A,8167,AVAILABLE
SEAT8168,SEC1,A,8168,AVAILABLE
SEAT8169,SEC1,A,8169,AVAILABLE
SEAT8170,SEC1,A,8170,AVAILABLE
SEAT8171,SEC1,A,8171,AVAILABLE
SEAT8172,SEC1,A,8172,AVAILABLE
SEAT8173,SEC1,A,8173,AVAILABLE
SEAT8174,SEC1,A,8174,AVAILABLE
SEAT8175,SEC1,A,8175,AVAILABLE
SEAT8176,SEC1,A,8176,AVAILABLE
SEAT8177,SEC1,A,8177,AVAILABLE
SEAT8178,SEC1,A,8178,AVAILABLE
SEAT8179,SEC1,A,8179,AVAILABLE
SEAT8180,SEC1,A,8180,AVAILABLE
SEAT8181,SEC1,A,8181,AVAILABLE
SEAT8182,SEC1,A,8182,AVAILABLE
SEAT8183,SEC1,A,8183,AVAILABLE
SEAT8184,SEC1,A,8184,AVAILABLE
SEAT8185,SEC1,A,8185,AVAILABLE
SEAT8186,SEC1,A,8186,AVAILABLE
SEAT8187,SEC1,A,8187,AVAILABLE
SEAT8188,SEC1,A,8188,AVAILABLE
SEAT8189,SEC1,A,8189,AVAILABLE
SEAT8190,SEC1,A,8190,AVAILABLE
SEAT8191,SEC1,A,8191,AVAILABLE
SEAT8192,SEC1,A,8192,AVAILABLE
SEAT8193,SEC1,A,8193,AVAILABLE
SEAT8194,SEC1,A,8194,AVAILABLE
SEAT8195,SEC1,A,8195,AVAILABLE
SEAT8196,SEC1,A,8196,AVAILABLE
SEAT8197,SEC1,A,8197,AVAILABLE
SEAT8198,SEC1,A,8198,AVAILABLE
SEAT8199,SEC1,A,8199,AVAILABLE
SEAT8200,SEC1,A,8200,AVAILABLE
SEAT8201,SEC1,A,8201,AVAILABLE
SEAT8202,SEC1,A,8202,AVAILABLE
SEAT8203,SEC1,A,8203,AVAILABLE
SEAT8204,SEC1,A,8204,AVAILABLE
SEAT8205,SEC1,A,8205,AVAILABLE
SEAT8206,SEC1,A,8206,AVAILABLE
SEAT8207,SEC1,A,8207,AVAILABLE
SEAT8208,SEC1,A,8208,AVAILABLE
SEAT8209,SEC1,A,8209,AVAILABLE
SEAT8210,SEC1,A,8210,AVAILABLE
SEAT8211,SEC1,A,8211,AVAILABLE
SEAT8212,SEC1,A,8212,AVAILABLE
SEAT8213,SEC1,A,8213,AVAILABLE
SEAT8214,SEC1,A,8214,AVAILABLE
SEAT8215,SEC1,A,8215,AVAILABLE
SEAT8216,SEC1,A,8216,AVAILABLE
SEAT8217,SEC1,A,8217,AVAILABLE
SEAT8218,SEC1,A,8218,AVAILABLE
SEAT8219,SEC1,A,8219,AVAILABLE
SEAT8220,SEC1,A,8220,AVAILABLE
SEAT8221,SEC1,A,8221,AVAILABLE
SEAT8222,SEC1,A,8222,AVAILABLE
SEAT8223,SEC1,A,8223,AVAILABLE
SEAT8224,SEC1,A,8224,AVAILABLE
SEAT8225,SEC1,A,8225,AVAILABLE
SEAT8226,SEC1,A,8226,AVAILABLE
SEAT8227,SEC1,A,8227,AVAILABLE
SEAT8228,SEC1,A,8228,AVAILABLE
SEAT8229,SEC1,A,8229,AVAILABLE
SEAT8230,SEC1,A,8230,AVAILABLE
SEAT8231,SEC1,A,8231,AVAILABLE
SEAT8232,SEC1,A,8232,AVAILABLE
SEAT8233,SEC1,A,8233,AVAILABLE
SEAT8234,SEC1,A,8234,AVAILABLE
SEAT8235,SEC1,A,8235,AVAILABLE
SEAT8236,SEC1,A,8236,AVAILABLE
SEAT8237,SEC1,A,8237,AVAILABLE
SEAT8238,SEC1,A,8238,AVAILABLE
SEAT8239,SEC1,A,8239,AVAILABLE
SEAT8240,SEC1,A,8240,AVAILABLE
SEAT8241,SEC1,A,8241,AVAILABLE
SEAT8242,SEC1,A,8242,AVAILABLE
SEAT8243,SEC1,A,8243,AVAILABLE
SEAT8244,SEC1,A,8244,AVAILABLE
SEAT8245,SEC1,A,8245,AVAILABLE
SEAT8246,SEC1,A,8246,AVAILABLE
SEAT8247,SEC1,A,8247,AVAILABLE
SEAT8248,SEC1,A,8248,AVAILABLE
SEAT8249,SEC1,A,8249,AVAILABLE
SEAT8250,SEC1,A,8250,AVAILABLE
SEAT8251,SEC1,A,8251,AVAILABLE
SEAT8252,SEC1,A,8252,AVAILABLE
SEAT8253,SEC1,A,8253,AVAILABLE
SEAT8254,SEC1,A,8254,AVAILABLE
SEAT8255,SEC1,A,8255,AVAILABLE
SEAT8256,SEC1,A,8256,AVAILABLE
SEAT8257,SEC1,A,8257,AVAILABLE
SEAT8258,SEC1,A,8258,AVAILABLE
SEAT8259,SEC1,A,8259,AVAILABLE
SEAT8260,SEC1,A,8260,AVAILABLE
SEAT8261,SEC1,A,8261,AVAILABLE
SEAT8262,SEC1,A,8262,AVAILABLE
SEAT8263,SEC1,A,8263,AVAILABLE
SEAT8264,SEC1,A,8264,AVAILABLE
SEAT8265,SEC1,A,8265,AVAILABLE
SEAT8266,SEC1,A,8266,AVAILABLE
SEAT8267,SEC1,A,8267,AVAILABLE
SEAT8268,SEC1,A,8268,AVAILABLE
SEAT8269,SEC1,A,8269,AVAILABLE
SEAT8270,SEC1,A,8270,AVAILABLE
SEAT8271,SEC1,A,8271,AVAILABLE
SEAT8272,SEC1,A,8272,AVAILABLE
SEAT8273,SEC1,A,8273,AVAILABLE
SEAT8274,SEC1,A,8274,AVAILABLE
SEAT8275,SEC1,A,8275,AVAILABLE
SEAT8276,SEC1,A,8276,AVAILABLE
SEAT8277,SEC1,A,8277,AVAILABLE
SEAT8278,SEC1,A,8278,AVAILABLE
SEAT8279,SEC1,A,8279,AVAILABLE
SEAT8280,SEC1,A,8280,AVAILABLE
SEAT8281,SEC1,A,8281,AVAILABLE
SEAT8282,SEC1,A,8282,AVAILABLE
SEAT8283,SEC1,A,8283,AVAILABLE
SEAT8284,SEC1,A,8284,AVAILABLE
SEAT8285,SEC1,A,8285,AVAILABLE
SEAT8286,SEC1,A,8286,AVAILABLE
SEAT8287,SEC1,A,8287,AVAILABLE
SEAT8288,SEC1,A,8288,AVAILABLE
SEAT8289,SEC1,A,8289,AVAILABLE
SEAT8290,SEC1,A,8290,AVAILABLE
SEAT8291,SEC1,A,8291,AVAILABLE
SEAT8292,SEC1,A,8292,AVAILABLE
SEAT8293,SEC1,A,8293,AVAILABLE
SEAT8294,SEC1,A,8294,AVAILABLE
SEAT8295,SEC1,A,8295,AVAILABLE
SEAT8296,SEC1,A,8296,AVAILABLE
SEAT8297,SEC1,A,8297,AVAILABLE
SEAT8298,SEC1,A,8298,AVAILABLE
SEAT8299,SEC1,A,8299,AVAILABLE
SEAT8300,SEC1,A,8300,AVAILABLE
SEAT8301,SEC1,A,8301,AVAILABLE
SEAT8302,SEC1,A,8302,AVAILABLE
SEAT8303,SEC1,A,8303,AVAILABLE
SEAT8304,SEC1,A,8304,AVAILABLE
SEAT8305,SEC1,A,8305,AVAILABLE
SEAT8306,SEC1,A,8306,AVAILABLE
SEAT8307,SEC1,A,8307,AVAILABLE
SEAT8308,SEC1,A,8308,AVAILABLE
SEAT8309,SEC1,A,8309,AVAILABLE
SEAT8310,SEC1,A,8310,AVAILABLE
SEAT8311,SEC1,A,8311,AVAILABLE
SEAT8312,SEC1,A,8312,AVAILABLE
SEAT8313,SEC1,A,8313,AVAILABLE
SEAT8314,SEC1,A,8314,AVAILABLE
SEAT8315,SEC1,A,8315,AVAILABLE
SEAT8316,SEC1,A,8316,AVAILABLE
SEAT8317,SEC1,A,8317,AVAILABLE
SEAT8318,SEC1,A,8318,AVAILABLE
SEAT8319,SEC1,A,8319,AVAILABLE
SEAT8320,SEC1,A,8320,AVAILABLE
SEAT8321,SEC1,A,8321,AVAILABLE
SEAT8322,SEC1,A,8322,AVAILABLE
SEAT8323,SEC1,A,8323,AVAILABLE
SEAT8324,SEC1,A,8324,AVAILABLE
SEAT8325,SEC1,A,8325,AVAILABLE
SEAT8326,SEC1,A,8326,AVAILABLE
SEAT8327,SEC1,A,8327,AVAILABLE
SEAT8328,SEC1,A,8328,AVAILABLE
SEAT8329,SEC1,A,8329,AVAILABLE
SEAT8330,SEC1,A,8330,AVAILABLE
SEAT8331,SEC1,A,8331,AVAILABLE
SEAT8332,SEC1,A,8332,AVAILABLE
SEAT8333,SEC1,A,8333,AVAILABLE
SEAT8334,SEC1,A,8334,AVAILABLE
SEAT8335,SEC1,A,8335,AVAILABLE
SEAT8336,SEC1,A,8336,AVAILABLE
SEAT8337,SEC1,A,8337,AVAILABLE
SEAT8338,SEC1,A,8338,AVAILABLE
SEAT8339,SEC1,A,8339,AVAILABLE
SEAT8340,SEC1,A,8340,AVAILABLE
SEAT8341,SEC1,A,8341,AVAILABLE
SEAT8342,SEC1,A,8342,AVAILABLE
SEAT8343,SEC1,A,8343,AVAILABLE
SEAT8344,SEC1,A,8344,AVAILABLE
SEAT8345,SEC1,A,8345,AVAILABLE
SEAT8346,SEC1,A,8346,AVAILABLE
SEAT8347,SEC1,A,8347,AVAILABLE
SEAT8348,SEC1,A,8348,AVAILABLE
SEAT8349,SEC1,A,8349,AVAILABLE
SEAT8350,SEC1,A,8350,AVAILABLE
SEAT8351,SEC1,A,8351,AVAILABLE
SEAT8352,SEC1,A,8352,AVAILABLE
SEAT8353,SEC1,A,8353,AVAILABLE
SEAT8354,SEC1,A,8354,AVAILABLE
SEAT8355,SEC1,A,8355,AVAILABLE
SEAT8356,SEC1,A,8356,AVAILABLE
SEAT8357,SEC1,A,8357,AVAILABLE
SEAT8358,SEC1,A,8358,AVAILABLE
SEAT8359,SEC1,A,8359,AVAILABLE
SEAT8360,SEC1,A,8360,AVAILABLE
SEAT8361,SEC1,A,8361,AVAILABLE
SEAT8362,SEC1,A,8362,AVAILABLE
SEAT8363,SEC1,A,8363,AVAILABLE
SEAT8364,SEC1,A,8364,AVAILABLE
SEAT8365,SEC1,A,8365,AVAILABLE
SEAT8366,SEC1,A,8366,AVAILABLE
SEAT8367,SEC1,A,8367,AVAILABLE
SEAT8368,SEC1,A,8368,AVAILABLE
SEAT8369,SEC1,A,8369,AVAILABLE
SEAT8370,SEC1,A,8370,AVAILABLE
SEAT8371,SEC1,A,8371,AVAILABLE
SEAT8372,SEC1,A,8372,AVAILABLE
SEAT8373,SEC1,A,8373,AVAILABLE
SEAT8374,SEC1,A,8374,AVAILABLE
SEAT8375,SEC1,A,8375,AVAILABLE
SEAT8376,SEC1,A,8376,AVAILABLE
SEAT8377,SEC1,A,8377,AVAILABLE
SEAT8378,SEC1,A,8378,AVAILABLE
SEAT8379,SEC1,A,8379,AVAILABLE
SEAT8380,SEC1,A,8380,AVAILABLE
SEAT8381,SEC1,A,8381,AVAILABLE
SEAT8382,SEC1,A,8382,AVAILABLE
SEAT8383,SEC1,A,8383,AVAILABLE
SEAT8384,SEC1,A,8384,AVAILABLE
SEAT8385,SEC1,A,8385,AVAILABLE
SEAT8386,SEC1,A,8386,AVAILABLE
SEAT8387,SEC1,A,8387,AVAILABLE
SEAT8388,SEC1,A,8388,AVAILABLE
SEAT8389,SEC1,A,8389,AVAILABLE
SEAT8390,SEC1,A,8390,AVAILABLE
SEAT8391,SEC1,A,8391,AVAILABLE
SEAT8392,SEC1,A,8392,AVAILABLE
SEAT8393,SEC1,A,8393,AVAILABLE
SEAT8394,SEC1,A,8394,AVAILABLE
SEAT8395,SEC1,A,8395,AVAILABLE
SEAT8396,SEC1,A,8396,AVAILABLE
SEAT8397,SEC1,A,8397,AVAILABLE
SEAT8398,SEC1,A,8398,AVAILABLE
SEAT8399,SEC1,A,8399,AVAILABLE
SEAT8400,SEC1,A,8400,AVAILABLE
SEAT8401,SEC1,A,8401,AVAILABLE
SEAT8402,SEC1,A,8402,AVAILABLE
SEAT8403,SEC1,A,8403,AVAILABLE
SEAT8404,SEC1,A,8404,AVAILABLE
SEAT8405,SEC1,A,8405,AVAILABLE
SEAT8406,SEC1,A,8406,AVAILABLE
SEAT8407,SEC1,A,8407,AVAILABLE
SEAT8408,SEC1,A,8408,AVAILABLE
SEAT8409,SEC1,A,8409,AVAILABLE
SEAT8410,SEC1,A,8410,AVAILABLE
SEAT8411,SEC1,A,8411,AVAILABLE
SEAT8412,SEC1,A,8412,AVAILABLE
SEAT8413,SEC1,A,8413,AVAILABLE
SEAT8414,SEC1,A,8414,AVAILABLE
SEAT8415,SEC1,A,8415,AVAILABLE
SEAT8416,SEC1,A,8416,AVAILABLE
SEAT8417,SEC1,A,8417,AVAILABLE
SEAT8418,SEC1,A,8418,AVAILABLE
SEAT8419,SEC1,A,8419,AVAILABLE
SEAT8420,SEC1,A,8420,AVAILABLE
SEAT8421,SEC1,A,8421,AVAILABLE
SEAT8422,SEC1,A,8422,AVAILABLE
SEAT8423,SEC1,A,8423,AVAILABLE
SEAT8424,SEC1,A,8424,AVAILABLE
SEAT8425,SEC1,A,8425,AVAILABLE
SEAT8426,SEC1,A,8426,AVAILABLE
SEAT8427,SEC1,A,8427,AVAILABLE
SEAT8428,SEC1,A,8428,AVAILABLE
SEAT8429,SEC1,A,8429,AVAILABLE
SEAT8430,SEC1,A,8430,AVAILABLE
SEAT8431,SEC1,A,8431,AVAILABLE
SEAT8432,SEC1,A,8432,AVAILABLE
SEAT8433,SEC1,A,8433,AVAILABLE
SEAT8434,SEC1,A,8434,AVAILABLE
SEAT8435,SEC1,A,8435,AVAILABLE
SEAT8436,SEC1,A,8436,AVAILABLE
SEAT8437,SEC1,A,8437,AVAILABLE
SEAT8438,SEC1,A,8438,AVAILABLE
SEAT8439,SEC1,A,8439,AVAILABLE
SEAT8440,SEC1,A,8440,AVAILABLE
SEAT8441,SEC1,A,8441,AVAILABLE
SEAT8442,SEC1,A,8442,AVAILABLE
SEAT8443,SEC1,A,8443,AVAILABLE
SEAT8444,SEC1,A,8444,AVAILABLE
SEAT8445,SEC1,A,8445,AVAILABLE
SEAT8446,SEC1,A,8446,AVAILABLE
SEAT8447,SEC1,A,8447,AVAILABLE
SEAT8448,SEC1,A,8448,AVAILABLE
SEAT8449,SEC1,A,8449,AVAILABLE
SEAT8450,SEC1,A,8450,AVAILABLE
SEAT8451,SEC1,A,8451,AVAILABLE
SEAT8452,SEC1,A,8452,AVAILABLE
SEAT8453,SEC1,A,8453,AVAILABLE
SEAT8454,SEC1,A,8454,AVAILABLE
SEAT8455,SEC1,A,8455,AVAILABLE
SEAT8456,SEC1,A,8456,AVAILABLE
SEAT8457,SEC1,A,8457,AVAILABLE
SEAT8458,SEC1,A,8458,AVAILABLE
SEAT8459,SEC1,A,8459,AVAILABLE
SEAT8460,SEC1,A,8460,AVAILABLE
SEAT8461,SEC1,A,8461,AVAILABLE
SEAT8462,SEC1,A,8462,AVAILABLE
SEAT8463,SEC1,A,8463,AVAILABLE
SEAT8464,SEC1,A,8464,AVAILABLE
SEAT8465,SEC1,A,8465,AVAILABLE
SEAT8466,SEC1,A,8466,AVAILABLE
SEAT8467,SEC1,A,8467,AVAILABLE
SEAT8468,SEC1,A,8468,AVAILABLE
SEAT8469,SEC1,A,8469,AVAILABLE
SEAT8470,SEC1,A,8470,AVAILABLE
SEAT8471,SEC1,A,8471,AVAILABLE
SEAT8472,SEC1,A,8472,AVAILABLE
SEAT8473,SEC1,A,8473,AVAILABLE
SEAT8474,SEC1,A,8474,AVAILABLE
SEAT8475,SEC1,A,8475,AVAILABLE
SEAT8476,SEC1,A,8476,AVAILABLE
SEAT8477,SEC1,A,8477,AVAILABLE
SEAT8478,SEC1,A,8478,AVAILABLE
SEAT8479,SEC1,A,8479,AVAILABLE
SEAT8480,SEC1,A,8480,AVAILABLE
SEAT8481,SEC1,A,8481,AVAILABLE
SEAT8482,SEC1,A,8482,AVAILABLE
SEAT8483,SEC1,A,8483,AVAILABLE
SEAT8484,SEC1,A,8484,AVAILABLE
SEAT8485,SEC1,A,8485,AVAILABLE
SEAT8486,SEC1,A,8486,AVAILABLE
SEAT8487,SEC1,A,8487,AVAILABLE
SEAT8488,SEC1,A,8488,AVAILABLE
SEAT8489,SEC1,A,8489,AVAILABLE
SEAT8490,SEC1,A,8490,AVAILABLE
SEAT8491,SEC1,A,8491,AVAILABLE
SEAT8492,SEC1,A,8492,AVAILABLE
SEAT8493,SEC1,A,8493,AVAILABLE
SEAT8494,SEC1,A,8494,AVAILABLE
SEAT8495,SEC1,A,8495,AVAILABLE
SEAT8496,SEC1,A,8496,AVAILABLE
SEAT8497,SEC1,A,8497,AVAILABLE
SEAT8498,SEC1,A,8498,AVAILABLE
SEAT8499,SEC1,A,8499,AVAILABLE
SEAT8500,SEC1,A,8500,AVAILABLE
SEAT8501,SEC1,A,8501,AVAILABLE
SEAT8502,SEC1,A,8502,AVAILABLE
SEAT8503,SEC1,A,8503,AVAILABLE
SEAT8504,SEC1,A,8504,AVAILABLE
SEAT8505,SEC1,A,8505,AVAILABLE
SEAT8506,SEC1,A,8506,AVAILABLE
SEAT8507,SEC1,A,8507,AVAILABLE
SEAT8508,SEC1,A,8508,AVAILABLE
SEAT8509,SEC1,A,8509,AVAILABLE
SEAT8510,SEC1,A,8510,AVAILABLE
SEAT8511,SEC1,A,8511,AVAILABLE
SEAT8512,SEC1,A,8512,AVAILABLE
SEAT8513,SEC1,A,8513,AVAILABLE
SEAT8514,SEC1,A,8514,AVAILABLE
SEAT8515,SEC1,A,8515,AVAILABLE
SEAT8516,SEC1,A,8516,AVAILABLE
SEAT8517,SEC1,A,8517,AVAILABLE
SEAT8518,SEC1,A,8518,AVAILABLE
SEAT8519,SEC1,A,8519,AVAILABLE
SEAT8520,SEC1,A,8520,AVAILABLE
SEAT8521,SEC1,A,8521,AVAILABLE
SEAT8522,SEC1,A,8522,AVAILABLE
SEAT8523,SEC1,A,8523,AVAILABLE
SEAT8524,SEC1,A,8524,AVAILABLE
SEAT8525,SEC1,A,8525,AVAILABLE
SEAT8526,SEC1,A,8526,AVAILABLE
SEAT8527,SEC1,A,8527,AVAILABLE
SEAT8528,SEC1,A,8528,AVAILABLE
SEAT8529,SEC1,A,8529,AVAILABLE
SEAT8530,SEC1,A,8530,AVAILABLE
SEAT8531,SEC1,A,8531,AVAILABLE
SEAT8532,SEC1,A,8532,AVAILABLE
SEAT8533,SEC1,A,8533,AVAILABLE
SEAT8534,SEC1,A,8534,AVAILABLE
SEAT8535,SEC1,A,8535,AVAILABLE
SEAT8536,SEC1,A,8536,AVAILABLE
SEAT8537,SEC1,A,8537,AVAILABLE
SEAT8538,SEC1,A,8538,AVAILABLE
SEAT8539,SEC1,A,8539,AVAILABLE
SEAT8540,SEC1,A,8540,AVAILABLE
SEAT8541,SEC1,A,8541,AVAILABLE
SEAT8542,SEC1,A,8542,AVAILABLE
SEAT8543,SEC1,A,8543,AVAILABLE
SEAT8544,SEC1,A,8544,AVAILABLE
SEAT8545,SEC1,A,8545,AVAILABLE
SEAT8546,SEC1,A,8546,AVAILABLE
SEAT8547,SEC1,A,8547,AVAILABLE
SEAT8548,SEC1,A,8548,AVAILABLE
SEAT8549,SEC1,A,8549,AVAILABLE
SEAT8550,SEC1,A,8550,AVAILABLE
SEAT8551,SEC1,A,8551,AVAILABLE
SEAT8552,SEC1,A,8552,AVAILABLE
SEAT8553,SEC1,A,8553,AVAILABLE
SEAT8554,SEC1,A,8554,AVAILABLE
SEAT8555,SEC1,A,8555,AVAILABLE
SEAT8556,SEC1,A,8556,AVAILABLE
SEAT8557,SEC1,A,8557,AVAILABLE
SEAT8558,SEC1,A,8558,AVAILABLE
SEAT8559,SEC1,A,8559,AVAILABLE
SEAT8560,SEC1,A,8560,AVAILABLE
SEAT8561,SEC1,A,8561,AVAILABLE
SEAT8562,SEC1,A,8562,AVAILABLE
SEAT8563,SEC1,A,8563,AVAILABLE
SEAT8564,SEC1,A,8564,AVAILABLE
SEAT8565,SEC1,A,8565,AVAILABLE
SEAT8566,SEC1,A,8566,AVAILABLE
SEAT8567,SEC1,A,8567,AVAILABLE
SEAT8568,SEC1,A,8568,AVAILABLE
SEAT8569,SEC1,A,8569,AVAILABLE
SEAT8570,SEC1,A,8570,AVAILABLE
SEAT8571,SEC1,A,8571,AVAILABLE
SEAT8572,SEC1,A,8572,AVAILABLE
SEAT8573,SEC1,A,8573,AVAILABLE
SEAT8574,SEC1,A,8574,AVAILABLE
SEAT8575,SEC1,A,8575,AVAILABLE
SEAT8576,SEC1,A,8576,AVAILABLE
SEAT8577,SEC1,A,8577,AVAILABLE
SEAT8578,SEC1,A,8578,AVAILABLE
SEAT8579,SEC1,A,8579,AVAILABLE
SEAT8580,SEC1,A,8580,AVAILABLE
SEAT8581,SEC1,A,8581,AVAILABLE
SEAT8582,SEC1,A,8582,AVAILABLE
SEAT8583,SEC1,A,8583,AVAILABLE
SEAT8584,SEC1,A,8584,AVAILABLE
SEAT8585,SEC1,A,8585,AVAILABLE
SEAT8586,SEC1,A,8586,AVAILABLE
SEAT8587,SEC1,A,8587,AVAILABLE
SEAT8588,SEC1,A,8588,AVAILABLE
SEAT8589,SEC1,A,8589,AVAILABLE
SEAT8590,SEC1,A,8590,AVAILABLE
SEAT8591,SEC1,A,8591,AVAILABLE
SEAT8592,SEC1,A,8592,AVAILABLE
SEAT8593,SEC1,A,8593,AVAILABLE
SEAT8594,SEC1,A,8594,AVAILABLE
SEAT8595,SEC1,A,8595,AVAILABLE
SEAT8596,SEC1,A,8596,AVAILABLE
SEAT8597,SEC1,A,8597,AVAILABLE
SEAT8598,SEC1,A,8598,AVAILABLE
SEAT8599,SEC1,A,8599,AVAILABLE
SEAT8600,SEC1,A,8600,AVAILABLE
SEAT8601,SEC1,A,8601,AVAILABLE
SEAT8602,SEC1,A,8602,AVAILABLE
SEAT8603,SEC1,A,8603,AVAILABLE
SEAT8604,SEC1,A,8604,AVAILABLE
SEAT8605,SEC1,A,8605,AVAILABLE
SEAT8606,SEC1,A,8606,AVAILABLE
SEAT8607,SEC1,A,8607,AVAILABLE
SEAT8608,SEC1,A,8608,AVAILABLE
SEAT8609,SEC1,A,8609,AVAILABLE
SEAT8610,SEC1,A,8610,AVAILABLE
SEAT8611,SEC1,A,8611,AVAILABLE
SEAT8612,SEC1,A,8612,AVAILABLE
SEAT8613,SEC1,A,8613,AVAILABLE
SEAT8614,SEC1,A,8614,AVAILABLE
SEAT8615,SEC1,A,8615,AVAILABLE
SEAT8616,SEC1,A,8616,AVAILABLE
SEAT8617,SEC1,A,8617,AVAILABLE
SEAT8618,SEC1,A,8618,AVAILABLE
SEAT8619,SEC1,A,8619,AVAILABLE
SEAT8620,SEC1,A,8620,AVAILABLE
SEAT8621,SEC1,A,8621,AVAILABLE
SEAT8622,SEC1,A,8622,AVAILABLE
SEAT8623,SEC1,A,8623,AVAILABLE
SEAT8624,SEC1,A,8624,AVAILABLE
SEAT8625,SEC1,A,8625,AVAILABLE
SEAT8626,SEC1,A,8626,AVAILABLE
SEAT8627,SEC1,A,8627,AVAILABLE
SEAT8628,SEC1,A,8628,AVAILABLE
SEAT8629,SEC1,A,8629,AVAILABLE
SEAT8630,SEC1,A,8630,AVAILABLE
SEAT8631,SEC1,A,8631,AVAILABLE
SEAT8632,SEC1,A,8632,AVAILABLE
SEAT8633,SEC1,A,8633,AVAILABLE
SEAT8634,SEC1,A,8634,AVAILABLE
SEAT8635,SEC1,A,8635,AVAILABLE
SEAT8636,SEC1,A,8636,AVAILABLE
SEAT8637,SEC1,A,8637,AVAILABLE
SEAT8638,SEC1,A,8638,AVAILABLE
SEAT8639,SEC1,A,8639,AVAILABLE
SEAT8640,SEC1,A,8640,AVAILABLE
SEAT8641,SEC1,A,8641,AVAILABLE
SEAT8642,SEC1,A,8642,AVAILABLE
SEAT8643,SEC1,A,8643,AVAILABLE
SEAT8644,SEC1,A,8644,AVAILABLE
SEAT8645,SEC1,A,8645,AVAILABLE
SEAT8646,SEC1,A,8646,AVAILABLE
SEAT8647,SEC1,A,8647,AVAILABLE
SEAT8648,SEC1,A,8648,AVAILABLE
SEAT8649,SEC1,A,8649,AVAILABLE
SEAT8650,SEC1,A,8650,AVAILABLE
SEAT8651,SEC1,A,8651,AVAILABLE
SEAT8652,SEC1,A,8652,AVAILABLE
SEAT8653,SEC1,A,8653,AVAILABLE
SEAT8654,SEC1,A,8654,AVAILABLE
SEAT8655,SEC1,A,8655,AVAILABLE
SEAT8656,SEC1,A,8656,AVAILABLE
SEAT8657,SEC1,A,8657,AVAILABLE
SEAT8658,SEC1,A,8658,AVAILABLE
SEAT8659,SEC1,A,8659,AVAILABLE
SEAT8660,SEC1,A,8660,AVAILABLE
SEAT8661,SEC1,A,8661,AVAILABLE
SEAT8662,SEC1,A,8662,AVAILABLE
SEAT8663,SEC1,A,8663,AVAILABLE
SEAT8664,SEC1,A,8664,AVAILABLE
SEAT8665,SEC1,A,8665,AVAILABLE
SEAT8666,SEC1,A,8666,AVAILABLE
SEAT8667,SEC1,A,8667,AVAILABLE
SEAT8668,SEC1,A,8668,AVAILABLE
SEAT8669,SEC1,A,8669,AVAILABLE
SEAT8670,SEC1,A,8670,AVAILABLE
SEAT8671,SEC1,A,8671,AVAILABLE
SEAT8672,SEC1,A,8672,AVAILABLE
SEAT8673,SEC1,A,8673,AVAILABLE
SEAT8674,SEC1,A,8674,AVAILABLE
SEAT8675,SEC1,A,8675,AVAILABLE
SEAT8676,SEC1,A,8676,AVAILABLE
SEAT8677,SEC1,A,8677,AVAILABLE
SEAT8678,SEC1,A,8678,AVAILABLE
SEAT8679,SEC1,A,8679,AVAILABLE
SEAT8680,SEC1,A,8680,AVAILABLE
SEAT8681,SEC1,A,8681,AVAILABLE
SEAT8682,SEC1,A,8682,AVAILABLE
SEAT8683,SEC1,A,8683,AVAILABLE
SEAT8684,SEC1,A,8684,AVAILABLE
SEAT8685,SEC1,A,8685,AVAILABLE
SEAT8686,SEC1,A,8686,AVAILABLE
SEAT8687,SEC1,A,8687,AVAILABLE
SEAT8688,SEC1,A,8688,AVAILABLE
SEAT8689,SEC1,A,8689,AVAILABLE
SEAT8690,SEC1,A,8690,AVAILABLE
SEAT8691,SEC1,A,8691,AVAILABLE
SEAT8692,SEC1,A,8692,AVAILABLE
SEAT8693,SEC1,A,8693,AVAILABLE
SEAT8694,SEC1,A,8694,AVAILABLE
SEAT8695,SEC1,A,8695,AVAILABLE
SEAT8696,SEC1,A,8696,AVAILABLE
SEAT8697,SEC1,A,8697,AVAILABLE
SEAT8698,SEC1,A,8698,AVAILABLE
SEAT8699,SEC1,A,8699,AVAILABLE
SEAT8700,SEC1,A,8700,AVAILABLE
SEAT8701,SEC1,A,8701,AVAILABLE
SEAT8702,SEC1,A,8702,AVAILABLE
SEAT8703,SEC1,A,8703,AVAILABLE
SEAT8704,SEC1,A,8704,AVAILABLE
SEAT8705,SEC1,A,8705,AVAILABLE
SEAT8706,SEC1,A,8706,AVAILABLE
SEAT8707,SEC1,A,8707,AVAILABLE
SEAT8708,SEC1,A,8708,AVAILABLE
SEAT8709,SEC1,A,8709,AVAILABLE
SEAT8710,SEC1,A,8710,AVAILABLE
SEAT8711,SEC1,A,8711,AVAILABLE
SEAT8712,SEC1,A,8712,AVAILABLE
SEAT8713,SEC1,A,8713,AVAILABLE
SEAT8714,SEC1,A,8714,AVAILABLE
SEAT8715,SEC1,A,8715,AVAILABLE
SEAT8716,SEC1,A,8716,AVAILABLE
SEAT8717,SEC1,A,8717,AVAILABLE
SEAT8718,SEC1,A,8718,AVAILABLE
SEAT8719,SEC1,A,8719,AVAILABLE
SEAT8720,SEC1,A,8720,AVAILABLE
SEAT8721,SEC1,A,8721,AVAILABLE
SEAT8722,SEC1,A,8722,AVAILABLE
SEAT8723,SEC1,A,8723,AVAILABLE
SEAT8724,SEC1,A,8724,AVAILABLE
SEAT8725,SEC1,A,8725,AVAILABLE
SEAT8726,SEC1,A,8726,AVAILABLE
SEAT8727,SEC1,A,8727,AVAILABLE
SEAT8728,SEC1,A,8728,AVAILABLE
SEAT8729,SEC1,A,8729,AVAILABLE
SEAT8730,SEC1,A,8730,AVAILABLE
SEAT8731,SEC1,A,8731,AVAILABLE
SEAT8732,SEC1,A,8732,AVAILABLE
SEAT8733,SEC1,A,8733,AVAILABLE
SEAT8734,SEC1,A,8734,AVAILABLE
SEAT8735,SEC1,A,8735,AVAILABLE
SEAT8736,SEC1,A,8736,AVAILABLE
SEAT8737,SEC1,A,8737,AVAILABLE
SEAT8738,SEC1,A,8738,AVAILABLE
SEAT8739,SEC1,A,8739,AVAILABLE
SEAT8740,SEC1,A,8740,AVAILABLE
SEAT8741,SEC1,A,8741,AVAILABLE
SEAT8742,SEC1,A,8742,AVAILABLE
SEAT8743,SEC1,A,8743,AVAILABLE
SEAT8744,SEC1,A,8744,AVAILABLE
SEAT8745,SEC1,A,8745,AVAILABLE
SEAT8746,SEC1,A,8746,AVAILABLE
SEAT8747,SEC1,A,8747,AVAILABLE
SEAT8748,SEC1,A,8748,AVAILABLE
SEAT8749,SEC1,A,8749,AVAILABLE
SEAT8750,SEC1,A,8750,AVAILABLE
SEAT8751,SEC1,A,8751,AVAILABLE
SEAT8752,SEC1,A,8752,AVAILABLE
SEAT8753,SEC1,A,8753,AVAILABLE
SEAT8754,SEC1,A,8754,AVAILABLE
SEAT8755,SEC1,A,8755,AVAILABLE
SEAT8756,SEC1,A,8756,AVAILABLE
SEAT8757,SEC1,A,8757,AVAILABLE
SEAT8758,SEC1,A,8758,AVAILABLE
SEAT8759,SEC1,A,8759,AVAILABLE
SEAT8760,SEC1,A,8760,AVAILABLE
SEAT8761,SEC1,A,8761,AVAILABLE
SEAT8762,SEC1,A,8762,AVAILABLE
SEAT8763,SEC1,A,8763,AVAILABLE
SEAT8764,SEC1,A,8764,AVAILABLE
SEAT8765,SEC1,A,8765,AVAILABLE
SEAT8766,SEC1,A,8766,AVAILABLE
SEAT8767,SEC1,A,8767,AVAILABLE
SEAT8768,SEC1,A,8768,AVAILABLE
SEAT8769,SEC1,A,8769,AVAILABLE
SEAT8770,SEC1,A,8770,AVAILABLE
SEAT8771,SEC1,A,8771,AVAILABLE
SEAT8772,SEC1,A,8772,AVAILABLE
SEAT8773,SEC1,A,8773,AVAILABLE
SEAT8774,SEC1,A,8774,AVAILABLE
SEAT8775,SEC1,A,8775,AVAILABLE
SEAT8776,SEC1,A,8776,AVAILABLE
SEAT8777,SEC1,A,8777,AVAILABLE
SEAT8778,SEC1,A,8778,AVAILABLE
SEAT8779,SEC1,A,8779,AVAILABLE
SEAT8780,SEC1,A,8780,AVAILABLE
SEAT8781,SEC1,A,8781,AVAILABLE
SEAT8782,SEC1,A,8782,AVAILABLE
SEAT8783,SEC1,A,8783,AVAILABLE
SEAT8784,SEC1,A,8784,AVAILABLE
SEAT8785,SEC1,A,8785,AVAILABLE
SEAT8786,SEC1,A,8786,AVAILABLE
SEAT8787,SEC1,A,8787,AVAILABLE
SEAT8788,SEC1,A,8788,AVAILABLE
SEAT8789,SEC1,A,8789,AVAILABLE
SEAT8790,SEC1,A,8790,AVAILABLE
SEAT8791,SEC1,A,8791,AVAILABLE
SEAT8792,SEC1,A,8792,AVAILABLE
SEAT8793,SEC1,A,8793,AVAILABLE
SEAT8794,SEC1,A,8794,AVAILABLE
SEAT8795,SEC1,A,8795,AVAILABLE
SEAT8796,SEC1,A,8796,AVAILABLE
SEAT8797,SEC1,A,8797,AVAILABLE
SEAT8798,SEC1,A,8798,AVAILABLE
SEAT8799,SEC1,A,8799,AVAILABLE
SEAT8800,SEC1,A,8800,AVAILABLE
SEAT8801,SEC1,A,8801,AVAILABLE
SEAT8802,SEC1,A,8802,AVAILABLE
SEAT8803,SEC1,A,8803,AVAILABLE
SEAT8804,SEC1,A,8804,AVAILABLE
SEAT8805,SEC1,A,8805,AVAILABLE
SEAT8806,SEC1,A,8806,AVAILABLE
SEAT8807,SEC1,A,8807,AVAILABLE
SEAT8808,SEC1,A,8808,AVAILABLE
SEAT8809,SEC1,A,8809,AVAILABLE
SEAT8810,SEC1,A,8810,AVAILABLE
SEAT8811,SEC1,A,8811,AVAILABLE
SEAT8812,SEC1,A,8812,AVAILABLE
SEAT8813,SEC1,A,8813,AVAILABLE
SEAT8814,SEC1,A,8814,AVAILABLE
SEAT8815,SEC1,A,8815,AVAILABLE
SEAT8816,SEC1,A,8816,AVAILABLE
SEAT8817,SEC1,A,8817,AVAILABLE
SEAT8818,SEC1,A,8818,AVAILABLE
SEAT8819,SEC1,A,8819,AVAILABLE
SEAT8820,SEC1,A,8820,AVAILABLE
SEAT8821,SEC1,A,8821,AVAILABLE
SEAT8822,SEC1,A,8822,AVAILABLE
SEAT8823,SEC1,A,8823,AVAILABLE
SEAT8824,SEC1,A,8824,AVAILABLE
SEAT8825,SEC1,A,8825,AVAILABLE
SEAT8826,SEC1,A,8826,AVAILABLE
SEAT8827,SEC1,A,8827,AVAILABLE
SEAT8828,SEC1,A,8828,AVAILABLE
SEAT8829,SEC1,A,8829,AVAILABLE
SEAT8830,SEC1,A,8830,AVAILABLE
SEAT8831,SEC1,A,8831,AVAILABLE
SEAT8832,SEC1,A,8832,AVAILABLE
SEAT8833,SEC1,A,8833,AVAILABLE
SEAT8834,SEC1,A,8834,AVAILABLE
SEAT8835,SEC1,A,8835,AVAILABLE
SEAT8836,SEC1,A,8836,AVAILABLE
SEAT8837,SEC1,A,8837,AVAILABLE
SEAT8838,SEC1,A,8838,AVAILABLE
SEAT8839,SEC1,A,8839,AVAILABLE
SEAT8840,SEC1,A,8840,AVAILABLE
SEAT8841,SEC1,A,8841,AVAILABLE
SEAT8842,SEC1,A,8842,AVAILABLE
SEAT8843,SEC1,A,8843,AVAILABLE
SEAT8844,SEC1,A,8844,AVAILABLE
SEAT8845,SEC1,A,8845,AVAILABLE
SEAT8846,SEC1,A,8846,AVAILABLE
SEAT8847,SEC1,A,8847,AVAILABLE
SEAT8848,SEC1,A,8848,AVAILABLE
SEAT8849,SEC1,A,8849,AVAILABLE
SEAT8850,SEC1,A,8850,AVAILABLE
SEAT8851,SEC1,A,8851,AVAILABLE
SEAT8852,SEC1,A,8852,AVAILABLE
SEAT8853,SEC1,A,8853,AVAILABLE
SEAT8854,SEC1,A,8854,AVAILABLE
SEAT8855,SEC1,A,8855,AVAILABLE
SEAT8856,SEC1,A,8856,AVAILABLE
SEAT8857,SEC1,A,8857,AVAILABLE
SEAT8858,SEC1,A,8858,AVAILABLE
SEAT8859,SEC1,A,8859,AVAILABLE
SEAT8860,SEC1,A,8860,AVAILABLE
SEAT8861,SEC1,A,8861,AVAILABLE
SEAT8862,SEC1,A,8862,AVAILABLE
SEAT8863,SEC1,A,8863,AVAILABLE
SEAT8864,SEC1,A,8864,AVAILABLE
SEAT8865,SEC1,A,8865,AVAILABLE
SEAT8866,SEC1,A,8866,AVAILABLE
SEAT8867,SEC1,A,8867,AVAILABLE
SEAT8868,SEC1,A,8868,AVAILABLE
SEAT8869,SEC1,A,8869,AVAILABLE
SEAT8870,SEC1,A,8870,AVAILABLE
SEAT8871,SEC1,A,8871,AVAILABLE
SEAT8872,SEC1,A,8872,AVAILABLE
SEAT8873,SEC1,A,8873,AVAILABLE
SEAT8874,SEC1,A,8874,AVAILABLE
SEAT8875,SEC1,A,8875,AVAILABLE
SEAT8876,SEC1,A,8876,AVAILABLE
SEAT8877,SEC1,A,8877,AVAILABLE
SEAT8878,SEC1,A,8878,AVAILABLE
SEAT8879,SEC1,A,8879,AVAILABLE
SEAT8880,SEC1,A,8880,AVAILABLE
SEAT8881,SEC1,A,8881,AVAILABLE
SEAT8882,SEC1,A,8882,AVAILABLE
SEAT8883,SEC1,A,8883,AVAILABLE
SEAT8884,SEC1,A,8884,AVAILABLE
SEAT8885,SEC1,A,8885,AVAILABLE
SEAT8886,SEC1,A,8886,AVAILABLE
SEAT8887,SEC1,A,8887,AVAILABLE
SEAT8888,SEC1,A,8888,AVAILABLE
SEAT8889,SEC1,A,8889,AVAILABLE
SEAT8890,SEC1,A,8890,AVAILABLE
SEAT8891,SEC1,A,8891,AVAILABLE
SEAT8892,SEC1,A,8892,AVAILABLE
SEAT8893,SEC1,A,8893,AVAILABLE
SEAT8894,SEC1,A,8894,AVAILABLE
SEAT8895,SEC1,A,8895,AVAILABLE
SEAT8896,SEC1,A,8896,AVAILABLE
SEAT8897,SEC1,A,8897,AVAILABLE
SEAT8898,SEC1,A,8898,AVAILABLE
SEAT8899,SEC1,A,8899,AVAILABLE
SEAT8900,SEC1,A,8900,AVAILABLE
SEAT8901,SEC1,A,8901,AVAILABLE
SEAT8902,SEC1,A,8902,AVAILABLE
SEAT8903,SEC1,A,8903,AVAILABLE
SEAT8904,SEC1,A,8904,AVAILABLE
SEAT8905,SEC1,A,8905,AVAILABLE
SEAT8906,SEC1,A,8906,AVAILABLE
SEAT8907,SEC1,A,8907,AVAILABLE
SEAT8908,SEC1,A,8908,AVAILABLE
SEAT8909,SEC1,A,8909,AVAILABLE
SEAT8910,SEC1,A,8910,AVAILABLE
SEAT8911,SEC1,A,8911,AVAILABLE
SEAT8912,SEC1,A,8912,AVAILABLE
SEAT8913,SEC1,A,8913,AVAILABLE
SEAT8914,SEC1,A,8914,AVAILABLE
SEAT8915,SEC1,A,8915,AVAILABLE
SEAT8916,SEC1,A,8916,AVAILABLE
SEAT8917,SEC1,A,8917,AVAILABLE
SEAT8918,SEC1,A,8918,AVAILABLE
SEAT8919,SEC1,A,8919,AVAILABLE
SEAT8920,SEC1,A,8920,AVAILABLE
SEAT8921,SEC1,A,8921,AVAILABLE
SEAT8922,SEC1,A,8922,AVAILABLE
SEAT8923,SEC1,A,8923,AVAILABLE
SEAT8924,SEC1,A,8924,AVAILABLE
SEAT8925,SEC1,A,8925,AVAILABLE
SEAT8926,SEC1,A,8926,AVAILABLE
SEAT8927,SEC1,A,8927,AVAILABLE
SEAT8928,SEC1,A,8928,AVAILABLE
SEAT8929,SEC1,A,8929,AVAILABLE
SEAT8930,SEC1,A,8930,AVAILABLE
SEAT8931,SEC1,A,8931,AVAILABLE
SEAT8932,SEC1,A,8932,AVAILABLE
SEAT8933,SEC1,A,8933,AVAILABLE
SEAT8934,SEC1,A,8934,AVAILABLE
SEAT8935,SEC1,A,8935,AVAILABLE
SEAT8936,SEC1,A,8936,AVAILABLE
SEAT8937,SEC1,A,8937,AVAILABLE
SEAT8938,SEC1,A,8938,AVAILABLE
SEAT8939,SEC1,A,8939,AVAILABLE
SEAT8940,SEC1,A,8940,AVAILABLE
SEAT8941,SEC1,A,8941,AVAILABLE
SEAT8942,SEC1,A,8942,AVAILABLE
SEAT8943,SEC1,A,8943,AVAILABLE
SEAT8944,SEC1,A,8944,AVAILABLE
SEAT8945,SEC1,A,8945,AVAILABLE
SEAT8946,SEC1,A,8946,AVAILABLE
SEAT8947,SEC1,A,8947,AVAILABLE
SEAT8948,SEC1,A,8948,AVAILABLE
SEAT8949,SEC1,A,8949,AVAILABLE
SEAT8950,SEC1,A,8950,AVAILABLE
SEAT8951,SEC1,A,8951,AVAILABLE
SEAT8952,SEC1,A,8952,AVAILABLE
SEAT8953,SEC1,A,8953,AVAILABLE
SEAT8954,SEC1,A,8954,AVAILABLE
SEAT8955,SEC1,A,8955,AVAILABLE
SEAT8956,SEC1,A,8956,AVAILABLE
SEAT8957,SEC1,A,8957,AVAILABLE
SEAT8958,SEC1,A,8958,AVAILABLE
SEAT8959,SEC1,A,8959,AVAILABLE
SEAT8960,SEC1,A,8960,AVAILABLE
SEAT8961,SEC1,A,8961,AVAILABLE
SEAT8962,SEC1,A,8962,AVAILABLE
SEAT8963,SEC1,A,8963,AVAILABLE
SEAT8964,SEC1,A,8964,AVAILABLE
SEAT8965,SEC1,A,8965,AVAILABLE
SEAT8966,SEC1,A,8966,AVAILABLE
SEAT8967,SEC1,A,8967,AVAILABLE
SEAT8968,SEC1,A,8968,AVAILABLE
SEAT8969,SEC1,A,8969,AVAILABLE
SEAT8970,SEC1,A,8970,AVAILABLE
SEAT8971,SEC1,A,8971,AVAILABLE
SEAT8972,SEC1,A,8972,AVAILABLE
SEAT8973,SEC1,A,8973,AVAILABLE
SEAT8974,SEC1,A,8974,AVAILABLE
SEAT8975,SEC1,A,8975,AVAILABLE
SEAT8976,SEC1,A,8976,AVAILABLE
SEAT8977,SEC1,A,8977,AVAILABLE
SEAT8978,SEC1,A,8978,AVAILABLE
SEAT8979,SEC1,A,8979,AVAILABLE
SEAT8980,SEC1,A,8980,AVAILABLE
SEAT8981,SEC1,A,8981,AVAILABLE
SEAT8982,SEC1,A,8982,AVAILABLE
SEAT8983,SEC1,A,8983,AVAILABLE
SEAT8984,SEC1,A,8984,AVAILABLE
SEAT8985,SEC1,A,8985,AVAILABLE
SEAT8986,SEC1,A,8986,AVAILABLE
SEAT8987,SEC1,A,8987,AVAILABLE
SEAT8988,SEC1,A,8988,AVAILABLE
SEAT8989,SEC1,A,8989,AVAILABLE
SEAT8990,SEC1,A,8990,AVAILABLE
SEAT8991,SEC1,A,8991,AVAILABLE
SEAT8992,SEC1,A,8992,AVAILABLE
SEAT8993,SEC1,A,8993,AVAILABLE
SEAT8994,SEC1,A,8994,AVAILABLE
SEAT8995,SEC1,A,8995,AVAILABLE
SEAT8996,SEC1,A,8996,AVAILABLE
SEAT8997,SEC1,A,8997,AVAILABLE
SEAT8998,SEC1,A,8998,AVAILABLE
SEAT8999,SEC1,A,8999,AVAILABLE
SEAT9000,SEC1,A,9000,AVAILABLE
SEAT9001,SEC1,A,9001,AVAILABLE
SEAT9002,SEC1,A,9002,AVAILABLE
SEAT9003,SEC1,A,9003,AVAILABLE
SEAT9004,SEC1,A,9004,AVAILABLE
SEAT9005,SEC1,A,9005,AVAILABLE
SEAT9006,SEC1,A,9006,AVAILABLE
SEAT9007,SEC1,A,9007,AVAILABLE
SEAT9008,SEC1,A,9008,AVAILABLE
SEAT9009,SEC1,A,9009,AVAILABLE
SEAT9010,SEC1,A,9010,AVAILABLE
SEAT9011,SEC1,A,9011,AVAILABLE
SEAT9012,SEC1,A,9012,AVAILABLE
SEAT9013,SEC1,A,9013,AVAILABLE
SEAT9014,SEC1,A,9014,AVAILABLE
SEAT9015,SEC1,A,9015,AVAILABLE
SEAT9016,SEC1,A,9016,AVAILABLE
SEAT9017,SEC1,A,9017,AVAILABLE
SEAT9018,SEC1,A,9018,AVAILABLE
SEAT9019,SEC1,A,9019,AVAILABLE
SEAT9020,SEC1,A,9020,AVAILABLE
SEAT9021,SEC1,A,9021,AVAILABLE
SEAT9022,SEC1,A,9022,AVAILABLE
SEAT9023,SEC1,A,9023,AVAILABLE
SEAT9024,SEC1,A,9024,AVAILABLE
SEAT9025,SEC1,A,9025,AVAILABLE
SEAT9026,SEC1,A,9026,AVAILABLE
SEAT9027,SEC1,A,9027,AVAILABLE
SEAT9028,SEC1,A,9028,AVAILABLE
SEAT9029,SEC1,A,9029,AVAILABLE
SEAT9030,SEC1,A,9030,AVAILABLE
SEAT9031,SEC1,A,9031,AVAILABLE
SEAT9032,SEC1,A,9032,AVAILABLE
SEAT9033,SEC1,A,9033,AVAILABLE
SEAT9034,SEC1,A,9034,AVAILABLE
SEAT9035,SEC1,A,9035,AVAILABLE
SEAT9036,SEC1,A,9036,AVAILABLE
SEAT9037,SEC1,A,9037,AVAILABLE
SEAT9038,SEC1,A,9038,AVAILABLE
SEAT9039,SEC1,A,9039,AVAILABLE
SEAT9040,SEC1,A,9040,AVAILABLE
SEAT9041,SEC1,A,9041,AVAILABLE
SEAT9042,SEC1,A,9042,AVAILABLE
SEAT9043,SEC1,A,9043,AVAILABLE
SEAT9044,SEC1,A,9044,AVAILABLE
SEAT9045,SEC1,A,9045,AVAILABLE
SEAT9046,SEC1,A,9046,AVAILABLE
SEAT9047,SEC1,A,9047,AVAILABLE
SEAT9048,SEC1,A,9048,AVAILABLE
SEAT9049,SEC1,A,9049,AVAILABLE
SEAT9050,SEC1,A,9050,AVAILABLE
SEAT9051,SEC1,A,9051,AVAILABLE
SEAT9052,SEC1,A,9052,AVAILABLE
SEAT9053,SEC1,A,9053,AVAILABLE
SEAT9054,SEC1,A,9054,AVAILABLE
SEAT9055,SEC1,A,9055,AVAILABLE
SEAT9056,SEC1,A,9056,AVAILABLE
SEAT9057,SEC1,A,9057,AVAILABLE
SEAT9058,SEC1,A,9058,AVAILABLE
SEAT9059,SEC1,A,9059,AVAILABLE
SEAT9060,SEC1,A,9060,AVAILABLE
SEAT9061,SEC1,A,9061,AVAILABLE
SEAT9062,SEC1,A,9062,AVAILABLE
SEAT9063,SEC1,A,9063,AVAILABLE
SEAT9064,SEC1,A,9064,AVAILABLE
SEAT9065,SEC1,A,9065,AVAILABLE
SEAT9066,SEC1,A,9066,AVAILABLE
SEAT9067,SEC1,A,9067,AVAILABLE
SEAT9068,SEC1,A,9068,AVAILABLE
SEAT9069,SEC1,A,9069,AVAILABLE
SEAT9070,SEC1,A,9070,AVAILABLE
SEAT9071,SEC1,A,9071,AVAILABLE
SEAT9072,SEC1,A,9072,AVAILABLE
SEAT9073,SEC1,A,9073,AVAILABLE
SEAT9074,SEC1,A,9074,AVAILABLE
SEAT9075,SEC1,A,9075,AVAILABLE
SEAT9076,SEC1,A,9076,AVAILABLE
SEAT9077,SEC1,A,9077,AVAILABLE
SEAT9078,SEC1,A,9078,AVAILABLE
SEAT9079,SEC1,A,9079,AVAILABLE
SEAT9080,SEC1,A,9080,AVAILABLE
SEAT9081,SEC1,A,9081,AVAILABLE
SEAT9082,SEC1,A,9082,AVAILABLE
SEAT9083,SEC1,A,9083,AVAILABLE
SEAT9084,SEC1,A,9084,AVAILABLE
SEAT9085,SEC1,A,9085,AVAILABLE
SEAT9086,SEC1,A,9086,AVAILABLE
SEAT9087,SEC1,A,9087,AVAILABLE
SEAT9088,SEC1,A,9088,AVAILABLE
SEAT9089,SEC1,A,9089,AVAILABLE
SEAT9090,SEC1,A,9090,AVAILABLE
SEAT9091,SEC1,A,9091,AVAILABLE
SEAT9092,SEC1,A,9092,AVAILABLE
SEAT9093,SEC1,A,9093,AVAILABLE
SEAT9094,SEC1,A,9094,AVAILABLE
SEAT9095,SEC1,A,9095,AVAILABLE
SEAT9096,SEC1,A,9096,AVAILABLE
SEAT9097,SEC1,A,9097,AVAILABLE
SEAT9098,SEC1,A,9098,AVAILABLE
SEAT9099,SEC1,A,9099,AVAILABLE
SEAT9100,SEC1,A,9100,AVAILABLE
SEAT9101,SEC1,A,9101,AVAILABLE
SEAT9102,SEC1,A,9102,AVAILABLE
SEAT9103,SEC1,A,9103,AVAILABLE
SEAT9104,SEC1,A,9104,AVAILABLE
SEAT9105,SEC1,A,9105,AVAILABLE
SEAT9106,SEC1,A,9106,AVAILABLE
SEAT9107,SEC1,A,9107,AVAILABLE
SEAT9108,SEC1,A,9108,AVAILABLE
SEAT9109,SEC1,A,9109,AVAILABLE
SEAT9110,SEC1,A,9110,AVAILABLE
SEAT9111,SEC1,A,9111,AVAILABLE
SEAT9112,SEC1,A,9112,AVAILABLE
SEAT9113,SEC1,A,9113,AVAILABLE
SEAT9114,SEC1,A,9114,AVAILABLE
SEAT9115,SEC1,A,9115,AVAILABLE
SEAT9116,SEC1,A,9116,AVAILABLE
SEAT9117,SEC1,A,9117,AVAILABLE
SEAT9118,SEC1,A,9118,AVAILABLE
SEAT9119,SEC1,A,9119,AVAILABLE
SEAT9120,SEC1,A,9120,AVAILABLE
SEAT9121,SEC1,A,9121,AVAILABLE
SEAT9122,SEC1,A,9122,AVAILABLE
SEAT9123,SEC1,A,9123,AVAILABLE
SEAT9124,SEC1,A,9124,AVAILABLE
SEAT9125,SEC1,A,9125,AVAILABLE
SEAT9126,SEC1,A,9126,AVAILABLE
SEAT9127,SEC1,A,9127,AVAILABLE
SEAT9128,SEC1,A,9128,AVAILABLE
SEAT9129,SEC1,A,9129,AVAILABLE
SEAT9130,SEC1,A,9130,AVAILABLE
SEAT9131,SEC1,A,9131,AVAILABLE
SEAT9132,SEC1,A,9132,AVAILABLE
SEAT9133,SEC1,A,9133,AVAILABLE
SEAT9134,SEC1,A,9134,AVAILABLE
SEAT9135,SEC1,A,9135,AVAILABLE
SEAT9136,SEC1,A,9136,AVAILABLE
SEAT9137,SEC1,A,9137,AVAILABLE
SEAT9138,SEC1,A,9138,AVAILABLE
SEAT9139,SEC1,A,9139,AVAILABLE
SEAT9140,SEC1,A,9140,AVAILABLE
SEAT9141,SEC1,A,9141,AVAILABLE
SEAT9142,SEC1,A,9142,AVAILABLE
SEAT9143,SEC1,A,9143,AVAILABLE
SEAT9144,SEC1,A,9144,AVAILABLE
SEAT9145,SEC1,A,9145,AVAILABLE
SEAT9146,SEC1,A,9146,AVAILABLE
SEAT9147,SEC1,A,9147,AVAILABLE
SEAT9148,SEC1,A,9148,AVAILABLE
SEAT9149,SEC1,A,9149,AVAILABLE
SEAT9150,SEC1,A,9150,AVAILABLE
SEAT9151,SEC1,A,9151,AVAILABLE
SEAT9152,SEC1,A,9152,AVAILABLE
SEAT9153,SEC1,A,9153,AVAILABLE
SEAT9154,SEC1,A,9154,AVAILABLE
SEAT9155,SEC1,A,9155,AVAILABLE
SEAT9156,SEC1,A,9156,AVAILABLE
SEAT9157,SEC1,A,9157,AVAILABLE
SEAT9158,SEC1,A,9158,AVAILABLE
SEAT9159,SEC1,A,9159,AVAILABLE
SEAT9160,SEC1,A,9160,AVAILABLE
SEAT9161,SEC1,A,9161,AVAILABLE
SEAT9162,SEC1,A,9162,AVAILABLE
SEAT9163,SEC1,A,9163,AVAILABLE
SEAT9164,SEC1,A,9164,AVAILABLE
SEAT9165,SEC1,A,9165,AVAILABLE
SEAT9166,SEC1,A,9166,AVAILABLE
SEAT9167,SEC1,A,9167,AVAILABLE
SEAT9168,SEC1,A,9168,AVAILABLE
SEAT9169,SEC1,A,9169,AVAILABLE
SEAT9170,SEC1,A,9170,AVAILABLE
SEAT9171,SEC1,A,9171,AVAILABLE
SEAT9172,SEC1,A,9172,AVAILABLE
SEAT9173,SEC1,A,9173,AVAILABLE
SEAT9174,SEC1,A,9174,AVAILABLE
SEAT9175,SEC1,A,9175,AVAILABLE
SEAT9176,SEC1,A,9176,AVAILABLE
SEAT9177,SEC1,A,9177,AVAILABLE
SEAT9178,SEC1,A,9178,AVAILABLE
SEAT9179,SEC1,A,9179,AVAILABLE
SEAT9180,SEC1,A,9180,AVAILABLE
SEAT9181,SEC1,A,9181,AVAILABLE
SEAT9182,SEC1,A,9182,AVAILABLE
SEAT9183,SEC1,A,9183,AVAILABLE
SEAT9184,SEC1,A,9184,AVAILABLE
SEAT9185,SEC1,A,9185,AVAILABLE
SEAT9186,SEC1,A,9186,AVAILABLE
SEAT9187,SEC1,A,9187,AVAILABLE
SEAT9188,SEC1,A,9188,AVAILABLE
SEAT9189,SEC1,A,9189,AVAILABLE
SEAT9190,SEC1,A,9190,AVAILABLE
SEAT9191,SEC1,A,9191,AVAILABLE
SEAT9192,SEC1,A,9192,AVAILABLE
SEAT9193,SEC1,A,9193,AVAILABLE
SEAT9194,SEC1,A,9194,AVAILABLE
SEAT9195,SEC1,A,9195,AVAILABLE
SEAT9196,SEC1,A,9196,AVAILABLE
SEAT9197,SEC1,A,9197,AVAILABLE
SEAT9198,SEC1,A,9198,AVAILABLE
SEAT9199,SEC1,A,9199,AVAILABLE
SEAT9200,SEC1,A,9200,AVAILABLE
SEAT9201,SEC1,A,9201,AVAILABLE
SEAT9202,SEC1,A,9202,AVAILABLE
SEAT9203,SEC1,A,9203,AVAILABLE
SEAT9204,SEC1,A,9204,AVAILABLE
SEAT9205,SEC1,A,9205,AVAILABLE
SEAT9206,SEC1,A,9206,AVAILABLE
SEAT9207,SEC1,A,9207,AVAILABLE
SEAT9208,SEC1,A,9208,AVAILABLE
SEAT9209,SEC1,A,9209,AVAILABLE
SEAT9210,SEC1,A,9210,AVAILABLE
SEAT9211,SEC1,A,9211,AVAILABLE
SEAT9212,SEC1,A,9212,AVAILABLE
SEAT9213,SEC1,A,9213,AVAILABLE
SEAT9214,SEC1,A,9214,AVAILABLE
SEAT9215,SEC1,A,9215,AVAILABLE
SEAT9216,SEC1,A,9216,AVAILABLE
SEAT9217,SEC1,A,9217,AVAILABLE
SEAT9218,SEC1,A,9218,AVAILABLE
SEAT9219,SEC1,A,9219,AVAILABLE
SEAT9220,SEC1,A,9220,AVAILABLE
SEAT9221,SEC1,A,9221,AVAILABLE
SEAT9222,SEC1,A,9222,AVAILABLE
SEAT9223,SEC1,A,9223,AVAILABLE
SEAT9224,SEC1,A,9224,AVAILABLE
SEAT9225,SEC1,A,9225,AVAILABLE
SEAT9226,SEC1,A,9226,AVAILABLE
SEAT9227,SEC1,A,9227,AVAILABLE
SEAT9228,SEC1,A,9228,AVAILABLE
SEAT9229,SEC1,A,9229,AVAILABLE
SEAT9230,SEC1,A,9230,AVAILABLE
SEAT9231,SEC1,A,9231,AVAILABLE
SEAT9232,SEC1,A,9232,AVAILABLE
SEAT9233,SEC1,A,9233,AVAILABLE
SEAT9234,SEC1,A,9234,AVAILABLE
SEAT9235,SEC1,A,9235,AVAILABLE
SEAT9236,SEC1,A,9236,AVAILABLE
SEAT9237,SEC1,A,9237,AVAILABLE
SEAT9238,SEC1,A,9238,AVAILABLE
SEAT9239,SEC1,A,9239,AVAILABLE
SEAT9240,SEC1,A,9240,AVAILABLE
SEAT9241,SEC1,A,9241,AVAILABLE
SEAT9242,SEC1,A,9242,AVAILABLE
SEAT9243,SEC1,A,9243,AVAILABLE
SEAT9244,SEC1,A,9244,AVAILABLE
SEAT9245,SEC1,A,9245,AVAILABLE
SEAT9246,SEC1,A,9246,AVAILABLE
SEAT9247,SEC1,A,9247,AVAILABLE
SEAT9248,SEC1,A,9248,AVAILABLE
SEAT9249,SEC1,A,9249,AVAILABLE
SEAT9250,SEC1,A,9250,AVAILABLE
SEAT9251,SEC1,A,9251,AVAILABLE
SEAT9252,SEC1,A,9252,AVAILABLE
SEAT9253,SEC1,A,9253,AVAILABLE
SEAT9254,SEC1,A,9254,AVAILABLE
SEAT9255,SEC1,A,9255,AVAILABLE
SEAT9256,SEC1,A,9256,AVAILABLE
SEAT9257,SEC1,A,9257,AVAILABLE
SEAT9258,SEC1,A,9258,AVAILABLE
SEAT9259,SEC1,A,9259,AVAILABLE
SEAT9260,SEC1,A,9260,AVAILABLE
SEAT9261,SEC1,A,9261,AVAILABLE
SEAT9262,SEC1,A,9262,AVAILABLE
SEAT9263,SEC1,A,9263,AVAILABLE
SEAT9264,SEC1,A,9264,AVAILABLE
SEAT9265,SEC1,A,9265,AVAILABLE
SEAT9266,SEC1,A,9266,AVAILABLE
SEAT9267,SEC1,A,9267,AVAILABLE
SEAT9268,SEC1,A,9268,AVAILABLE
SEAT9269,SEC1,A,9269,AVAILABLE
SEAT9270,SEC1,A,9270,AVAILABLE
SEAT9271,SEC1,A,9271,AVAILABLE
SEAT9272,SEC1,A,9272,AVAILABLE
SEAT9273,SEC1,A,9273,AVAILABLE
SEAT9274,SEC1,A,9274,AVAILABLE
SEAT9275,SEC1,A,9275,AVAILABLE
SEAT9276,SEC1,A,9276,AVAILABLE
SEAT9277,SEC1,A,9277,AVAILABLE
SEAT9278,SEC1,A,9278,AVAILABLE
SEAT9279,SEC1,A,9279,AVAILABLE
SEAT9280,SEC1,A,9280,AVAILABLE
SEAT9281,SEC1,A,9281,AVAILABLE
SEAT9282,SEC1,A,9282,AVAILABLE
SEAT9283,SEC1,A,9283,AVAILABLE
SEAT9284,SEC1,A,9284,AVAILABLE
SEAT9285,SEC1,A,9285,AVAILABLE
SEAT9286,SEC1,A,9286,AVAILABLE
SEAT9287,SEC1,A,9287,AVAILABLE
SEAT9288,SEC1,A,9288,AVAILABLE
SEAT9289,SEC1,A,9289,AVAILABLE
SEAT9290,SEC1,A,9290,AVAILABLE
SEAT9291,SEC1,A,9291,AVAILABLE
SEAT9292,SEC1,A,9292,AVAILABLE
SEAT9293,SEC1,A,9293,AVAILABLE
SEAT9294,SEC1,A,9294,AVAILABLE
SEAT9295,SEC1,A,9295,AVAILABLE
SEAT9296,SEC1,A,9296,AVAILABLE
SEAT9297,SEC1,A,9297,AVAILABLE
SEAT9298,SEC1,A,9298,AVAILABLE
SEAT9299,SEC1,A,9299,AVAILABLE
SEAT9300,SEC1,A,9300,AVAILABLE
SEAT9301,SEC1,A,9301,AVAILABLE
SEAT9302,SEC1,A,9302,AVAILABLE
SEAT9303,SEC1,A,9303,AVAILABLE
SEAT9304,SEC1,A,9304,AVAILABLE
SEAT9305,SEC1,A,9305,AVAILABLE
SEAT9306,SEC1,A,9306,AVAILABLE
SEAT9307,SEC1,A,9307,AVAILABLE
SEAT9308,SEC1,A,9308,AVAILABLE
SEAT9309,SEC1,A,9309,AVAILABLE
SEAT9310,SEC1,A,9310,AVAILABLE
SEAT9311,SEC1,A,9311,AVAILABLE
SEAT9312,SEC1,A,9312,AVAILABLE
SEAT9313,SEC1,A,9313,AVAILABLE
SEAT9314,SEC1,A,9314,AVAILABLE
SEAT9315,SEC1,A,9315,AVAILABLE
SEAT9316,SEC1,A,9316,AVAILABLE
SEAT9317,SEC1,A,9317,AVAILABLE
SEAT9318,SEC1,A,9318,AVAILABLE
SEAT9319,SEC1,A,9319,AVAILABLE
SEAT9320,SEC1,A,9320,AVAILABLE
SEAT9321,SEC1,A,9321,AVAILABLE
SEAT9322,SEC1,A,9322,AVAILABLE
SEAT9323,SEC1,A,9323,AVAILABLE
SEAT9324,SEC1,A,9324,AVAILABLE
SEAT9325,SEC1,A,9325,AVAILABLE
SEAT9326,SEC1,A,9326,AVAILABLE
SEAT9327,SEC1,A,9327,AVAILABLE
SEAT9328,SEC1,A,9328,AVAILABLE
SEAT9329,SEC1,A,9329,AVAILABLE
SEAT9330,SEC1,A,9330,AVAILABLE
SEAT9331,SEC1,A,9331,AVAILABLE
SEAT9332,SEC1,A,9332,AVAILABLE
SEAT9333,SEC1,A,9333,AVAILABLE
SEAT9334,SEC1,A,9334,AVAILABLE
SEAT9335,SEC1,A,9335,AVAILABLE
SEAT9336,SEC1,A,9336,AVAILABLE
SEAT9337,SEC1,A,9337,AVAILABLE
SEAT9338,SEC1,A,9338,AVAILABLE
SEAT9339,SEC1,A,9339,AVAILABLE
SEAT9340,SEC1,A,9340,AVAILABLE
SEAT9341,SEC1,A,9341,AVAILABLE
SEAT9342,SEC1,A,9342,AVAILABLE
SEAT9343,SEC1,A,9343,AVAILABLE
SEAT9344,SEC1,A,9344,AVAILABLE
SEAT9345,SEC1,A,9345,AVAILABLE
SEAT9346,SEC1,A,9346,AVAILABLE
SEAT9347,SEC1,A,9347,AVAILABLE
SEAT9348,SEC1,A,9348,AVAILABLE
SEAT9349,SEC1,A,9349,AVAILABLE
SEAT9350,SEC1,A,9350,AVAILABLE
SEAT9351,SEC1,A,9351,AVAILABLE
SEAT9352,SEC1,A,9352,AVAILABLE
SEAT9353,SEC1,A,9353,AVAILABLE
SEAT9354,SEC1,A,9354,AVAILABLE
SEAT9355,SEC1,A,9355,AVAILABLE
SEAT9356,SEC1,A,9356,AVAILABLE
SEAT9357,SEC1,A,9357,AVAILABLE
SEAT9358,SEC1,A,9358,AVAILABLE
SEAT9359,SEC1,A,9359,AVAILABLE
SEAT9360,SEC1,A,9360,AVAILABLE
SEAT9361,SEC1,A,9361,AVAILABLE
SEAT9362,SEC1,A,9362,AVAILABLE
SEAT9363,SEC1,A,9363,AVAILABLE
SEAT9364,SEC1,A,9364,AVAILABLE
SEAT9365,SEC1,A,9365,AVAILABLE
SEAT9366,SEC1,A,9366,AVAILABLE
SEAT9367,SEC1,A,9367,AVAILABLE
SEAT9368,SEC1,A,9368,AVAILABLE
SEAT9369,SEC1,A,9369,AVAILABLE
SEAT9370,SEC1,A,9370,AVAILABLE
SEAT9371,SEC1,A,9371,AVAILABLE
SEAT9372,SEC1,A,9372,AVAILABLE
SEAT9373,SEC1,A,9373,AVAILABLE
SEAT9374,SEC1,A,9374,AVAILABLE
SEAT9375,SEC1,A,9375,AVAILABLE
SEAT9376,SEC1,A,9376,AVAILABLE
SEAT9377,SEC1,A,9377,AVAILABLE
SEAT9378,SEC1,A,9378,AVAILABLE
SEAT9379,SEC1,A,9379,AVAILABLE
SEAT9380,SEC1,A,9380,AVAILABLE
SEAT9381,SEC1,A,9381,AVAILABLE
SEAT9382,SEC1,A,9382,AVAILABLE
SEAT9383,SEC1,A,9383,AVAILABLE
SEAT9384,SEC1,A,9384,AVAILABLE
SEAT9385,SEC1,A,9385,AVAILABLE
SEAT9386,SEC1,A,9386,AVAILABLE
SEAT9387,SEC1,A,9387,AVAILABLE
SEAT9388,SEC1,A,9388,AVAILABLE
SEAT9389,SEC1,A,9389,AVAILABLE
SEAT9390,SEC1,A,9390,AVAILABLE
SEAT9391,SEC1,A,9391,AVAILABLE
SEAT9392,SEC1,A,9392,AVAILABLE
SEAT9393,SEC1,A,9393,AVAILABLE
SEAT9394,SEC1,A,9394,AVAILABLE
SEAT9395,SEC1,A,9395,AVAILABLE
SEAT9396,SEC1,A,9396,AVAILABLE
SEAT9397,SEC1,A,9397,AVAILABLE
SEAT9398,SEC1,A,9398,AVAILABLE
SEAT9399,SEC1,A,9399,AVAILABLE
SEAT9400,SEC1,A,9400,AVAILABLE
SEAT9401,SEC1,A,9401,AVAILABLE
SEAT9402,SEC1,A,9402,AVAILABLE
SEAT9403,SEC1,A,9403,AVAILABLE
SEAT9404,SEC1,A,9404,AVAILABLE
SEAT9405,SEC1,A,9405,AVAILABLE
SEAT9406,SEC1,A,9406,AVAILABLE
SEAT9407,SEC1,A,9407,AVAILABLE
SEAT9408,SEC1,A,9408,AVAILABLE
SEAT9409,SEC1,A,9409,AVAILABLE
SEAT9410,SEC1,A,9410,AVAILABLE
SEAT9411,SEC1,A,9411,AVAILABLE
SEAT9412,SEC1,A,9412,AVAILABLE
SEAT9413,SEC1,A,9413,AVAILABLE
SEAT9414,SEC1,A,9414,AVAILABLE
SEAT9415,SEC1,A,9415,AVAILABLE
SEAT9416,SEC1,A,9416,AVAILABLE
SEAT9417,SEC1,A,9417,AVAILABLE
SEAT9418,SEC1,A,9418,AVAILABLE
SEAT9419,SEC1,A,9419,AVAILABLE
SEAT9420,SEC1,A,9420,AVAILABLE
SEAT9421,SEC1,A,9421,AVAILABLE
SEAT9422,SEC1,A,9422,AVAILABLE
SEAT9423,SEC1,A,9423,AVAILABLE
SEAT9424,SEC1,A,9424,AVAILABLE
SEAT9425,SEC1,A,9425,AVAILABLE
SEAT9426,SEC1,A,9426,AVAILABLE
SEAT9427,SEC1,A,9427,AVAILABLE
SEAT9428,SEC1,A,9428,AVAILABLE
SEAT9429,SEC1,A,9429,AVAILABLE
SEAT9430,SEC1,A,9430,AVAILABLE
SEAT9431,SEC1,A,9431,AVAILABLE
SEAT9432,SEC1,A,9432,AVAILABLE
SEAT9433,SEC1,A,9433,AVAILABLE
SEAT9434,SEC1,A,9434,AVAILABLE
SEAT9435,SEC1,A,9435,AVAILABLE
SEAT9436,SEC1,A,9436,AVAILABLE
SEAT9437,SEC1,A,9437,AVAILABLE
SEAT9438,SEC1,A,9438,AVAILABLE
SEAT9439,SEC1,A,9439,AVAILABLE
SEAT9440,SEC1,A,9440,AVAILABLE
SEAT9441,SEC1,A,9441,AVAILABLE
SEAT9442,SEC1,A,9442,AVAILABLE
SEAT9443,SEC1,A,9443,AVAILABLE
SEAT9444,SEC1,A,9444,AVAILABLE
SEAT9445,SEC1,A,9445,AVAILABLE
SEAT9446,SEC1,A,9446,AVAILABLE
SEAT9447,SEC1,A,9447,AVAILABLE
SEAT9448,SEC1,A,9448,AVAILABLE
SEAT9449,SEC1,A,9449,AVAILABLE
SEAT9450,SEC1,A,9450,AVAILABLE
SEAT9451,SEC1,A,9451,AVAILABLE
SEAT9452,SEC1,A,9452,AVAILABLE
SEAT9453,SEC1,A,9453,AVAILABLE
SEAT9454,SEC1,A,9454,AVAILABLE
SEAT9455,SEC1,A,9455,AVAILABLE
SEAT9456,SEC1,A,9456,AVAILABLE
SEAT9457,SEC1,A,9457,AVAILABLE
SEAT9458,SEC1,A,9458,AVAILABLE
SEAT9459,SEC1,A,9459,AVAILABLE
SEAT9460,SEC1,A,9460,AVAILABLE
SEAT9461,SEC1,A,9461,AVAILABLE
SEAT9462,SEC1,A,9462,AVAILABLE
SEAT9463,SEC1,A,9463,AVAILABLE
SEAT9464,SEC1,A,9464,AVAILABLE
SEAT9465,SEC1,A,9465,AVAILABLE
SEAT9466,SEC1,A,9466,AVAILABLE
SEAT9467,SEC1,A,9467,AVAILABLE
SEAT9468,SEC1,A,9468,AVAILABLE
SEAT9469,SEC1,A,9469,AVAILABLE
SEAT9470,SEC1,A,9470,AVAILABLE
SEAT9471,SEC1,A,9471,AVAILABLE
SEAT9472,SEC1,A,9472,AVAILABLE
SEAT9473,SEC1,A,9473,AVAILABLE
SEAT9474,SEC1,A,9474,AVAILABLE
SEAT9475,SEC1,A,9475,AVAILABLE
SEAT9476,SEC1,A,9476,AVAILABLE
SEAT9477,SEC1,A,9477,AVAILABLE
SEAT9478,SEC1,A,9478,AVAILABLE
SEAT9479,SEC1,A,9479,AVAILABLE
SEAT9480,SEC1,A,9480,AVAILABLE
SEAT9481,SEC1,A,9481,AVAILABLE
SEAT9482,SEC1,A,9482,AVAILABLE
SEAT9483,SEC1,A,9483,AVAILABLE
SEAT9484,SEC1,A,9484,AVAILABLE
SEAT9485,SEC1,A,9485,AVAILABLE
SEAT9486,SEC1,A,9486,AVAILABLE
SEAT9487,SEC1,A,9487,AVAILABLE
SEAT9488,SEC1,A,9488,AVAILABLE
SEAT9489,SEC1,A,9489,AVAILABLE
SEAT9490,SEC1,A,9490,AVAILABLE
SEAT9491,SEC1,A,9491,AVAILABLE
SEAT9492,SEC1,A,9492,AVAILABLE
SEAT9493,SEC1,A,9493,AVAILABLE
SEAT9494,SEC1,A,9494,AVAILABLE
SEAT9495,SEC1,A,9495,AVAILABLE
SEAT9496,SEC1,A,9496,AVAILABLE
SEAT9497,SEC1,A,9497,AVAILABLE
SEAT9498,SEC1,A,9498,AVAILABLE
SEAT9499,SEC1,A,9499,AVAILABLE
SEAT9500,SEC1,A,9500,AVAILABLE
SEAT9501,SEC1,A,9501,AVAILABLE
SEAT9502,SEC1,A,9502,AVAILABLE
SEAT9503,SEC1,A,9503,AVAILABLE
SEAT9504,SEC1,A,9504,AVAILABLE
SEAT9505,SEC1,A,9505,AVAILABLE
SEAT9506,SEC1,A,9506,AVAILABLE
SEAT9507,SEC1,A,9507,AVAILABLE
SEAT9508,SEC1,A,9508,AVAILABLE
SEAT9509,SEC1,A,9509,AVAILABLE
SEAT9510,SEC1,A,9510,AVAILABLE
SEAT9511,SEC1,A,9511,AVAILABLE
SEAT9512,SEC1,A,9512,AVAILABLE
SEAT9513,SEC1,A,9513,AVAILABLE
SEAT9514,SEC1,A,9514,AVAILABLE
SEAT9515,SEC1,A,9515,AVAILABLE
SEAT9516,SEC1,A,9516,AVAILABLE
SEAT9517,SEC1,A,9517,AVAILABLE
SEAT9518,SEC1,A,9518,AVAILABLE
SEAT9519,SEC1,A,9519,AVAILABLE
SEAT9520,SEC1,A,9520,AVAILABLE
SEAT9521,SEC1,A,9521,AVAILABLE
SEAT9522,SEC1,A,9522,AVAILABLE
SEAT9523,SEC1,A,9523,AVAILABLE
SEAT9524,SEC1,A,9524,AVAILABLE
SEAT9525,SEC1,A,9525,AVAILABLE
SEAT9526,SEC1,A,9526,AVAILABLE
SEAT9527,SEC1,A,9527,AVAILABLE
SEAT9528,SEC1,A,9528,AVAILABLE
SEAT9529,SEC1,A,9529,AVAILABLE
SEAT9530,SEC1,A,9530,AVAILABLE
SEAT9531,SEC1,A,9531,AVAILABLE
SEAT9532,SEC1,A,9532,AVAILABLE
SEAT9533,SEC1,A,9533,AVAILABLE
SEAT9534,SEC1,A,9534,AVAILABLE
SEAT9535,SEC1,A,9535,AVAILABLE
SEAT9536,SEC1,A,9536,AVAILABLE
SEAT9537,SEC1,A,9537,AVAILABLE
SEAT9538,SEC1,A,9538,AVAILABLE
SEAT9539,SEC1,A,9539,AVAILABLE
SEAT9540,SEC1,A,9540,AVAILABLE
SEAT9541,SEC1,A,9541,AVAILABLE
SEAT9542,SEC1,A,9542,AVAILABLE
SEAT9543,SEC1,A,9543,AVAILABLE
SEAT9544,SEC1,A,9544,AVAILABLE
SEAT9545,SEC1,A,9545,AVAILABLE
SEAT9546,SEC1,A,9546,AVAILABLE
SEAT9547,SEC1,A,9547,AVAILABLE
SEAT9548,SEC1,A,9548,AVAILABLE
SEAT9549,SEC1,A,9549,AVAILABLE
SEAT9550,SEC1,A,9550,AVAILABLE
SEAT9551,SEC1,A,9551,AVAILABLE
SEAT9552,SEC1,A,9552,AVAILABLE
SEAT9553,SEC1,A,9553,AVAILABLE
SEAT9554,SEC1,A,9554,AVAILABLE
SEAT9555,SEC1,A,9555,AVAILABLE
SEAT9556,SEC1,A,9556,AVAILABLE
SEAT9557,SEC1,A,9557,AVAILABLE
SEAT9558,SEC1,A,9558,AVAILABLE
SEAT9559,SEC1,A,9559,AVAILABLE
SEAT9560,SEC1,A,9560,AVAILABLE
SEAT9561,SEC1,A,9561,AVAILABLE
SEAT9562,SEC1,A,9562,AVAILABLE
SEAT9563,SEC1,A,9563,AVAILABLE
SEAT9564,SEC1,A,9564,AVAILABLE
SEAT9565,SEC1,A,9565,AVAILABLE
SEAT9566,SEC1,A,9566,AVAILABLE
SEAT9567,SEC1,A,9567,AVAILABLE
SEAT9568,SEC1,A,9568,AVAILABLE
SEAT9569,SEC1,A,9569,AVAILABLE
SEAT9570,SEC1,A,9570,AVAILABLE
SEAT9571,SEC1,A,9571,AVAILABLE
SEAT9572,SEC1,A,9572,AVAILABLE
SEAT9573,SEC1,A,9573,AVAILABLE
SEAT9574,SEC1,A,9574,AVAILABLE
SEAT9575,SEC1,A,9575,AVAILABLE
SEAT9576,SEC1,A,9576,AVAILABLE
SEAT9577,SEC1,A,9577,AVAILABLE
SEAT9578,SEC1,A,9578,AVAILABLE
SEAT9579,SEC1,A,9579,AVAILABLE
SEAT9580,SEC1,A,9580,AVAILABLE
SEAT9581,SEC1,A,9581,AVAILABLE
SEAT9582,SEC1,A,9582,AVAILABLE
SEAT9583,SEC1,A,9583,AVAILABLE
SEAT9584,SEC1,A,9584,AVAILABLE
SEAT9585,SEC1,A,9585,AVAILABLE
SEAT9586,SEC1,A,9586,AVAILABLE
SEAT9587,SEC1,A,9587,AVAILABLE
SEAT9588,SEC1,A,9588,AVAILABLE
SEAT9589,SEC1,A,9589,AVAILABLE
SEAT9590,SEC1,A,9590,AVAILABLE
SEAT9591,SEC1,A,9591,AVAILABLE
SEAT9592,SEC1,A,9592,AVAILABLE
SEAT9593,SEC1,A,9593,AVAILABLE
SEAT9594,SEC1,A,9594,AVAILABLE
SEAT9595,SEC1,A,9595,AVAILABLE
SEAT9596,SEC1,A,9596,AVAILABLE
SEAT9597,SEC1,A,9597,AVAILABLE
SEAT9598,SEC1,A,9598,AVAILABLE
SEAT9599,SEC1,A,9599,AVAILABLE
SEAT9600,SEC1,A,9600,AVAILABLE
SEAT9601,SEC1,A,9601,AVAILABLE
SEAT9602,SEC1,A,9602,AVAILABLE
SEAT9603,SEC1,A,9603,AVAILABLE
SEAT9604,SEC1,A,9604,AVAILABLE
SEAT9605,SEC1,A,9605,AVAILABLE
SEAT9606,SEC1,A,9606,AVAILABLE
SEAT9607,SEC1,A,9607,AVAILABLE
SEAT9608,SEC1,A,9608,AVAILABLE
SEAT9609,SEC1,A,9609,AVAILABLE
SEAT9610,SEC1,A,9610,AVAILABLE
SEAT9611,SEC1,A,9611,AVAILABLE
SEAT9612,SEC1,A,9612,AVAILABLE
SEAT9613,SEC1,A,9613,AVAILABLE
SEAT9614,SEC1,A,9614,AVAILABLE
SEAT9615,SEC1,A,9615,AVAILABLE
SEAT9616,SEC1,A,9616,AVAILABLE
SEAT9617,SEC1,A,9617,AVAILABLE
SEAT9618,SEC1,A,9618,AVAILABLE
SEAT9619,SEC1,A,9619,AVAILABLE
SEAT9620,SEC1,A,9620,AVAILABLE
SEAT9621,SEC1,A,9621,AVAILABLE
SEAT9622,SEC1,A,9622,AVAILABLE
SEAT9623,SEC1,A,9623,AVAILABLE
SEAT9624,SEC1,A,9624,AVAILABLE
SEAT9625,SEC1,A,9625,AVAILABLE
SEAT9626,SEC1,A,9626,AVAILABLE
SEAT9627,SEC1,A,9627,AVAILABLE
SEAT9628,SEC1,A,9628,AVAILABLE
SEAT9629,SEC1,A,9629,AVAILABLE
SEAT9630,SEC1,A,9630,AVAILABLE
SEAT9631,SEC1,A,9631,AVAILABLE
SEAT9632,SEC1,A,9632,AVAILABLE
SEAT9633,SEC1,A,9633,AVAILABLE
SEAT9634,SEC1,A,9634,AVAILABLE
SEAT9635,SEC1,A,9635,AVAILABLE
SEAT9636,SEC1,A,9636,AVAILABLE
SEAT9637,SEC1,A,9637,AVAILABLE
SEAT9638,SEC1,A,9638,AVAILABLE
SEAT9639,SEC1,A,9639,AVAILABLE
SEAT9640,SEC1,A,9640,AVAILABLE
SEAT9641,SEC1,A,9641,AVAILABLE
SEAT9642,SEC1,A,9642,AVAILABLE
SEAT9643,SEC1,A,9643,AVAILABLE
SEAT9644,SEC1,A,9644,AVAILABLE
SEAT9645,SEC1,A,9645,AVAILABLE
SEAT9646,SEC1,A,9646,AVAILABLE
SEAT9647,SEC1,A,9647,AVAILABLE
SEAT9648,SEC1,A,9648,AVAILABLE
SEAT9649,SEC1,A,9649,AVAILABLE
SEAT9650,SEC1,A,9650,AVAILABLE
SEAT9651,SEC1,A,9651,AVAILABLE
SEAT9652,SEC1,A,9652,AVAILABLE
SEAT9653,SEC1,A,9653,AVAILABLE
SEAT9654,SEC1,A,9654,AVAILABLE
SEAT9655,SEC1,A,9655,AVAILABLE
SEAT9656,SEC1,A,9656,AVAILABLE
SEAT9657,SEC1,A,9657,AVAILABLE
SEAT9658,SEC1,A,9658,AVAILABLE
SEAT9659,SEC1,A,9659,AVAILABLE
SEAT9660,SEC1,A,9660,AVAILABLE
SEAT9661,SEC1,A,9661,AVAILABLE
SEAT9662,SEC1,A,9662,AVAILABLE
SEAT9663,SEC1,A,9663,AVAILABLE
SEAT9664,SEC1,A,9664,AVAILABLE
SEAT9665,SEC1,A,9665,AVAILABLE
SEAT9666,SEC1,A,9666,AVAILABLE
SEAT9667,SEC1,A,9667,AVAILABLE
SEAT9668,SEC1,A,9668,AVAILABLE
SEAT9669,SEC1,A,9669,AVAILABLE
SEAT9670,SEC1,A,9670,AVAILABLE
SEAT9671,SEC1,A,9671,AVAILABLE
SEAT9672,SEC1,A,9672,AVAILABLE
SEAT9673,SEC1,A,9673,AVAILABLE
SEAT9674,SEC1,A,9674,AVAILABLE
SEAT9675,SEC1,A,9675,AVAILABLE
SEAT9676,SEC1,A,9676,AVAILABLE
SEAT9677,SEC1,A,9677,AVAILABLE
SEAT9678,SEC1,A,9678,AVAILABLE
SEAT9679,SEC1,A,9679,AVAILABLE
SEAT9680,SEC1,A,9680,AVAILABLE
SEAT9681,SEC1,A,9681,AVAILABLE
SEAT9682,SEC1,A,9682,AVAILABLE
SEAT9683,SEC1,A,9683,AVAILABLE
SEAT9684,SEC1,A,9684,AVAILABLE
SEAT9685,SEC1,A,9685,AVAILABLE
SEAT9686,SEC1,A,9686,AVAILABLE
SEAT9687,SEC1,A,9687,AVAILABLE
SEAT9688,SEC1,A,9688,AVAILABLE
SEAT9689,SEC1,A,9689,AVAILABLE
SEAT9690,SEC1,A,9690,AVAILABLE
SEAT9691,SEC1,A,9691,AVAILABLE
SEAT9692,SEC1,A,9692,AVAILABLE
SEAT9693,SEC1,A,9693,AVAILABLE
SEAT9694,SEC1,A,9694,AVAILABLE
SEAT9695,SEC1,A,9695,AVAILABLE
SEAT9696,SEC1,A,9696,AVAILABLE
SEAT9697,SEC1,A,9697,AVAILABLE
SEAT9698,SEC1,A,9698,AVAILABLE
SEAT9699,SEC1,A,9699,AVAILABLE
SEAT9700,SEC1,A,9700,AVAILABLE
SEAT9701,SEC1,A,9701,AVAILABLE
SEAT9702,SEC1,A,9702,AVAILABLE
SEAT9703,SEC1,A,9703,AVAILABLE
SEAT9704,SEC1,A,9704,AVAILABLE
SEAT9705,SEC1,A,9705,AVAILABLE
SEAT9706,SEC1,A,9706,AVAILABLE
SEAT9707,SEC1,A,9707,AVAILABLE
SEAT9708,SEC1,A,9708,AVAILABLE
SEAT9709,SEC1,A,9709,AVAILABLE
SEAT9710,SEC1,A,9710,AVAILABLE
SEAT9711,SEC1,A,9711,AVAILABLE
SEAT9712,SEC1,A,9712,AVAILABLE
SEAT9713,SEC1,A,9713,AVAILABLE
SEAT9714,SEC1,A,9714,AVAILABLE
SEAT9715,SEC1,A,9715,AVAILABLE
SEAT9716,SEC1,A,9716,AVAILABLE
SEAT9717,SEC1,A,9717,AVAILABLE
SEAT9718,SEC1,A,9718,AVAILABLE
SEAT9719,SEC1,A,9719,AVAILABLE
SEAT9720,SEC1,A,9720,AVAILABLE
SEAT9721,SEC1,A,9721,AVAILABLE
SEAT9722,SEC1,A,9722,AVAILABLE
SEAT9723,SEC1,A,9723,AVAILABLE
SEAT9724,SEC1,A,9724,AVAILABLE
SEAT9725,SEC1,A,9725,AVAILABLE
SEAT9726,SEC1,A,9726,AVAILABLE
SEAT9727,SEC1,A,9727,AVAILABLE
SEAT9728,SEC1,A,9728,AVAILABLE
SEAT9729,SEC1,A,9729,AVAILABLE
SEAT9730,SEC1,A,9730,AVAILABLE
SEAT9731,SEC1,A,9731,AVAILABLE
SEAT9732,SEC1,A,9732,AVAILABLE
SEAT9733,SEC1,A,9733,AVAILABLE
SEAT9734,SEC1,A,9734,AVAILABLE
SEAT9735,SEC1,A,9735,AVAILABLE
SEAT9736,SEC1,A,9736,AVAILABLE
SEAT9737,SEC1,A,9737,AVAILABLE
SEAT9738,SEC1,A,9738,AVAILABLE
SEAT9739,SEC1,A,9739,AVAILABLE
SEAT9740,SEC1,A,9740,AVAILABLE
SEAT9741,SEC1,A,9741,AVAILABLE
SEAT9742,SEC1,A,9742,AVAILABLE
SEAT9743,SEC1,A,9743,AVAILABLE
SEAT9744,SEC1,A,9744,AVAILABLE
SEAT9745,SEC1,A,9745,AVAILABLE
SEAT9746,SEC1,A,9746,AVAILABLE
SEAT9747,SEC1,A,9747,AVAILABLE
SEAT9748,SEC1,A,9748,AVAILABLE
SEAT9749,SEC1,A,9749,AVAILABLE
SEAT9750,SEC1,A,9750,AVAILABLE
SEAT9751,SEC1,A,9751,AVAILABLE
SEAT9752,SEC1,A,9752,AVAILABLE
SEAT9753,SEC1,A,9753,AVAILABLE
SEAT9754,SEC1,A,9754,AVAILABLE
SEAT9755,SEC1,A,9755,AVAILABLE
SEAT9756,SEC1,A,9756,AVAILABLE
SEAT9757,SEC1,A,9757,AVAILABLE
SEAT9758,SEC1,A,9758,AVAILABLE
SEAT9759,SEC1,A,9759,AVAILABLE
SEAT9760,SEC1,A,9760,AVAILABLE
SEAT9761,SEC1,A,9761,AVAILABLE
SEAT9762,SEC1,A,9762,AVAILABLE
SEAT9763,SEC1,A,9763,AVAILABLE
SEAT9764,SEC1,A,9764,AVAILABLE
SEAT9765,SEC1,A,9765,AVAILABLE
SEAT9766,SEC1,A,9766,AVAILABLE
SEAT9767,SEC1,A,9767,AVAILABLE
SEAT9768,SEC1,A,9768,AVAILABLE
SEAT9769,SEC1,A,9769,AVAILABLE
SEAT9770,SEC1,A,9770,AVAILABLE
SEAT9771,SEC1,A,9771,AVAILABLE
SEAT9772,SEC1,A,9772,AVAILABLE
SEAT9773,SEC1,A,9773,AVAILABLE
SEAT9774,SEC1,A,9774,AVAILABLE
SEAT9775,SEC1,A,9775,AVAILABLE
SEAT9776,SEC1,A,9776,AVAILABLE
SEAT9777,SEC1,A,9777,AVAILABLE
SEAT9778,SEC1,A,9778,AVAILABLE
SEAT9779,SEC1,A,9779,AVAILABLE
SEAT9780,SEC1,A,9780,AVAILABLE
SEAT9781,SEC1,A,9781,AVAILABLE
SEAT9782,SEC1,A,9782,AVAILABLE
SEAT9783,SEC1,A,9783,AVAILABLE
SEAT9784,SEC1,A,9784,AVAILABLE
SEAT9785,SEC1,A,9785,AVAILABLE
SEAT9786,SEC1,A,9786,AVAILABLE
SEAT9787,SEC1,A,9787,AVAILABLE
SEAT9788,SEC1,A,9788,AVAILABLE
SEAT9789,SEC1,A,9789,AVAILABLE
SEAT9790,SEC1,A,9790,AVAILABLE
SEAT9791,SEC1,A,9791,AVAILABLE
SEAT9792,SEC1,A,9792,AVAILABLE
SEAT9793,SEC1,A,9793,AVAILABLE
SEAT9794,SEC1,A,9794,AVAILABLE
SEAT9795,SEC1,A,9795,AVAILABLE
SEAT9796,SEC1,A,9796,AVAILABLE
SEAT9797,SEC1,A,9797,AVAILABLE
SEAT9798,SEC1,A,9798,AVAILABLE
SEAT9799,SEC1,A,9799,AVAILABLE
SEAT9800,SEC1,A,9800,AVAILABLE
SEAT9801,SEC1,A,9801,AVAILABLE
SEAT9802,SEC1,A,9802,AVAILABLE
SEAT9803,SEC1,A,9803,AVAILABLE
SEAT9804,SEC1,A,9804,AVAILABLE
SEAT9805,SEC1,A,9805,AVAILABLE
SEAT9806,SEC1,A,9806,AVAILABLE
SEAT9807,SEC1,A,9807,AVAILABLE
SEAT9808,SEC1,A,9808,AVAILABLE
SEAT9809,SEC1,A,9809,AVAILABLE
SEAT9810,SEC1,A,9810,AVAILABLE
SEAT9811,SEC1,A,9811,AVAILABLE
SEAT9812,SEC1,A,9812,AVAILABLE
SEAT9813,SEC1,A,9813,AVAILABLE
SEAT9814,SEC1,A,9814,AVAILABLE
SEAT9815,SEC1,A,9815,AVAILABLE
SEAT9816,SEC1,A,9816,AVAILABLE
SEAT9817,SEC1,A,9817,AVAILABLE
SEAT9818,SEC1,A,9818,AVAILABLE
SEAT9819,SEC1,A,9819,AVAILABLE
SEAT9820,SEC1,A,9820,AVAILABLE
SEAT9821,SEC1,A,9821,AVAILABLE
SEAT9822,SEC1,A,9822,AVAILABLE
SEAT9823,SEC1,A,9823,AVAILABLE
SEAT9824,SEC1,A,9824,AVAILABLE
SEAT9825,SEC1,A,9825,AVAILABLE
SEAT9826,SEC1,A,9826,AVAILABLE
SEAT9827,SEC1,A,9827,AVAILABLE
SEAT9828,SEC1,A,9828,AVAILABLE
SEAT9829,SEC1,A,9829,AVAILABLE
SEAT9830,SEC1,A,9830,AVAILABLE
SEAT9831,SEC1,A,9831,AVAILABLE
SEAT9832,SEC1,A,9832,AVAILABLE
SEAT9833,SEC1,A,9833,AVAILABLE
SEAT9834,SEC1,A,9834,AVAILABLE
SEAT9835,SEC1,A,9835,AVAILABLE
SEAT9836,SEC1,A,9836,AVAILABLE
SEAT9837,SEC1,A,9837,AVAILABLE
SEAT9838,SEC1,A,9838,AVAILABLE
SEAT9839,SEC1,A,9839,AVAILABLE
SEAT9840,SEC1,A,9840,AVAILABLE
SEAT9841,SEC1,A,9841,AVAILABLE
SEAT9842,SEC1,A,9842,AVAILABLE
SEAT9843,SEC1,A,9843,AVAILABLE
SEAT9844,SEC1,A,9844,AVAILABLE
SEAT9845,SEC1,A,9845,AVAILABLE
SEAT9846,SEC1,A,9846,AVAILABLE
SEAT9847,SEC1,A,9847,AVAILABLE
SEAT9848,SEC1,A,9848,AVAILABLE
SEAT9849,SEC1,A,9849,AVAILABLE
SEAT9850,SEC1,A,9850,AVAILABLE
SEAT9851,SEC1,A,9851,AVAILABLE
SEAT9852,SEC1,A,9852,AVAILABLE
SEAT9853,SEC1,A,9853,AVAILABLE
SEAT9854,SEC1,A,9854,AVAILABLE
SEAT9855,SEC1,A,9855,AVAILABLE
SEAT9856,SEC1,A,9856,AVAILABLE
SEAT9857,SEC1,A,9857,AVAILABLE
SEAT9858,SEC1,A,9858,AVAILABLE
SEAT9859,SEC1,A,9859,AVAILABLE
SEAT9860,SEC1,A,9860,AVAILABLE
SEAT9861,SEC1,A,9861,AVAILABLE
SEAT9862,SEC1,A,9862,AVAILABLE
SEAT9863,SEC1,A,9863,AVAILABLE
SEAT9864,SEC1,A,9864,AVAILABLE
SEAT9865,SEC1,A,9865,AVAILABLE
SEAT9866,SEC1,A,9866,AVAILABLE
SEAT9867,SEC1,A,9867,AVAILABLE
SEAT9868,SEC1,A,9868,AVAILABLE
SEAT9869,SEC1,A,9869,AVAILABLE
SEAT9870,SEC1,A,9870,AVAILABLE
SEAT9871,SEC1,A,9871,AVAILABLE
SEAT9872,SEC1,A,9872,AVAILABLE
SEAT9873,SEC1,A,9873,AVAILABLE
SEAT9874,SEC1,A,9874,AVAILABLE
SEAT9875,SEC1,A,9875,AVAILABLE
SEAT9876,SEC1,A,9876,AVAILABLE
SEAT9877,SEC1,A,9877,AVAILABLE
SEAT9878,SEC1,A,9878,AVAILABLE
SEAT9879,SEC1,A,9879,AVAILABLE
SEAT9880,SEC1,A,9880,AVAILABLE
SEAT9881,SEC1,A,9881,AVAILABLE
SEAT9882,SEC1,A,9882,AVAILABLE
SEAT9883,SEC1,A,9883,AVAILABLE
SEAT9884,SEC1,A,9884,AVAILABLE
SEAT9885,SEC1,A,9885,AVAILABLE
SEAT9886,SEC1,A,9886,AVAILABLE
SEAT9887,SEC1,A,9887,AVAILABLE
SEAT9888,SEC1,A,9888,AVAILABLE
SEAT9889,SEC1,A,9889,AVAILABLE
SEAT9890,SEC1,A,9890,AVAILABLE
SEAT9891,SEC1,A,9891,AVAILABLE
SEAT9892,SEC1,A,9892,AVAILABLE
SEAT9893,SEC1,A,9893,AVAILABLE
SEAT9894,SEC1,A,9894,AVAILABLE
SEAT9895,SEC1,A,9895,AVAILABLE
SEAT9896,SEC1,A,9896,AVAILABLE
SEAT9897,SEC1,A,9897,AVAILABLE
SEAT9898,SEC1,A,9898,AVAILABLE
SEAT9899,SEC1,A,9899,AVAILABLE
SEAT9900,SEC1,A,9900,AVAILABLE
SEAT9901,SEC1,A,9901,AVAILABLE
SEAT9902,SEC1,A,9902,AVAILABLE
SEAT9903,SEC1,A,9903,AVAILABLE
SEAT9904,SEC1,A,9904,AVAILABLE
SEAT9905,SEC1,A,9905,AVAILABLE
SEAT9906,SEC1,A,9906,AVAILABLE
SEAT9907,SEC1,A,9907,AVAILABLE
SEAT9908,SEC1,A,9908,AVAILABLE
SEAT9909,SEC1,A,9909,AVAILABLE
SEAT9910,SEC1,A,9910,AVAILABLE
SEAT9911,SEC1,A,9911,AVAILABLE
SEAT9912,SEC1,A,9912,AVAILABLE
SEAT9913,SEC1,A,9913,AVAILABLE
SEAT9914,SEC1,A,9914,AVAILABLE
SEAT9915,SEC1,A,9915,AVAILABLE
SEAT9916,SEC1,A,9916,AVAILABLE
SEAT9917,SEC1,A,9917,AVAILABLE
SEAT9918,SEC1,A,9918,AVAILABLE
SEAT9919,SEC1,A,9919,AVAILABLE
SEAT9920,SEC1,A,9920,AVAILABLE
SEAT9921,SEC1,A,9921,AVAILABLE
SEAT9922,SEC1,A,9922,AVAILABLE
SEAT9923,SEC1,A,9923,AVAILABLE
SEAT9924,SEC1,A,9924,AVAILABLE
SEAT9925,SEC1,A,9925,AVAILABLE
SEAT9926,SEC1,A,9926,AVAILABLE
SEAT9927,SEC1,A,9927,AVAILABLE
SEAT9928,SEC1,A,9928,AVAILABLE
SEAT9929,SEC1,A,9929,AVAILABLE
SEAT9930,SEC1,A,9930,AVAILABLE
SEAT9931,SEC1,A,9931,AVAILABLE
SEAT9932,SEC1,A,9932,AVAILABLE
SEAT9933,SEC1,A,9933,AVAILABLE
SEAT9934,SEC1,A,9934,AVAILABLE
SEAT9935,SEC1,A,9935,AVAILABLE
SEAT9936,SEC1,A,9936,AVAILABLE
SEAT9937,SEC1,A,9937,AVAILABLE
SEAT9938,SEC1,A,9938,AVAILABLE
SEAT9939,SEC1,A,9939,AVAILABLE
SEAT9940,SEC1,A,9940,AVAILABLE
SEAT9941,SEC1,A,9941,AVAILABLE
SEAT9942,SEC1,A,9942,AVAILABLE
SEAT9943,SEC1,A,9943,AVAILABLE
SEAT9944,SEC1,A,9944,AVAILABLE
SEAT9945,SEC1,A,9945,AVAILABLE
SEAT9946,SEC1,A,9946,AVAILABLE
SEAT9947,SEC1,A,9947,AVAILABLE
SEAT9948,SEC1,A,9948,AVAILABLE
SEAT9949,SEC1,A,9949,AVAILABLE
SEAT9950,SEC1,A,9950,AVAILABLE
SEAT9951,SEC1,A,9951,AVAILABLE
SEAT9952,SEC1,A,9952,AVAILABLE
SEAT9953,SEC1,A,9953,AVAILABLE
SEAT9954,SEC1,A,9954,AVAILABLE
SEAT9955,SEC1,A,9955,AVAILABLE
SEAT9956,SEC1,A,9956,AVAILABLE
SEAT9957,SEC1,A,9957,AVAILABLE
SEAT9958,SEC1,A,9958,AVAILABLE
SEAT9959,SEC1,A,9959,AVAILABLE
SEAT9960,SEC1,A,9960,AVAILABLE
SEAT9961,SEC1,A,9961,AVAILABLE
SEAT9962,SEC1,A,9962,AVAILABLE
SEAT9963,SEC1,A,9963,AVAILABLE
SEAT9964,SEC1,A,9964,AVAILABLE
SEAT9965,SEC1,A,9965,AVAILABLE
SEAT9966,SEC1,A,9966,AVAILABLE
SEAT9967,SEC1,A,9967,AVAILABLE
SEAT9968,SEC1,A,9968,AVAILABLE
SEAT9969,SEC1,A,9969,AVAILABLE
SEAT9970,SEC1,A,9970,AVAILABLE
SEAT9971,SEC1,A,9971,AVAILABLE
SEAT9972,SEC1,A,9972,AVAILABLE
SEAT9973,SEC1,A,9973,AVAILABLE
SEAT9974,SEC1,A,9974,AVAILABLE
SEAT9975,SEC1,A,9975,AVAILABLE
SEAT9976,SEC1,A,9976,AVAILABLE
SEAT9977,SEC1,A,9977,AVAILABLE
SEAT9978,SEC1,A,9978,AVAILABLE
SEAT9979,SEC1,A,9979,AVAILABLE
SEAT9980,SEC1,A,9980,AVAILABLE
SEAT9981,SEC1,A,9981,AVAILABLE
SEAT9982,SEC1,A,9982,AVAILABLE
SEAT9983,SEC1,A,9983,AVAILABLE
SEAT9984,SEC1,A,9984,AVAILABLE
SEAT9985,SEC1,A,9985,AVAILABLE
SEAT9986,SEC1,A,9986,AVAILABLE
SEAT9987,SEC1,A,9987,AVAILABLE
SEAT9988,SEC1,A,9988,AVAILABLE
SEAT9989,SEC1,A,9989,AVAILABLE
SEAT9990,SEC1,A,9990,AVAILABLE
SEAT9991,SEC1,A,9991,AVAILABLE
SEAT9992,SEC1,A,9992,AVAILABLE
SEAT9993,SEC1,A,9993,AVAILABLE
SEAT9994,SEC1,A,9994,AVAILABLE
SEAT9995,SEC1,A,9995,AVAILABLE
SEAT9996,SEC1,A,9996,AVAILABLE
SEAT9997,SEC1,A,9997,AVAILABLE
SEAT9998,SEC1,A,9998,AVAILABLE
SEAT9999,SEC1,A,9999,AVAILABLE
