fanId,fullName,email,phone,birthYear
FAN00001,Nguyen Van Hung,quan1@fpt.edu.vn,0990186948,1994
FAN00002,Dang Thi Bach,bach2@gmail.com,0930242755,1986
FAN00003,Tran Thi Dung,quan3@yahoo.com,0980083385,1990
FAN00004,Nguyen Hai Phong,quan4@hotmail.com,0925554674,2004
FAN00005,Do Van Mai,bach5@fpt.edu.vn,0911290471,2008
FAN00006,Do Tuan Hung,nam6@yahoo.com,0933300941,1988
FAN00007,Nguyen Hai Quan,dung7@yahoo.com,0923473730,2004
FAN00008,Do Xuan Linh,phong8@yahoo.com,0958744493,1993
FAN00009,Dang Van Linh,vy9@yahoo.com,0958874201,2004
FAN00010,Do Duc Nam,linh10@yahoo.com,0999364717,1996
FAN00011,Tran Minh Dung,lan11@gmail.com,0983860131,1998
FAN00012,Phan Hai Hung,bach12@gmail.com,0974243162,1986
FAN00013,Tran Xuan Nam,mai13@gmail.com,0959302494,2005
FAN00014,Bui Duc Linh,dung14@fpt.edu.vn,0938659076,1993
FAN00015,Hoang Thi Phong,dung15@yahoo.com,0962129568,1988
FAN00016,Le Duc Hung,mai16@fpt.edu.vn,0913500766,1988
FAN00017,Le Tuan Vy,lan17@fpt.edu.vn,0910736815,2004
FAN00018,Tran Tuan Quan,hung18@yahoo.com,0943645055,1985
FAN00019,Le Quoc Mai,phong19@fpt.edu.vn,0983677163,2002
FAN00020,Dang Xuan Phong,phong20@yahoo.com,0987069589,2003
FAN00021,Tran Van Hung,quan21@yahoo.com,0990208218,1987
FAN00022,Vu Xuan Quan,linh22@gmail.com,0981360331,1991
FAN00023,Le Anh Vy,linh23@yahoo.com,0957524601,1985
FAN00024,Bui Anh Nam,hung24@gmail.com,0921397689,2000
FAN00025,Nguyen Duc Linh,quan25@hotmail.com,0915640547,1985
FAN00026,Pham Gia Dung,quan26@gmail.com,0960443646,1985
FAN00027,Pham Minh Quan,dung27@yahoo.com,0944024861,1993
FAN00028,Pham Anh Linh,nam28@hotmail.com,0966332748,2001
FAN00029,Bui Xuan Quan,vy29@yahoo.com,0974589864,1992
FAN00030,Hoang Tuan Hung,linh30@yahoo.com,0947797236,1998
FAN00031,Le Hai Bach,bach31@fpt.edu.vn,0988467855,2001
FAN00032,Do Quoc Vy,quan32@yahoo.com,0917933075,1995
FAN00033,Phan Van Quan,linh33@yahoo.com,0978493292,1989
FAN00034,Pham Quoc Hung,vy34@yahoo.com,0955262825,1990
FAN00035,Pham Anh Bach,dung35@fpt.edu.vn,0928574704,2005
FAN00036,Dang Tuan Hung,lan36@fpt.edu.vn,0944178647,2002
FAN00037,Do Minh Vy,lan37@yahoo.com,0924011416,1991
FAN00038,Tran Xuan Linh,bach38@gmail.com,0928469234,1992
FAN00039,Nguyen Quoc Phong,phong39@yahoo.com,0936514232,1996
FAN00040,Tran Tuan Nam,bach40@fpt.edu.vn,0949603469,1997
FAN00041,Bui Duc Quan,linh41@gmail.com,0990941636,1994
FAN00042,Dang Thi Nam,mai42@hotmail.com,0922205567,2006
FAN00043,Vu Thi Linh,lan43@hotmail.com,0910595637,1995
FAN00044,Pham Xuan Nam,linh44@fpt.edu.vn,0929539996,2005
FAN00045,Pham Thi Mai,mai45@yahoo.com,0960394990,1988
FAN00046,Hoang Anh Nam,phong46@fpt.edu.vn,0950427008,2002
FAN00047,Vu Tuan Dung,dung47@hotmail.com,0935177521,2003
FAN00048,Phan Tuan Mai,hung48@yahoo.com,0938018267,1993
FAN00049,Tran Quoc Hung,nam49@fpt.edu.vn,0932427139,2003
FAN00050,Nguyen Tuan Hung,bach50@hotmail.com,0915110243,1987
FAN00051,Hoang Minh Linh,phong51@hotmail.com,0996134755,2008
FAN00052,Le Quoc Mai,phong52@hotmail.com,0917262503,1995
FAN00053,Dang Van Dung,mai53@fpt.edu.vn,0943354420,1990
FAN00054,Hoang Xuan Mai,vy54@hotmail.com,0954298467,1999
FAN00055,Tran Hai Bach,quan55@fpt.edu.vn,0986282720,2004
FAN00056,Tran Duc Bach,vy56@yahoo.com,0955846590,1986
FAN00057,Hoang Quoc Dung,quan57@gmail.com,0974213444,1987
FAN00058,Pham Minh Linh,dung58@hotmail.com,0975978754,1988
FAN00059,Tran Gia Phong,quan59@yahoo.com,0912007966,1998
FAN00060,Do Van Quan,quan60@gmail.com,0936134001,1988
FAN00061,Le Thi Lan,bach61@fpt.edu.vn,0944175232,1998
FAN00062,Vu Gia Mai,phong62@gmail.com,0960974114,1987
FAN00063,Le Anh Nam,quan63@gmail.com,0920471946,2003
FAN00064,Le Quoc Mai,mai64@yahoo.com,0915082322,2003
FAN00065,Nguyen Quoc Phong,vy65@yahoo.com,0930376276,2002
FAN00066,Pham Van Hung,bach66@hotmail.com,0961813810,1992
FAN00067,Hoang Gia Dung,vy67@fpt.edu.vn,0988230024,1996
FAN00068,Phan Xuan Quan,dung68@fpt.edu.vn,0984068631,2006
FAN00069,Do Thi Nam,bach69@gmail.com,0983701658,2002
FAN00070,Do Xuan Lan,dung70@yahoo.com,0913643952,1991
FAN00071,Nguyen Gia Lan,linh71@yahoo.com,0967666076,1991
FAN00072,Vu Hai Quan,linh72@hotmail.com,0964064399,2003
FAN00073,Vu Hai Nam,lan73@gmail.com,0989508568,1995
FAN00074,Bui Minh Lan,linh74@hotmail.com,0911006615,2005
FAN00075,Hoang Duc Quan,phong75@fpt.edu.vn,0970387955,1986
FAN00076,Tran Quoc Lan,bach76@hotmail.com,0983134863,1994
FAN00077,Do Thi Quan,phong77@hotmail.com,0989383100,1987
FAN00078,Hoang Duc Dung,quan78@fpt.edu.vn,0912438573,1996
FAN00079,Le Hai Linh,mai79@hotmail.com,0991196830,2003
FAN00080,Bui Hai Hung,mai80@gmail.com,0979643090,1991
FAN00081,Bui Xuan Lan,nam81@hotmail.com,0987945360,2008
FAN00082,Nguyen Van Bach,dung82@hotmail.com,0944378099,1990
FAN00083,Le Thi Vy,nam83@yahoo.com,0931439093,1991
FAN00084,Nguyen Tuan Nam,vy84@fpt.edu.vn,0948657787,2007
FAN00085,Phan Anh Nam,hung85@gmail.com,0917412837,2006
FAN00086,Dang Duc Bach,hung86@yahoo.com,0996330741,1996
FAN00087,Dang Anh Phong,bach87@fpt.edu.vn,0994149126,1990
FAN00088,Bui Van Nam,quan88@fpt.edu.vn,0969538308,1994
FAN00089,Vu Duc Bach,mai89@yahoo.com,0957874332,1988
FAN00090,Vu Duc Bach,bach90@fpt.edu.vn,0944482014,1990
FAN00091,Dang Van Dung,vy91@fpt.edu.vn,0931051281,1992
FAN00092,Do Gia Phong,vy92@fpt.edu.vn,0985555217,2001
FAN00093,Nguyen Quoc Quan,quan93@hotmail.com,0952853987,1989
FAN00094,Hoang Gia Vy,phong94@yahoo.com,0914298383,1992
FAN00095,Hoang Quoc Vy,quan95@fpt.edu.vn,0937734116,1985
FAN00096,Hoang Van Hung,hung96@hotmail.com,0938365785,1997
FAN00097,Phan Quoc Linh,mai97@fpt.edu.vn,0935143252,2004
FAN00098,Le Quoc Vy,linh98@fpt.edu.vn,0919632065,2007
FAN00099,Le Gia Vy,nam99@hotmail.com,0924688493,1994
FAN00100,Le Hai Mai,mai100@fpt.edu.vn,0912475458,1990
FAN00101,Bui Quoc Bach,hung101@fpt.edu.vn,0974420657,1995
FAN00102,Dang Gia Linh,mai102@hotmail.com,0989683277,1993
FAN00103,Hoang Quoc Mai,nam103@yahoo.com,0977308698,2006
FAN00104,Phan Anh Phong,linh104@hotmail.com,0967161712,1989
FAN00105,Nguyen Quoc Quan,phong105@yahoo.com,0975788354,1992
FAN00106,Phan Xuan Quan,phong106@hotmail.com,0930753424,2001
FAN00107,Do Gia Hung,hung107@gmail.com,0976948056,2007
FAN00108,Vu Xuan Quan,quan108@fpt.edu.vn,0994480834,2000
FAN00109,Tran Hai Quan,mai109@gmail.com,0995070943,2008
FAN00110,Dang Hai Bach,lan110@hotmail.com,0970380833,2004
FAN00111,Dang Tuan Quan,quan111@gmail.com,0914541389,1985
FAN00112,Le Tuan Mai,dung112@yahoo.com,0972428280,1989
FAN00113,Vu Hai Dung,lan113@hotmail.com,0951959152,2002
FAN00114,Phan Tuan Bach,bach114@yahoo.com,0960143365,1989
FAN00115,Pham Duc Hung,lan115@gmail.com,0926185103,2004
FAN00116,Do Van Quan,nam116@yahoo.com,0967332971,2004
FAN00117,Dang Tuan Bach,nam117@hotmail.com,0971072370,2006
FAN00118,Dang Duc Bach,lan118@gmail.com,0956862374,1986
FAN00119,Pham Thi Vy,lan119@fpt.edu.vn,0941674404,1997
FAN00120,Do Minh Dung,bach120@gmail.com,0967630030,2008
FAN00121,Dang Tuan Dung,hung121@fpt.edu.vn,0962949453,2003
FAN00122,Hoang Tuan Bach,mai122@gmail.com,0927133918,2002
FAN00123,Pham Xuan Lan,linh123@gmail.com,0973145083,2001
FAN00124,Do Hai Lan,linh124@fpt.edu.vn,0987243888,1985
FAN00125,Pham Van Hung,nam125@hotmail.com,0922933140,1990
FAN00126,Do Tuan Bach,bach126@gmail.com,0965598472,2008
FAN00127,Dang Thi Quan,dung127@yahoo.com,0974540906,1986
FAN00128,Tran Gia Dung,dung128@gmail.com,0969614922,1991
FAN00129,Phan Hai Lan,linh129@hotmail.com,0959301214,2007
FAN00130,Tran Minh Linh,dung130@gmail.com,0959701258,2006
FAN00131,Pham Gia Vy,mai131@hotmail.com,0992479104,2006
FAN00132,Bui Tuan Linh,vy132@hotmail.com,0924667222,1996
FAN00133,Vu Tuan Bach,linh133@gmail.com,0977932667,1998
FAN00134,Bui Duc Linh,quan134@yahoo.com,0955606130,2007
FAN00135,Do Xuan Quan,linh135@yahoo.com,0943363550,1991
FAN00136,Hoang Quoc Dung,linh136@gmail.com,0975948356,2000
FAN00137,Tran Van Lan,hung137@yahoo.com,0975145531,2002
FAN00138,Vu Duc Dung,dung138@hotmail.com,0970767649,1993
FAN00139,Dang Thi Linh,bach139@yahoo.com,0980699498,2001
FAN00140,Vu Gia Nam,vy140@fpt.edu.vn,0982284642,1998
FAN00141,Pham Gia Lan,nam141@fpt.edu.vn,0990066224,2002
FAN00142,Dang Thi Quan,vy142@hotmail.com,0957041399,1987
FAN00143,Pham Thi Lan,linh143@fpt.edu.vn,0938650541,1987
FAN00144,Phan Minh Vy,dung144@hotmail.com,0991546420,1985
FAN00145,Hoang Anh Quan,dung145@yahoo.com,0989674377,1988
FAN00146,Phan Thi Quan,mai146@hotmail.com,0955682742,1987
FAN00147,Le Gia Phong,vy147@gmail.com,0935998553,1985
FAN00148,Bui Xuan Vy,dung148@fpt.edu.vn,0993383722,1988
FAN00149,Tran Hai Bach,vy149@fpt.edu.vn,0929241835,1993
FAN00150,Bui Anh Nam,mai150@gmail.com,0994409627,1998
FAN00151,Dang Duc Dung,quan151@fpt.edu.vn,0925476787,1989
FAN00152,Pham Xuan Vy,vy152@gmail.com,0938755984,2007
FAN00153,Do Xuan Linh,bach153@fpt.edu.vn,0981293205,2002
FAN00154,Dang Gia Bach,bach154@fpt.edu.vn,0933759947,1993
FAN00155,Pham Tuan Lan,nam155@yahoo.com,0968273870,2008
FAN00156,Dang Hai Lan,mai156@hotmail.com,0965764926,1992
FAN00157,Dang Thi Hung,vy157@fpt.edu.vn,0935609426,1991
FAN00158,Phan Quoc Dung,mai158@gmail.com,0981436838,1995
FAN00159,Le Duc Linh,dung159@hotmail.com,0940705520,1996
FAN00160,Pham Van Linh,linh160@yahoo.com,0926008160,2001
FAN00161,Dang Thi Quan,mai161@hotmail.com,0952038704,2005
FAN00162,Dang Gia Nam,vy162@yahoo.com,0986246125,2003
FAN00163,Dang Duc Dung,mai163@hotmail.com,0941241678,1988
FAN00164,Le Anh Nam,quan164@yahoo.com,0985722822,2000
FAN00165,Bui Anh Linh,hung165@gmail.com,0927663814,1993
FAN00166,Dang Thi Hung,dung166@gmail.com,0940141942,2001
FAN00167,Pham Anh Mai,dung167@gmail.com,0931059519,2003
FAN00168,Dang Xuan Linh,nam168@hotmail.com,0955573720,1990
FAN00169,Dang Quoc Bach,quan169@fpt.edu.vn,0934622515,2005
FAN00170,Hoang Minh Vy,lan170@yahoo.com,0975544330,1998
FAN00171,Vu Anh Linh,vy171@yahoo.com,0921899708,1992
FAN00172,Nguyen Quoc Quan,linh172@gmail.com,0929040269,2005
FAN00173,Pham Tuan Vy,quan173@hotmail.com,0940085182,1991
FAN00174,Bui Anh Quan,nam174@hotmail.com,0998845419,1994
FAN00175,Bui Minh Linh,mai175@hotmail.com,0944694312,2002
FAN00176,Tran Quoc Quan,dung176@hotmail.com,0985599388,2001
FAN00177,Dang Thi Hung,vy177@yahoo.com,0992979445,1998
FAN00178,Bui Minh Bach,lan178@hotmail.com,0997079626,1996
FAN00179,Do Van Bach,nam179@fpt.edu.vn,0929936523,1988
FAN00180,Phan Hai Quan,mai180@yahoo.com,0955304296,1989
FAN00181,Phan Gia Vy,vy181@hotmail.com,0996942169,2001
FAN00182,Le Thi Lan,nam182@gmail.com,0929230185,1991
FAN00183,Bui Thi Nam,hung183@hotmail.com,0993026922,2008
FAN00184,Nguyen Xuan Vy,linh184@yahoo.com,0921571929,1992
FAN00185,Pham Thi Lan,phong185@fpt.edu.vn,0984197906,1985
FAN00186,Do Quoc Mai,nam186@yahoo.com,0965780967,1995
FAN00187,Do Duc Phong,phong187@fpt.edu.vn,0910289706,1987
FAN00188,Dang Minh Linh,vy188@hotmail.com,0938435928,2003
FAN00189,Bui Tuan Nam,phong189@fpt.edu.vn,0938494889,1998
FAN00190,Hoang Thi Nam,bach190@yahoo.com,0981706062,1997
FAN00191,Hoang Van Dung,vy191@gmail.com,0912247757,1987
FAN00192,Le Xuan Hung,hung192@yahoo.com,0921109213,1985
FAN00193,Dang Xuan Quan,mai193@fpt.edu.vn,0962679904,2004
FAN00194,Nguyen Minh Hung,phong194@gmail.com,0911824409,2004
FAN00195,Pham Minh Vy,lan195@gmail.com,0933752168,2007
FAN00196,Phan Minh Vy,phong196@hotmail.com,0934272826,2008
FAN00197,Nguyen Minh Bach,vy197@gmail.com,0939060880,1995
FAN00198,Le Gia Mai,mai198@yahoo.com,0982804995,2008
FAN00199,Phan Hai Linh,vy199@fpt.edu.vn,0974121353,2004
FAN00200,Vu Anh Hung,lan200@yahoo.com,0957523694,2003
FAN00201,Bui Gia Quan,hung201@gmail.com,0917354876,1985
FAN00202,Nguyen Duc Quan,vy202@yahoo.com,0958208148,1989
FAN00203,Hoang Thi Phong,hung203@fpt.edu.vn,0966235281,1996
FAN00204,Le Anh Mai,phong204@fpt.edu.vn,0916208545,2008
FAN00205,Tran Xuan Dung,quan205@hotmail.com,0916298645,2003
FAN00206,Le Xuan Vy,hung206@fpt.edu.vn,0956722422,1988
FAN00207,Phan Minh Linh,hung207@gmail.com,0998004882,1989
FAN00208,Dang Duc Hung,dung208@yahoo.com,0989821265,1998
FAN00209,Dang Quoc Nam,lan209@hotmail.com,0990317153,2007
FAN00210,Phan Duc Linh,quan210@fpt.edu.vn,0921372159,2003
FAN00211,Le Minh Nam,linh211@yahoo.com,0932226560,1988
FAN00212,Pham Minh Phong,vy212@gmail.com,0977030579,1997
FAN00213,Tran Minh Bach,lan213@fpt.edu.vn,0910106010,1998
FAN00214,Phan Anh Quan,quan214@gmail.com,0929696316,2007
FAN00215,Tran Thi Lan,mai215@fpt.edu.vn,0990360148,1989
FAN00216,Bui Thi Nam,vy216@gmail.com,0930833153,1990
FAN00217,Do Gia Mai,phong217@fpt.edu.vn,0945391092,1999
FAN00218,Hoang Duc Dung,lan218@hotmail.com,0912121548,1993
FAN00219,Pham Gia Nam,lan219@yahoo.com,0942171366,1996
FAN00220,Tran Thi Phong,vy220@yahoo.com,0973825095,2008
FAN00221,Nguyen Minh Nam,phong221@yahoo.com,0980060786,1996
FAN00222,Do Minh Mai,nam222@hotmail.com,0966467921,1992
FAN00223,Pham Minh Dung,dung223@gmail.com,0992820388,1993
FAN00224,Dang Van Dung,dung224@fpt.edu.vn,0929862912,2006
FAN00225,Pham Xuan Quan,mai225@gmail.com,0989311340,2005
FAN00226,Nguyen Thi Hung,linh226@fpt.edu.vn,0930498950,1992
FAN00227,Dang Gia Phong,phong227@fpt.edu.vn,0971917062,1988
FAN00228,Le Anh Hung,dung228@fpt.edu.vn,0976817543,1994
FAN00229,Pham Van Lan,dung229@yahoo.com,0913842221,1998
FAN00230,Vu Anh Lan,quan230@fpt.edu.vn,0941366715,2003
FAN00231,Phan Gia Bach,nam231@yahoo.com,0930653882,2001
FAN00232,Vu Duc Quan,nam232@gmail.com,0926812978,1997
FAN00233,Vu Anh Hung,phong233@fpt.edu.vn,0977889441,2005
FAN00234,Pham Minh Vy,lan234@yahoo.com,0939534954,1987
FAN00235,Dang Tuan Linh,mai235@fpt.edu.vn,0949597159,2003
FAN00236,Pham Anh Phong,nam236@fpt.edu.vn,0983896940,1987
FAN00237,Dang Hai Phong,linh237@hotmail.com,0984505609,2000
FAN00238,Bui Van Quan,quan238@fpt.edu.vn,0960742264,1986
FAN00239,Do Quoc Vy,phong239@gmail.com,0974925345,1996
FAN00240,Vu Quoc Mai,vy240@fpt.edu.vn,0933409434,1992
FAN00241,Pham Gia Vy,nam241@gmail.com,0916085359,2006
FAN00242,Tran Tuan Bach,phong242@gmail.com,0946723984,2004
FAN00243,Phan Quoc Quan,hung243@yahoo.com,0952434352,1998
FAN00244,Le Anh Vy,hung244@yahoo.com,0955529511,1995
FAN00245,Phan Tuan Vy,dung245@fpt.edu.vn,0989404436,1994
FAN00246,Vu Anh Lan,bach246@hotmail.com,0925708351,1993
FAN00247,Vu Tuan Nam,linh247@gmail.com,0997527645,1989
FAN00248,Pham Tuan Phong,quan248@gmail.com,0993219695,1986
FAN00249,Hoang Minh Nam,nam249@fpt.edu.vn,0926950264,2008
FAN00250,Hoang Thi Quan,linh250@hotmail.com,0987354558,1999
FAN00251,Hoang Gia Bach,bach251@hotmail.com,0983731720,1992
FAN00252,Do Quoc Hung,nam252@yahoo.com,0925053760,2001
FAN00253,Le Thi Dung,vy253@gmail.com,0950036010,2001
FAN00254,Phan Van Quan,dung254@fpt.edu.vn,0987695229,2003
FAN00255,Vu Anh Nam,nam255@gmail.com,0964724284,2007
FAN00256,Nguyen Gia Vy,lan256@hotmail.com,0973086386,2006
FAN00257,Do Minh Lan,lan257@fpt.edu.vn,0981441329,1991
FAN00258,Nguyen Xuan Bach,dung258@fpt.edu.vn,0986690545,1990
FAN00259,Le Xuan Mai,bach259@gmail.com,0978730920,1996
FAN00260,Phan Anh Lan,linh260@fpt.edu.vn,0972606225,2000
FAN00261,Nguyen Hai Phong,hung261@yahoo.com,0972408418,1987
FAN00262,Bui Thi Bach,quan262@yahoo.com,0951301348,2007
FAN00263,Dang Quoc Quan,phong263@gmail.com,0955424877,1991
FAN00264,Hoang Xuan Linh,phong264@fpt.edu.vn,0943759008,1994
FAN00265,Phan Thi Hung,dung265@hotmail.com,0986452733,2002
FAN00266,Hoang Hai Phong,phong266@hotmail.com,0954874976,1998
FAN00267,Le Anh Lan,dung267@fpt.edu.vn,0986527562,1988
FAN00268,Hoang Van Dung,vy268@fpt.edu.vn,0944533494,1991
FAN00269,Phan Tuan Dung,quan269@gmail.com,0976874984,1985
FAN00270,Le Xuan Linh,lan270@fpt.edu.vn,0928720521,1986
FAN00271,Le Xuan Nam,phong271@hotmail.com,0948702052,1998
FAN00272,Do Tuan Lan,quan272@gmail.com,0945476160,1989
FAN00273,Hoang Duc Vy,mai273@hotmail.com,0923401735,2008
FAN00274,Dang Hai Linh,lan274@yahoo.com,0916765540,2002
FAN00275,Do Quoc Dung,lan275@fpt.edu.vn,0988799520,1994
FAN00276,Hoang Quoc Phong,phong276@gmail.com,0972404967,2008
FAN00277,Pham Tuan Lan,mai277@hotmail.com,0927991131,2006
FAN00278,Pham Gia Lan,mai278@yahoo.com,0954775863,1998
FAN00279,Phan Gia Nam,quan279@fpt.edu.vn,0936592260,2000
FAN00280,Vu Gia Lan,vy280@fpt.edu.vn,0946702386,2005
FAN00281,Le Hai Bach,nam281@yahoo.com,0974428649,1992
FAN00282,Phan Xuan Dung,vy282@gmail.com,0956952270,2001
FAN00283,Nguyen Gia Nam,bach283@hotmail.com,0975897785,1998
FAN00284,Vu Minh Linh,mai284@fpt.edu.vn,0927552208,1993
FAN00285,Bui Gia Quan,mai285@hotmail.com,0999573077,2003
FAN00286,Le Minh Dung,quan286@yahoo.com,0940146320,2000
FAN00287,Phan Anh Quan,dung287@hotmail.com,0937318776,1990
FAN00288,Vu Xuan Bach,phong288@yahoo.com,0972970189,1998
FAN00289,Bui Gia Lan,nam289@gmail.com,0991945989,2008
FAN00290,Tran Xuan Nam,dung290@yahoo.com,0931871543,2003
FAN00291,Phan Duc Linh,hung291@yahoo.com,0944471187,2005
FAN00292,Bui Xuan Bach,mai292@gmail.com,0988810649,1990
FAN00293,Vu Duc Bach,bach293@yahoo.com,0984245069,2003
FAN00294,Bui Minh Dung,linh294@hotmail.com,0948331741,2004
FAN00295,Hoang Hai Bach,vy295@fpt.edu.vn,0974805998,1991
FAN00296,Do Minh Dung,dung296@yahoo.com,0924719916,2003
FAN00297,Vu Thi Vy,linh297@yahoo.com,0914135746,1986
FAN00298,Tran Van Lan,bach298@yahoo.com,0972683916,1988
FAN00299,Bui Minh Lan,bach299@gmail.com,0987874627,1994
FAN00300,Hoang Quoc Linh,phong300@gmail.com,0975400919,1996
FAN00301,Nguyen Duc Quan,dung301@yahoo.com,0926835197,1993
FAN00302,Dang Thi Nam,dung302@gmail.com,0963739618,2000
FAN00303,Pham Xuan Quan,nam303@hotmail.com,0915877830,1997
FAN00304,Dang Quoc Dung,nam304@fpt.edu.vn,0924746622,1988
FAN00305,Dang Tuan Quan,bach305@fpt.edu.vn,0988346441,1991
FAN00306,Do Thi Dung,hung306@yahoo.com,0994201758,2004
FAN00307,Dang Anh Bach,phong307@yahoo.com,0971442155,1991
FAN00308,Vu Tuan Nam,dung308@yahoo.com,0916138027,2007
FAN00309,Hoang Hai Hung,nam309@fpt.edu.vn,0943979959,2008
FAN00310,Hoang Minh Nam,mai310@yahoo.com,0969348982,1992
FAN00311,Do Van Hung,linh311@gmail.com,0998496946,1991
FAN00312,Vu Hai Bach,dung312@gmail.com,0968003542,1988
FAN00313,Bui Anh Phong,phong313@hotmail.com,0991263960,1998
FAN00314,Do Duc Nam,linh314@gmail.com,0910409322,2000
FAN00315,Do Minh Mai,phong315@hotmail.com,0953076909,1988
FAN00316,Nguyen Tuan Lan,phong316@hotmail.com,0997871660,2007
FAN00317,Phan Tuan Hung,lan317@fpt.edu.vn,0985046105,2004
FAN00318,Le Xuan Lan,dung318@hotmail.com,0971165986,1997
FAN00319,Le Minh Vy,bach319@yahoo.com,0947693025,1990
FAN00320,Bui Van Mai,dung320@gmail.com,0978750407,1994
FAN00321,Vu Thi Linh,phong321@yahoo.com,0966096318,1995
FAN00322,Do Xuan Mai,vy322@fpt.edu.vn,0995955216,2001
FAN00323,Bui Gia Phong,vy323@yahoo.com,0983379278,1988
FAN00324,Bui Gia Bach,quan324@fpt.edu.vn,0970962992,1989
FAN00325,Dang Thi Vy,phong325@gmail.com,0999298249,2001
FAN00326,Tran Duc Quan,mai326@hotmail.com,0982401500,1986
FAN00327,Bui Van Phong,linh327@gmail.com,0968449045,1991
FAN00328,Pham Xuan Lan,vy328@yahoo.com,0992179006,2001
FAN00329,Tran Thi Vy,quan329@yahoo.com,0945943367,2007
FAN00330,Pham Gia Hung,dung330@gmail.com,0977866245,1986
FAN00331,Pham Gia Quan,phong331@gmail.com,0937340969,1986
FAN00332,Vu Quoc Quan,phong332@hotmail.com,0976616647,1995
FAN00333,Tran Gia Nam,lan333@yahoo.com,0980562007,2005
FAN00334,Tran Duc Bach,hung334@gmail.com,0964037883,1997
FAN00335,Vu Anh Lan,lan335@hotmail.com,0982907507,1988
FAN00336,Vu Van Lan,lan336@yahoo.com,0973984267,2007
FAN00337,Dang Xuan Bach,nam337@hotmail.com,0917788663,1996
FAN00338,Hoang Xuan Phong,lan338@yahoo.com,0927629287,1993
FAN00339,Do Gia Quan,linh339@hotmail.com,0931469761,1989
FAN00340,Nguyen Hai Vy,phong340@yahoo.com,0975990538,2000
FAN00341,Phan Thi Mai,hung341@yahoo.com,0975086632,1992
FAN00342,Le Xuan Linh,lan342@gmail.com,0950110934,1986
FAN00343,Le Minh Quan,vy343@gmail.com,0982416918,1988
FAN00344,Hoang Quoc Mai,phong344@hotmail.com,0912315215,1997
FAN00345,Vu Quoc Phong,nam345@gmail.com,0974814587,2003
FAN00346,Tran Anh Linh,hung346@hotmail.com,0973070750,2005
FAN00347,Tran Thi Mai,lan347@fpt.edu.vn,0997377078,2006
FAN00348,Le Anh Phong,quan348@fpt.edu.vn,0932034584,2005
FAN00349,Phan Tuan Vy,mai349@yahoo.com,0919115360,2008
FAN00350,Vu Gia Nam,nam350@hotmail.com,0962663862,1995
FAN00351,Phan Minh Hung,dung351@yahoo.com,0936700563,1990
FAN00352,Nguyen Hai Linh,mai352@fpt.edu.vn,0924190593,2007
FAN00353,Do Duc Hung,lan353@gmail.com,0975979733,1988
FAN00354,Le Tuan Linh,linh354@gmail.com,0993485056,1987
FAN00355,Nguyen Thi Quan,nam355@fpt.edu.vn,0915702614,2001
FAN00356,Le Gia Lan,dung356@yahoo.com,0969719968,1989
FAN00357,Vu Hai Linh,phong357@hotmail.com,0933212596,2004
FAN00358,Pham Minh Linh,quan358@fpt.edu.vn,0941933556,1991
FAN00359,Nguyen Minh Lan,bach359@yahoo.com,0910042527,2002
FAN00360,Hoang Gia Phong,dung360@gmail.com,0920801638,1997
FAN00361,Nguyen Gia Vy,quan361@yahoo.com,0925504483,1998
FAN00362,Hoang Xuan Nam,lan362@gmail.com,0929029783,1999
FAN00363,Bui Thi Vy,mai363@yahoo.com,0953572663,1990
FAN00364,Hoang Duc Vy,phong364@yahoo.com,0923741627,2000
FAN00365,Le Quoc Vy,lan365@gmail.com,0957028091,2005
FAN00366,Phan Quoc Linh,dung366@yahoo.com,0911412796,1987
FAN00367,Le Duc Vy,nam367@hotmail.com,0925291994,1999
FAN00368,Tran Hai Nam,nam368@yahoo.com,0988645519,1997
FAN00369,Tran Gia Bach,hung369@fpt.edu.vn,0983196073,1991
FAN00370,Tran Hai Lan,mai370@hotmail.com,0985723653,2004
FAN00371,Pham Tuan Lan,quan371@hotmail.com,0923265532,2003
FAN00372,Tran Anh Lan,hung372@hotmail.com,0980242622,1995
FAN00373,Pham Tuan Nam,vy373@hotmail.com,0979159527,1986
FAN00374,Hoang Gia Lan,linh374@fpt.edu.vn,0995823930,1994
FAN00375,Le Anh Mai,quan375@yahoo.com,0985525268,1985
FAN00376,Do Thi Nam,linh376@yahoo.com,0913234439,1985
FAN00377,Bui Van Bach,dung377@yahoo.com,0958940843,1999
FAN00378,Pham Tuan Vy,lan378@gmail.com,0916110022,1995
FAN00379,Vu Tuan Mai,mai379@gmail.com,0966343695,1997
FAN00380,Phan Minh Phong,quan380@fpt.edu.vn,0912442780,1995
FAN00381,Phan Anh Nam,mai381@hotmail.com,0942747044,1996
FAN00382,Vu Hai Hung,lan382@fpt.edu.vn,0974938160,1987
FAN00383,Phan Anh Nam,phong383@hotmail.com,0974516699,2008
FAN00384,Hoang Van Nam,nam384@yahoo.com,0974547258,1987
FAN00385,Tran Van Vy,mai385@fpt.edu.vn,0985972065,1986
FAN00386,Bui Tuan Bach,vy386@gmail.com,0945282095,1987
FAN00387,Bui Quoc Phong,quan387@fpt.edu.vn,0936982656,2002
FAN00388,Phan Quoc Nam,vy388@gmail.com,0913266798,1988
FAN00389,Le Hai Mai,bach389@gmail.com,0955906835,1991
FAN00390,Le Thi Phong,bach390@fpt.edu.vn,0936237124,1998
FAN00391,Nguyen Duc Hung,lan391@hotmail.com,0956695292,2007
FAN00392,Tran Tuan Dung,bach392@hotmail.com,0986444810,1993
FAN00393,Phan Minh Vy,mai393@gmail.com,0954183749,1992
FAN00394,Pham Gia Bach,quan394@gmail.com,0924024832,2006
FAN00395,Nguyen Hai Lan,vy395@yahoo.com,0935164853,1999
FAN00396,Phan Anh Nam,bach396@hotmail.com,0979531421,2006
FAN00397,Dang Hai Quan,linh397@hotmail.com,0998885671,1994
FAN00398,Pham Quoc Mai,lan398@yahoo.com,0953150025,2007
FAN00399,Nguyen Anh Lan,nam399@fpt.edu.vn,0970734714,2000
FAN00400,Bui Thi Linh,mai400@yahoo.com,0926876859,1997
FAN00401,Phan Tuan Dung,dung401@hotmail.com,0920494642,2001
FAN00402,Dang Anh Nam,linh402@fpt.edu.vn,0972530769,2001
FAN00403,Hoang Minh Quan,phong403@fpt.edu.vn,0990759420,2001
FAN00404,Hoang Anh Quan,lan404@gmail.com,0919259236,2000
FAN00405,Tran Thi Dung,nam405@yahoo.com,0943162108,1986
FAN00406,Bui Thi Vy,mai406@fpt.edu.vn,0929517844,1997
FAN00407,Nguyen Anh Nam,quan407@yahoo.com,0926627870,1999
FAN00408,Bui Xuan Hung,lan408@yahoo.com,0964228311,2000
FAN00409,Pham Xuan Quan,mai409@fpt.edu.vn,0987743707,2003
FAN00410,Vu Xuan Dung,linh410@fpt.edu.vn,0914858191,1985
FAN00411,Tran Tuan Nam,phong411@yahoo.com,0982188179,2007
FAN00412,Bui Anh Lan,lan412@gmail.com,0993408272,2000
FAN00413,Hoang Van Lan,vy413@yahoo.com,0942751402,1987
FAN00414,Vu Duc Mai,hung414@yahoo.com,0957186864,2007
FAN00415,Do Van Dung,vy415@gmail.com,0978883156,1987
FAN00416,Nguyen Minh Dung,hung416@hotmail.com,0918097632,1990
FAN00417,Phan Anh Vy,dung417@yahoo.com,0911198435,1994
FAN00418,Hoang Quoc Bach,linh418@hotmail.com,0995039438,1995
FAN00419,Do Anh Quan,quan419@hotmail.com,0944899677,1996
FAN00420,Phan Minh Dung,vy420@gmail.com,0983402838,2007
FAN00421,Phan Xuan Phong,nam421@hotmail.com,0980050852,1998
FAN00422,Pham Duc Vy,linh422@gmail.com,0978800752,1992
FAN00423,Le Xuan Phong,hung423@fpt.edu.vn,0998564931,1985
FAN00424,Bui Thi Hung,bach424@hotmail.com,0953750773,1990
FAN00425,Dang Quoc Dung,bach425@gmail.com,0933307846,1993
FAN00426,Le Tuan Nam,mai426@hotmail.com,0920523547,2008
FAN00427,Bui Duc Lan,nam427@yahoo.com,0953517024,2008
FAN00428,Nguyen Duc Vy,dung428@hotmail.com,0983038831,1996
FAN00429,Pham Xuan Quan,vy429@yahoo.com,0921012963,2002
FAN00430,Phan Xuan Lan,nam430@yahoo.com,0947464192,1999
FAN00431,Pham Tuan Lan,phong431@fpt.edu.vn,0969596545,1991
FAN00432,Nguyen Quoc Mai,vy432@hotmail.com,0958746559,2005
FAN00433,Vu Thi Bach,hung433@gmail.com,0961906379,1992
FAN00434,Hoang Minh Phong,vy434@fpt.edu.vn,0991201727,2000
FAN00435,Dang Minh Quan,lan435@hotmail.com,0996203372,2000
FAN00436,Vu Minh Lan,bach436@fpt.edu.vn,0977323793,1990
FAN00437,Hoang Gia Bach,dung437@yahoo.com,0950298490,1995
FAN00438,Phan Anh Linh,lan438@hotmail.com,0930664416,1986
FAN00439,Nguyen Xuan Lan,bach439@fpt.edu.vn,0994874828,2005
FAN00440,Do Hai Lan,vy440@gmail.com,0977065128,1986
FAN00441,Dang Tuan Dung,vy441@gmail.com,0955727036,2001
FAN00442,Phan Gia Lan,lan442@fpt.edu.vn,0988858816,2007
FAN00443,Pham Hai Quan,lan443@hotmail.com,0958049845,2003
FAN00444,Tran Quoc Phong,nam444@yahoo.com,0945211354,2004
FAN00445,Vu Tuan Hung,bach445@fpt.edu.vn,0940765531,2001
FAN00446,Do Anh Bach,dung446@gmail.com,0930186145,2001
FAN00447,Tran Thi Hung,dung447@gmail.com,0921618170,1992
FAN00448,Bui Van Phong,lan448@gmail.com,0965786049,1991
FAN00449,Phan Tuan Lan,nam449@yahoo.com,0949409477,1993
FAN00450,Nguyen Duc Vy,bach450@gmail.com,0933933937,1987
FAN00451,Dang Tuan Lan,hung451@fpt.edu.vn,0947896708,1994
FAN00452,Dang Minh Lan,linh452@fpt.edu.vn,0997958164,1993
FAN00453,Pham Xuan Dung,dung453@fpt.edu.vn,0934220691,1990
FAN00454,Bui Anh Linh,phong454@gmail.com,0987712839,2002
FAN00455,Le Gia Linh,hung455@hotmail.com,0980957555,1995
FAN00456,Do Hai Bach,mai456@fpt.edu.vn,0984024843,2000
FAN00457,Le Quoc Dung,bach457@fpt.edu.vn,0987867900,2000
FAN00458,Tran Quoc Vy,linh458@fpt.edu.vn,0956158859,1993
FAN00459,Tran Thi Vy,nam459@fpt.edu.vn,0963197703,1990
FAN00460,Do Tuan Nam,bach460@hotmail.com,0993865828,1999
FAN00461,Do Thi Quan,dung461@fpt.edu.vn,0920732399,1985
FAN00462,Le Tuan Quan,mai462@gmail.com,0989200464,1986
FAN00463,Tran Hai Linh,mai463@gmail.com,0949571614,1996
FAN00464,Le Anh Dung,bach464@gmail.com,0936971737,1993
FAN00465,Pham Tuan Phong,linh465@hotmail.com,0964984648,2000
FAN00466,Vu Quoc Phong,nam466@yahoo.com,0918221124,2004
FAN00467,Bui Quoc Quan,quan467@hotmail.com,0956186921,1986
FAN00468,Dang Van Linh,mai468@gmail.com,0978917326,1987
FAN00469,Hoang Duc Lan,dung469@gmail.com,0931332275,2006
FAN00470,Nguyen Xuan Hung,dung470@fpt.edu.vn,0973520807,1994
FAN00471,Hoang Anh Quan,dung471@yahoo.com,0953635554,1991
FAN00472,Bui Hai Vy,lan472@hotmail.com,0911731568,1998
FAN00473,Bui Hai Vy,vy473@yahoo.com,0979811096,2008
FAN00474,Tran Anh Phong,lan474@hotmail.com,0963798530,1990
FAN00475,Hoang Tuan Hung,lan475@gmail.com,0974596208,1999
FAN00476,Nguyen Minh Phong,mai476@yahoo.com,0967296476,2008
FAN00477,Do Tuan Linh,bach477@gmail.com,0912276932,2004
FAN00478,Do Minh Lan,hung478@fpt.edu.vn,0986811596,1996
FAN00479,Bui Minh Phong,dung479@fpt.edu.vn,0947812521,2004
FAN00480,Tran Duc Phong,phong480@yahoo.com,0957929645,1991
FAN00481,Hoang Quoc Hung,phong481@gmail.com,0922681074,2003
FAN00482,Phan Minh Mai,quan482@gmail.com,0941911677,2000
FAN00483,Dang Hai Mai,nam483@yahoo.com,0944551310,1996
FAN00484,Do Thi Lan,phong484@yahoo.com,0960940011,2002
FAN00485,Phan Gia Quan,nam485@yahoo.com,0935834596,1988
FAN00486,Tran Duc Phong,bach486@yahoo.com,0987420776,2007
FAN00487,Le Van Linh,linh487@gmail.com,0980793660,1991
FAN00488,Do Hai Nam,hung488@fpt.edu.vn,0943151730,1995
FAN00489,Tran Quoc Hung,bach489@hotmail.com,0922238605,2005
FAN00490,Hoang Hai Nam,vy490@yahoo.com,0917025971,2008
FAN00491,Pham Gia Quan,hung491@fpt.edu.vn,0953555533,2007
FAN00492,Phan Thi Lan,vy492@gmail.com,0927632071,1987
FAN00493,Bui Duc Hung,linh493@fpt.edu.vn,0964413954,2000
FAN00494,Pham Xuan Hung,nam494@gmail.com,0970088420,2002
FAN00495,Le Duc Mai,mai495@fpt.edu.vn,0926773517,1997
FAN00496,Nguyen Quoc Mai,hung496@yahoo.com,0958501157,2002
FAN00497,Pham Quoc Quan,vy497@yahoo.com,0948181780,1986
FAN00498,Vu Anh Vy,mai498@hotmail.com,0968284280,1998
FAN00499,Tran Thi Linh,nam499@hotmail.com,0940512356,2001
FAN00500,Dang Quoc Linh,bach500@fpt.edu.vn,0994630772,1998
FAN00501,Hoang Duc Mai,mai501@gmail.com,0932292196,1995
FAN00502,Hoang Tuan Phong,quan502@gmail.com,0984052213,1985
FAN00503,Nguyen Tuan Bach,mai503@fpt.edu.vn,0963140408,1990
FAN00504,Le Duc Dung,nam504@gmail.com,0992945751,2002
FAN00505,Tran Van Lan,phong505@gmail.com,0976215374,2002
FAN00506,Phan Anh Linh,mai506@yahoo.com,0953753504,1985
FAN00507,Le Van Quan,linh507@yahoo.com,0937000855,2006
FAN00508,Bui Minh Linh,vy508@gmail.com,0944190062,1998
FAN00509,Do Quoc Linh,quan509@fpt.edu.vn,0920727703,1994
FAN00510,Do Gia Mai,vy510@fpt.edu.vn,0951243752,2002
FAN00511,Bui Tuan Vy,vy511@fpt.edu.vn,0936309628,2001
FAN00512,Tran Minh Bach,nam512@fpt.edu.vn,0959357644,2000
FAN00513,Vu Van Lan,nam513@gmail.com,0927078444,1994
FAN00514,Vu Xuan Hung,lan514@hotmail.com,0990639127,2006
FAN00515,Vu Gia Dung,quan515@fpt.edu.vn,0950592753,1985
FAN00516,Tran Tuan Nam,vy516@gmail.com,0989684155,2007
FAN00517,Nguyen Thi Mai,hung517@yahoo.com,0985079343,2000
FAN00518,Bui Anh Mai,lan518@gmail.com,0967210560,2005
FAN00519,Dang Thi Nam,quan519@fpt.edu.vn,0994094822,1986
FAN00520,Pham Thi Lan,vy520@fpt.edu.vn,0990096552,1987
FAN00521,Pham Minh Dung,nam521@fpt.edu.vn,0955907867,1990
FAN00522,Phan Minh Vy,nam522@yahoo.com,0982116012,1998
FAN00523,Pham Minh Lan,lan523@gmail.com,0974680251,1986
FAN00524,Phan Van Linh,phong524@fpt.edu.vn,0984192890,1985
FAN00525,Hoang Tuan Bach,bach525@hotmail.com,0918651760,1990
FAN00526,Vu Duc Lan,vy526@fpt.edu.vn,0986111944,1999
FAN00527,Nguyen Hai Mai,lan527@fpt.edu.vn,0978977189,1997
FAN00528,Vu Tuan Bach,hung528@gmail.com,0965620131,2001
FAN00529,Vu Thi Vy,dung529@hotmail.com,0972819305,1997
FAN00530,Le Minh Lan,dung530@hotmail.com,0970883440,2006
FAN00531,Tran Thi Bach,phong531@yahoo.com,0964899800,1997
FAN00532,Phan Anh Mai,hung532@fpt.edu.vn,0969049389,1999
FAN00533,Pham Xuan Phong,nam533@hotmail.com,0973891184,2008
FAN00534,Phan Hai Quan,vy534@yahoo.com,0954016707,1993
FAN00535,Le Tuan Linh,dung535@hotmail.com,0997372963,1995
FAN00536,Tran Quoc Vy,linh536@fpt.edu.vn,0915433915,1985
FAN00537,Tran Gia Nam,vy537@hotmail.com,0958001410,1998
FAN00538,Hoang Gia Hung,mai538@hotmail.com,0964184135,1999
FAN00539,Vu Thi Dung,phong539@fpt.edu.vn,0948194918,1986
FAN00540,Phan Gia Linh,mai540@hotmail.com,0934013753,1990
FAN00541,Le Hai Mai,vy541@fpt.edu.vn,0925426625,2006
FAN00542,Bui Thi Linh,mai542@gmail.com,0943768967,1992
FAN00543,Nguyen Xuan Hung,lan543@gmail.com,0963772504,2001
FAN00544,Tran Gia Mai,quan544@gmail.com,0927391330,1993
FAN00545,Bui Xuan Linh,dung545@yahoo.com,0976160175,1991
FAN00546,Bui Gia Linh,lan546@hotmail.com,0994089425,1986
FAN00547,Nguyen Minh Nam,mai547@yahoo.com,0944500471,1985
FAN00548,Phan Van Nam,bach548@gmail.com,0923340092,1992
FAN00549,Bui Van Vy,dung549@gmail.com,0941161418,2000
FAN00550,Do Tuan Lan,nam550@gmail.com,0970224138,1993
FAN00551,Le Minh Quan,phong551@hotmail.com,0985109981,2002
FAN00552,Phan Thi Hung,dung552@gmail.com,0926947871,1987
FAN00553,Tran Anh Mai,nam553@gmail.com,0970448452,2001
FAN00554,Tran Duc Lan,quan554@fpt.edu.vn,0943208353,1990
FAN00555,Dang Hai Bach,mai555@hotmail.com,0978853893,2000
FAN00556,Phan Hai Mai,phong556@hotmail.com,0992964096,2000
FAN00557,Bui Tuan Bach,bach557@fpt.edu.vn,0942635626,1990
FAN00558,Pham Gia Quan,quan558@hotmail.com,0933073707,2003
FAN00559,Dang Duc Lan,lan559@hotmail.com,0951716556,1987
FAN00560,Dang Hai Mai,bach560@fpt.edu.vn,0974776735,1999
FAN00561,Phan Anh Quan,lan561@gmail.com,0911040499,1989
FAN00562,Dang Anh Phong,vy562@gmail.com,0918104383,1999
FAN00563,Do Van Lan,nam563@fpt.edu.vn,0959546051,1998
FAN00564,Dang Van Linh,linh564@gmail.com,0934827651,1987
FAN00565,Hoang Tuan Nam,phong565@hotmail.com,0914604599,1987
FAN00566,Hoang Gia Lan,mai566@hotmail.com,0998168168,1999
FAN00567,Do Xuan Mai,dung567@hotmail.com,0954730197,2006
FAN00568,Dang Hai Nam,mai568@gmail.com,0970155656,1986
FAN00569,Vu Tuan Vy,mai569@fpt.edu.vn,0975112060,1998
FAN00570,Nguyen Quoc Bach,quan570@fpt.edu.vn,0987160862,2004
FAN00571,Le Gia Quan,mai571@gmail.com,0981708675,1990
FAN00572,Phan Anh Bach,hung572@gmail.com,0957119329,1993
FAN00573,Pham Thi Quan,linh573@gmail.com,0946162300,1986
FAN00574,Hoang Xuan Lan,lan574@yahoo.com,0943914182,1986
FAN00575,Vu Quoc Quan,hung575@fpt.edu.vn,0943919378,1986
FAN00576,Vu Duc Quan,lan576@fpt.edu.vn,0980719188,2002
FAN00577,Vu Quoc Mai,vy577@gmail.com,0910597196,1991
FAN00578,Pham Thi Mai,linh578@hotmail.com,0981302312,2007
FAN00579,Dang Gia Hung,linh579@fpt.edu.vn,0961985098,1999
FAN00580,Dang Hai Vy,mai580@gmail.com,0937469968,2006
FAN00581,Tran Minh Bach,linh581@hotmail.com,0955074143,1989
FAN00582,Do Quoc Nam,vy582@yahoo.com,0989051789,2002
FAN00583,Bui Quoc Dung,dung583@yahoo.com,0989056724,1996
FAN00584,Phan Duc Mai,nam584@gmail.com,0953592216,1993
FAN00585,Tran Quoc Lan,phong585@hotmail.com,0984260905,1986
FAN00586,Bui Thi Linh,vy586@fpt.edu.vn,0990158945,2000
FAN00587,Dang Minh Vy,vy587@fpt.edu.vn,0940170006,1998
FAN00588,Nguyen Hai Dung,dung588@gmail.com,0936916397,1996
FAN00589,Pham Hai Vy,mai589@hotmail.com,0927904116,1995
FAN00590,Bui Van Hung,hung590@fpt.edu.vn,0935967936,1987
FAN00591,Bui Van Hung,bach591@fpt.edu.vn,0942635314,1991
FAN00592,Tran Quoc Quan,phong592@yahoo.com,0970748404,1991
FAN00593,Phan Van Dung,hung593@yahoo.com,0979704126,1986
FAN00594,Nguyen Quoc Dung,bach594@hotmail.com,0977212268,2006
FAN00595,Dang Anh Hung,dung595@yahoo.com,0950189316,2006
FAN00596,Hoang Thi Vy,bach596@yahoo.com,0942024425,1993
FAN00597,Bui Minh Lan,lan597@hotmail.com,0971960411,1987
FAN00598,Phan Hai Dung,phong598@gmail.com,0955285591,2005
FAN00599,Le Gia Phong,nam599@hotmail.com,0992827330,2001
FAN00600,Dang Thi Dung,bach600@fpt.edu.vn,0995027887,2004
FAN00601,Nguyen Minh Dung,mai601@fpt.edu.vn,0982843189,1997
FAN00602,Tran Thi Vy,mai602@hotmail.com,0993743380,2000
FAN00603,Phan Minh Linh,dung603@yahoo.com,0987979718,2006
FAN00604,Nguyen Duc Lan,nam604@gmail.com,0980158584,1990
FAN00605,Dang Duc Quan,dung605@gmail.com,0966910675,1994
FAN00606,Hoang Anh Mai,linh606@yahoo.com,0913251311,2004
FAN00607,Nguyen Van Bach,hung607@fpt.edu.vn,0933353918,2004
FAN00608,Do Thi Mai,bach608@gmail.com,0944807597,1988
FAN00609,Nguyen Duc Hung,quan609@yahoo.com,0939103713,1988
FAN00610,Hoang Tuan Quan,linh610@yahoo.com,0912627291,1986
FAN00611,Do Thi Quan,nam611@fpt.edu.vn,0920008935,2004
FAN00612,Tran Hai Vy,phong612@yahoo.com,0915218129,2001
FAN00613,Do Quoc Linh,nam613@fpt.edu.vn,0942651028,1987
FAN00614,Do Duc Phong,lan614@yahoo.com,0967499263,1989
FAN00615,Tran Xuan Hung,mai615@fpt.edu.vn,0920019588,2007
FAN00616,Vu Hai Nam,mai616@hotmail.com,0944021072,1988
FAN00617,Le Quoc Mai,lan617@fpt.edu.vn,0934404049,1992
FAN00618,Dang Quoc Mai,nam618@hotmail.com,0985624558,1997
FAN00619,Le Quoc Mai,phong619@yahoo.com,0954650158,1989
FAN00620,Le Tuan Linh,nam620@gmail.com,0975051263,1998
FAN00621,Vu Quoc Hung,bach621@fpt.edu.vn,0952855112,1994
FAN00622,Phan Xuan Lan,phong622@hotmail.com,0948135941,2003
FAN00623,Phan Thi Linh,quan623@hotmail.com,0932332212,1994
FAN00624,Do Anh Lan,linh624@yahoo.com,0984251389,1993
FAN00625,Bui Gia Linh,quan625@gmail.com,0910864278,1986
FAN00626,Phan Xuan Nam,vy626@yahoo.com,0973566076,1986
FAN00627,Vu Xuan Hung,vy627@fpt.edu.vn,0997623806,1988
FAN00628,Pham Thi Bach,linh628@yahoo.com,0978449661,1996
FAN00629,Bui Van Lan,hung629@yahoo.com,0916335815,2007
FAN00630,Vu Duc Quan,hung630@yahoo.com,0980764198,2001
FAN00631,Pham Quoc Vy,phong631@fpt.edu.vn,0981689932,1998
FAN00632,Nguyen Thi Phong,vy632@gmail.com,0944359851,1992
FAN00633,Do Anh Bach,vy633@gmail.com,0997577741,2001
FAN00634,Vu Xuan Quan,linh634@hotmail.com,0910718315,1994
FAN00635,Hoang Quoc Nam,mai635@gmail.com,0976259629,2000
FAN00636,Le Van Linh,vy636@gmail.com,0935146502,2002
FAN00637,Le Tuan Mai,bach637@gmail.com,0987645462,2004
FAN00638,Bui Gia Bach,phong638@yahoo.com,0974345613,1999
FAN00639,Hoang Tuan Quan,bach639@yahoo.com,0913420810,1994
FAN00640,Phan Thi Hung,phong640@yahoo.com,0975339394,2002
FAN00641,Hoang Xuan Vy,quan641@gmail.com,0918162337,1996
FAN00642,Hoang Minh Phong,dung642@fpt.edu.vn,0997064162,2001
FAN00643,Do Van Phong,phong643@gmail.com,0975991823,2000
FAN00644,Bui Gia Nam,mai644@hotmail.com,0997923233,2006
FAN00645,Nguyen Xuan Dung,vy645@gmail.com,0948839232,2004
FAN00646,Bui Anh Phong,hung646@yahoo.com,0966951198,1996
FAN00647,Le Gia Linh,bach647@gmail.com,0953061186,2004
FAN00648,Dang Anh Hung,linh648@fpt.edu.vn,0975456652,2002
FAN00649,Tran Van Vy,vy649@gmail.com,0942860277,1986
FAN00650,Phan Tuan Phong,nam650@gmail.com,0912669024,1985
FAN00651,Pham Thi Quan,bach651@fpt.edu.vn,0930962917,1987
FAN00652,Pham Xuan Lan,mai652@gmail.com,0963964506,1996
FAN00653,Tran Duc Lan,nam653@yahoo.com,0929782455,2004
FAN00654,Hoang Minh Bach,lan654@hotmail.com,0911239091,1998
FAN00655,Hoang Hai Mai,mai655@hotmail.com,0958334553,1990
FAN00656,Hoang Tuan Bach,bach656@hotmail.com,0924345597,2004
FAN00657,Dang Anh Phong,linh657@gmail.com,0982014130,2002
FAN00658,Le Gia Phong,mai658@yahoo.com,0928638194,1991
FAN00659,Tran Xuan Phong,dung659@yahoo.com,0923198919,2007
FAN00660,Phan Duc Vy,linh660@fpt.edu.vn,0915658261,2001
FAN00661,Dang Duc Quan,linh661@hotmail.com,0917958005,2004
FAN00662,Nguyen Quoc Dung,nam662@yahoo.com,0952520457,1997
FAN00663,Pham Thi Hung,vy663@yahoo.com,0941637999,1990
FAN00664,Tran Thi Dung,phong664@gmail.com,0979649094,1990
FAN00665,Hoang Gia Quan,dung665@gmail.com,0949858020,1987
FAN00666,Vu Anh Phong,phong666@hotmail.com,0974985950,2001
FAN00667,Bui Duc Dung,nam667@hotmail.com,0971340577,1994
FAN00668,Dang Anh Phong,phong668@fpt.edu.vn,0980987015,2005
FAN00669,Phan Tuan Quan,linh669@gmail.com,0961860619,1992
FAN00670,Hoang Duc Linh,linh670@fpt.edu.vn,0941540902,1991
FAN00671,Tran Thi Bach,linh671@hotmail.com,0970210108,1996
FAN00672,Pham Van Nam,phong672@yahoo.com,0972634160,1986
FAN00673,Dang Duc Linh,dung673@yahoo.com,0920184781,1993
FAN00674,Pham Xuan Quan,bach674@yahoo.com,0965069745,1987
FAN00675,Do Minh Vy,lan675@fpt.edu.vn,0995103597,2004
FAN00676,Pham Van Linh,phong676@gmail.com,0945078013,1999
FAN00677,Phan Tuan Hung,bach677@fpt.edu.vn,0950926181,2006
FAN00678,Tran Duc Dung,linh678@hotmail.com,0953548754,1985
FAN00679,Tran Thi Phong,bach679@hotmail.com,0992228118,1992
FAN00680,Tran Gia Phong,linh680@gmail.com,0989955189,2008
FAN00681,Dang Hai Dung,quan681@hotmail.com,0943864736,1999
FAN00682,Bui Hai Vy,bach682@hotmail.com,0944105321,1991
FAN00683,Do Tuan Quan,lan683@gmail.com,0912900453,2001
FAN00684,Do Tuan Nam,vy684@hotmail.com,0951616562,1990
FAN00685,Nguyen Gia Nam,vy685@gmail.com,0941416639,2003
FAN00686,Phan Thi Bach,hung686@hotmail.com,0975851934,1999
FAN00687,Tran Gia Quan,linh687@yahoo.com,0910590150,2001
FAN00688,Phan Quoc Lan,quan688@yahoo.com,0940267767,2004
FAN00689,Le Duc Dung,phong689@gmail.com,0942387105,1994
FAN00690,Nguyen Thi Linh,nam690@fpt.edu.vn,0923698371,1991
FAN00691,Vu Duc Dung,lan691@hotmail.com,0946065862,1988
FAN00692,Bui Xuan Phong,hung692@gmail.com,0963516241,1993
FAN00693,Bui Tuan Linh,mai693@fpt.edu.vn,0995522426,2002
FAN00694,Vu Hai Dung,linh694@yahoo.com,0985103548,2005
FAN00695,Phan Minh Phong,lan695@fpt.edu.vn,0949391905,2006
FAN00696,Dang Van Nam,quan696@hotmail.com,0970600046,1987
FAN00697,Dang Anh Linh,linh697@gmail.com,0958354530,1999
FAN00698,Bui Tuan Lan,bach698@yahoo.com,0910282589,1997
FAN00699,Nguyen Gia Bach,vy699@gmail.com,0992380339,1990
FAN00700,Nguyen Xuan Mai,vy700@yahoo.com,0987702230,1998
FAN00701,Pham Hai Phong,mai701@yahoo.com,0954698593,2001
FAN00702,Dang Gia Vy,linh702@gmail.com,0928463596,1989
FAN00703,Tran Minh Nam,nam703@fpt.edu.vn,0951794356,1988
FAN00704,Vu Thi Quan,quan704@hotmail.com,0955362762,2003
FAN00705,Hoang Gia Mai,hung705@fpt.edu.vn,0946858050,1987
FAN00706,Pham Xuan Bach,dung706@hotmail.com,0957483169,1993
FAN00707,Le Minh Vy,bach707@fpt.edu.vn,0945633693,1991
FAN00708,Hoang Tuan Quan,lan708@fpt.edu.vn,0923046703,1987
FAN00709,Dang Thi Mai,bach709@fpt.edu.vn,0915852783,2002
FAN00710,Pham Gia Bach,lan710@gmail.com,0968387051,1998
FAN00711,Le Minh Nam,dung711@fpt.edu.vn,0959815204,1997
FAN00712,Dang Anh Vy,quan712@gmail.com,0953828730,1998
FAN00713,Tran Van Quan,lan713@gmail.com,0971800964,2006
FAN00714,Phan Quoc Lan,quan714@yahoo.com,0937714628,1992
FAN00715,Bui Anh Mai,dung715@yahoo.com,0951083371,1998
FAN00716,Dang Quoc Linh,linh716@yahoo.com,0968802134,2003
FAN00717,Bui Gia Bach,hung717@gmail.com,0999288908,2001
FAN00718,Hoang Anh Vy,nam718@hotmail.com,0925789225,1996
FAN00719,Do Quoc Bach,vy719@gmail.com,0938207259,1989
FAN00720,Le Thi Lan,nam720@hotmail.com,0946764610,1991
FAN00721,Le Xuan Bach,hung721@yahoo.com,0930491982,1995
FAN00722,Pham Quoc Dung,nam722@hotmail.com,0939857186,2001
FAN00723,Nguyen Hai Dung,phong723@hotmail.com,0999724306,2008
FAN00724,Le Tuan Linh,vy724@yahoo.com,0949212239,1986
FAN00725,Hoang Quoc Quan,phong725@gmail.com,0948431908,1998
FAN00726,Pham Gia Lan,vy726@yahoo.com,0940813422,1990
FAN00727,Vu Quoc Vy,hung727@fpt.edu.vn,0962545690,1991
FAN00728,Tran Hai Lan,linh728@gmail.com,0969530068,1999
FAN00729,Vu Tuan Nam,quan729@fpt.edu.vn,0932664900,2007
FAN00730,Nguyen Anh Phong,quan730@fpt.edu.vn,0918276475,2003
FAN00731,Hoang Duc Quan,bach731@fpt.edu.vn,0982982659,2003
FAN00732,Phan Hai Hung,hung732@hotmail.com,0973879052,2004
FAN00733,Vu Minh Quan,lan733@hotmail.com,0970220676,2001
FAN00734,Do Tuan Quan,dung734@fpt.edu.vn,0996627736,2002
FAN00735,Le Xuan Quan,vy735@gmail.com,0985748700,1989
FAN00736,Bui Thi Hung,vy736@fpt.edu.vn,0924393778,2000
FAN00737,Vu Gia Lan,dung737@hotmail.com,0963113505,1995
FAN00738,Bui Gia Quan,vy738@gmail.com,0931046553,1990
FAN00739,Vu Anh Nam,linh739@gmail.com,0946787873,2006
FAN00740,Tran Thi Mai,quan740@yahoo.com,0920692889,2006
FAN00741,Dang Tuan Quan,lan741@fpt.edu.vn,0910660330,1988
FAN00742,Bui Anh Phong,linh742@hotmail.com,0926675582,1999
FAN00743,Nguyen Gia Linh,hung743@gmail.com,0944856125,1996
FAN00744,Nguyen Quoc Phong,vy744@gmail.com,0948129887,1997
FAN00745,Do Hai Linh,phong745@hotmail.com,0952674415,1990
FAN00746,Vu Quoc Quan,quan746@hotmail.com,0919157465,1995
FAN00747,Phan Tuan Hung,bach747@gmail.com,0992861634,1986
FAN00748,Dang Xuan Vy,nam748@hotmail.com,0995361090,1987
FAN00749,Dang Duc Mai,vy749@gmail.com,0980532987,2007
FAN00750,Nguyen Duc Hung,hung750@hotmail.com,0963624767,1991
FAN00751,Do Duc Nam,phong751@yahoo.com,0930171064,2005
FAN00752,Le Thi Linh,vy752@hotmail.com,0921948654,1995
FAN00753,Tran Quoc Quan,dung753@fpt.edu.vn,0958749677,2003
FAN00754,Vu Anh Dung,mai754@fpt.edu.vn,0946868866,1991
FAN00755,Do Quoc Lan,dung755@fpt.edu.vn,0960945141,1993
FAN00756,Nguyen Anh Bach,mai756@yahoo.com,0972750943,2007
FAN00757,Le Tuan Phong,dung757@hotmail.com,0929679610,1988
FAN00758,Hoang Hai Nam,linh758@gmail.com,0967145424,2001
FAN00759,Do Quoc Phong,phong759@yahoo.com,0915274854,2002
FAN00760,Vu Minh Hung,linh760@fpt.edu.vn,0968187772,2003
FAN00761,Hoang Minh Dung,linh761@gmail.com,0911536726,2006
FAN00762,Nguyen Thi Vy,vy762@hotmail.com,0971972846,2007
FAN00763,Phan Tuan Vy,quan763@yahoo.com,0918457911,2001
FAN00764,Nguyen Gia Dung,quan764@yahoo.com,0962725070,1986
FAN00765,Le Van Bach,quan765@yahoo.com,0983677200,1998
FAN00766,Bui Quoc Hung,nam766@hotmail.com,0910501487,2008
FAN00767,Do Xuan Bach,linh767@hotmail.com,0970515394,1986
FAN00768,Vu Thi Vy,phong768@gmail.com,0960792330,2001
FAN00769,Bui Quoc Lan,hung769@hotmail.com,0938519441,2005
FAN00770,Dang Gia Vy,dung770@hotmail.com,0981173299,1988
FAN00771,Hoang Thi Hung,vy771@yahoo.com,0962145238,1995
FAN00772,Le Hai Linh,phong772@fpt.edu.vn,0990113523,1986
FAN00773,Dang Gia Lan,mai773@hotmail.com,0950252865,2007
FAN00774,Bui Van Nam,vy774@fpt.edu.vn,0938423111,1993
FAN00775,Nguyen Hai Linh,dung775@fpt.edu.vn,0992675417,2007
FAN00776,Bui Hai Linh,phong776@yahoo.com,0989086380,1993
FAN00777,Vu Anh Nam,mai777@gmail.com,0959516253,1990
FAN00778,Nguyen Gia Lan,phong778@gmail.com,0996169004,1989
FAN00779,Do Gia Lan,phong779@gmail.com,0966263538,2008
FAN00780,Le Gia Dung,quan780@fpt.edu.vn,0997385223,1990
FAN00781,Dang Xuan Quan,quan781@hotmail.com,0919455200,1985
FAN00782,Nguyen Thi Lan,vy782@yahoo.com,0945534747,1993
FAN00783,Do Minh Hung,linh783@yahoo.com,0918943715,1985
FAN00784,Bui Anh Linh,hung784@gmail.com,0955449333,1991
FAN00785,Dang Tuan Bach,bach785@hotmail.com,0918715613,2004
FAN00786,Vu Hai Lan,vy786@hotmail.com,0951620556,1995
FAN00787,Hoang Van Quan,nam787@fpt.edu.vn,0972854964,1998
FAN00788,Bui Xuan Linh,bach788@gmail.com,0938517631,1989
FAN00789,Pham Gia Nam,vy789@gmail.com,0987612780,1995
FAN00790,Nguyen Van Hung,dung790@hotmail.com,0996548964,2003
FAN00791,Vu Xuan Mai,phong791@hotmail.com,0921141443,2003
FAN00792,Bui Xuan Mai,lan792@gmail.com,0990479324,2002
FAN00793,Do Xuan Mai,quan793@hotmail.com,0989363018,1995
FAN00794,Phan Minh Mai,quan794@fpt.edu.vn,0933082927,1998
FAN00795,Hoang Anh Linh,linh795@gmail.com,0952524461,1999
FAN00796,Bui Xuan Bach,mai796@fpt.edu.vn,0916163178,1991
FAN00797,Bui Tuan Lan,quan797@yahoo.com,0926620648,1999
FAN00798,Bui Gia Lan,bach798@yahoo.com,0920034825,1993
FAN00799,Hoang Gia Linh,bach799@hotmail.com,0972789819,1997
FAN00800,Do Anh Lan,phong800@fpt.edu.vn,0934460704,1997
FAN00801,Nguyen Duc Nam,bach801@gmail.com,0993830339,1989
FAN00802,Phan Minh Lan,vy802@gmail.com,0940761622,2003
FAN00803,Nguyen Xuan Vy,vy803@gmail.com,0930859864,1995
FAN00804,Pham Hai Lan,mai804@hotmail.com,0984211554,1994
FAN00805,Dang Thi Lan,nam805@hotmail.com,0987992089,2000
FAN00806,Dang Gia Linh,lan806@fpt.edu.vn,0978847698,1996
FAN00807,Vu Hai Phong,hung807@hotmail.com,0927924886,2001
FAN00808,Hoang Anh Hung,nam808@hotmail.com,0942749718,2005
FAN00809,Hoang Minh Nam,quan809@hotmail.com,0958296211,1990
FAN00810,Le Van Mai,bach810@hotmail.com,0985251775,1986
FAN00811,Phan Anh Mai,dung811@hotmail.com,0949503940,1992
FAN00812,Dang Gia Lan,quan812@yahoo.com,0952993139,2005
FAN00813,Do Duc Phong,vy813@yahoo.com,0982259275,2005
FAN00814,Phan Minh Dung,nam814@hotmail.com,0971306129,2007
FAN00815,Do Hai Linh,quan815@fpt.edu.vn,0963561094,1985
FAN00816,Le Duc Nam,hung816@gmail.com,0924386591,1994
FAN00817,Pham Minh Hung,phong817@hotmail.com,0980596104,2001
FAN00818,Nguyen Anh Linh,lan818@gmail.com,0976054787,2002
FAN00819,Bui Tuan Vy,nam819@hotmail.com,0920338958,2008
FAN00820,Phan Van Phong,quan820@yahoo.com,0984726047,1997
FAN00821,Nguyen Tuan Nam,vy821@hotmail.com,0935144936,2003
FAN00822,Bui Quoc Linh,phong822@hotmail.com,0948306815,1989
FAN00823,Le Gia Mai,bach823@yahoo.com,0951525980,2000
FAN00824,Le Van Vy,dung824@fpt.edu.vn,0931265135,2000
FAN00825,Phan Hai Lan,phong825@yahoo.com,0989315737,1994
FAN00826,Le Hai Bach,quan826@yahoo.com,0940776290,1999
FAN00827,Hoang Thi Dung,dung827@yahoo.com,0924583682,1992
FAN00828,Do Hai Dung,dung828@fpt.edu.vn,0973603925,1991
FAN00829,Dang Duc Bach,linh829@fpt.edu.vn,0933672602,2005
FAN00830,Le Van Lan,dung830@hotmail.com,0946072399,1994
FAN00831,Le Anh Vy,bach831@yahoo.com,0996164098,1993
FAN00832,Dang Hai Vy,nam832@yahoo.com,0972496855,1993
FAN00833,Nguyen Minh Linh,vy833@gmail.com,0960962908,2005
FAN00834,Le Van Bach,lan834@yahoo.com,0969137958,1995
FAN00835,Tran Hai Vy,bach835@hotmail.com,0996917744,1996
FAN00836,Le Anh Hung,nam836@hotmail.com,0997959863,1988
FAN00837,Hoang Minh Nam,quan837@fpt.edu.vn,0938047184,2000
FAN00838,Tran Van Bach,bach838@fpt.edu.vn,0946549019,1987
FAN00839,Le Duc Bach,phong839@fpt.edu.vn,0982320435,2002
FAN00840,Tran Xuan Dung,dung840@gmail.com,0928855803,2003
FAN00841,Tran Xuan Linh,nam841@yahoo.com,0967475780,2004
FAN00842,Hoang Thi Dung,dung842@fpt.edu.vn,0928293098,1991
FAN00843,Hoang Quoc Quan,hung843@yahoo.com,0979894537,1985
FAN00844,Do Van Dung,mai844@gmail.com,0976408601,1988
FAN00845,Bui Tuan Dung,vy845@gmail.com,0941007409,1998
FAN00846,Pham Thi Mai,nam846@fpt.edu.vn,0991420092,1989
FAN00847,Tran Xuan Hung,mai847@yahoo.com,0979350686,2006
FAN00848,Dang Thi Linh,dung848@hotmail.com,0962226908,1986
FAN00849,Vu Tuan Dung,nam849@gmail.com,0958960893,2007
FAN00850,Pham Minh Hung,dung850@gmail.com,0972916167,2006
FAN00851,Pham Hai Phong,vy851@yahoo.com,0920343037,1985
FAN00852,Vu Minh Dung,lan852@gmail.com,0965397968,2003
FAN00853,Hoang Van Nam,bach853@fpt.edu.vn,0942250660,2008
FAN00854,Vu Hai Hung,vy854@yahoo.com,0993289381,1985
FAN00855,Pham Thi Dung,vy855@fpt.edu.vn,0911223698,2004
FAN00856,Nguyen Xuan Dung,quan856@fpt.edu.vn,0961807707,1998
FAN00857,Phan Van Vy,phong857@fpt.edu.vn,0929111988,1993
FAN00858,Phan Hai Phong,mai858@gmail.com,0916889243,2004
FAN00859,Nguyen Duc Lan,bach859@hotmail.com,0963313996,1995
FAN00860,Bui Hai Dung,mai860@fpt.edu.vn,0992653851,2000
FAN00861,Le Tuan Phong,nam861@hotmail.com,0980397312,1987
FAN00862,Hoang Anh Hung,lan862@yahoo.com,0948486006,1996
FAN00863,Do Xuan Bach,lan863@fpt.edu.vn,0946580668,1997
FAN00864,Vu Minh Dung,quan864@fpt.edu.vn,0981643598,1995
FAN00865,Phan Hai Linh,quan865@gmail.com,0954293088,2001
FAN00866,Dang Gia Bach,dung866@fpt.edu.vn,0962079163,1991
FAN00867,Do Van Lan,bach867@fpt.edu.vn,0946934135,1986
FAN00868,Bui Minh Dung,vy868@hotmail.com,0986874982,1996
FAN00869,Bui Van Quan,nam869@hotmail.com,0990133135,2003
FAN00870,Vu Anh Dung,vy870@fpt.edu.vn,0995737707,1988
FAN00871,Bui Tuan Bach,vy871@yahoo.com,0935600602,1996
FAN00872,Tran Xuan Quan,hung872@hotmail.com,0977914561,1997
FAN00873,Nguyen Hai Hung,phong873@hotmail.com,0977699065,1988
FAN00874,Hoang Tuan Bach,dung874@yahoo.com,0934683024,1996
FAN00875,Tran Hai Linh,phong875@yahoo.com,0978682170,1986
FAN00876,Do Thi Phong,vy876@hotmail.com,0986317706,1986
FAN00877,Le Gia Bach,dung877@gmail.com,0944473476,1988
FAN00878,Tran Van Bach,linh878@yahoo.com,0988864295,1991
FAN00879,Vu Minh Phong,vy879@hotmail.com,0914305217,2007
FAN00880,Hoang Van Bach,mai880@yahoo.com,0969032230,1991
FAN00881,Le Quoc Hung,vy881@gmail.com,0978204173,1990
FAN00882,Bui Tuan Lan,mai882@hotmail.com,0964005497,2006
FAN00883,Phan Quoc Quan,phong883@hotmail.com,0981189465,1998
FAN00884,Le Van Lan,quan884@yahoo.com,0960986357,2004
FAN00885,Phan Gia Hung,hung885@gmail.com,0996151425,1993
FAN00886,Bui Xuan Dung,quan886@hotmail.com,0984026490,2006
FAN00887,Hoang Thi Quan,phong887@gmail.com,0921057762,1998
FAN00888,Pham Xuan Bach,mai888@gmail.com,0985647080,1999
FAN00889,Pham Anh Hung,vy889@fpt.edu.vn,0978375387,2004
FAN00890,Pham Xuan Linh,linh890@fpt.edu.vn,0916863640,1994
FAN00891,Le Hai Dung,bach891@hotmail.com,0933406954,2003
FAN00892,Nguyen Anh Hung,quan892@hotmail.com,0966516055,2004
FAN00893,Hoang Hai Bach,linh893@hotmail.com,0996090996,1988
FAN00894,Hoang Hai Dung,vy894@fpt.edu.vn,0939309280,1997
FAN00895,Phan Thi Phong,vy895@hotmail.com,0948093453,1992
FAN00896,Hoang Hai Bach,lan896@gmail.com,0930661316,2007
FAN00897,Tran Anh Nam,vy897@yahoo.com,0917390856,1990
FAN00898,Hoang Quoc Mai,mai898@yahoo.com,0934261676,2001
FAN00899,Nguyen Minh Vy,linh899@yahoo.com,0953415310,1992
FAN00900,Do Duc Dung,dung900@fpt.edu.vn,0941586336,1999
FAN00901,Tran Tuan Vy,nam901@hotmail.com,0979943816,2000
FAN00902,Phan Gia Quan,lan902@hotmail.com,0973679906,1993
FAN00903,Pham Anh Dung,dung903@fpt.edu.vn,0947543423,1999
FAN00904,Bui Xuan Quan,dung904@gmail.com,0954877774,1991
FAN00905,Vu Van Linh,nam905@yahoo.com,0941884501,2003
FAN00906,Bui Xuan Bach,vy906@gmail.com,0992921352,1985
FAN00907,Dang Hai Hung,nam907@yahoo.com,0939912442,1988
FAN00908,Phan Xuan Bach,bach908@fpt.edu.vn,0910811628,1993
FAN00909,Vu Minh Vy,dung909@hotmail.com,0990991069,1992
FAN00910,Pham Quoc Vy,vy910@yahoo.com,0916108506,1988
FAN00911,Tran Quoc Hung,quan911@hotmail.com,0921195991,1997
FAN00912,Vu Gia Dung,mai912@hotmail.com,0975585563,2006
FAN00913,Vu Anh Dung,dung913@fpt.edu.vn,0989066226,1990
FAN00914,Tran Gia Mai,dung914@fpt.edu.vn,0915038487,2001
FAN00915,Bui Tuan Nam,phong915@yahoo.com,0956391419,1987
FAN00916,Bui Tuan Vy,quan916@yahoo.com,0979671180,1995
FAN00917,Bui Duc Linh,linh917@yahoo.com,0963979384,1999
FAN00918,Do Hai Hung,mai918@hotmail.com,0956304287,2001
FAN00919,Bui Xuan Hung,phong919@yahoo.com,0936174649,1990
FAN00920,Phan Hai Linh,phong920@fpt.edu.vn,0999164803,1994
FAN00921,Bui Gia Linh,quan921@fpt.edu.vn,0915795925,1994
FAN00922,Le Minh Hung,lan922@hotmail.com,0947656625,1995
FAN00923,Bui Xuan Hung,lan923@yahoo.com,0975921350,1986
FAN00924,Le Duc Hung,lan924@hotmail.com,0996973536,1988
FAN00925,Bui Tuan Bach,vy925@fpt.edu.vn,0977786268,1995
FAN00926,Do Minh Vy,quan926@fpt.edu.vn,0976228226,2006
FAN00927,Tran Duc Bach,dung927@fpt.edu.vn,0988602558,1997
FAN00928,Bui Van Dung,phong928@hotmail.com,0923484337,1985
FAN00929,Tran Thi Vy,nam929@yahoo.com,0958342184,2005
FAN00930,Le Quoc Nam,hung930@hotmail.com,0919790180,2000
FAN00931,Do Hai Vy,bach931@yahoo.com,0919311243,2004
FAN00932,Tran Tuan Phong,bach932@hotmail.com,0929916024,1988
FAN00933,Hoang Quoc Lan,hung933@fpt.edu.vn,0956053500,2005
FAN00934,Do Thi Linh,linh934@fpt.edu.vn,0966382410,1994
FAN00935,Nguyen Van Linh,lan935@gmail.com,0938071466,1990
FAN00936,Le Hai Vy,phong936@fpt.edu.vn,0930693630,2007
FAN00937,Bui Minh Vy,phong937@fpt.edu.vn,0923797718,1989
FAN00938,Tran Hai Linh,vy938@hotmail.com,0959882635,1986
FAN00939,Hoang Gia Quan,vy939@gmail.com,0948999247,2004
FAN00940,Bui Tuan Phong,hung940@hotmail.com,0927636237,2007
FAN00941,Tran Quoc Bach,lan941@gmail.com,0971198360,2000
FAN00942,Vu Tuan Bach,linh942@fpt.edu.vn,0921201259,2000
FAN00943,Phan Xuan Mai,hung943@gmail.com,0961290132,1988
FAN00944,Dang Tuan Vy,bach944@hotmail.com,0951036797,1993
FAN00945,Phan Thi Linh,hung945@yahoo.com,0918207913,1991
FAN00946,Vu Gia Linh,mai946@yahoo.com,0990077816,1987
FAN00947,Tran Hai Vy,nam947@yahoo.com,0915850065,1988
FAN00948,Pham Thi Mai,nam948@fpt.edu.vn,0948299980,1990
FAN00949,Le Tuan Nam,bach949@yahoo.com,0953911368,1989
FAN00950,Hoang Thi Nam,mai950@hotmail.com,0912559291,1988
FAN00951,Nguyen Duc Vy,vy951@gmail.com,0970686959,1994
FAN00952,Hoang Gia Vy,hung952@gmail.com,0992070174,1990
FAN00953,Dang Quoc Mai,linh953@fpt.edu.vn,0933198621,2002
FAN00954,Le Hai Hung,bach954@hotmail.com,0928390270,1993
FAN00955,Tran Duc Phong,lan955@gmail.com,0944188741,1991
FAN00956,Nguyen Van Nam,hung956@fpt.edu.vn,0935203573,2001
FAN00957,Bui Quoc Bach,vy957@hotmail.com,0969234561,1995
FAN00958,Do Hai Dung,vy958@fpt.edu.vn,0955540304,1997
FAN00959,Tran Duc Hung,mai959@hotmail.com,0946535671,2005
FAN00960,Hoang Van Quan,hung960@gmail.com,0955219744,1991
FAN00961,Le Hai Vy,bach961@fpt.edu.vn,0949812285,2002
FAN00962,Vu Xuan Linh,dung962@yahoo.com,0919782236,1985
FAN00963,Vu Xuan Vy,mai963@hotmail.com,0972427993,1999
FAN00964,Pham Xuan Linh,vy964@yahoo.com,0994355370,1993
FAN00965,Tran Minh Linh,hung965@yahoo.com,0949260252,1996
FAN00966,Dang Anh Hung,linh966@gmail.com,0924024344,1986
FAN00967,Le Hai Lan,bach967@fpt.edu.vn,0956050579,1999
FAN00968,Pham Gia Linh,mai968@yahoo.com,0949887735,1987
FAN00969,Dang Minh Hung,phong969@gmail.com,0944188361,2008
FAN00970,Vu Hai Linh,vy970@hotmail.com,0961847245,1997
FAN00971,Vu Minh Linh,dung971@yahoo.com,0918550771,1989
FAN00972,Hoang Van Dung,mai972@yahoo.com,0963231748,1996
FAN00973,Pham Tuan Mai,mai973@fpt.edu.vn,0981707415,1996
FAN00974,Nguyen Anh Linh,phong974@yahoo.com,0942392471,1992
FAN00975,Phan Hai Nam,bach975@yahoo.com,0915577389,2001
FAN00976,Vu Tuan Phong,hung976@gmail.com,0991442761,1992
FAN00977,Pham Duc Nam,mai977@fpt.edu.vn,0959696476,2007
FAN00978,Do Thi Phong,mai978@yahoo.com,0976705568,1998
FAN00979,Pham Xuan Phong,quan979@hotmail.com,0920402867,1993
FAN00980,Le Anh Linh,hung980@hotmail.com,0977510425,1995
FAN00981,Phan Thi Mai,dung981@yahoo.com,0981040069,1993
FAN00982,Pham Quoc Quan,dung982@gmail.com,0936091056,1996
FAN00983,Bui Gia Vy,nam983@hotmail.com,0976215066,1999
FAN00984,Phan Van Lan,bach984@fpt.edu.vn,0957164332,2006
FAN00985,Do Xuan Vy,bach985@gmail.com,0918268579,1987
FAN00986,Tran Thi Vy,dung986@hotmail.com,0913892449,1996
FAN00987,Le Gia Phong,vy987@yahoo.com,0915863434,2002
FAN00988,Le Thi Hung,linh988@gmail.com,0915383569,2001
FAN00989,Dang Tuan Bach,vy989@gmail.com,0985234781,2000
FAN00990,Hoang Hai Quan,mai990@hotmail.com,0972936781,2005
FAN00991,Pham Tuan Lan,vy991@yahoo.com,0918160930,1986
FAN00992,Do Anh Hung,quan992@yahoo.com,0940877002,2002
FAN00993,Vu Thi Quan,hung993@yahoo.com,0930673106,1989
FAN00994,Dang Duc Lan,dung994@fpt.edu.vn,0984293109,2006
FAN00995,Le Tuan Linh,dung995@gmail.com,0957745694,2007
FAN00996,Nguyen Thi Vy,mai996@yahoo.com,0957531282,2007
FAN00997,Phan Thi Lan,dung997@yahoo.com,0983256497,1991
FAN00998,Nguyen Gia Mai,mai998@yahoo.com,0938814377,1994
FAN00999,Vu Minh Lan,quan999@hotmail.com,0929031587,1993
FAN01000,Nguyen Van Dung,linh1000@hotmail.com,0932711429,1996
FAN01001,Do Thi Nam,nam1001@fpt.edu.vn,0942054857,2002
FAN01002,Pham Anh Mai,quan1002@fpt.edu.vn,0915382192,1999
FAN01003,Vu Minh Vy,hung1003@hotmail.com,0964719746,1985
FAN01004,Phan Minh Nam,nam1004@gmail.com,0985357757,2005
FAN01005,Hoang Tuan Linh,dung1005@gmail.com,0914962771,1989
FAN01006,Dang Hai Linh,vy1006@fpt.edu.vn,0982526756,2000
FAN01007,Dang Gia Dung,dung1007@fpt.edu.vn,0947728256,2004
FAN01008,Nguyen Minh Nam,vy1008@yahoo.com,0978417240,2003
FAN01009,Vu Quoc Phong,mai1009@fpt.edu.vn,0997761989,2000
FAN01010,Vu Anh Hung,linh1010@yahoo.com,0982776778,1999
FAN01011,Le Tuan Phong,linh1011@yahoo.com,0924291815,2002
FAN01012,Le Xuan Dung,mai1012@gmail.com,0940049563,1992
FAN01013,Bui Quoc Hung,linh1013@yahoo.com,0975490573,1994
FAN01014,Vu Minh Lan,lan1014@yahoo.com,0953929845,1993
FAN01015,Hoang Quoc Mai,bach1015@fpt.edu.vn,0998154182,1991
FAN01016,Do Minh Quan,quan1016@gmail.com,0990646099,2000
FAN01017,Vu Xuan Quan,mai1017@yahoo.com,0910448806,1990
FAN01018,Hoang Thi Phong,bach1018@hotmail.com,0946260439,2003
FAN01019,Vu Tuan Bach,nam1019@hotmail.com,0970708343,1988
FAN01020,Vu Tuan Phong,quan1020@hotmail.com,0978497485,1996
FAN01021,Vu Duc Vy,mai1021@gmail.com,0989739968,2001
FAN01022,Bui Xuan Hung,vy1022@gmail.com,0953782978,1995
FAN01023,Nguyen Quoc Nam,hung1023@yahoo.com,0938889586,2006
FAN01024,Phan Quoc Lan,quan1024@hotmail.com,0996281060,1986
FAN01025,Bui Hai Bach,phong1025@hotmail.com,0922150603,1994
FAN01026,Do Hai Linh,lan1026@yahoo.com,0985349104,1988
FAN01027,Vu Van Phong,bach1027@fpt.edu.vn,0916142841,1995
FAN01028,Le Quoc Linh,dung1028@fpt.edu.vn,0989367907,1999
FAN01029,Dang Gia Dung,bach1029@fpt.edu.vn,0962349772,1999
FAN01030,Pham Thi Nam,vy1030@gmail.com,0930925787,1993
FAN01031,Dang Xuan Phong,quan1031@gmail.com,0953527546,2006
FAN01032,Nguyen Minh Hung,quan1032@hotmail.com,0918472883,1995
FAN01033,Dang Minh Hung,lan1033@hotmail.com,0996821489,2006
FAN01034,Tran Xuan Hung,phong1034@yahoo.com,0960689870,1989
FAN01035,Vu Anh Bach,quan1035@yahoo.com,0984861257,1995
FAN01036,Vu Xuan Hung,phong1036@yahoo.com,0960686770,1989
FAN01037,Phan Quoc Quan,phong1037@hotmail.com,0980038491,1988
FAN01038,Do Van Dung,dung1038@fpt.edu.vn,0916600068,2000
FAN01039,Bui Minh Dung,dung1039@fpt.edu.vn,0966426245,1993
FAN01040,Pham Xuan Bach,quan1040@gmail.com,0963157938,1999
FAN01041,Phan Minh Nam,linh1041@hotmail.com,0912769254,2000
FAN01042,Tran Minh Bach,linh1042@yahoo.com,0957537168,2002
FAN01043,Bui Tuan Dung,mai1043@yahoo.com,0997406557,1990
FAN01044,Bui Tuan Phong,nam1044@yahoo.com,0997485681,2001
FAN01045,Do Van Hung,phong1045@fpt.edu.vn,0972886695,1994
FAN01046,Tran Gia Lan,bach1046@hotmail.com,0999128977,1991
FAN01047,Nguyen Hai Hung,nam1047@hotmail.com,0982488696,1991
FAN01048,Do Thi Linh,mai1048@gmail.com,0912942816,2002
FAN01049,Vu Hai Linh,vy1049@fpt.edu.vn,0987484094,2000
FAN01050,Nguyen Duc Dung,phong1050@fpt.edu.vn,0943990071,1989
FAN01051,Do Xuan Nam,mai1051@yahoo.com,0920197055,1996
FAN01052,Do Quoc Quan,vy1052@yahoo.com,0986115653,1990
FAN01053,Dang Anh Hung,linh1053@yahoo.com,0993034203,1992
FAN01054,Dang Van Linh,mai1054@hotmail.com,0985092783,1995
FAN01055,Vu Tuan Phong,vy1055@hotmail.com,0997273361,2003
FAN01056,Do Van Hung,bach1056@fpt.edu.vn,0944458553,2003
FAN01057,Do Anh Linh,phong1057@fpt.edu.vn,0985845524,1989
FAN01058,Dang Van Vy,phong1058@hotmail.com,0935609934,2008
FAN01059,Tran Quoc Quan,phong1059@gmail.com,0949063323,1992
FAN01060,Hoang Duc Vy,nam1060@fpt.edu.vn,0968491194,2008
FAN01061,Tran Thi Linh,linh1061@gmail.com,0964679359,1989
FAN01062,Pham Van Lan,nam1062@yahoo.com,0986869373,2001
FAN01063,Tran Anh Lan,hung1063@yahoo.com,0976268790,1989
FAN01064,Phan Tuan Phong,lan1064@yahoo.com,0964797019,1990
FAN01065,Phan Hai Nam,vy1065@yahoo.com,0925877338,1995
FAN01066,Le Minh Bach,mai1066@gmail.com,0924791125,1988
FAN01067,Dang Xuan Quan,vy1067@hotmail.com,0922957457,1994
FAN01068,Phan Van Vy,phong1068@hotmail.com,0993644224,2005
FAN01069,Tran Minh Nam,vy1069@fpt.edu.vn,0968116772,2002
FAN01070,Nguyen Van Dung,phong1070@fpt.edu.vn,0941746798,1988
FAN01071,Hoang Anh Linh,linh1071@gmail.com,0999900436,1988
FAN01072,Hoang Anh Vy,bach1072@yahoo.com,0911936269,2008
FAN01073,Hoang Duc Quan,mai1073@hotmail.com,0981902672,1995
FAN01074,Le Thi Dung,hung1074@gmail.com,0976338075,2004
FAN01075,Do Minh Hung,linh1075@fpt.edu.vn,0915168659,1996
FAN01076,Dang Tuan Lan,bach1076@fpt.edu.vn,0960205767,1991
FAN01077,Pham Anh Phong,quan1077@hotmail.com,0970559751,1991
FAN01078,Le Xuan Nam,quan1078@gmail.com,0926315519,1989
FAN01079,Bui Gia Nam,phong1079@yahoo.com,0989226040,1997
FAN01080,Do Anh Mai,vy1080@hotmail.com,0976924714,2008
FAN01081,Le Quoc Bach,linh1081@gmail.com,0973573056,2007
FAN01082,Le Tuan Bach,hung1082@fpt.edu.vn,0942388623,1991
FAN01083,Pham Gia Dung,quan1083@fpt.edu.vn,0957952745,1986
FAN01084,Dang Gia Mai,vy1084@fpt.edu.vn,0956326467,1996
FAN01085,Bui Xuan Bach,dung1085@yahoo.com,0954013847,1994
FAN01086,Vu Quoc Phong,lan1086@yahoo.com,0979741553,2003
FAN01087,Dang Hai Mai,mai1087@fpt.edu.vn,0985320813,2002
FAN01088,Vu Van Dung,hung1088@yahoo.com,0955562227,1997
FAN01089,Do Gia Lan,bach1089@fpt.edu.vn,0966845507,2008
FAN01090,Do Xuan Linh,dung1090@hotmail.com,0968227261,2001
FAN01091,Do Gia Bach,quan1091@yahoo.com,0927440275,1999
FAN01092,Dang Hai Nam,hung1092@hotmail.com,0959485986,1996
FAN01093,Nguyen Gia Mai,nam1093@hotmail.com,0910380601,1991
FAN01094,Vu Minh Vy,bach1094@hotmail.com,0953420407,1994
FAN01095,Hoang Duc Linh,bach1095@yahoo.com,0981339912,2008
FAN01096,Do Tuan Hung,bach1096@yahoo.com,0964174613,2001
FAN01097,Do Gia Dung,lan1097@gmail.com,0923460022,2007
FAN01098,Bui Hai Vy,vy1098@hotmail.com,0939372872,1991
FAN01099,Do Minh Bach,phong1099@fpt.edu.vn,0982628366,2008
FAN01100,Vu Hai Hung,bach1100@hotmail.com,0998615628,2005
FAN01101,Le Hai Quan,mai1101@gmail.com,0980989400,1985
FAN01102,Nguyen Van Hung,mai1102@gmail.com,0913404185,1999
FAN01103,Hoang Thi Lan,quan1103@gmail.com,0911214887,2004
FAN01104,Tran Van Mai,dung1104@yahoo.com,0980654272,1986
FAN01105,Dang Minh Bach,bach1105@hotmail.com,0997569899,2008
FAN01106,Hoang Tuan Nam,quan1106@yahoo.com,0933794396,1997
FAN01107,Do Quoc Nam,hung1107@fpt.edu.vn,0961764354,1992
FAN01108,Bui Quoc Mai,dung1108@fpt.edu.vn,0940536166,1993
FAN01109,Phan Hai Phong,nam1109@fpt.edu.vn,0911628328,1998
FAN01110,Nguyen Tuan Vy,hung1110@hotmail.com,0951715819,1985
FAN01111,Dang Thi Lan,bach1111@fpt.edu.vn,0986044622,1985
FAN01112,Tran Thi Linh,quan1112@yahoo.com,0920949462,1995
FAN01113,Bui Gia Linh,mai1113@gmail.com,0947055185,1995
FAN01114,Nguyen Anh Mai,dung1114@hotmail.com,0928081364,1991
FAN01115,Phan Minh Phong,mai1115@yahoo.com,0929861025,1986
FAN01116,Bui Thi Lan,linh1116@hotmail.com,0991392646,2004
FAN01117,Pham Xuan Dung,bach1117@gmail.com,0910929540,2008
FAN01118,Tran Thi Lan,vy1118@hotmail.com,0917259617,1988
FAN01119,Dang Minh Mai,nam1119@hotmail.com,0962763397,2008
FAN01120,Dang Tuan Bach,phong1120@yahoo.com,0963362368,2002
FAN01121,Do Van Vy,lan1121@fpt.edu.vn,0978651952,1987
FAN01122,Phan Duc Lan,mai1122@yahoo.com,0988153810,1987
FAN01123,Do Quoc Bach,vy1123@gmail.com,0947558079,2003
FAN01124,Tran Xuan Vy,dung1124@fpt.edu.vn,0910488200,2005
FAN01125,Nguyen Thi Phong,bach1125@gmail.com,0987103410,2008
FAN01126,Dang Tuan Hung,linh1126@hotmail.com,0946386127,1992
FAN01127,Hoang Tuan Vy,lan1127@gmail.com,0972615825,2006
FAN01128,Pham Gia Bach,dung1128@hotmail.com,0958757071,1996
FAN01129,Nguyen Hai Quan,nam1129@yahoo.com,0912197520,1989
FAN01130,Hoang Duc Quan,nam1130@yahoo.com,0980192200,2008
FAN01131,Phan Xuan Phong,lan1131@hotmail.com,0932198635,2006
FAN01132,Do Minh Nam,lan1132@gmail.com,0995893154,2003
FAN01133,Nguyen Duc Lan,phong1133@hotmail.com,0941268238,1990
FAN01134,Do Xuan Dung,mai1134@fpt.edu.vn,0984455767,1986
FAN01135,Dang Tuan Lan,lan1135@hotmail.com,0943620153,1988
FAN01136,Hoang Quoc Mai,mai1136@yahoo.com,0972277045,2001
FAN01137,Bui Duc Phong,bach1137@yahoo.com,0913372515,1995
FAN01138,Nguyen Quoc Bach,bach1138@fpt.edu.vn,0960242698,2001
FAN01139,Phan Minh Phong,linh1139@yahoo.com,0946597569,2004
FAN01140,Le Hai Bach,vy1140@fpt.edu.vn,0966057271,1993
FAN01141,Nguyen Van Quan,bach1141@fpt.edu.vn,0944395649,1998
FAN01142,Do Van Dung,quan1142@hotmail.com,0947031205,2006
FAN01143,Le Anh Linh,hung1143@gmail.com,0996994530,1994
FAN01144,Tran Hai Phong,dung1144@gmail.com,0956688440,1988
FAN01145,Dang Tuan Phong,linh1145@fpt.edu.vn,0921141945,2005
FAN01146,Le Anh Phong,vy1146@fpt.edu.vn,0960826719,1997
FAN01147,Le Quoc Bach,hung1147@gmail.com,0921262542,2004
FAN01148,Vu Anh Lan,mai1148@fpt.edu.vn,0931279803,1996
FAN01149,Pham Tuan Vy,quan1149@yahoo.com,0914945278,1999
FAN01150,Nguyen Thi Mai,dung1150@fpt.edu.vn,0984802928,2002
FAN01151,Do Tuan Vy,hung1151@yahoo.com,0943375682,2006
FAN01152,Le Anh Dung,quan1152@hotmail.com,0986718669,1995
FAN01153,Bui Quoc Nam,bach1153@gmail.com,0976242167,1986
FAN01154,Phan Gia Hung,mai1154@gmail.com,0974819696,1988
FAN01155,Hoang Quoc Hung,dung1155@gmail.com,0993138967,2004
FAN01156,Phan Gia Linh,lan1156@hotmail.com,0949826590,1987
FAN01157,Tran Thi Mai,bach1157@fpt.edu.vn,0941187007,1985
FAN01158,Pham Thi Hung,phong1158@gmail.com,0987402957,1997
FAN01159,Bui Thi Nam,quan1159@gmail.com,0911265685,1999
FAN01160,Vu Duc Mai,lan1160@fpt.edu.vn,0937759153,1988
FAN01161,Hoang Minh Nam,mai1161@yahoo.com,0995063093,1989
FAN01162,Hoang Duc Lan,bach1162@hotmail.com,0924115194,1996
FAN01163,Pham Gia Nam,dung1163@gmail.com,0933693700,1994
FAN01164,Nguyen Xuan Linh,phong1164@yahoo.com,0963015875,1985
FAN01165,Vu Quoc Phong,nam1165@yahoo.com,0926538017,1988
FAN01166,Pham Van Bach,quan1166@yahoo.com,0969224618,2000
FAN01167,Hoang Van Dung,bach1167@hotmail.com,0933156953,1990
FAN01168,Bui Hai Lan,lan1168@gmail.com,0951791820,1991
FAN01169,Pham Van Hung,quan1169@yahoo.com,0941111331,1986
FAN01170,Phan Van Nam,linh1170@yahoo.com,0973036354,2000
FAN01171,Pham Duc Phong,linh1171@yahoo.com,0995109757,1994
FAN01172,Vu Hai Lan,quan1172@fpt.edu.vn,0997588671,2006
FAN01173,Hoang Xuan Bach,vy1173@yahoo.com,0955411956,2008
FAN01174,Tran Xuan Bach,dung1174@fpt.edu.vn,0969358021,1992
FAN01175,Dang Quoc Quan,hung1175@fpt.edu.vn,0932246497,1996
FAN01176,Do Anh Linh,linh1176@yahoo.com,0948404362,1995
FAN01177,Dang Duc Nam,dung1177@hotmail.com,0938192638,2004
FAN01178,Vu Quoc Hung,vy1178@fpt.edu.vn,0915927420,1994
FAN01179,Bui Xuan Bach,nam1179@gmail.com,0995480097,1987
FAN01180,Bui Hai Dung,nam1180@fpt.edu.vn,0983317686,1999
FAN01181,Pham Quoc Vy,bach1181@hotmail.com,0952493463,1997
FAN01182,Tran Gia Bach,dung1182@yahoo.com,0948336631,2004
FAN01183,Pham Thi Quan,linh1183@hotmail.com,0953454290,2007
FAN01184,Nguyen Anh Dung,hung1184@yahoo.com,0981053327,2002
FAN01185,Bui Minh Bach,phong1185@fpt.edu.vn,0935720610,1999
FAN01186,Do Tuan Mai,quan1186@fpt.edu.vn,0981141609,2003
FAN01187,Bui Gia Hung,dung1187@fpt.edu.vn,0931937538,1990
FAN01188,Pham Thi Nam,lan1188@gmail.com,0923342241,2006
FAN01189,Le Hai Mai,nam1189@gmail.com,0946745931,1993
FAN01190,Hoang Duc Hung,linh1190@yahoo.com,0921915356,1987
FAN01191,Tran Minh Phong,bach1191@fpt.edu.vn,0963330661,1999
FAN01192,Do Hai Quan,dung1192@gmail.com,0938401217,2004
FAN01193,Pham Hai Mai,hung1193@gmail.com,0988129599,1991
FAN01194,Vu Anh Mai,bach1194@hotmail.com,0989372324,2000
FAN01195,Phan Tuan Linh,vy1195@fpt.edu.vn,0976149130,2007
FAN01196,Vu Thi Lan,linh1196@fpt.edu.vn,0958359878,1988
FAN01197,Hoang Xuan Lan,nam1197@gmail.com,0910982623,1986
FAN01198,Do Quoc Bach,hung1198@gmail.com,0946517713,1987
FAN01199,Bui Thi Mai,quan1199@fpt.edu.vn,0929342716,1986
FAN01200,Vu Quoc Quan,dung1200@gmail.com,0932706579,1986
FAN01201,Tran Thi Linh,nam1201@hotmail.com,0925212439,2006
FAN01202,Bui Gia Bach,mai1202@hotmail.com,0969951745,1999
FAN01203,Pham Thi Hung,dung1203@gmail.com,0914167570,1997
FAN01204,Nguyen Van Mai,hung1204@hotmail.com,0988422954,2000
FAN01205,Pham Tuan Hung,quan1205@gmail.com,0933568509,1993
FAN01206,Phan Hai Phong,dung1206@hotmail.com,0918611321,1992
FAN01207,Le Minh Lan,quan1207@fpt.edu.vn,0954704945,1986
FAN01208,Do Gia Hung,dung1208@fpt.edu.vn,0995167367,2008
FAN01209,Nguyen Hai Quan,bach1209@hotmail.com,0990368892,2008
FAN01210,Nguyen Duc Phong,linh1210@hotmail.com,0976026901,1988
FAN01211,Hoang Anh Phong,dung1211@yahoo.com,0911798863,1986
FAN01212,Hoang Hai Dung,phong1212@yahoo.com,0983443112,1994
FAN01213,Pham Quoc Phong,quan1213@hotmail.com,0983609249,1997
FAN01214,Do Tuan Nam,nam1214@yahoo.com,0913940864,1989
FAN01215,Dang Gia Bach,dung1215@gmail.com,0971658000,2008
FAN01216,Hoang Hai Quan,dung1216@hotmail.com,0918579673,1990
FAN01217,Nguyen Hai Nam,hung1217@hotmail.com,0978183293,1991
FAN01218,Hoang Hai Linh,quan1218@yahoo.com,0956124883,1994
FAN01219,Tran Anh Lan,dung1219@hotmail.com,0967461334,1986
FAN01220,Dang Tuan Vy,dung1220@hotmail.com,0937280811,2004
FAN01221,Pham Xuan Phong,linh1221@hotmail.com,0969374171,1998
FAN01222,Phan Van Phong,nam1222@fpt.edu.vn,0960434269,2000
FAN01223,Hoang Duc Phong,mai1223@gmail.com,0943022723,2001
FAN01224,Vu Tuan Vy,lan1224@yahoo.com,0967324783,1990
FAN01225,Dang Gia Nam,lan1225@yahoo.com,0973850937,2006
FAN01226,Hoang Van Phong,dung1226@fpt.edu.vn,0919630399,1999
FAN01227,Phan Tuan Mai,lan1227@yahoo.com,0984373802,1991
FAN01228,Vu Thi Mai,vy1228@gmail.com,0951408734,1990
FAN01229,Nguyen Van Lan,vy1229@fpt.edu.vn,0998178514,1992
FAN01230,Hoang Van Mai,quan1230@yahoo.com,0974900239,2005
FAN01231,Phan Quoc Lan,bach1231@hotmail.com,0930290546,1989
FAN01232,Hoang Minh Bach,mai1232@yahoo.com,0967627848,1999
FAN01233,Hoang Hai Lan,hung1233@yahoo.com,0966775430,2006
FAN01234,Nguyen Tuan Phong,bach1234@gmail.com,0969851753,2005
FAN01235,Pham Thi Dung,quan1235@gmail.com,0920635541,2007
FAN01236,Le Duc Hung,mai1236@fpt.edu.vn,0917305027,1991
FAN01237,Vu Van Vy,lan1237@fpt.edu.vn,0979447507,1988
FAN01238,Phan Tuan Phong,vy1238@hotmail.com,0988360011,2002
FAN01239,Dang Hai Phong,lan1239@gmail.com,0916013219,2006
FAN01240,Do Anh Dung,bach1240@yahoo.com,0978753809,2003
FAN01241,Vu Anh Phong,phong1241@yahoo.com,0940934793,1987
FAN01242,Pham Anh Phong,vy1242@fpt.edu.vn,0933623995,1997
FAN01243,Bui Hai Hung,mai1243@hotmail.com,0994731525,1985
FAN01244,Hoang Duc Vy,quan1244@gmail.com,0924234677,1986
FAN01245,Tran Quoc Mai,lan1245@gmail.com,0910154807,1986
FAN01246,Hoang Minh Dung,bach1246@yahoo.com,0989723697,1997
FAN01247,Nguyen Tuan Mai,mai1247@gmail.com,0934558978,1996
FAN01248,Vu Quoc Dung,nam1248@yahoo.com,0915777031,1997
FAN01249,Le Thi Nam,hung1249@yahoo.com,0946041166,2003
FAN01250,Do Gia Vy,bach1250@yahoo.com,0997458677,1994
FAN01251,Le Thi Linh,dung1251@gmail.com,0953020248,1989
FAN01252,Le Anh Dung,lan1252@hotmail.com,0922100910,1996
FAN01253,Le Tuan Linh,quan1253@hotmail.com,0958206461,2003
FAN01254,Le Hai Mai,lan1254@hotmail.com,0932056064,1995
FAN01255,Hoang Tuan Phong,bach1255@hotmail.com,0973339433,1997
FAN01256,Le Duc Bach,lan1256@fpt.edu.vn,0998390605,1988
FAN01257,Bui Tuan Phong,lan1257@yahoo.com,0979374459,1988
FAN01258,Dang Van Lan,quan1258@yahoo.com,0946059687,1995
FAN01259,Bui Hai Lan,lan1259@hotmail.com,0999850763,1992
FAN01260,Tran Quoc Linh,lan1260@gmail.com,0983686912,1992
FAN01261,Bui Gia Vy,nam1261@fpt.edu.vn,0921807212,2006
FAN01262,Nguyen Gia Quan,lan1262@yahoo.com,0964577814,2005
FAN01263,Phan Xuan Dung,bach1263@hotmail.com,0911694675,2008
FAN01264,Vu Quoc Bach,nam1264@yahoo.com,0953827986,1986
FAN01265,Phan Hai Quan,lan1265@fpt.edu.vn,0955250705,1996
FAN01266,Do Anh Mai,vy1266@hotmail.com,0925515102,2003
FAN01267,Vu Minh Dung,bach1267@hotmail.com,0994063431,1988
FAN01268,Phan Hai Mai,vy1268@hotmail.com,0967945843,2003
FAN01269,Dang Hai Mai,vy1269@hotmail.com,0972306778,1991
FAN01270,Vu Hai Bach,lan1270@fpt.edu.vn,0967763501,1998
FAN01271,Tran Thi Mai,dung1271@fpt.edu.vn,0961827305,1988
FAN01272,Phan Gia Quan,phong1272@gmail.com,0946561176,2007
FAN01273,Bui Tuan Hung,vy1273@fpt.edu.vn,0931780574,2001
FAN01274,Hoang Van Dung,hung1274@fpt.edu.vn,0972884690,2008
FAN01275,Vu Duc Phong,nam1275@gmail.com,0958055943,1998
FAN01276,Nguyen Minh Hung,dung1276@fpt.edu.vn,0937696016,1989
FAN01277,Bui Hai Quan,phong1277@gmail.com,0995922680,2008
FAN01278,Do Van Phong,mai1278@gmail.com,0956706294,2006
FAN01279,Pham Duc Quan,phong1279@gmail.com,0937138183,1989
FAN01280,Hoang Van Mai,hung1280@fpt.edu.vn,0911370253,2007
FAN01281,Pham Van Vy,vy1281@hotmail.com,0996312377,1993
FAN01282,Le Anh Nam,vy1282@yahoo.com,0973259884,2005
FAN01283,Vu Anh Vy,bach1283@hotmail.com,0994881878,1998
FAN01284,Nguyen Gia Bach,linh1284@yahoo.com,0998764963,1997
FAN01285,Phan Duc Linh,linh1285@hotmail.com,0965500998,2008
FAN01286,Nguyen Thi Dung,hung1286@hotmail.com,0935353816,2004
FAN01287,Do Van Dung,quan1287@yahoo.com,0957627687,2001
FAN01288,Dang Hai Dung,nam1288@fpt.edu.vn,0912696324,1986
FAN01289,Le Hai Mai,hung1289@gmail.com,0993424112,1996
FAN01290,Bui Duc Hung,mai1290@hotmail.com,0951102329,2004
FAN01291,Do Thi Bach,phong1291@hotmail.com,0910432751,1988
FAN01292,Dang Tuan Nam,bach1292@hotmail.com,0912677480,1991
FAN01293,Phan Duc Nam,bach1293@yahoo.com,0952137942,1992
FAN01294,Nguyen Hai Vy,dung1294@yahoo.com,0953618625,1996
FAN01295,Tran Minh Quan,nam1295@gmail.com,0913449106,2002
FAN01296,Do Anh Vy,linh1296@hotmail.com,0953190530,2004
FAN01297,Bui Quoc Vy,hung1297@fpt.edu.vn,0964478946,1998
FAN01298,Hoang Anh Hung,quan1298@fpt.edu.vn,0936054602,2001
FAN01299,Dang Hai Hung,lan1299@fpt.edu.vn,0983306541,1999
FAN01300,Pham Quoc Lan,dung1300@hotmail.com,0978434405,1987
FAN01301,Dang Tuan Nam,phong1301@hotmail.com,0980812288,1994
FAN01302,Bui Xuan Dung,dung1302@fpt.edu.vn,0960853588,1988
FAN01303,Dang Anh Nam,linh1303@hotmail.com,0933914683,1990
FAN01304,Tran Xuan Bach,dung1304@hotmail.com,0936399864,1988
FAN01305,Phan Van Bach,linh1305@gmail.com,0974623816,1988
FAN01306,Nguyen Minh Hung,lan1306@yahoo.com,0948190048,2004
FAN01307,Le Hai Hung,bach1307@fpt.edu.vn,0921094469,2002
FAN01308,Pham Van Mai,vy1308@fpt.edu.vn,0933324833,2002
FAN01309,Do Gia Dung,vy1309@yahoo.com,0931394505,2002
FAN01310,Hoang Van Hung,linh1310@yahoo.com,0965632441,2006
FAN01311,Do Anh Dung,mai1311@yahoo.com,0944668488,1988
FAN01312,Do Thi Hung,hung1312@yahoo.com,0927205783,1996
FAN01313,Do Thi Quan,mai1313@yahoo.com,0944904290,1995
FAN01314,Pham Duc Lan,dung1314@gmail.com,0960190437,1996
FAN01315,Bui Xuan Dung,dung1315@yahoo.com,0926421300,1986
FAN01316,Pham Van Phong,lan1316@fpt.edu.vn,0912747835,1991
FAN01317,Hoang Duc Dung,vy1317@hotmail.com,0951102122,1986
FAN01318,Hoang Anh Vy,hung1318@fpt.edu.vn,0957618766,1996
FAN01319,Hoang Van Phong,phong1319@hotmail.com,0984724130,1997
FAN01320,Hoang Duc Phong,lan1320@fpt.edu.vn,0948298295,1997
FAN01321,Phan Van Linh,lan1321@yahoo.com,0922226373,2006
FAN01322,Pham Duc Dung,bach1322@gmail.com,0997952987,1998
FAN01323,Le Gia Vy,nam1323@hotmail.com,0982214787,1992
FAN01324,Phan Tuan Phong,mai1324@gmail.com,0950168448,2002
FAN01325,Nguyen Gia Dung,hung1325@yahoo.com,0963861048,1989
FAN01326,Pham Anh Mai,lan1326@fpt.edu.vn,0921109122,2003
FAN01327,Pham Van Hung,lan1327@gmail.com,0969811665,2004
FAN01328,Nguyen Quoc Nam,linh1328@yahoo.com,0991089356,2008
FAN01329,Phan Gia Hung,hung1329@gmail.com,0973726152,1993
FAN01330,Hoang Thi Dung,linh1330@gmail.com,0972636790,1990
FAN01331,Pham Van Vy,bach1331@hotmail.com,0964079721,1997
FAN01332,Vu Minh Bach,vy1332@gmail.com,0988828544,2004
FAN01333,Dang Gia Vy,mai1333@hotmail.com,0978446879,2005
FAN01334,Hoang Anh Nam,dung1334@fpt.edu.vn,0968123767,1995
FAN01335,Nguyen Anh Quan,hung1335@yahoo.com,0990524934,1987
FAN01336,Do Anh Hung,phong1336@gmail.com,0930743476,1999
FAN01337,Tran Xuan Vy,dung1337@gmail.com,0988566135,2001
FAN01338,Hoang Duc Quan,phong1338@yahoo.com,0950800515,2005
FAN01339,Bui Gia Lan,quan1339@hotmail.com,0928057891,1991
FAN01340,Hoang Anh Hung,nam1340@gmail.com,0961672396,1992
FAN01341,Le Hai Lan,bach1341@hotmail.com,0961614055,2003
FAN01342,Tran Van Mai,phong1342@yahoo.com,0948333530,2008
FAN01343,Tran Hai Nam,nam1343@fpt.edu.vn,0993316086,2007
FAN01344,Do Hai Vy,dung1344@hotmail.com,0910826910,1988
FAN01345,Le Van Vy,mai1345@yahoo.com,0923149104,1987
FAN01346,Vu Anh Nam,linh1346@gmail.com,0925861239,1997
FAN01347,Phan Duc Dung,vy1347@yahoo.com,0995260442,2006
FAN01348,Bui Duc Lan,bach1348@yahoo.com,0994164495,1998
FAN01349,Pham Thi Linh,quan1349@gmail.com,0986239328,2000
FAN01350,Pham Van Dung,nam1350@gmail.com,0922628340,1988
FAN01351,Nguyen Xuan Nam,bach1351@gmail.com,0999521876,1995
FAN01352,Vu Tuan Bach,vy1352@hotmail.com,0977694967,1998
FAN01353,Hoang Xuan Hung,linh1353@fpt.edu.vn,0925881549,2002
FAN01354,Hoang Van Nam,lan1354@gmail.com,0922374367,1998
FAN01355,Pham Anh Nam,hung1355@gmail.com,0967863404,1997
FAN01356,Pham Anh Dung,mai1356@yahoo.com,0939564175,2000
FAN01357,Pham Quoc Dung,linh1357@hotmail.com,0945160395,2005
FAN01358,Bui Xuan Bach,vy1358@yahoo.com,0959883120,2002
FAN01359,Dang Duc Nam,vy1359@hotmail.com,0936995414,1988
FAN01360,Le Duc Dung,linh1360@hotmail.com,0993212880,1988
FAN01361,Vu Duc Vy,bach1361@fpt.edu.vn,0995741020,1985
FAN01362,Hoang Quoc Nam,hung1362@gmail.com,0925453028,2008
FAN01363,Hoang Xuan Dung,mai1363@yahoo.com,0975476469,1986
FAN01364,Do Duc Linh,lan1364@fpt.edu.vn,0928708110,1988
FAN01365,Vu Anh Dung,phong1365@fpt.edu.vn,0971988748,1998
FAN01366,Tran Hai Linh,nam1366@yahoo.com,0956970048,1995
FAN01367,Tran Anh Quan,nam1367@yahoo.com,0994220015,1985
FAN01368,Tran Quoc Bach,nam1368@hotmail.com,0928830753,2003
FAN01369,Vu Tuan Lan,nam1369@yahoo.com,0948879064,2005
FAN01370,Dang Van Dung,nam1370@yahoo.com,0970383722,2003
FAN01371,Tran Van Lan,quan1371@fpt.edu.vn,0951766045,2006
FAN01372,Le Gia Bach,hung1372@fpt.edu.vn,0963321861,2003
FAN01373,Nguyen Duc Quan,mai1373@fpt.edu.vn,0948098236,1991
FAN01374,Nguyen Duc Nam,bach1374@fpt.edu.vn,0991649465,1998
FAN01375,Do Tuan Linh,dung1375@hotmail.com,0969204159,1997
FAN01376,Nguyen Quoc Linh,hung1376@gmail.com,0922160019,1990
FAN01377,Bui Van Hung,lan1377@hotmail.com,0936314574,1987
FAN01378,Bui Thi Hung,hung1378@yahoo.com,0996153766,1996
FAN01379,Pham Anh Nam,mai1379@fpt.edu.vn,0955480871,2004
FAN01380,Hoang Tuan Hung,lan1380@gmail.com,0996283245,1998
FAN01381,Le Anh Quan,phong1381@hotmail.com,0967081724,1999
FAN01382,Do Xuan Linh,dung1382@hotmail.com,0999939788,2006
FAN01383,Vu Gia Phong,linh1383@hotmail.com,0987462244,1994
FAN01384,Phan Minh Vy,vy1384@yahoo.com,0952861739,1986
FAN01385,Bui Anh Mai,quan1385@fpt.edu.vn,0979530637,1986
FAN01386,Do Minh Lan,linh1386@yahoo.com,0958701860,1996
FAN01387,Bui Tuan Bach,linh1387@fpt.edu.vn,0929643592,2004
FAN01388,Bui Xuan Vy,linh1388@yahoo.com,0955455082,1998
FAN01389,Do Anh Linh,nam1389@fpt.edu.vn,0982410700,2006
FAN01390,Vu Anh Bach,vy1390@hotmail.com,0994993540,1986
FAN01391,Phan Hai Mai,linh1391@yahoo.com,0977613468,1996
FAN01392,Bui Anh Bach,mai1392@gmail.com,0938787328,1994
FAN01393,Nguyen Anh Quan,hung1393@fpt.edu.vn,0999391528,1991
FAN01394,Dang Tuan Dung,phong1394@gmail.com,0962228528,1987
FAN01395,Pham Gia Hung,quan1395@hotmail.com,0990084851,1986
FAN01396,Nguyen Minh Vy,vy1396@gmail.com,0976163811,1991
FAN01397,Pham Gia Mai,hung1397@hotmail.com,0916500835,1994
FAN01398,Dang Xuan Nam,dung1398@fpt.edu.vn,0924886713,1989
FAN01399,Pham Quoc Phong,lan1399@yahoo.com,0992255557,1991
FAN01400,Pham Hai Linh,phong1400@fpt.edu.vn,0944249807,1994
FAN01401,Phan Gia Lan,phong1401@fpt.edu.vn,0946003095,1990
FAN01402,Pham Tuan Linh,lan1402@gmail.com,0944967403,1992
FAN01403,Do Anh Nam,phong1403@yahoo.com,0912143990,1992
FAN01404,Do Hai Dung,bach1404@hotmail.com,0962424898,2002
FAN01405,Dang Gia Linh,dung1405@yahoo.com,0992728190,1996
FAN01406,Nguyen Anh Vy,phong1406@hotmail.com,0938403138,1991
FAN01407,Vu Quoc Phong,vy1407@gmail.com,0991866296,2007
FAN01408,Pham Minh Hung,bach1408@fpt.edu.vn,0968051489,1999
FAN01409,Le Thi Quan,lan1409@hotmail.com,0967673465,2002
FAN01410,Phan Tuan Vy,vy1410@hotmail.com,0938290491,1994
FAN01411,Dang Hai Vy,phong1411@gmail.com,0983575562,1986
FAN01412,Bui Quoc Dung,hung1412@hotmail.com,0972642931,1989
FAN01413,Vu Hai Lan,vy1413@hotmail.com,0963030417,2007
FAN01414,Tran Hai Bach,quan1414@hotmail.com,0950354600,1992
FAN01415,Do Thi Hung,phong1415@gmail.com,0910329169,1998
FAN01416,Phan Quoc Vy,vy1416@fpt.edu.vn,0994521283,1999
FAN01417,Pham Gia Lan,lan1417@fpt.edu.vn,0954724705,1996
FAN01418,Do Xuan Bach,mai1418@yahoo.com,0924187647,1989
FAN01419,Do Xuan Mai,dung1419@hotmail.com,0933932367,1992
FAN01420,Nguyen Van Phong,dung1420@fpt.edu.vn,0965075363,2005
FAN01421,Phan Minh Mai,nam1421@yahoo.com,0919099705,2003
FAN01422,Hoang Quoc Phong,linh1422@hotmail.com,0993413207,2004
FAN01423,Bui Thi Quan,nam1423@hotmail.com,0963028397,1990
FAN01424,Hoang Anh Dung,nam1424@yahoo.com,0954506585,1998
FAN01425,Nguyen Anh Nam,dung1425@gmail.com,0946782169,1998
FAN01426,Le Hai Bach,phong1426@hotmail.com,0923670169,1989
FAN01427,Bui Van Bach,nam1427@yahoo.com,0911056813,1995
FAN01428,Phan Anh Nam,hung1428@gmail.com,0989614620,1994
FAN01429,Vu Tuan Nam,vy1429@gmail.com,0946859249,1988
FAN01430,Tran Duc Phong,linh1430@hotmail.com,0938522057,1992
FAN01431,Do Hai Dung,phong1431@fpt.edu.vn,0946208275,1998
FAN01432,Nguyen Quoc Linh,vy1432@gmail.com,0982698773,1991
FAN01433,Tran Minh Nam,quan1433@hotmail.com,0936556755,2008
FAN01434,Nguyen Tuan Lan,lan1434@hotmail.com,0955044506,1989
FAN01435,Tran Hai Linh,lan1435@yahoo.com,0923273080,1993
FAN01436,Bui Gia Bach,linh1436@hotmail.com,0959000808,1996
FAN01437,Do Quoc Vy,nam1437@gmail.com,0935347916,2002
FAN01438,Do Minh Vy,vy1438@fpt.edu.vn,0955043233,1997
FAN01439,Do Xuan Bach,hung1439@hotmail.com,0962664472,2004
FAN01440,Le Van Lan,vy1440@yahoo.com,0956013920,1989
FAN01441,Bui Tuan Quan,linh1441@hotmail.com,0961149716,1998
FAN01442,Dang Anh Dung,phong1442@hotmail.com,0926746762,1999
FAN01443,Tran Duc Linh,bach1443@fpt.edu.vn,0984784906,1995
FAN01444,Tran Xuan Bach,hung1444@fpt.edu.vn,0963383468,2007
FAN01445,Phan Thi Phong,lan1445@gmail.com,0938499588,1995
FAN01446,Nguyen Gia Mai,quan1446@fpt.edu.vn,0913852475,1998
FAN01447,Dang Gia Nam,nam1447@fpt.edu.vn,0945109341,1987
FAN01448,Tran Anh Phong,vy1448@yahoo.com,0998123674,2000
FAN01449,Nguyen Van Quan,bach1449@yahoo.com,0921613155,2004
FAN01450,Le Xuan Hung,lan1450@hotmail.com,0952578413,1985
FAN01451,Dang Quoc Lan,nam1451@fpt.edu.vn,0946316976,1993
FAN01452,Do Xuan Vy,dung1452@hotmail.com,0988754549,2006
FAN01453,Phan Thi Linh,linh1453@hotmail.com,0942997894,1994
FAN01454,Nguyen Minh Dung,bach1454@fpt.edu.vn,0918355176,1990
FAN01455,Nguyen Quoc Mai,nam1455@yahoo.com,0932677985,1992
FAN01456,Hoang Gia Quan,mai1456@hotmail.com,0921580743,1996
FAN01457,Le Thi Mai,vy1457@fpt.edu.vn,0974416253,2005
FAN01458,Hoang Thi Linh,dung1458@hotmail.com,0950736084,2001
FAN01459,Phan Xuan Hung,linh1459@gmail.com,0942783830,2002
FAN01460,Hoang Hai Quan,vy1460@hotmail.com,0958456701,2002
FAN01461,Vu Thi Quan,lan1461@hotmail.com,0977527949,1993
FAN01462,Pham Gia Vy,bach1462@yahoo.com,0941145431,2007
FAN01463,Nguyen Duc Nam,bach1463@gmail.com,0980108245,2007
FAN01464,Do Hai Vy,dung1464@yahoo.com,0938652330,2008
FAN01465,Bui Quoc Linh,mai1465@fpt.edu.vn,0990449369,1997
FAN01466,Nguyen Van Vy,quan1466@gmail.com,0997978959,2000
FAN01467,Bui Van Nam,bach1467@gmail.com,0939348388,1991
FAN01468,Le Quoc Mai,dung1468@yahoo.com,0999718906,1995
FAN01469,Tran Tuan Linh,quan1469@yahoo.com,0999950254,1998
FAN01470,Dang Thi Mai,bach1470@gmail.com,0984249682,2002
FAN01471,Phan Van Vy,phong1471@hotmail.com,0930570997,1993
FAN01472,Nguyen Thi Lan,vy1472@yahoo.com,0974680769,1991
FAN01473,Tran Hai Nam,lan1473@gmail.com,0927586580,1996
FAN01474,Bui Gia Linh,hung1474@fpt.edu.vn,0953413432,1999
FAN01475,Nguyen Minh Nam,nam1475@hotmail.com,0930120772,1986
FAN01476,Do Gia Dung,nam1476@gmail.com,0984130787,1996
FAN01477,Hoang Gia Hung,phong1477@gmail.com,0916310821,2007
FAN01478,Do Gia Phong,dung1478@fpt.edu.vn,0977399475,1996
FAN01479,Nguyen Hai Lan,bach1479@yahoo.com,0954622414,1993
FAN01480,Tran Van Linh,mai1480@fpt.edu.vn,0930101031,1986
FAN01481,Bui Gia Lan,lan1481@hotmail.com,0970013514,1993
FAN01482,Vu Hai Nam,nam1482@gmail.com,0967811946,1991
FAN01483,Hoang Duc Quan,vy1483@gmail.com,0931883041,1992
FAN01484,Hoang Van Linh,hung1484@yahoo.com,0965175232,2005
FAN01485,Dang Minh Quan,hung1485@gmail.com,0977507305,2002
FAN01486,Nguyen Anh Vy,dung1486@hotmail.com,0952365986,2004
FAN01487,Nguyen Xuan Linh,hung1487@fpt.edu.vn,0994485262,2001
FAN01488,Le Duc Vy,dung1488@hotmail.com,0986546747,1994
FAN01489,Hoang Thi Dung,dung1489@fpt.edu.vn,0945144127,2003
FAN01490,Vu Duc Bach,nam1490@fpt.edu.vn,0915538601,2004
FAN01491,Vu Duc Bach,quan1491@hotmail.com,0944840047,1996
FAN01492,Do Van Hung,hung1492@gmail.com,0975658905,1992
FAN01493,Phan Van Dung,phong1493@yahoo.com,0947153388,2001
FAN01494,Hoang Minh Bach,vy1494@gmail.com,0950976133,2002
FAN01495,Do Tuan Vy,mai1495@gmail.com,0992378003,1985
FAN01496,Do Van Linh,dung1496@fpt.edu.vn,0914507119,1989
FAN01497,Do Van Lan,vy1497@gmail.com,0925394501,1992
FAN01498,Pham Minh Linh,vy1498@gmail.com,0991674657,1988
FAN01499,Tran Xuan Dung,nam1499@yahoo.com,0972182650,2000
FAN01500,Pham Hai Quan,linh1500@gmail.com,0993855059,1994
FAN01501,Do Hai Phong,quan1501@yahoo.com,0920705284,2008
FAN01502,Nguyen Quoc Bach,hung1502@hotmail.com,0913508969,1991
FAN01503,Bui Tuan Phong,mai1503@hotmail.com,0986559383,1997
FAN01504,Vu Minh Mai,phong1504@hotmail.com,0961982576,1999
FAN01505,Do Hai Mai,vy1505@yahoo.com,0969185828,2000
FAN01506,Do Minh Bach,phong1506@fpt.edu.vn,0948596808,1986
FAN01507,Phan Tuan Bach,mai1507@fpt.edu.vn,0961752606,1985
FAN01508,Le Gia Vy,phong1508@hotmail.com,0928897243,2003
FAN01509,Bui Van Hung,lan1509@hotmail.com,0962903220,1987
FAN01510,Hoang Thi Lan,lan1510@hotmail.com,0985094586,1985
FAN01511,Hoang Gia Nam,bach1511@hotmail.com,0925238436,1988
FAN01512,Nguyen Hai Phong,bach1512@fpt.edu.vn,0975354103,2008
FAN01513,Le Gia Linh,vy1513@hotmail.com,0920435181,2001
FAN01514,Phan Quoc Linh,vy1514@fpt.edu.vn,0938878353,1990
FAN01515,Tran Quoc Lan,mai1515@yahoo.com,0966440931,1996
FAN01516,Dang Minh Nam,nam1516@hotmail.com,0935456669,2001
FAN01517,Nguyen Tuan Linh,nam1517@hotmail.com,0934271687,1987
FAN01518,Hoang Xuan Phong,hung1518@hotmail.com,0970501476,2004
FAN01519,Hoang Tuan Quan,nam1519@hotmail.com,0997206144,1988
FAN01520,Phan Van Linh,bach1520@hotmail.com,0979839411,1995
FAN01521,Pham Minh Quan,quan1521@yahoo.com,0956893949,1990
FAN01522,Bui Tuan Dung,quan1522@hotmail.com,0944672298,1993
FAN01523,Le Duc Bach,vy1523@fpt.edu.vn,0987068687,1998
FAN01524,Pham Hai Linh,vy1524@hotmail.com,0961499372,1987
FAN01525,Tran Anh Vy,nam1525@hotmail.com,0921860855,2007
FAN01526,Pham Van Lan,bach1526@gmail.com,0941503518,1985
FAN01527,Pham Tuan Lan,hung1527@hotmail.com,0965637158,1990
FAN01528,Phan Van Phong,linh1528@hotmail.com,0995174551,1989
FAN01529,Tran Duc Bach,linh1529@hotmail.com,0928347571,1987
FAN01530,Nguyen Quoc Quan,nam1530@fpt.edu.vn,0972743907,1998
FAN01531,Pham Tuan Quan,hung1531@fpt.edu.vn,0962297988,1985
FAN01532,Vu Xuan Nam,lan1532@gmail.com,0927866346,1989
FAN01533,Le Hai Vy,vy1533@hotmail.com,0926782278,2005
FAN01534,Pham Gia Nam,dung1534@fpt.edu.vn,0948447750,2003
FAN01535,Dang Xuan Vy,nam1535@fpt.edu.vn,0995150250,1993
FAN01536,Nguyen Thi Vy,hung1536@fpt.edu.vn,0964860294,2001
FAN01537,Tran Anh Hung,dung1537@gmail.com,0941330273,1995
FAN01538,Vu Thi Nam,bach1538@hotmail.com,0990818526,1990
FAN01539,Pham Quoc Dung,dung1539@fpt.edu.vn,0971725705,2000
FAN01540,Hoang Tuan Linh,mai1540@gmail.com,0939854081,2005
FAN01541,Pham Duc Dung,dung1541@fpt.edu.vn,0916155222,1989
FAN01542,Dang Minh Bach,mai1542@hotmail.com,0957009558,2003
FAN01543,Dang Anh Lan,vy1543@fpt.edu.vn,0983683253,2000
FAN01544,Tran Tuan Linh,phong1544@gmail.com,0934692354,1993
FAN01545,Bui Anh Bach,bach1545@gmail.com,0928981436,1986
FAN01546,Vu Thi Phong,phong1546@yahoo.com,0980504499,1991
FAN01547,Dang Tuan Phong,lan1547@yahoo.com,0935844562,1996
FAN01548,Vu Hai Phong,dung1548@hotmail.com,0926499613,2003
FAN01549,Le Tuan Phong,nam1549@gmail.com,0910283796,1998
FAN01550,Dang Hai Vy,phong1550@yahoo.com,0946861207,1997
FAN01551,Le Hai Vy,hung1551@hotmail.com,0925152408,2003
FAN01552,Tran Thi Dung,quan1552@gmail.com,0934479385,2001
FAN01553,Tran Minh Phong,bach1553@hotmail.com,0945942053,1990
FAN01554,Phan Van Nam,mai1554@hotmail.com,0949529885,1989
FAN01555,Vu Minh Hung,nam1555@fpt.edu.vn,0922176968,2008
FAN01556,Hoang Gia Bach,hung1556@gmail.com,0944408829,2003
FAN01557,Hoang Tuan Bach,phong1557@yahoo.com,0949883908,1992
FAN01558,Pham Van Quan,quan1558@fpt.edu.vn,0964300519,1986
FAN01559,Hoang Hai Lan,mai1559@fpt.edu.vn,0987219533,1989
FAN01560,Pham Gia Lan,lan1560@gmail.com,0959884342,1985
FAN01561,Le Hai Vy,hung1561@yahoo.com,0984919691,2004
FAN01562,Hoang Quoc Vy,mai1562@gmail.com,0954922080,1992
FAN01563,Dang Gia Bach,nam1563@gmail.com,0988977454,2001
FAN01564,Vu Quoc Vy,dung1564@fpt.edu.vn,0947208552,2007
FAN01565,Bui Quoc Nam,quan1565@fpt.edu.vn,0951956263,2003
FAN01566,Pham Hai Lan,mai1566@hotmail.com,0974739546,2007
FAN01567,Tran Minh Dung,lan1567@yahoo.com,0999506841,2000
FAN01568,Nguyen Thi Dung,bach1568@yahoo.com,0996742891,2005
FAN01569,Pham Hai Linh,mai1569@fpt.edu.vn,0998161147,2007
FAN01570,Pham Xuan Mai,lan1570@hotmail.com,0915231601,1987
FAN01571,Do Minh Lan,linh1571@gmail.com,0987139754,1998
FAN01572,Dang Van Mai,dung1572@gmail.com,0953837924,1991
FAN01573,Dang Thi Vy,hung1573@yahoo.com,0912780896,1995
FAN01574,Pham Anh Linh,linh1574@hotmail.com,0939458618,1987
FAN01575,Le Gia Nam,linh1575@hotmail.com,0942962630,1992
FAN01576,Tran Hai Lan,dung1576@fpt.edu.vn,0968263460,1993
FAN01577,Hoang Duc Phong,hung1577@fpt.edu.vn,0944515191,1990
FAN01578,Tran Tuan Vy,linh1578@yahoo.com,0913677648,1986
FAN01579,Phan Tuan Phong,lan1579@hotmail.com,0976612883,1996
FAN01580,Bui Anh Quan,nam1580@yahoo.com,0984531091,2007
FAN01581,Do Quoc Quan,vy1581@gmail.com,0911088522,1998
FAN01582,Pham Van Hung,linh1582@yahoo.com,0922994630,2002
FAN01583,Le Quoc Phong,mai1583@hotmail.com,0940549376,2002
FAN01584,Le Thi Vy,dung1584@gmail.com,0982962844,2002
FAN01585,Vu Duc Lan,bach1585@hotmail.com,0999419744,1992
FAN01586,Le Thi Nam,linh1586@hotmail.com,0987649743,1992
FAN01587,Phan Duc Bach,nam1587@gmail.com,0910575366,2004
FAN01588,Dang Hai Vy,linh1588@fpt.edu.vn,0999314775,2008
FAN01589,Vu Xuan Vy,linh1589@fpt.edu.vn,0912801238,2002
FAN01590,Dang Van Bach,bach1590@yahoo.com,0959220536,1993
FAN01591,Le Tuan Quan,lan1591@yahoo.com,0921188785,1999
FAN01592,Dang Van Linh,linh1592@yahoo.com,0942458985,2006
FAN01593,Nguyen Xuan Quan,quan1593@hotmail.com,0924414306,1998
FAN01594,Le Van Mai,dung1594@hotmail.com,0987943239,1988
FAN01595,Phan Tuan Mai,dung1595@hotmail.com,0935278518,1985
FAN01596,Phan Xuan Quan,dung1596@fpt.edu.vn,0912537314,1996
FAN01597,Nguyen Hai Hung,mai1597@hotmail.com,0922423170,2001
FAN01598,Pham Gia Quan,hung1598@hotmail.com,0999851778,1985
FAN01599,Nguyen Gia Dung,bach1599@yahoo.com,0932055314,2005
FAN01600,Le Gia Mai,lan1600@gmail.com,0911474734,1997
FAN01601,Phan Hai Quan,nam1601@yahoo.com,0946723838,1995
FAN01602,Bui Thi Bach,linh1602@yahoo.com,0941658853,2003
FAN01603,Vu Thi Lan,nam1603@yahoo.com,0999044534,1989
FAN01604,Le Quoc Dung,quan1604@fpt.edu.vn,0941835429,1992
FAN01605,Vu Quoc Hung,phong1605@yahoo.com,0979973158,2003
FAN01606,Hoang Duc Phong,lan1606@hotmail.com,0992417581,2005
FAN01607,Nguyen Hai Nam,dung1607@yahoo.com,0931617258,1991
FAN01608,Dang Thi Phong,mai1608@hotmail.com,0972277645,2004
FAN01609,Phan Anh Bach,nam1609@hotmail.com,0997659833,1996
FAN01610,Do Minh Vy,dung1610@hotmail.com,0993924570,2008
FAN01611,Tran Hai Nam,linh1611@yahoo.com,0961209326,1996
FAN01612,Pham Thi Bach,mai1612@yahoo.com,0963971677,1997
FAN01613,Phan Minh Hung,mai1613@hotmail.com,0946612707,1997
FAN01614,Tran Minh Vy,hung1614@hotmail.com,0994438581,1994
FAN01615,Pham Xuan Dung,mai1615@yahoo.com,0931046067,1996
FAN01616,Phan Quoc Hung,hung1616@gmail.com,0917920783,1988
FAN01617,Hoang Hai Nam,linh1617@yahoo.com,0967444614,1993
FAN01618,Pham Tuan Nam,vy1618@yahoo.com,0964102660,1989
FAN01619,Pham Minh Bach,vy1619@fpt.edu.vn,0923053179,2002
FAN01620,Bui Xuan Dung,vy1620@fpt.edu.vn,0936498033,1996
FAN01621,Do Thi Lan,nam1621@fpt.edu.vn,0910772218,1993
FAN01622,Pham Thi Lan,nam1622@gmail.com,0927506786,2005
FAN01623,Tran Duc Hung,bach1623@gmail.com,0947871627,2003
FAN01624,Le Thi Nam,dung1624@fpt.edu.vn,0923867179,1985
FAN01625,Tran Xuan Dung,phong1625@hotmail.com,0917294296,1990
FAN01626,Le Duc Vy,hung1626@fpt.edu.vn,0943736371,1990
FAN01627,Nguyen Duc Vy,vy1627@fpt.edu.vn,0936144575,1991
FAN01628,Le Van Hung,lan1628@fpt.edu.vn,0978845284,1991
FAN01629,Do Tuan Hung,hung1629@fpt.edu.vn,0935518664,1993
FAN01630,Do Hai Mai,vy1630@gmail.com,0911234335,1988
FAN01631,Pham Quoc Dung,dung1631@hotmail.com,0915351494,2008
FAN01632,Vu Duc Linh,phong1632@fpt.edu.vn,0963097744,1988
FAN01633,Pham Xuan Quan,dung1633@gmail.com,0917199240,2000
FAN01634,Vu Duc Linh,mai1634@hotmail.com,0914323179,2005
FAN01635,Pham Quoc Dung,vy1635@hotmail.com,0914720983,1997
FAN01636,Tran Duc Vy,phong1636@hotmail.com,0968341610,1986
FAN01637,Nguyen Gia Dung,dung1637@hotmail.com,0963865181,1995
FAN01638,Nguyen Anh Lan,hung1638@fpt.edu.vn,0975428264,2008
FAN01639,Le Quoc Dung,phong1639@fpt.edu.vn,0983300410,1993
FAN01640,Do Anh Mai,dung1640@hotmail.com,0969466273,1997
FAN01641,Bui Duc Quan,mai1641@yahoo.com,0949078224,2002
FAN01642,Vu Anh Hung,dung1642@hotmail.com,0951819114,1995
FAN01643,Nguyen Minh Phong,lan1643@hotmail.com,0939728544,1988
FAN01644,Le Xuan Phong,nam1644@yahoo.com,0926203573,1992
FAN01645,Nguyen Anh Phong,lan1645@hotmail.com,0970463012,1990
FAN01646,Pham Xuan Hung,hung1646@fpt.edu.vn,0969830132,1990
FAN01647,Bui Minh Phong,lan1647@hotmail.com,0944473268,1990
FAN01648,Pham Anh Dung,dung1648@yahoo.com,0935136504,1999
FAN01649,Dang Anh Nam,lan1649@gmail.com,0968962020,1998
FAN01650,Do Tuan Bach,linh1650@gmail.com,0990918991,2004
FAN01651,Bui Duc Phong,lan1651@yahoo.com,0914002858,1995
FAN01652,Do Tuan Bach,vy1652@hotmail.com,0999936313,2008
FAN01653,Phan Hai Nam,lan1653@fpt.edu.vn,0939456839,1985
FAN01654,Phan Gia Dung,quan1654@yahoo.com,0994488453,1985
FAN01655,Bui Thi Vy,mai1655@yahoo.com,0980250594,1988
FAN01656,Phan Xuan Phong,linh1656@yahoo.com,0967934552,1999
FAN01657,Vu Gia Linh,bach1657@fpt.edu.vn,0964015373,1986
FAN01658,Phan Xuan Dung,lan1658@fpt.edu.vn,0986011752,2000
FAN01659,Le Gia Vy,lan1659@hotmail.com,0967551982,1991
FAN01660,Phan Gia Phong,bach1660@yahoo.com,0929432674,1987
FAN01661,Nguyen Xuan Vy,phong1661@hotmail.com,0961988350,1995
FAN01662,Dang Quoc Vy,hung1662@gmail.com,0976731018,2002
FAN01663,Le Xuan Lan,quan1663@hotmail.com,0921015212,1996
FAN01664,Phan Thi Bach,quan1664@hotmail.com,0968869124,2006
FAN01665,Bui Thi Quan,bach1665@gmail.com,0972699093,1989
FAN01666,Pham Thi Nam,hung1666@hotmail.com,0926512728,1995
FAN01667,Pham Hai Nam,vy1667@gmail.com,0935211204,2000
FAN01668,Nguyen Minh Quan,vy1668@yahoo.com,0917600233,1985
FAN01669,Phan Gia Lan,hung1669@yahoo.com,0956278766,1999
FAN01670,Hoang Duc Dung,vy1670@gmail.com,0948283118,1998
FAN01671,Do Hai Hung,linh1671@gmail.com,0950308933,1987
FAN01672,Phan Gia Hung,nam1672@fpt.edu.vn,0957181399,1999
FAN01673,Le Thi Dung,vy1673@fpt.edu.vn,0929900986,2001
FAN01674,Bui Duc Mai,phong1674@fpt.edu.vn,0993122343,2006
FAN01675,Nguyen Anh Phong,quan1675@hotmail.com,0924690142,1987
FAN01676,Vu Xuan Bach,vy1676@fpt.edu.vn,0910502513,2000
FAN01677,Dang Gia Nam,hung1677@yahoo.com,0924686426,2006
FAN01678,Nguyen Hai Bach,phong1678@yahoo.com,0933970500,1996
FAN01679,Nguyen Gia Phong,vy1679@gmail.com,0945313471,2006
FAN01680,Le Quoc Linh,lan1680@fpt.edu.vn,0988689722,1998
FAN01681,Vu Gia Lan,nam1681@hotmail.com,0971328973,1993
FAN01682,Vu Xuan Lan,phong1682@fpt.edu.vn,0965884489,2003
FAN01683,Le Duc Quan,phong1683@hotmail.com,0917891339,1991
FAN01684,Phan Minh Quan,lan1684@gmail.com,0932898656,1986
FAN01685,Hoang Van Linh,vy1685@hotmail.com,0945791635,1992
FAN01686,Dang Thi Hung,hung1686@yahoo.com,0922567204,1995
FAN01687,Pham Xuan Dung,lan1687@gmail.com,0944967942,1986
FAN01688,Bui Van Quan,mai1688@fpt.edu.vn,0962730017,1992
FAN01689,Tran Hai Vy,quan1689@gmail.com,0951051817,1996
FAN01690,Tran Anh Lan,bach1690@yahoo.com,0925952450,1987
FAN01691,Pham Tuan Dung,vy1691@yahoo.com,0948246494,2002
FAN01692,Pham Van Vy,quan1692@yahoo.com,0974076592,1986
FAN01693,Tran Minh Quan,linh1693@fpt.edu.vn,0912471763,1999
FAN01694,Do Duc Dung,nam1694@yahoo.com,0980004081,1990
FAN01695,Hoang Gia Vy,mai1695@gmail.com,0951401909,1993
FAN01696,Vu Gia Lan,hung1696@hotmail.com,0912597422,1987
FAN01697,Bui Van Linh,bach1697@hotmail.com,0989957356,2001
FAN01698,Nguyen Van Quan,phong1698@hotmail.com,0940086320,1993
FAN01699,Dang Xuan Phong,linh1699@fpt.edu.vn,0953864620,1987
FAN01700,Pham Xuan Quan,hung1700@gmail.com,0938947670,1988
FAN01701,Pham Minh Dung,hung1701@fpt.edu.vn,0994503477,1985
FAN01702,Pham Minh Nam,linh1702@yahoo.com,0971021728,2007
FAN01703,Tran Minh Lan,nam1703@fpt.edu.vn,0940750055,2003
FAN01704,Hoang Gia Nam,dung1704@hotmail.com,0985883185,2001
FAN01705,Vu Xuan Mai,phong1705@gmail.com,0929539250,2002
FAN01706,Phan Van Dung,nam1706@fpt.edu.vn,0980486246,2004
FAN01707,Dang Tuan Mai,phong1707@yahoo.com,0965878925,2007
FAN01708,Bui Quoc Quan,quan1708@fpt.edu.vn,0918536731,1999
FAN01709,Nguyen Minh Linh,linh1709@hotmail.com,0986669339,1987
FAN01710,Tran Van Linh,lan1710@hotmail.com,0980560255,1991
FAN01711,Phan Thi Quan,linh1711@gmail.com,0924117654,1985
FAN01712,Pham Tuan Linh,phong1712@fpt.edu.vn,0959446864,2001
FAN01713,Vu Xuan Phong,bach1713@hotmail.com,0963780496,2000
FAN01714,Pham Gia Phong,lan1714@yahoo.com,0924253777,2003
FAN01715,Dang Quoc Quan,nam1715@hotmail.com,0984831427,1986
FAN01716,Dang Thi Bach,hung1716@fpt.edu.vn,0947610143,1995
FAN01717,Dang Van Hung,lan1717@hotmail.com,0963242683,1989
FAN01718,Do Hai Quan,quan1718@gmail.com,0958297964,1987
FAN01719,Tran Xuan Nam,linh1719@yahoo.com,0952617852,2006
FAN01720,Do Duc Vy,linh1720@fpt.edu.vn,0961715060,1988
FAN01721,Le Quoc Vy,phong1721@yahoo.com,0919735560,1994
FAN01722,Nguyen Van Hung,lan1722@yahoo.com,0973342049,1998
FAN01723,Dang Anh Quan,hung1723@hotmail.com,0921410295,1999
FAN01724,Tran Anh Quan,nam1724@hotmail.com,0955257569,2004
FAN01725,Le Anh Quan,nam1725@fpt.edu.vn,0989050467,2002
FAN01726,Phan Thi Lan,nam1726@fpt.edu.vn,0919176341,2007
FAN01727,Le Hai Phong,bach1727@hotmail.com,0965765284,2004
FAN01728,Le Anh Dung,vy1728@yahoo.com,0925127960,2007
FAN01729,Hoang Minh Phong,quan1729@gmail.com,0935721903,1996
FAN01730,Tran Gia Mai,linh1730@yahoo.com,0942619714,2004
FAN01731,Tran Gia Nam,vy1731@fpt.edu.vn,0912915170,1998
FAN01732,Tran Hai Hung,nam1732@hotmail.com,0951269363,2001
FAN01733,Dang Duc Mai,bach1733@gmail.com,0914069790,2008
FAN01734,Le Van Vy,bach1734@gmail.com,0944765716,1986
FAN01735,Do Quoc Nam,quan1735@fpt.edu.vn,0947130161,1990
FAN01736,Hoang Xuan Nam,dung1736@yahoo.com,0973943093,1995
FAN01737,Hoang Anh Hung,linh1737@gmail.com,0950424453,2005
FAN01738,Tran Tuan Nam,linh1738@gmail.com,0959057107,1999
FAN01739,Hoang Xuan Bach,quan1739@hotmail.com,0971721205,1990
FAN01740,Pham Quoc Quan,dung1740@gmail.com,0971726249,1997
FAN01741,Tran Duc Linh,hung1741@yahoo.com,0969853032,2004
FAN01742,Hoang Van Nam,bach1742@fpt.edu.vn,0919601534,1988
FAN01743,Tran Tuan Lan,nam1743@fpt.edu.vn,0983987918,2004
FAN01744,Tran Duc Quan,phong1744@yahoo.com,0946805219,1997
FAN01745,Tran Xuan Lan,nam1745@gmail.com,0910337138,1987
FAN01746,Le Van Lan,bach1746@hotmail.com,0958064835,2007
FAN01747,Hoang Gia Dung,linh1747@yahoo.com,0964379654,2000
FAN01748,Pham Thi Lan,bach1748@yahoo.com,0948101420,1986
FAN01749,Hoang Tuan Lan,dung1749@gmail.com,0972956594,1993
FAN01750,Phan Quoc Hung,lan1750@fpt.edu.vn,0973387951,1987
FAN01751,Hoang Van Quan,lan1751@gmail.com,0993013669,1997
FAN01752,Pham Thi Linh,vy1752@fpt.edu.vn,0944023619,2002
FAN01753,Do Tuan Dung,nam1753@yahoo.com,0990493572,1998
FAN01754,Vu Van Hung,bach1754@fpt.edu.vn,0970525096,2002
FAN01755,Nguyen Van Hung,dung1755@yahoo.com,0937032891,1986
FAN01756,Pham Duc Bach,hung1756@yahoo.com,0957985555,2000
FAN01757,Phan Thi Hung,vy1757@gmail.com,0988525858,2005
FAN01758,Pham Xuan Hung,dung1758@hotmail.com,0951128449,1985
FAN01759,Phan Quoc Lan,quan1759@hotmail.com,0989289863,1996
FAN01760,Tran Xuan Linh,phong1760@yahoo.com,0990951711,2002
FAN01761,Do Hai Nam,linh1761@fpt.edu.vn,0990608684,2005
FAN01762,Nguyen Xuan Nam,dung1762@hotmail.com,0979685618,1997
FAN01763,Pham Thi Bach,phong1763@gmail.com,0942941729,1995
FAN01764,Dang Xuan Hung,quan1764@yahoo.com,0998965540,1990
FAN01765,Hoang Gia Dung,mai1765@yahoo.com,0988643267,2006
FAN01766,Hoang Minh Vy,linh1766@yahoo.com,0975968117,1998
FAN01767,Phan Thi Dung,nam1767@gmail.com,0931577392,1986
FAN01768,Nguyen Tuan Mai,dung1768@gmail.com,0961379587,2006
FAN01769,Phan Minh Quan,linh1769@fpt.edu.vn,0964239762,1999
FAN01770,Vu Anh Bach,dung1770@fpt.edu.vn,0919713422,1985
FAN01771,Hoang Anh Nam,dung1771@gmail.com,0963456099,1989
FAN01772,Bui Quoc Nam,linh1772@yahoo.com,0936907428,1987
FAN01773,Dang Quoc Dung,dung1773@hotmail.com,0969125800,2008
FAN01774,Bui Gia Lan,nam1774@hotmail.com,0982618054,1988
FAN01775,Phan Quoc Nam,lan1775@fpt.edu.vn,0949656239,1991
FAN01776,Do Quoc Bach,nam1776@hotmail.com,0990453868,1988
FAN01777,Phan Thi Dung,quan1777@gmail.com,0942882503,1988
FAN01778,Hoang Gia Bach,linh1778@gmail.com,0986729158,1995
FAN01779,Phan Thi Nam,quan1779@yahoo.com,0943133881,1985
FAN01780,Tran Anh Linh,dung1780@yahoo.com,0929870916,1999
FAN01781,Vu Quoc Phong,lan1781@fpt.edu.vn,0977557432,1996
FAN01782,Pham Van Linh,nam1782@hotmail.com,0916175627,1988
FAN01783,Hoang Anh Quan,quan1783@hotmail.com,0944265260,2008
FAN01784,Vu Xuan Hung,lan1784@hotmail.com,0994603617,1998
FAN01785,Vu Quoc Nam,phong1785@gmail.com,0926906850,2003
FAN01786,Do Tuan Dung,vy1786@yahoo.com,0943505602,1988
FAN01787,Do Duc Linh,lan1787@yahoo.com,0954624705,1990
FAN01788,Hoang Gia Vy,hung1788@fpt.edu.vn,0996395790,1988
FAN01789,Do Quoc Mai,dung1789@hotmail.com,0929232059,2003
FAN01790,Tran Gia Phong,dung1790@fpt.edu.vn,0978703156,1997
FAN01791,Le Thi Lan,nam1791@yahoo.com,0986368082,1986
FAN01792,Bui Thi Phong,bach1792@fpt.edu.vn,0996730472,1991
FAN01793,Le Duc Vy,mai1793@gmail.com,0991813402,1987
FAN01794,Phan Xuan Nam,lan1794@fpt.edu.vn,0983291321,2004
FAN01795,Hoang Hai Linh,lan1795@fpt.edu.vn,0932642055,2008
FAN01796,Vu Van Linh,dung1796@fpt.edu.vn,0912811804,2004
FAN01797,Dang Hai Lan,vy1797@hotmail.com,0918708674,2007
FAN01798,Pham Minh Bach,hung1798@fpt.edu.vn,0925243238,1992
FAN01799,Dang Anh Vy,vy1799@hotmail.com,0991067963,1995
FAN01800,Bui Anh Nam,mai1800@hotmail.com,0984995690,1994
FAN01801,Do Tuan Lan,linh1801@fpt.edu.vn,0987517230,1987
FAN01802,Pham Duc Phong,hung1802@hotmail.com,0985074911,1992
FAN01803,Le Quoc Dung,quan1803@fpt.edu.vn,0960857380,1993
FAN01804,Phan Quoc Vy,linh1804@hotmail.com,0963436247,2002
FAN01805,Phan Tuan Quan,linh1805@fpt.edu.vn,0942912159,1993
FAN01806,Nguyen Hai Vy,lan1806@gmail.com,0991897129,2005
FAN01807,Dang Van Nam,quan1807@yahoo.com,0934268958,1989
FAN01808,Dang Anh Phong,bach1808@hotmail.com,0976464521,1987
FAN01809,Hoang Hai Phong,mai1809@hotmail.com,0998925710,1986
FAN01810,Tran Van Bach,bach1810@fpt.edu.vn,0965785266,2005
FAN01811,Hoang Tuan Bach,bach1811@gmail.com,0970974017,2007
FAN01812,Pham Tuan Hung,linh1812@hotmail.com,0936832661,1993
FAN01813,Bui Tuan Phong,hung1813@gmail.com,0934004475,2003
FAN01814,Bui Van Bach,quan1814@hotmail.com,0955411126,2003
FAN01815,Nguyen Duc Lan,dung1815@fpt.edu.vn,0978816272,1995
FAN01816,Tran Quoc Mai,phong1816@fpt.edu.vn,0976707958,1989
FAN01817,Nguyen Gia Bach,linh1817@gmail.com,0996954329,2001
FAN01818,Bui Anh Quan,dung1818@fpt.edu.vn,0950681469,1996
FAN01819,Vu Xuan Mai,bach1819@yahoo.com,0919561932,1997
FAN01820,Tran Thi Bach,bach1820@hotmail.com,0979746255,2007
FAN01821,Bui Minh Nam,lan1821@fpt.edu.vn,0997271022,2002
FAN01822,Tran Van Vy,mai1822@gmail.com,0917392671,1985
FAN01823,Dang Hai Mai,linh1823@gmail.com,0948087252,1990
FAN01824,Le Tuan Quan,bach1824@gmail.com,0942508749,1998
FAN01825,Le Quoc Nam,nam1825@yahoo.com,0940815570,1989
FAN01826,Dang Gia Vy,phong1826@hotmail.com,0974975219,1993
FAN01827,Do Minh Quan,lan1827@fpt.edu.vn,0971480448,2008
FAN01828,Dang Anh Hung,lan1828@yahoo.com,0967472672,1986
FAN01829,Pham Thi Quan,phong1829@gmail.com,0978959139,1999
FAN01830,Phan Hai Dung,linh1830@yahoo.com,0987452067,2004
FAN01831,Le Van Phong,dung1831@fpt.edu.vn,0997937169,1999
FAN01832,Tran Gia Vy,vy1832@fpt.edu.vn,0943768850,2004
FAN01833,Hoang Duc Lan,mai1833@gmail.com,0979253270,1988
FAN01834,Tran Duc Hung,linh1834@yahoo.com,0923022541,2004
FAN01835,Tran Xuan Linh,phong1835@fpt.edu.vn,0980609844,1992
FAN01836,Le Quoc Linh,hung1836@hotmail.com,0956258600,2008
FAN01837,Vu Xuan Vy,linh1837@fpt.edu.vn,0938467658,1994
FAN01838,Bui Quoc Phong,nam1838@fpt.edu.vn,0927692631,1989
FAN01839,Pham Van Mai,hung1839@hotmail.com,0992081319,1992
FAN01840,Bui Gia Linh,hung1840@hotmail.com,0967203788,2000
FAN01841,Vu Gia Hung,lan1841@gmail.com,0937140047,1993
FAN01842,Dang Minh Mai,mai1842@gmail.com,0928205635,1990
FAN01843,Dang Gia Hung,vy1843@gmail.com,0911393357,2002
FAN01844,Bui Gia Linh,hung1844@yahoo.com,0951248159,1993
FAN01845,Hoang Gia Hung,linh1845@fpt.edu.vn,0936135446,2001
FAN01846,Pham Duc Phong,mai1846@fpt.edu.vn,0953563754,1992
FAN01847,Phan Xuan Quan,vy1847@hotmail.com,0963446951,2006
FAN01848,Bui Anh Vy,bach1848@gmail.com,0956711801,1986
FAN01849,Phan Minh Quan,vy1849@fpt.edu.vn,0965052762,2000
FAN01850,Vu Hai Quan,nam1850@gmail.com,0963585392,1985
FAN01851,Nguyen Xuan Mai,hung1851@yahoo.com,0972798280,1994
FAN01852,Nguyen Van Quan,mai1852@yahoo.com,0945992381,2004
FAN01853,Hoang Gia Nam,hung1853@yahoo.com,0923407912,1992
FAN01854,Pham Gia Mai,linh1854@fpt.edu.vn,0946446393,1990
FAN01855,Bui Duc Lan,vy1855@hotmail.com,0921689158,1999
FAN01856,Dang Hai Quan,phong1856@fpt.edu.vn,0954491429,2002
FAN01857,Bui Duc Quan,bach1857@gmail.com,0983231541,1987
FAN01858,Vu Hai Nam,quan1858@yahoo.com,0960616124,2001
FAN01859,Nguyen Hai Lan,nam1859@hotmail.com,0970453201,2004
FAN01860,Phan Thi Linh,hung1860@fpt.edu.vn,0996162111,1994
FAN01861,Do Hai Lan,linh1861@fpt.edu.vn,0921421626,1997
FAN01862,Phan Hai Mai,lan1862@yahoo.com,0994936680,2006
FAN01863,Vu Quoc Nam,lan1863@fpt.edu.vn,0954475100,1987
FAN01864,Do Tuan Quan,lan1864@gmail.com,0927506527,1997
FAN01865,Vu Anh Phong,hung1865@hotmail.com,0974219294,1985
FAN01866,Phan Xuan Dung,linh1866@fpt.edu.vn,0964840061,1998
FAN01867,Pham Duc Lan,vy1867@yahoo.com,0937189324,1989
FAN01868,Pham Gia Mai,phong1868@fpt.edu.vn,0931726124,2000
FAN01869,Pham Tuan Dung,dung1869@gmail.com,0978231795,2006
FAN01870,Le Van Quan,hung1870@hotmail.com,0957395803,1994
FAN01871,Nguyen Xuan Quan,vy1871@yahoo.com,0937475262,2005
FAN01872,Nguyen Thi Dung,mai1872@hotmail.com,0982979810,1990
FAN01873,Vu Hai Phong,dung1873@yahoo.com,0981956040,2005
FAN01874,Dang Gia Mai,nam1874@gmail.com,0996153786,2003
FAN01875,Phan Tuan Dung,nam1875@fpt.edu.vn,0941433051,2004
FAN01876,Dang Van Bach,hung1876@yahoo.com,0954456379,2006
FAN01877,Phan Minh Bach,linh1877@gmail.com,0989977313,1997
FAN01878,Phan Van Dung,linh1878@fpt.edu.vn,0930194497,2000
FAN01879,Pham Anh Vy,mai1879@yahoo.com,0988147512,2007
FAN01880,Dang Quoc Bach,dung1880@gmail.com,0942648616,1988
FAN01881,Bui Gia Mai,mai1881@fpt.edu.vn,0957122557,2007
FAN01882,Bui Xuan Nam,lan1882@fpt.edu.vn,0978349752,1992
FAN01883,Bui Thi Quan,nam1883@hotmail.com,0940463234,2000
FAN01884,Vu Quoc Dung,nam1884@gmail.com,0984888994,2007
FAN01885,Nguyen Thi Mai,linh1885@hotmail.com,0934794342,1996
FAN01886,Bui Tuan Dung,dung1886@fpt.edu.vn,0976655820,1988
FAN01887,Hoang Minh Lan,linh1887@hotmail.com,0950187519,1988
FAN01888,Nguyen Xuan Phong,bach1888@fpt.edu.vn,0952055191,1998
FAN01889,Bui Hai Nam,lan1889@gmail.com,0964926665,1997
FAN01890,Dang Thi Lan,nam1890@hotmail.com,0945878181,1992
FAN01891,Hoang Gia Phong,nam1891@yahoo.com,0913673523,2007
FAN01892,Do Gia Quan,hung1892@fpt.edu.vn,0977707135,1993
FAN01893,Bui Anh Vy,bach1893@yahoo.com,0987105913,1990
FAN01894,Hoang Minh Vy,dung1894@gmail.com,0928204010,2005
FAN01895,Pham Quoc Lan,bach1895@yahoo.com,0983223141,1989
FAN01896,Bui Gia Linh,linh1896@fpt.edu.vn,0982512371,2008
FAN01897,Dang Anh Dung,mai1897@hotmail.com,0911797159,1992
FAN01898,Phan Tuan Nam,mai1898@yahoo.com,0987603834,2007
FAN01899,Phan Van Mai,bach1899@fpt.edu.vn,0981019255,2001
FAN01900,Vu Anh Hung,nam1900@gmail.com,0972074723,1994
FAN01901,Tran Xuan Vy,vy1901@fpt.edu.vn,0964268053,1992
FAN01902,Tran Gia Mai,quan1902@fpt.edu.vn,0949218384,1998
FAN01903,Pham Anh Hung,mai1903@hotmail.com,0989679733,1993
FAN01904,Vu Tuan Hung,lan1904@fpt.edu.vn,0960718823,2002
FAN01905,Nguyen Quoc Linh,hung1905@hotmail.com,0985065720,1986
FAN01906,Pham Gia Mai,nam1906@yahoo.com,0911823803,1998
FAN01907,Do Van Mai,phong1907@hotmail.com,0960726785,1993
FAN01908,Tran Quoc Linh,lan1908@gmail.com,0993486587,1985
FAN01909,Vu Xuan Dung,lan1909@yahoo.com,0923814412,2002
FAN01910,Do Gia Hung,mai1910@yahoo.com,0968557805,1991
FAN01911,Tran Van Dung,mai1911@gmail.com,0985224384,2006
FAN01912,Vu Minh Bach,quan1912@fpt.edu.vn,0933018633,2004
FAN01913,Le Anh Dung,bach1913@gmail.com,0995771932,1990
FAN01914,Le Quoc Quan,linh1914@hotmail.com,0960171441,1996
FAN01915,Pham Gia Mai,linh1915@yahoo.com,0953138849,2000
FAN01916,Do Xuan Vy,linh1916@yahoo.com,0950143459,1997
FAN01917,Bui Xuan Mai,bach1917@gmail.com,0984084562,1995
FAN01918,Le Thi Nam,linh1918@hotmail.com,0991421492,2003
FAN01919,Pham Gia Quan,bach1919@yahoo.com,0984407097,1991
FAN01920,Nguyen Anh Vy,phong1920@hotmail.com,0971041249,2008
FAN01921,Le Gia Bach,phong1921@hotmail.com,0928558314,1988
FAN01922,Tran Duc Phong,vy1922@hotmail.com,0960663225,1988
FAN01923,Do Tuan Vy,hung1923@hotmail.com,0984996906,2008
FAN01924,Tran Gia Bach,hung1924@yahoo.com,0989186492,1986
FAN01925,Tran Gia Dung,vy1925@gmail.com,0944138864,1986
FAN01926,Dang Minh Bach,nam1926@yahoo.com,0918872933,2001
FAN01927,Tran Van Hung,linh1927@gmail.com,0958341053,2006
FAN01928,Dang Anh Linh,linh1928@yahoo.com,0937021599,2003
FAN01929,Bui Tuan Dung,nam1929@gmail.com,0989610705,2005
FAN01930,Vu Thi Bach,vy1930@hotmail.com,0942770715,2008
FAN01931,Le Minh Hung,mai1931@yahoo.com,0958946189,1994
FAN01932,Hoang Van Vy,dung1932@yahoo.com,0976175538,1990
FAN01933,Dang Tuan Quan,mai1933@gmail.com,0922880867,2006
FAN01934,Phan Thi Mai,quan1934@fpt.edu.vn,0958949459,1988
FAN01935,Pham Van Quan,linh1935@gmail.com,0938014526,1992
FAN01936,Bui Duc Mai,nam1936@fpt.edu.vn,0940305578,2006
FAN01937,Tran Gia Nam,linh1937@fpt.edu.vn,0924859199,1990
FAN01938,Hoang Van Quan,lan1938@yahoo.com,0969902532,2001
FAN01939,Do Hai Nam,hung1939@hotmail.com,0975215637,2006
FAN01940,Dang Tuan Bach,mai1940@yahoo.com,0917530313,2001
FAN01941,Le Gia Nam,dung1941@hotmail.com,0965476280,2003
FAN01942,Phan Gia Nam,linh1942@gmail.com,0937547464,1997
FAN01943,Bui Quoc Nam,mai1943@fpt.edu.vn,0985203285,1988
FAN01944,Le Gia Dung,dung1944@fpt.edu.vn,0939134324,2006
FAN01945,Tran Van Phong,lan1945@gmail.com,0954202892,1998
FAN01946,Le Tuan Vy,mai1946@gmail.com,0926858724,1992
FAN01947,Hoang Minh Bach,bach1947@yahoo.com,0961528138,1993
FAN01948,Dang Quoc Bach,quan1948@hotmail.com,0916861576,1992
FAN01949,Nguyen Thi Vy,phong1949@gmail.com,0970460712,2005
FAN01950,Dang Anh Hung,bach1950@hotmail.com,0955752738,2006
FAN01951,Do Tuan Linh,dung1951@hotmail.com,0938600200,2005
FAN01952,Vu Xuan Dung,linh1952@gmail.com,0953101794,2004
FAN01953,Tran Minh Hung,nam1953@fpt.edu.vn,0951143006,1994
FAN01954,Hoang Quoc Lan,linh1954@hotmail.com,0919107454,1991
FAN01955,Do Tuan Nam,quan1955@fpt.edu.vn,0992406000,2003
FAN01956,Pham Duc Quan,nam1956@gmail.com,0957759861,2007
FAN01957,Dang Hai Lan,hung1957@fpt.edu.vn,0933131111,1994
FAN01958,Bui Quoc Mai,dung1958@gmail.com,0942034694,1993
FAN01959,Pham Anh Vy,dung1959@yahoo.com,0930497889,1985
FAN01960,Tran Quoc Hung,linh1960@fpt.edu.vn,0929683259,1997
FAN01961,Phan Van Quan,nam1961@gmail.com,0938786904,1998
FAN01962,Bui Duc Hung,quan1962@fpt.edu.vn,0931567014,1990
FAN01963,Phan Tuan Lan,mai1963@gmail.com,0926922146,1988
FAN01964,Nguyen Tuan Lan,quan1964@hotmail.com,0930232151,2000
FAN01965,Le Hai Dung,quan1965@gmail.com,0989852890,1998
FAN01966,Hoang Tuan Linh,dung1966@fpt.edu.vn,0953951717,1991
FAN01967,Phan Duc Mai,nam1967@fpt.edu.vn,0989932671,2004
FAN01968,Hoang Gia Hung,phong1968@fpt.edu.vn,0918414925,2001
FAN01969,Tran Gia Linh,vy1969@gmail.com,0974943014,1999
FAN01970,Nguyen Xuan Linh,quan1970@yahoo.com,0935012377,2004
FAN01971,Le Anh Linh,mai1971@yahoo.com,0937565288,1996
FAN01972,Tran Duc Lan,mai1972@hotmail.com,0950164459,1994
FAN01973,Pham Minh Nam,hung1973@fpt.edu.vn,0942707649,1989
FAN01974,Bui Anh Dung,quan1974@yahoo.com,0961368262,2002
FAN01975,Bui Minh Linh,hung1975@fpt.edu.vn,0999332418,2005
FAN01976,Phan Van Lan,dung1976@yahoo.com,0966624623,1986
FAN01977,Bui Van Quan,hung1977@yahoo.com,0995199025,1987
FAN01978,Dang Duc Lan,linh1978@hotmail.com,0948251182,2001
FAN01979,Do Xuan Vy,vy1979@gmail.com,0961174818,2008
FAN01980,Bui Gia Mai,nam1980@hotmail.com,0932669698,1998
FAN01981,Le Hai Hung,nam1981@gmail.com,0926718868,2002
FAN01982,Phan Hai Quan,phong1982@fpt.edu.vn,0967432920,1988
FAN01983,Nguyen Gia Lan,vy1983@yahoo.com,0944775951,1998
FAN01984,Do Van Bach,hung1984@fpt.edu.vn,0991179562,1996
FAN01985,Phan Duc Phong,quan1985@yahoo.com,0936035951,1995
FAN01986,Le Hai Lan,quan1986@gmail.com,0952560108,2003
FAN01987,Bui Minh Quan,vy1987@gmail.com,0917041791,1995
FAN01988,Vu Minh Phong,hung1988@fpt.edu.vn,0960470060,2002
FAN01989,Nguyen Anh Quan,hung1989@yahoo.com,0964919351,1995
FAN01990,Tran Quoc Mai,phong1990@yahoo.com,0974308125,1991
FAN01991,Le Anh Nam,lan1991@gmail.com,0912402838,1985
FAN01992,Hoang Tuan Quan,quan1992@hotmail.com,0952428057,2004
FAN01993,Le Quoc Vy,hung1993@fpt.edu.vn,0940784423,1986
FAN01994,Do Van Bach,phong1994@yahoo.com,0938925526,1992
FAN01995,Vu Anh Dung,nam1995@hotmail.com,0946316268,2005
FAN01996,Vu Thi Phong,lan1996@yahoo.com,0956508237,1996
FAN01997,Phan Thi Bach,quan1997@fpt.edu.vn,0952211575,2000
FAN01998,Dang Quoc Dung,quan1998@hotmail.com,0977146387,1986
FAN01999,Hoang Minh Dung,hung1999@gmail.com,0994102868,1985
FAN02000,Vu Minh Dung,vy2000@yahoo.com,0938256654,1996
FAN02001,Bui Quoc Mai,quan2001@yahoo.com,0983114113,1999
FAN02002,Bui Xuan Mai,dung2002@hotmail.com,0979897836,2004
FAN02003,Nguyen Duc Nam,bach2003@hotmail.com,0934415605,1998
FAN02004,Vu Quoc Nam,phong2004@fpt.edu.vn,0917730642,2006
FAN02005,Le Quoc Bach,dung2005@hotmail.com,0978409543,2006
FAN02006,Nguyen Duc Hung,phong2006@hotmail.com,0923720894,1989
FAN02007,Dang Anh Mai,nam2007@hotmail.com,0916330230,2007
FAN02008,Phan Quoc Mai,phong2008@yahoo.com,0996823769,2001
FAN02009,Hoang Tuan Quan,lan2009@yahoo.com,0962556598,1989
FAN02010,Le Gia Vy,lan2010@fpt.edu.vn,0997674649,1986
FAN02011,Dang Thi Mai,phong2011@fpt.edu.vn,0990252274,2006
FAN02012,Vu Quoc Bach,bach2012@hotmail.com,0943024210,1995
FAN02013,Vu Xuan Phong,dung2013@yahoo.com,0988527418,1994
FAN02014,Dang Hai Bach,nam2014@yahoo.com,0946476515,2004
FAN02015,Vu Tuan Linh,vy2015@fpt.edu.vn,0996250145,1992
FAN02016,Dang Thi Phong,lan2016@fpt.edu.vn,0936445411,1992
FAN02017,Nguyen Van Quan,lan2017@fpt.edu.vn,0969071189,1989
FAN02018,Dang Thi Dung,mai2018@hotmail.com,0995440348,1997
FAN02019,Do Duc Linh,dung2019@yahoo.com,0968145162,2000
FAN02020,Pham Quoc Phong,hung2020@fpt.edu.vn,0937895320,1992
FAN02021,Tran Duc Hung,linh2021@hotmail.com,0991252435,1985
FAN02022,Nguyen Quoc Vy,mai2022@yahoo.com,0968547362,1989
FAN02023,Nguyen Minh Dung,lan2023@yahoo.com,0913017892,2003
FAN02024,Nguyen Gia Quan,dung2024@yahoo.com,0912226972,2001
FAN02025,Bui Hai Vy,mai2025@gmail.com,0961406802,1995
FAN02026,Vu Anh Mai,phong2026@yahoo.com,0961178186,2001
FAN02027,Phan Anh Hung,lan2027@hotmail.com,0920296943,2007
FAN02028,Bui Quoc Phong,linh2028@yahoo.com,0939369547,1998
FAN02029,Hoang Van Mai,hung2029@fpt.edu.vn,0976002907,1995
FAN02030,Nguyen Xuan Bach,dung2030@fpt.edu.vn,0954555748,1995
FAN02031,Phan Duc Bach,hung2031@hotmail.com,0975620085,1997
FAN02032,Vu Anh Bach,hung2032@hotmail.com,0968377720,1996
FAN02033,Le Xuan Phong,lan2033@fpt.edu.vn,0936213300,1996
FAN02034,Do Van Nam,mai2034@hotmail.com,0927787315,1985
FAN02035,Dang Hai Linh,linh2035@fpt.edu.vn,0962253567,1987
FAN02036,Pham Van Mai,hung2036@fpt.edu.vn,0997458429,1985
FAN02037,Tran Xuan Phong,quan2037@fpt.edu.vn,0976037535,1991
FAN02038,Tran Gia Vy,nam2038@yahoo.com,0929195358,1993
FAN02039,Dang Gia Bach,mai2039@gmail.com,0961523231,2003
FAN02040,Le Xuan Hung,phong2040@hotmail.com,0949434858,2006
FAN02041,Pham Gia Dung,lan2041@hotmail.com,0982746897,1990
FAN02042,Do Duc Mai,vy2042@gmail.com,0911843934,1990
FAN02043,Hoang Thi Lan,quan2043@gmail.com,0938035963,1995
FAN02044,Hoang Minh Phong,vy2044@hotmail.com,0993847414,1995
FAN02045,Bui Van Dung,mai2045@yahoo.com,0962325735,1993
FAN02046,Hoang Tuan Mai,bach2046@hotmail.com,0974532478,1985
FAN02047,Do Tuan Nam,vy2047@fpt.edu.vn,0994530909,2007
FAN02048,Phan Anh Dung,lan2048@hotmail.com,0960169604,1990
FAN02049,Dang Xuan Bach,mai2049@fpt.edu.vn,0962952545,1990
FAN02050,Phan Duc Vy,hung2050@gmail.com,0994567942,2007
FAN02051,Nguyen Anh Dung,linh2051@hotmail.com,0997904225,2001
FAN02052,Dang Van Nam,dung2052@fpt.edu.vn,0968989952,2002
FAN02053,Vu Anh Hung,linh2053@gmail.com,0980306597,1985
FAN02054,Vu Hai Bach,linh2054@yahoo.com,0939280562,2005
FAN02055,Bui Thi Nam,mai2055@hotmail.com,0998302472,2008
FAN02056,Do Tuan Mai,mai2056@hotmail.com,0920975330,1987
FAN02057,Phan Hai Lan,nam2057@gmail.com,0956731643,2008
FAN02058,Dang Tuan Bach,lan2058@hotmail.com,0982762438,2005
FAN02059,Phan Anh Hung,bach2059@yahoo.com,0931859298,1998
FAN02060,Vu Hai Vy,lan2060@yahoo.com,0998274261,2001
FAN02061,Tran Duc Nam,bach2061@yahoo.com,0934744521,2002
FAN02062,Do Hai Phong,linh2062@gmail.com,0979261300,2006
FAN02063,Nguyen Hai Mai,mai2063@fpt.edu.vn,0985318966,1995
FAN02064,Tran Minh Lan,lan2064@hotmail.com,0995251033,2004
FAN02065,Pham Hai Quan,nam2065@fpt.edu.vn,0918213463,1985
FAN02066,Phan Quoc Dung,nam2066@gmail.com,0916273904,1993
FAN02067,Bui Gia Quan,vy2067@fpt.edu.vn,0956053220,1999
FAN02068,Tran Duc Quan,vy2068@hotmail.com,0999324240,2000
FAN02069,Le Gia Bach,quan2069@yahoo.com,0910143509,2002
FAN02070,Tran Minh Dung,bach2070@fpt.edu.vn,0970434389,2005
FAN02071,Pham Xuan Linh,dung2071@yahoo.com,0994340224,1997
FAN02072,Pham Tuan Linh,lan2072@fpt.edu.vn,0937053389,1985
FAN02073,Tran Duc Hung,vy2073@hotmail.com,0913825952,2005
FAN02074,Dang Van Vy,phong2074@gmail.com,0971190776,1997
FAN02075,Dang Hai Dung,quan2075@gmail.com,0914141886,1989
FAN02076,Dang Tuan Bach,vy2076@hotmail.com,0942459214,1992
FAN02077,Do Quoc Dung,bach2077@yahoo.com,0978994372,1987
FAN02078,Nguyen Tuan Vy,lan2078@yahoo.com,0965393002,1999
FAN02079,Do Quoc Dung,lan2079@gmail.com,0999234571,2000
FAN02080,Do Hai Bach,linh2080@gmail.com,0993629604,1991
FAN02081,Le Thi Nam,dung2081@gmail.com,0982707852,1994
FAN02082,Pham Xuan Linh,bach2082@gmail.com,0922596775,2000
FAN02083,Hoang Van Mai,bach2083@fpt.edu.vn,0934709979,2008
FAN02084,Le Anh Nam,lan2084@gmail.com,0952857022,1994
FAN02085,Pham Gia Hung,hung2085@fpt.edu.vn,0927333865,2006
FAN02086,Do Minh Mai,quan2086@hotmail.com,0969641558,2004
FAN02087,Bui Xuan Dung,nam2087@fpt.edu.vn,0985148656,1995
FAN02088,Vu Duc Bach,lan2088@yahoo.com,0967291566,1986
FAN02089,Hoang Minh Dung,linh2089@yahoo.com,0958514945,2008
FAN02090,Hoang Van Dung,nam2090@fpt.edu.vn,0923352262,1989
FAN02091,Dang Thi Mai,bach2091@gmail.com,0954531076,1991
FAN02092,Vu Minh Quan,dung2092@fpt.edu.vn,0976862249,1987
FAN02093,Pham Hai Mai,vy2093@gmail.com,0986192755,1997
FAN02094,Do Hai Bach,nam2094@fpt.edu.vn,0990294242,1997
FAN02095,Le Xuan Lan,nam2095@gmail.com,0953464604,2002
FAN02096,Nguyen Tuan Mai,quan2096@hotmail.com,0962714709,1987
FAN02097,Tran Gia Linh,nam2097@gmail.com,0974273241,2007
FAN02098,Hoang Xuan Bach,dung2098@gmail.com,0958524573,1996
FAN02099,Pham Xuan Hung,dung2099@hotmail.com,0987454668,2004
FAN02100,Dang Anh Quan,nam2100@yahoo.com,0953840033,2008
FAN02101,Nguyen Tuan Hung,dung2101@yahoo.com,0988038447,1996
FAN02102,Nguyen Hai Hung,vy2102@fpt.edu.vn,0962352147,1987
FAN02103,Nguyen Xuan Dung,quan2103@hotmail.com,0915094738,1994
FAN02104,Do Anh Bach,vy2104@gmail.com,0956622079,1985
FAN02105,Hoang Duc Lan,dung2105@hotmail.com,0925663047,1989
FAN02106,Nguyen Anh Quan,lan2106@fpt.edu.vn,0954980752,1992
FAN02107,Pham Quoc Phong,quan2107@hotmail.com,0942636729,1998
FAN02108,Do Duc Lan,hung2108@fpt.edu.vn,0959676135,1994
FAN02109,Le Hai Phong,lan2109@yahoo.com,0949926718,2008
FAN02110,Do Anh Lan,nam2110@gmail.com,0953538814,2006
FAN02111,Vu Gia Vy,hung2111@fpt.edu.vn,0929275272,2002
FAN02112,Phan Quoc Hung,hung2112@fpt.edu.vn,0939407799,2002
FAN02113,Bui Xuan Phong,hung2113@gmail.com,0983507990,1985
FAN02114,Phan Thi Hung,phong2114@gmail.com,0920726255,2003
FAN02115,Pham Thi Nam,phong2115@gmail.com,0951800555,1988
FAN02116,Tran Hai Vy,lan2116@yahoo.com,0980735312,1989
FAN02117,Phan Gia Phong,linh2117@fpt.edu.vn,0911168113,1990
FAN02118,Do Gia Hung,linh2118@gmail.com,0991741426,2005
FAN02119,Phan Quoc Hung,phong2119@yahoo.com,0978462473,1996
FAN02120,Vu Minh Phong,phong2120@gmail.com,0942524303,2008
FAN02121,Vu Quoc Quan,dung2121@gmail.com,0916934310,2004
FAN02122,Dang Minh Nam,phong2122@hotmail.com,0953598450,1989
FAN02123,Tran Minh Lan,dung2123@hotmail.com,0959610079,1997
FAN02124,Pham Thi Nam,nam2124@gmail.com,0946018367,1995
FAN02125,Vu Gia Nam,linh2125@fpt.edu.vn,0953654395,1998
FAN02126,Le Quoc Bach,dung2126@hotmail.com,0933470696,2008
FAN02127,Le Xuan Lan,linh2127@gmail.com,0910567469,1997
FAN02128,Do Tuan Quan,linh2128@hotmail.com,0955145042,2005
FAN02129,Bui Anh Dung,dung2129@gmail.com,0981466741,1988
FAN02130,Le Anh Nam,vy2130@yahoo.com,0934969574,1991
FAN02131,Vu Duc Phong,dung2131@gmail.com,0983189988,1998
FAN02132,Phan Xuan Vy,dung2132@fpt.edu.vn,0967846131,1985
FAN02133,Bui Van Linh,bach2133@hotmail.com,0964199519,1998
FAN02134,Tran Anh Hung,mai2134@gmail.com,0941805385,1996
FAN02135,Vu Minh Lan,dung2135@yahoo.com,0955535100,1985
FAN02136,Vu Duc Linh,lan2136@gmail.com,0998521082,2005
FAN02137,Do Hai Vy,linh2137@fpt.edu.vn,0911617721,2006
FAN02138,Tran Minh Dung,mai2138@yahoo.com,0916735177,2008
FAN02139,Phan Tuan Dung,phong2139@gmail.com,0990507759,1996
FAN02140,Do Anh Mai,linh2140@yahoo.com,0959394217,1987
FAN02141,Pham Anh Vy,quan2141@yahoo.com,0987285434,2004
FAN02142,Dang Hai Nam,quan2142@yahoo.com,0935789037,2001
FAN02143,Phan Tuan Mai,dung2143@yahoo.com,0959517993,1999
FAN02144,Pham Anh Nam,hung2144@hotmail.com,0935796379,1992
FAN02145,Do Xuan Hung,lan2145@fpt.edu.vn,0955556810,2004
FAN02146,Le Quoc Quan,phong2146@gmail.com,0985972355,1992
FAN02147,Dang Anh Hung,hung2147@gmail.com,0965396967,1991
FAN02148,Bui Gia Dung,linh2148@fpt.edu.vn,0927564361,2006
FAN02149,Le Van Dung,hung2149@yahoo.com,0933263885,2001
FAN02150,Pham Thi Dung,dung2150@gmail.com,0935201927,2004
FAN02151,Dang Duc Linh,lan2151@hotmail.com,0968421507,2007
FAN02152,Hoang Quoc Bach,nam2152@fpt.edu.vn,0919856471,1992
FAN02153,Nguyen Tuan Lan,hung2153@fpt.edu.vn,0924259476,1985
FAN02154,Le Gia Mai,nam2154@fpt.edu.vn,0995711867,1985
FAN02155,Vu Thi Quan,nam2155@yahoo.com,0925450169,1990
FAN02156,Pham Van Quan,vy2156@gmail.com,0933227636,1995
FAN02157,Bui Tuan Vy,dung2157@gmail.com,0918191393,1989
FAN02158,Phan Minh Linh,hung2158@fpt.edu.vn,0995705986,1988
FAN02159,Le Minh Quan,hung2159@fpt.edu.vn,0922752193,1994
FAN02160,Le Duc Phong,vy2160@fpt.edu.vn,0946554198,1987
FAN02161,Hoang Hai Vy,lan2161@yahoo.com,0918402518,1991
FAN02162,Bui Duc Lan,vy2162@fpt.edu.vn,0936663327,1992
FAN02163,Pham Van Linh,linh2163@yahoo.com,0972594743,1996
FAN02164,Pham Duc Linh,nam2164@fpt.edu.vn,0947266975,1997
FAN02165,Hoang Van Lan,mai2165@gmail.com,0957528798,1996
FAN02166,Hoang Thi Lan,dung2166@yahoo.com,0951410073,1989
FAN02167,Bui Anh Phong,bach2167@hotmail.com,0962834850,1987
FAN02168,Nguyen Quoc Hung,dung2168@hotmail.com,0916648280,1992
FAN02169,Pham Quoc Linh,quan2169@gmail.com,0928300133,1992
FAN02170,Phan Tuan Bach,dung2170@gmail.com,0911349818,2005
FAN02171,Pham Anh Dung,quan2171@fpt.edu.vn,0959820621,2007
FAN02172,Do Van Quan,lan2172@gmail.com,0975924820,1985
FAN02173,Do Gia Quan,linh2173@hotmail.com,0921521823,1994
FAN02174,Pham Thi Quan,phong2174@hotmail.com,0952511765,2008
FAN02175,Dang Tuan Phong,nam2175@hotmail.com,0985455378,1988
FAN02176,Vu Van Linh,dung2176@fpt.edu.vn,0932194893,2008
FAN02177,Tran Hai Quan,quan2177@yahoo.com,0988982417,1998
FAN02178,Le Tuan Bach,phong2178@hotmail.com,0998037453,2004
FAN02179,Pham Van Nam,hung2179@fpt.edu.vn,0948387413,2002
FAN02180,Dang Thi Hung,lan2180@fpt.edu.vn,0910000859,1993
FAN02181,Do Anh Bach,quan2181@hotmail.com,0923668954,1988
FAN02182,Dang Tuan Nam,nam2182@hotmail.com,0914764420,1988
FAN02183,Pham Quoc Dung,quan2183@gmail.com,0971795129,1995
FAN02184,Do Xuan Dung,dung2184@gmail.com,0917598375,2007
FAN02185,Nguyen Thi Lan,vy2185@yahoo.com,0997131658,1999
FAN02186,Nguyen Minh Phong,quan2186@yahoo.com,0914301578,1989
FAN02187,Bui Anh Phong,quan2187@yahoo.com,0995022261,1986
FAN02188,Hoang Anh Vy,bach2188@hotmail.com,0917096538,1986
FAN02189,Phan Duc Dung,mai2189@gmail.com,0962187064,1995
FAN02190,Bui Tuan Dung,lan2190@gmail.com,0957482675,1986
FAN02191,Tran Minh Lan,mai2191@yahoo.com,0974822830,1987
FAN02192,Pham Minh Hung,bach2192@gmail.com,0951551974,1997
FAN02193,Vu Thi Lan,bach2193@fpt.edu.vn,0942585883,1987
FAN02194,Tran Hai Quan,bach2194@fpt.edu.vn,0923556480,2007
FAN02195,Dang Thi Quan,lan2195@fpt.edu.vn,0976985936,2002
FAN02196,Le Thi Nam,phong2196@fpt.edu.vn,0972612766,2008
FAN02197,Hoang Tuan Phong,hung2197@yahoo.com,0964445499,1988
FAN02198,Phan Gia Quan,dung2198@fpt.edu.vn,0919598381,2008
FAN02199,Pham Duc Linh,dung2199@fpt.edu.vn,0963916908,2005
FAN02200,Tran Anh Linh,bach2200@fpt.edu.vn,0972371764,1994
FAN02201,Hoang Xuan Phong,bach2201@fpt.edu.vn,0939207053,1999
FAN02202,Bui Quoc Lan,quan2202@hotmail.com,0989465551,1988
FAN02203,Tran Tuan Bach,bach2203@fpt.edu.vn,0936173448,2003
FAN02204,Tran Thi Linh,bach2204@yahoo.com,0996167056,1991
FAN02205,Bui Gia Vy,mai2205@hotmail.com,0912390635,2006
FAN02206,Le Hai Vy,quan2206@yahoo.com,0964878835,1991
FAN02207,Bui Van Vy,quan2207@yahoo.com,0971271451,1992
FAN02208,Le Thi Hung,vy2208@fpt.edu.vn,0941972710,2000
FAN02209,Dang Duc Lan,nam2209@hotmail.com,0942831237,1995
FAN02210,Vu Duc Vy,hung2210@fpt.edu.vn,0977485798,2003
FAN02211,Hoang Van Quan,lan2211@fpt.edu.vn,0987092882,1992
FAN02212,Nguyen Hai Linh,bach2212@fpt.edu.vn,0951518537,1992
FAN02213,Bui Gia Linh,mai2213@yahoo.com,0948230572,2007
FAN02214,Vu Minh Lan,nam2214@fpt.edu.vn,0947491077,1993
FAN02215,Le Gia Linh,lan2215@yahoo.com,0939816325,1988
FAN02216,Pham Van Nam,hung2216@gmail.com,0995683573,1995
FAN02217,Tran Minh Bach,nam2217@fpt.edu.vn,0992584954,1991
FAN02218,Phan Van Nam,bach2218@hotmail.com,0936312917,1998
FAN02219,Hoang Van Mai,phong2219@yahoo.com,0968931214,1986
FAN02220,Pham Minh Hung,mai2220@fpt.edu.vn,0994624844,2008
FAN02221,Tran Anh Quan,lan2221@fpt.edu.vn,0939791303,2003
FAN02222,Bui Anh Vy,nam2222@yahoo.com,0949534187,2002
FAN02223,Tran Minh Hung,hung2223@hotmail.com,0946243299,1987
FAN02224,Pham Hai Lan,quan2224@yahoo.com,0931706770,2001
FAN02225,Do Gia Dung,hung2225@hotmail.com,0915714813,1986
FAN02226,Nguyen Xuan Dung,bach2226@fpt.edu.vn,0962472380,1995
FAN02227,Dang Xuan Nam,dung2227@gmail.com,0958864840,1986
FAN02228,Pham Thi Bach,linh2228@gmail.com,0920982051,1988
FAN02229,Dang Van Vy,linh2229@yahoo.com,0930557596,1992
FAN02230,Bui Hai Phong,nam2230@fpt.edu.vn,0965197775,2005
FAN02231,Bui Duc Linh,quan2231@fpt.edu.vn,0952031707,1986
FAN02232,Vu Anh Nam,nam2232@fpt.edu.vn,0911088680,2003
FAN02233,Hoang Duc Nam,lan2233@fpt.edu.vn,0945220335,1986
FAN02234,Dang Quoc Quan,nam2234@hotmail.com,0948605932,1988
FAN02235,Nguyen Quoc Dung,bach2235@yahoo.com,0916216994,2001
FAN02236,Hoang Thi Lan,lan2236@yahoo.com,0914884670,2007
FAN02237,Pham Gia Linh,quan2237@fpt.edu.vn,0937857358,2006
FAN02238,Bui Duc Lan,bach2238@gmail.com,0978301316,1994
FAN02239,Vu Thi Lan,lan2239@yahoo.com,0987656382,1988
FAN02240,Bui Minh Nam,phong2240@gmail.com,0948309461,2008
FAN02241,Nguyen Quoc Phong,mai2241@hotmail.com,0915604558,1990
FAN02242,Do Minh Quan,quan2242@fpt.edu.vn,0939218643,1988
FAN02243,Vu Tuan Vy,phong2243@gmail.com,0951190873,1991
FAN02244,Dang Duc Nam,mai2244@gmail.com,0990276947,1999
FAN02245,Phan Duc Lan,mai2245@fpt.edu.vn,0930906622,2001
FAN02246,Nguyen Thi Vy,linh2246@gmail.com,0955591424,2008
FAN02247,Le Gia Nam,phong2247@yahoo.com,0998477481,1987
FAN02248,Tran Hai Vy,linh2248@gmail.com,0971117956,2004
FAN02249,Tran Duc Vy,dung2249@yahoo.com,0990886394,2001
FAN02250,Le Xuan Vy,dung2250@gmail.com,0979094643,1997
FAN02251,Nguyen Duc Nam,dung2251@hotmail.com,0989117236,1992
FAN02252,Bui Hai Hung,bach2252@gmail.com,0980221579,1987
FAN02253,Hoang Xuan Quan,bach2253@fpt.edu.vn,0946345529,2005
FAN02254,Phan Anh Mai,linh2254@gmail.com,0952628620,2003
FAN02255,Dang Duc Mai,mai2255@yahoo.com,0950012909,1991
FAN02256,Hoang Thi Dung,vy2256@yahoo.com,0995483637,2008
FAN02257,Phan Thi Nam,vy2257@fpt.edu.vn,0943604911,1985
FAN02258,Le Minh Bach,nam2258@yahoo.com,0917942942,2007
FAN02259,Le Minh Hung,nam2259@fpt.edu.vn,0932795733,2001
FAN02260,Dang Duc Mai,bach2260@hotmail.com,0935490436,2007
FAN02261,Phan Gia Quan,lan2261@gmail.com,0942029679,2005
FAN02262,Tran Gia Nam,dung2262@gmail.com,0974140885,1988
FAN02263,Dang Gia Hung,bach2263@fpt.edu.vn,0960261726,2003
FAN02264,Bui Hai Nam,dung2264@fpt.edu.vn,0937713313,1990
FAN02265,Pham Duc Lan,phong2265@gmail.com,0936517977,2001
FAN02266,Vu Thi Linh,phong2266@hotmail.com,0966122792,1995
FAN02267,Tran Tuan Mai,bach2267@hotmail.com,0932650578,1997
FAN02268,Le Van Quan,dung2268@hotmail.com,0939513272,1993
FAN02269,Bui Hai Lan,hung2269@hotmail.com,0980297877,1993
FAN02270,Dang Van Vy,phong2270@hotmail.com,0919768579,2006
FAN02271,Le Duc Nam,linh2271@hotmail.com,0938334504,1986
FAN02272,Nguyen Hai Hung,linh2272@yahoo.com,0953742018,1991
FAN02273,Phan Anh Lan,nam2273@hotmail.com,0943804619,2004
FAN02274,Le Xuan Phong,linh2274@fpt.edu.vn,0983505490,1997
FAN02275,Tran Minh Vy,quan2275@gmail.com,0917456160,1991
FAN02276,Hoang Minh Lan,lan2276@hotmail.com,0961804099,1989
FAN02277,Hoang Quoc Linh,linh2277@hotmail.com,0920481679,1997
FAN02278,Vu Quoc Mai,hung2278@yahoo.com,0920235558,2000
FAN02279,Le Thi Dung,quan2279@yahoo.com,0950723476,2008
FAN02280,Hoang Minh Dung,quan2280@fpt.edu.vn,0918998527,2006
FAN02281,Dang Quoc Hung,hung2281@gmail.com,0994488858,1994
FAN02282,Nguyen Gia Mai,bach2282@yahoo.com,0968123345,2006
FAN02283,Vu Quoc Quan,quan2283@yahoo.com,0962562152,1986
FAN02284,Bui Xuan Phong,phong2284@yahoo.com,0994209271,2000
FAN02285,Tran Van Mai,phong2285@hotmail.com,0985206475,1993
FAN02286,Phan Anh Linh,linh2286@fpt.edu.vn,0941669125,1994
FAN02287,Tran Tuan Nam,hung2287@hotmail.com,0976647729,1987
FAN02288,Phan Xuan Lan,bach2288@gmail.com,0928729199,2007
FAN02289,Tran Anh Phong,vy2289@fpt.edu.vn,0913676190,1993
FAN02290,Pham Minh Hung,vy2290@gmail.com,0945613641,1998
FAN02291,Bui Xuan Bach,hung2291@gmail.com,0987789821,2001
FAN02292,Bui Quoc Phong,quan2292@fpt.edu.vn,0936401173,1991
FAN02293,Hoang Hai Bach,vy2293@hotmail.com,0915723839,2008
FAN02294,Dang Thi Linh,phong2294@yahoo.com,0949663767,1999
FAN02295,Vu Xuan Mai,vy2295@hotmail.com,0912184255,1989
FAN02296,Nguyen Van Phong,lan2296@hotmail.com,0963423827,1993
FAN02297,Le Quoc Lan,nam2297@hotmail.com,0983304400,1998
FAN02298,Tran Anh Nam,linh2298@fpt.edu.vn,0919998723,1995
FAN02299,Hoang Van Hung,dung2299@yahoo.com,0977218998,2001
FAN02300,Nguyen Thi Nam,mai2300@hotmail.com,0926320509,2002
FAN02301,Le Duc Phong,mai2301@gmail.com,0964185845,1999
FAN02302,Dang Minh Lan,nam2302@yahoo.com,0941275633,2003
FAN02303,Nguyen Quoc Bach,phong2303@hotmail.com,0994931649,1990
FAN02304,Le Anh Dung,hung2304@gmail.com,0933357001,2008
FAN02305,Phan Thi Lan,vy2305@yahoo.com,0939539470,2000
FAN02306,Nguyen Tuan Bach,hung2306@gmail.com,0938133370,1986
FAN02307,Le Minh Nam,lan2307@fpt.edu.vn,0985973247,2007
FAN02308,Pham Thi Quan,quan2308@yahoo.com,0929011678,1993
FAN02309,Tran Gia Hung,vy2309@gmail.com,0946900533,2000
FAN02310,Bui Duc Dung,phong2310@yahoo.com,0941512524,1996
FAN02311,Bui Gia Lan,vy2311@gmail.com,0936567702,1987
FAN02312,Le Duc Mai,vy2312@fpt.edu.vn,0917370707,1987
FAN02313,Dang Quoc Bach,mai2313@gmail.com,0948276336,1985
FAN02314,Le Tuan Vy,nam2314@gmail.com,0991397131,1989
FAN02315,Do Anh Mai,linh2315@yahoo.com,0988166833,1999
FAN02316,Hoang Hai Bach,mai2316@hotmail.com,0956460102,1985
FAN02317,Vu Minh Bach,nam2317@yahoo.com,0914753897,1993
FAN02318,Dang Quoc Mai,mai2318@gmail.com,0921973594,1987
FAN02319,Le Van Phong,dung2319@hotmail.com,0945553002,2007
FAN02320,Do Gia Nam,lan2320@fpt.edu.vn,0976398096,2002
FAN02321,Bui Hai Linh,dung2321@gmail.com,0925797796,1989
FAN02322,Dang Anh Bach,linh2322@fpt.edu.vn,0945277890,1995
FAN02323,Tran Quoc Linh,vy2323@hotmail.com,0912534157,1996
FAN02324,Tran Gia Hung,bach2324@fpt.edu.vn,0916481238,1987
FAN02325,Pham Thi Phong,hung2325@gmail.com,0967082850,1990
FAN02326,Dang Minh Bach,linh2326@hotmail.com,0919789091,1990
FAN02327,Dang Gia Lan,lan2327@yahoo.com,0935897711,1994
FAN02328,Le Anh Lan,lan2328@yahoo.com,0914740156,2003
FAN02329,Dang Van Dung,lan2329@fpt.edu.vn,0983696730,1989
FAN02330,Tran Anh Mai,nam2330@yahoo.com,0935936269,1999
FAN02331,Hoang Anh Quan,lan2331@yahoo.com,0936281986,2003
FAN02332,Bui Minh Linh,hung2332@gmail.com,0961784993,1998
FAN02333,Le Xuan Nam,mai2333@fpt.edu.vn,0995006958,1990
FAN02334,Hoang Minh Lan,linh2334@yahoo.com,0949637139,2008
FAN02335,Vu Minh Bach,hung2335@fpt.edu.vn,0956125167,1989
FAN02336,Le Tuan Linh,phong2336@fpt.edu.vn,0926304065,1994
FAN02337,Pham Quoc Phong,mai2337@yahoo.com,0945209971,1999
FAN02338,Do Tuan Hung,mai2338@yahoo.com,0980016983,2002
FAN02339,Hoang Van Nam,nam2339@fpt.edu.vn,0958302859,1998
FAN02340,Phan Xuan Nam,vy2340@yahoo.com,0962312971,2008
FAN02341,Dang Xuan Lan,hung2341@hotmail.com,0958189476,1997
FAN02342,Tran Minh Dung,hung2342@fpt.edu.vn,0954881307,2000
FAN02343,Do Thi Vy,vy2343@yahoo.com,0966917739,1998
FAN02344,Tran Tuan Hung,dung2344@yahoo.com,0966391798,1992
FAN02345,Phan Anh Hung,hung2345@hotmail.com,0996288446,1998
FAN02346,Phan Minh Lan,bach2346@fpt.edu.vn,0979456218,1990
FAN02347,Bui Van Linh,phong2347@yahoo.com,0957636828,2006
FAN02348,Do Duc Vy,lan2348@fpt.edu.vn,0919902111,2005
FAN02349,Vu Gia Lan,dung2349@yahoo.com,0940687786,2002
FAN02350,Phan Thi Quan,quan2350@yahoo.com,0924895966,2001
FAN02351,Hoang Xuan Vy,mai2351@hotmail.com,0926359193,1991
FAN02352,Hoang Hai Linh,hung2352@gmail.com,0976344425,2000
FAN02353,Phan Anh Nam,mai2353@yahoo.com,0973535404,1994
FAN02354,Dang Xuan Bach,nam2354@hotmail.com,0958687959,1992
FAN02355,Nguyen Xuan Phong,lan2355@fpt.edu.vn,0965931908,1988
FAN02356,Pham Gia Hung,hung2356@hotmail.com,0964875713,1992
FAN02357,Hoang Tuan Nam,mai2357@yahoo.com,0984825527,2008
FAN02358,Bui Minh Phong,bach2358@fpt.edu.vn,0982333074,1996
FAN02359,Hoang Hai Phong,phong2359@gmail.com,0951606219,1988
FAN02360,Phan Gia Linh,bach2360@gmail.com,0947559922,2001
FAN02361,Nguyen Quoc Hung,quan2361@fpt.edu.vn,0998135883,2004
FAN02362,Le Duc Nam,bach2362@yahoo.com,0991813702,1989
FAN02363,Pham Thi Vy,lan2363@gmail.com,0954221683,2004
FAN02364,Nguyen Duc Quan,vy2364@hotmail.com,0915959400,2001
FAN02365,Do Duc Hung,bach2365@hotmail.com,0936504725,1993
FAN02366,Dang Duc Linh,bach2366@fpt.edu.vn,0985988057,2000
FAN02367,Bui Minh Quan,vy2367@fpt.edu.vn,0930892409,1994
FAN02368,Phan Gia Mai,dung2368@hotmail.com,0914704565,2003
FAN02369,Tran Tuan Dung,nam2369@fpt.edu.vn,0933467784,1999
FAN02370,Nguyen Anh Bach,mai2370@hotmail.com,0945651828,2005
FAN02371,Do Gia Mai,phong2371@yahoo.com,0940810822,1998
FAN02372,Le Minh Bach,quan2372@fpt.edu.vn,0972599008,1995
FAN02373,Nguyen Quoc Mai,linh2373@yahoo.com,0933341093,2007
FAN02374,Phan Hai Nam,bach2374@gmail.com,0944465138,1988
FAN02375,Bui Duc Phong,vy2375@fpt.edu.vn,0931461717,1991
FAN02376,Do Thi Mai,bach2376@fpt.edu.vn,0976252188,1999
FAN02377,Hoang Anh Nam,dung2377@hotmail.com,0960506928,1999
FAN02378,Tran Tuan Hung,dung2378@fpt.edu.vn,0950045223,1995
FAN02379,Le Tuan Mai,phong2379@yahoo.com,0994860213,2004
FAN02380,Nguyen Thi Mai,mai2380@hotmail.com,0940463414,2008
FAN02381,Vu Xuan Nam,quan2381@hotmail.com,0956217548,2003
FAN02382,Hoang Duc Phong,hung2382@gmail.com,0950424673,1985
FAN02383,Tran Tuan Linh,quan2383@fpt.edu.vn,0960174657,1989
FAN02384,Nguyen Van Mai,nam2384@hotmail.com,0918828340,1988
FAN02385,Phan Minh Bach,bach2385@yahoo.com,0964069352,1994
FAN02386,Hoang Van Vy,nam2386@gmail.com,0912440898,2008
FAN02387,Bui Quoc Linh,lan2387@hotmail.com,0913922433,2006
FAN02388,Pham Van Phong,nam2388@fpt.edu.vn,0958492534,2002
FAN02389,Dang Gia Linh,nam2389@fpt.edu.vn,0967952913,2001
FAN02390,Phan Thi Bach,mai2390@yahoo.com,0989630682,2002
FAN02391,Vu Anh Lan,linh2391@yahoo.com,0920455608,1988
FAN02392,Le Xuan Vy,lan2392@yahoo.com,0978335791,1985
FAN02393,Hoang Thi Quan,bach2393@yahoo.com,0971338666,1998
FAN02394,Do Tuan Hung,vy2394@fpt.edu.vn,0941124452,1990
FAN02395,Do Hai Quan,linh2395@hotmail.com,0984558907,1993
FAN02396,Do Anh Dung,bach2396@fpt.edu.vn,0947922425,1992
FAN02397,Vu Minh Linh,dung2397@hotmail.com,0926243863,2005
FAN02398,Dang Minh Lan,lan2398@yahoo.com,0912619198,1994
FAN02399,Bui Quoc Linh,vy2399@yahoo.com,0980293745,2001
FAN02400,Phan Anh Linh,vy2400@yahoo.com,0980956683,2005
FAN02401,Tran Duc Bach,quan2401@yahoo.com,0942049440,2005
FAN02402,Hoang Van Lan,dung2402@fpt.edu.vn,0944451844,2007
FAN02403,Vu Quoc Linh,dung2403@yahoo.com,0947075511,2006
FAN02404,Le Xuan Vy,quan2404@yahoo.com,0950510740,2002
FAN02405,Le Xuan Lan,lan2405@hotmail.com,0940380816,1989
FAN02406,Le Tuan Dung,dung2406@hotmail.com,0927259145,1991
FAN02407,Phan Tuan Vy,dung2407@hotmail.com,0984141393,1988
FAN02408,Bui Van Lan,hung2408@hotmail.com,0947775874,1985
FAN02409,Phan Gia Lan,linh2409@gmail.com,0947677148,1985
FAN02410,Hoang Thi Vy,quan2410@gmail.com,0956741577,1997
FAN02411,Pham Gia Hung,nam2411@gmail.com,0912397695,1994
FAN02412,Phan Hai Lan,phong2412@yahoo.com,0964954143,1995
FAN02413,Hoang Quoc Hung,quan2413@fpt.edu.vn,0991101912,1990
FAN02414,Vu Gia Vy,vy2414@yahoo.com,0943415919,1994
FAN02415,Phan Gia Hung,bach2415@fpt.edu.vn,0992750396,1998
FAN02416,Pham Van Bach,phong2416@fpt.edu.vn,0973539898,1996
FAN02417,Phan Van Mai,linh2417@fpt.edu.vn,0998543603,1994
FAN02418,Dang Gia Bach,dung2418@yahoo.com,0941232451,2004
FAN02419,Nguyen Van Linh,nam2419@fpt.edu.vn,0931762364,2001
FAN02420,Vu Xuan Dung,dung2420@gmail.com,0954462379,1985
FAN02421,Vu Gia Mai,phong2421@fpt.edu.vn,0976378930,1997
FAN02422,Vu Anh Dung,quan2422@gmail.com,0998181044,2004
FAN02423,Bui Quoc Nam,hung2423@hotmail.com,0943390027,2000
FAN02424,Vu Tuan Hung,nam2424@gmail.com,0952958533,1988
FAN02425,Nguyen Quoc Dung,lan2425@hotmail.com,0929219798,1986
FAN02426,Vu Van Phong,linh2426@yahoo.com,0946337370,2007
FAN02427,Tran Minh Dung,nam2427@hotmail.com,0921732888,1993
FAN02428,Phan Tuan Bach,phong2428@fpt.edu.vn,0916088716,1996
FAN02429,Vu Van Linh,mai2429@fpt.edu.vn,0968968451,1987
FAN02430,Tran Gia Vy,lan2430@hotmail.com,0931792504,1985
FAN02431,Phan Thi Lan,phong2431@yahoo.com,0931784980,1989
FAN02432,Nguyen Quoc Dung,bach2432@hotmail.com,0924257559,1999
FAN02433,Pham Tuan Dung,nam2433@hotmail.com,0934826727,1988
FAN02434,Hoang Van Lan,hung2434@yahoo.com,0918594280,2007
FAN02435,Nguyen Minh Vy,mai2435@hotmail.com,0978858336,1998
FAN02436,Pham Hai Phong,linh2436@fpt.edu.vn,0952173089,1993
FAN02437,Pham Tuan Lan,bach2437@hotmail.com,0948805300,1987
FAN02438,Le Hai Lan,dung2438@gmail.com,0925988129,2008
FAN02439,Vu Xuan Linh,mai2439@fpt.edu.vn,0963772547,1996
FAN02440,Hoang Van Vy,hung2440@gmail.com,0947373533,1991
FAN02441,Bui Quoc Phong,lan2441@fpt.edu.vn,0980133695,1994
FAN02442,Tran Gia Quan,hung2442@hotmail.com,0937025622,2004
FAN02443,Nguyen Van Bach,hung2443@hotmail.com,0985481328,1993
FAN02444,Bui Thi Mai,quan2444@hotmail.com,0966120031,1995
FAN02445,Vu Hai Quan,quan2445@fpt.edu.vn,0942125821,1991
FAN02446,Nguyen Gia Hung,lan2446@hotmail.com,0944267316,1991
FAN02447,Dang Anh Dung,quan2447@fpt.edu.vn,0966322867,2004
FAN02448,Bui Tuan Phong,dung2448@hotmail.com,0963364120,1993
FAN02449,Vu Van Quan,lan2449@hotmail.com,0919566696,1986
FAN02450,Hoang Gia Lan,vy2450@gmail.com,0919954494,2006
FAN02451,Dang Duc Phong,nam2451@fpt.edu.vn,0990816038,1997
FAN02452,Vu Minh Quan,nam2452@fpt.edu.vn,0936777692,2005
FAN02453,Nguyen Thi Lan,mai2453@gmail.com,0992788270,2006
FAN02454,Do Hai Quan,quan2454@yahoo.com,0963371061,2003
FAN02455,Dang Xuan Phong,phong2455@yahoo.com,0962363149,1985
FAN02456,Vu Duc Bach,quan2456@yahoo.com,0926064352,2003
FAN02457,Dang Quoc Phong,vy2457@fpt.edu.vn,0998243954,1985
FAN02458,Bui Thi Lan,phong2458@gmail.com,0995958655,2007
FAN02459,Tran Anh Mai,bach2459@fpt.edu.vn,0973946017,1990
FAN02460,Dang Van Bach,nam2460@gmail.com,0961001513,2002
FAN02461,Hoang Van Quan,dung2461@hotmail.com,0974862203,2006
FAN02462,Pham Quoc Mai,phong2462@fpt.edu.vn,0920573844,2004
FAN02463,Nguyen Quoc Lan,vy2463@yahoo.com,0961874835,1985
FAN02464,Nguyen Quoc Phong,dung2464@gmail.com,0967435062,2001
FAN02465,Nguyen Anh Dung,nam2465@gmail.com,0941663972,2005
FAN02466,Dang Hai Bach,lan2466@fpt.edu.vn,0926493305,2005
FAN02467,Le Quoc Nam,hung2467@hotmail.com,0915553128,1999
FAN02468,Do Gia Lan,hung2468@fpt.edu.vn,0935752515,1992
FAN02469,Tran Hai Hung,quan2469@fpt.edu.vn,0992005955,1990
FAN02470,Vu Duc Lan,hung2470@fpt.edu.vn,0920999435,1990
FAN02471,Tran Thi Mai,vy2471@fpt.edu.vn,0925911732,1990
FAN02472,Dang Van Vy,mai2472@fpt.edu.vn,0924863627,2007
FAN02473,Phan Anh Nam,vy2473@fpt.edu.vn,0922839749,1991
FAN02474,Hoang Van Vy,mai2474@fpt.edu.vn,0957678014,2005
FAN02475,Dang Thi Mai,nam2475@hotmail.com,0956522566,1989
FAN02476,Le Hai Linh,quan2476@hotmail.com,0910698650,1986
FAN02477,Dang Duc Nam,bach2477@gmail.com,0948303615,1990
FAN02478,Le Anh Nam,linh2478@gmail.com,0988180303,2007
FAN02479,Nguyen Hai Linh,nam2479@gmail.com,0969839403,2004
FAN02480,Pham Minh Dung,phong2480@hotmail.com,0950383906,1986
FAN02481,Do Gia Linh,nam2481@gmail.com,0979104861,1989
FAN02482,Vu Thi Bach,bach2482@gmail.com,0955219333,1989
FAN02483,Vu Xuan Vy,dung2483@hotmail.com,0983642768,2001
FAN02484,Dang Thi Hung,quan2484@hotmail.com,0962376111,1990
FAN02485,Phan Thi Nam,quan2485@hotmail.com,0981118339,2003
FAN02486,Le Quoc Bach,quan2486@yahoo.com,0920106998,1999
FAN02487,Dang Tuan Dung,vy2487@gmail.com,0941230176,1985
FAN02488,Vu Thi Lan,dung2488@yahoo.com,0965101214,2001
FAN02489,Pham Duc Lan,mai2489@gmail.com,0987210012,1998
FAN02490,Vu Van Hung,phong2490@fpt.edu.vn,0950413637,2008
FAN02491,Do Xuan Nam,phong2491@yahoo.com,0923177397,1988
FAN02492,Nguyen Minh Bach,hung2492@yahoo.com,0963964323,1997
FAN02493,Bui Duc Hung,linh2493@hotmail.com,0926394089,2004
FAN02494,Bui Anh Vy,linh2494@fpt.edu.vn,0942851396,1988
FAN02495,Bui Tuan Bach,vy2495@fpt.edu.vn,0982168320,1987
FAN02496,Tran Thi Mai,lan2496@fpt.edu.vn,0984189838,2006
FAN02497,Phan Gia Lan,dung2497@gmail.com,0966907749,1990
FAN02498,Vu Thi Lan,quan2498@yahoo.com,0947899901,1985
FAN02499,Bui Xuan Lan,quan2499@gmail.com,0929895150,2006
FAN02500,Vu Minh Nam,bach2500@fpt.edu.vn,0928828711,1994
FAN02501,Do Hai Vy,hung2501@fpt.edu.vn,0991599959,1996
FAN02502,Pham Van Lan,hung2502@yahoo.com,0937951879,1987
FAN02503,Phan Duc Dung,mai2503@yahoo.com,0978827645,1996
FAN02504,Nguyen Anh Linh,bach2504@fpt.edu.vn,0911415669,1991
FAN02505,Phan Duc Bach,dung2505@hotmail.com,0976622997,1995
FAN02506,Tran Duc Hung,nam2506@hotmail.com,0950760161,1995
FAN02507,Pham Tuan Quan,hung2507@gmail.com,0965163984,2000
FAN02508,Dang Anh Mai,hung2508@fpt.edu.vn,0964057996,1996
FAN02509,Phan Quoc Lan,dung2509@yahoo.com,0961064331,1988
FAN02510,Pham Tuan Dung,quan2510@hotmail.com,0912487477,1992
FAN02511,Le Duc Vy,linh2511@yahoo.com,0956561165,1999
FAN02512,Nguyen Van Hung,linh2512@gmail.com,0922637652,1998
FAN02513,Do Thi Linh,nam2513@gmail.com,0985268861,1999
FAN02514,Bui Quoc Dung,nam2514@fpt.edu.vn,0937279309,1987
FAN02515,Hoang Quoc Hung,dung2515@gmail.com,0944083712,1999
FAN02516,Phan Tuan Phong,mai2516@gmail.com,0951942795,2005
FAN02517,Pham Van Dung,linh2517@gmail.com,0924599083,1986
FAN02518,Vu Hai Vy,mai2518@hotmail.com,0928682771,1999
FAN02519,Dang Minh Vy,lan2519@fpt.edu.vn,0955654700,2001
FAN02520,Phan Hai Dung,lan2520@yahoo.com,0945768488,1994
FAN02521,Do Duc Vy,vy2521@fpt.edu.vn,0917822466,2008
FAN02522,Do Anh Nam,quan2522@fpt.edu.vn,0949519725,2005
FAN02523,Hoang Gia Nam,quan2523@gmail.com,0989934430,1991
FAN02524,Vu Anh Quan,quan2524@yahoo.com,0918324882,1996
FAN02525,Dang Van Nam,lan2525@fpt.edu.vn,0983299103,1999
FAN02526,Dang Thi Dung,lan2526@fpt.edu.vn,0978491073,1987
FAN02527,Vu Thi Mai,dung2527@fpt.edu.vn,0977415033,2002
FAN02528,Bui Thi Mai,bach2528@gmail.com,0925450591,2006
FAN02529,Dang Gia Phong,phong2529@fpt.edu.vn,0961476537,1995
FAN02530,Dang Minh Hung,hung2530@fpt.edu.vn,0921698178,2005
FAN02531,Le Van Vy,dung2531@yahoo.com,0943041802,2006
FAN02532,Le Duc Dung,lan2532@hotmail.com,0948272265,2003
FAN02533,Vu Van Dung,mai2533@yahoo.com,0951357214,2002
FAN02534,Phan Anh Quan,vy2534@gmail.com,0986096386,1986
FAN02535,Do Gia Linh,linh2535@fpt.edu.vn,0973501376,1994
FAN02536,Do Quoc Linh,dung2536@hotmail.com,0976673124,1987
FAN02537,Le Hai Hung,bach2537@yahoo.com,0973382999,1986
FAN02538,Nguyen Xuan Dung,dung2538@gmail.com,0964682699,2008
FAN02539,Phan Anh Linh,linh2539@hotmail.com,0948056143,1998
FAN02540,Le Gia Nam,hung2540@fpt.edu.vn,0924155053,1997
FAN02541,Pham Minh Vy,mai2541@fpt.edu.vn,0975841431,1999
FAN02542,Phan Tuan Lan,bach2542@hotmail.com,0944129679,1985
FAN02543,Dang Thi Nam,bach2543@gmail.com,0984537195,2004
FAN02544,Tran Quoc Lan,dung2544@hotmail.com,0930593630,2004
FAN02545,Pham Gia Lan,mai2545@gmail.com,0951815804,1987
FAN02546,Nguyen Duc Quan,vy2546@fpt.edu.vn,0924425698,1996
FAN02547,Vu Thi Lan,lan2547@gmail.com,0967073560,1998
FAN02548,Dang Thi Phong,phong2548@hotmail.com,0963352908,1995
FAN02549,Nguyen Duc Quan,linh2549@fpt.edu.vn,0958931760,1995
FAN02550,Nguyen Hai Quan,hung2550@hotmail.com,0972090327,1989
FAN02551,Pham Quoc Nam,linh2551@hotmail.com,0984497521,1992
FAN02552,Nguyen Xuan Lan,bach2552@gmail.com,0974496465,1998
FAN02553,Dang Thi Nam,quan2553@yahoo.com,0936797464,1995
FAN02554,Tran Thi Vy,lan2554@yahoo.com,0932916930,1993
FAN02555,Bui Gia Nam,phong2555@gmail.com,0989806006,1995
FAN02556,Le Tuan Linh,dung2556@gmail.com,0941531880,1987
FAN02557,Phan Thi Linh,quan2557@fpt.edu.vn,0977204090,2002
FAN02558,Le Anh Phong,phong2558@gmail.com,0939517423,1996
FAN02559,Pham Minh Linh,phong2559@yahoo.com,0939824278,1996
FAN02560,Tran Xuan Bach,nam2560@gmail.com,0939941192,2001
FAN02561,Nguyen Xuan Linh,vy2561@fpt.edu.vn,0978510411,1995
FAN02562,Tran Duc Phong,mai2562@hotmail.com,0934033610,2001
FAN02563,Pham Gia Quan,quan2563@hotmail.com,0996277528,1999
FAN02564,Nguyen Xuan Vy,quan2564@yahoo.com,0966581403,1999
FAN02565,Do Duc Mai,mai2565@hotmail.com,0997715177,2003
FAN02566,Phan Quoc Nam,lan2566@yahoo.com,0940592082,1987
FAN02567,Hoang Duc Bach,hung2567@gmail.com,0972175879,1990
FAN02568,Le Hai Vy,hung2568@yahoo.com,0987839367,2007
FAN02569,Dang Minh Linh,vy2569@gmail.com,0991880806,1998
FAN02570,Le Anh Quan,nam2570@hotmail.com,0962153102,2004
FAN02571,Tran Tuan Phong,linh2571@hotmail.com,0914739808,1987
FAN02572,Pham Quoc Quan,lan2572@yahoo.com,0917516025,1998
FAN02573,Pham Anh Quan,hung2573@fpt.edu.vn,0964397019,1986
FAN02574,Le Tuan Phong,bach2574@hotmail.com,0956327264,1993
FAN02575,Le Hai Mai,mai2575@fpt.edu.vn,0987858999,2002
FAN02576,Nguyen Hai Mai,hung2576@gmail.com,0968426583,2004
FAN02577,Phan Tuan Vy,linh2577@yahoo.com,0938238681,1985
FAN02578,Dang Duc Nam,phong2578@yahoo.com,0916361230,2007
FAN02579,Phan Thi Lan,lan2579@gmail.com,0963808338,1991
FAN02580,Bui Tuan Hung,linh2580@gmail.com,0956545970,2004
FAN02581,Le Thi Vy,dung2581@fpt.edu.vn,0990130035,2000
FAN02582,Dang Hai Lan,phong2582@fpt.edu.vn,0947753081,1997
FAN02583,Hoang Thi Phong,linh2583@hotmail.com,0982458200,1985
FAN02584,Bui Quoc Quan,mai2584@gmail.com,0967902266,2007
FAN02585,Hoang Gia Bach,phong2585@yahoo.com,0955708157,1992
FAN02586,Vu Thi Hung,mai2586@fpt.edu.vn,0950524337,2002
FAN02587,Dang Thi Quan,nam2587@hotmail.com,0956610652,1997
FAN02588,Do Van Lan,hung2588@gmail.com,0954181057,1991
FAN02589,Pham Thi Quan,nam2589@gmail.com,0916941266,1999
FAN02590,Do Quoc Phong,vy2590@gmail.com,0949054943,2003
FAN02591,Dang Quoc Phong,dung2591@gmail.com,0923406481,2000
FAN02592,Hoang Xuan Bach,mai2592@yahoo.com,0972120224,2003
FAN02593,Dang Gia Phong,linh2593@gmail.com,0977120866,1993
FAN02594,Dang Van Linh,bach2594@fpt.edu.vn,0970394147,2007
FAN02595,Nguyen Van Nam,lan2595@hotmail.com,0930832511,1999
FAN02596,Vu Xuan Phong,bach2596@hotmail.com,0941129074,2008
FAN02597,Hoang Thi Hung,linh2597@hotmail.com,0950968488,1992
FAN02598,Nguyen Anh Lan,hung2598@gmail.com,0944998723,1985
FAN02599,Tran Gia Nam,dung2599@fpt.edu.vn,0950540153,1990
FAN02600,Le Anh Phong,bach2600@fpt.edu.vn,0913619039,1996
FAN02601,Pham Xuan Quan,lan2601@hotmail.com,0978735272,2004
FAN02602,Dang Hai Nam,vy2602@yahoo.com,0992818767,1994
FAN02603,Bui Tuan Dung,lan2603@fpt.edu.vn,0942356350,1994
FAN02604,Le Quoc Linh,lan2604@hotmail.com,0938697395,2000
FAN02605,Tran Duc Hung,vy2605@yahoo.com,0984593607,2007
FAN02606,Vu Quoc Mai,dung2606@yahoo.com,0988260753,1985
FAN02607,Tran Hai Nam,nam2607@gmail.com,0919334319,2008
FAN02608,Hoang Van Dung,phong2608@yahoo.com,0953996682,2007
FAN02609,Nguyen Anh Hung,hung2609@fpt.edu.vn,0994512422,1993
FAN02610,Vu Duc Dung,linh2610@yahoo.com,0922758925,2006
FAN02611,Pham Hai Vy,hung2611@hotmail.com,0956122091,2007
FAN02612,Vu Tuan Lan,quan2612@gmail.com,0918902490,2007
FAN02613,Tran Van Nam,dung2613@hotmail.com,0955839726,2007
FAN02614,Tran Tuan Nam,bach2614@gmail.com,0965345201,1993
FAN02615,Vu Anh Phong,dung2615@gmail.com,0948394109,2008
FAN02616,Nguyen Thi Bach,hung2616@hotmail.com,0985399544,1996
FAN02617,Pham Xuan Mai,dung2617@yahoo.com,0996583673,2002
FAN02618,Do Hai Phong,linh2618@gmail.com,0972657609,2005
FAN02619,Do Duc Mai,quan2619@hotmail.com,0953852279,1992
FAN02620,Le Anh Lan,linh2620@yahoo.com,0936150278,1999
FAN02621,Do Thi Vy,hung2621@yahoo.com,0955998202,1986
FAN02622,Le Minh Quan,quan2622@hotmail.com,0928956256,2002
FAN02623,Le Quoc Nam,vy2623@gmail.com,0943434388,2006
FAN02624,Tran Minh Lan,nam2624@yahoo.com,0911997300,2005
FAN02625,Hoang Xuan Quan,vy2625@hotmail.com,0968026037,2006
FAN02626,Hoang Duc Dung,mai2626@yahoo.com,0933331851,2008
FAN02627,Nguyen Tuan Dung,hung2627@hotmail.com,0929841713,1996
FAN02628,Vu Hai Vy,bach2628@yahoo.com,0982959962,1994
FAN02629,Bui Gia Dung,phong2629@gmail.com,0968488632,2008
FAN02630,Tran Xuan Lan,bach2630@yahoo.com,0933182806,1987
FAN02631,Hoang Minh Quan,nam2631@hotmail.com,0971911049,2007
FAN02632,Vu Duc Dung,linh2632@yahoo.com,0920724902,1993
FAN02633,Tran Van Vy,vy2633@fpt.edu.vn,0982336393,1992
FAN02634,Hoang Quoc Dung,vy2634@hotmail.com,0957055474,1990
FAN02635,Hoang Anh Nam,phong2635@yahoo.com,0949908371,1992
FAN02636,Vu Gia Hung,dung2636@fpt.edu.vn,0917388928,2002
FAN02637,Pham Gia Linh,bach2637@fpt.edu.vn,0911167757,1986
FAN02638,Hoang Van Vy,phong2638@yahoo.com,0934182368,1988
FAN02639,Dang Hai Linh,phong2639@gmail.com,0948493281,2006
FAN02640,Vu Xuan Phong,nam2640@fpt.edu.vn,0911829497,2000
FAN02641,Vu Gia Lan,mai2641@gmail.com,0995572626,1994
FAN02642,Phan Tuan Quan,dung2642@gmail.com,0917165326,1989
FAN02643,Le Hai Dung,nam2643@hotmail.com,0964280382,1993
FAN02644,Bui Duc Dung,mai2644@yahoo.com,0967094982,2004
FAN02645,Dang Thi Linh,bach2645@yahoo.com,0933141418,2002
FAN02646,Phan Gia Quan,nam2646@yahoo.com,0975396758,1987
FAN02647,Phan Tuan Hung,dung2647@fpt.edu.vn,0997545433,1992
FAN02648,Do Duc Mai,quan2648@fpt.edu.vn,0952598763,1988
FAN02649,Tran Minh Lan,linh2649@hotmail.com,0970187337,1991
FAN02650,Tran Xuan Vy,linh2650@hotmail.com,0913152578,1997
FAN02651,Le Thi Phong,lan2651@fpt.edu.vn,0942808340,2007
FAN02652,Bui Thi Vy,phong2652@hotmail.com,0964105523,2003
FAN02653,Phan Duc Phong,linh2653@gmail.com,0976849190,1996
FAN02654,Le Quoc Dung,nam2654@yahoo.com,0934444991,1986
FAN02655,Dang Xuan Vy,lan2655@fpt.edu.vn,0939797293,1986
FAN02656,Dang Minh Lan,hung2656@fpt.edu.vn,0912588087,1996
FAN02657,Pham Duc Lan,hung2657@yahoo.com,0967541677,1992
FAN02658,Hoang Xuan Quan,hung2658@fpt.edu.vn,0913022655,2006
FAN02659,Bui Hai Dung,bach2659@hotmail.com,0995742492,1987
FAN02660,Le Thi Hung,mai2660@gmail.com,0952223535,1995
FAN02661,Pham Gia Mai,dung2661@fpt.edu.vn,0925828704,1996
FAN02662,Pham Xuan Hung,vy2662@yahoo.com,0916325703,1990
FAN02663,Le Anh Linh,linh2663@fpt.edu.vn,0950918112,1993
FAN02664,Pham Xuan Dung,lan2664@gmail.com,0988748779,2008
FAN02665,Le Anh Linh,dung2665@fpt.edu.vn,0916315382,1992
FAN02666,Phan Duc Vy,hung2666@fpt.edu.vn,0919557308,2003
FAN02667,Do Xuan Mai,dung2667@fpt.edu.vn,0944463822,1986
FAN02668,Dang Quoc Hung,dung2668@hotmail.com,0915366950,1985
FAN02669,Hoang Anh Vy,phong2669@yahoo.com,0979710520,1998
FAN02670,Do Thi Nam,dung2670@yahoo.com,0928109689,2007
FAN02671,Dang Van Nam,mai2671@gmail.com,0968824787,2003
FAN02672,Bui Anh Hung,mai2672@yahoo.com,0937787609,1988
FAN02673,Tran Van Bach,mai2673@fpt.edu.vn,0981597300,2002
FAN02674,Tran Minh Bach,phong2674@fpt.edu.vn,0952216721,2007
FAN02675,Vu Anh Phong,bach2675@fpt.edu.vn,0930377000,2003
FAN02676,Pham Thi Lan,mai2676@fpt.edu.vn,0978066727,2003
FAN02677,Le Xuan Linh,phong2677@fpt.edu.vn,0988391829,2001
FAN02678,Bui Quoc Nam,linh2678@gmail.com,0995428160,1994
FAN02679,Do Duc Bach,linh2679@hotmail.com,0962429055,2003
FAN02680,Le Anh Linh,quan2680@gmail.com,0922268172,2000
FAN02681,Do Duc Mai,nam2681@yahoo.com,0938284657,2000
FAN02682,Bui Van Nam,vy2682@gmail.com,0970037863,2006
FAN02683,Le Xuan Mai,dung2683@yahoo.com,0930522409,2001
FAN02684,Vu Gia Mai,phong2684@gmail.com,0928906807,1985
FAN02685,Hoang Minh Phong,quan2685@yahoo.com,0950524187,1994
FAN02686,Pham Thi Lan,dung2686@fpt.edu.vn,0988515394,1985
FAN02687,Do Van Linh,bach2687@yahoo.com,0987985692,2006
FAN02688,Vu Xuan Hung,quan2688@yahoo.com,0983597244,1999
FAN02689,Nguyen Van Linh,quan2689@yahoo.com,0954605370,2003
FAN02690,Do Quoc Lan,dung2690@hotmail.com,0990557504,1990
FAN02691,Vu Thi Nam,lan2691@hotmail.com,0918640890,2004
FAN02692,Hoang Gia Quan,linh2692@hotmail.com,0961338307,2008
FAN02693,Bui Anh Quan,mai2693@yahoo.com,0943495853,1987
FAN02694,Do Anh Mai,mai2694@yahoo.com,0999545603,1994
FAN02695,Vu Quoc Hung,bach2695@yahoo.com,0975249540,1992
FAN02696,Le Gia Lan,hung2696@gmail.com,0952654001,1996
FAN02697,Nguyen Quoc Linh,phong2697@yahoo.com,0912591664,1988
FAN02698,Bui Quoc Hung,mai2698@yahoo.com,0925260488,1994
FAN02699,Hoang Quoc Phong,nam2699@hotmail.com,0991379179,2004
FAN02700,Bui Quoc Bach,hung2700@fpt.edu.vn,0955813856,1990
FAN02701,Le Tuan Lan,hung2701@hotmail.com,0943057590,2001
FAN02702,Tran Duc Dung,lan2702@gmail.com,0947249843,1996
FAN02703,Phan Quoc Quan,nam2703@hotmail.com,0958726914,2000
FAN02704,Dang Minh Hung,hung2704@gmail.com,0960139840,1985
FAN02705,Bui Van Nam,phong2705@hotmail.com,0947159769,1989
FAN02706,Bui Hai Lan,mai2706@gmail.com,0953667857,2002
FAN02707,Do Xuan Vy,mai2707@yahoo.com,0929302740,1994
FAN02708,Le Gia Nam,bach2708@fpt.edu.vn,0938230115,2002
FAN02709,Vu Quoc Quan,dung2709@fpt.edu.vn,0914119909,1987
FAN02710,Nguyen Tuan Bach,nam2710@hotmail.com,0911249085,2004
FAN02711,Bui Hai Nam,bach2711@gmail.com,0958259199,2000
FAN02712,Do Hai Quan,dung2712@hotmail.com,0973126094,1990
FAN02713,Tran Tuan Vy,bach2713@hotmail.com,0910716982,1989
FAN02714,Vu Quoc Linh,quan2714@hotmail.com,0947336068,1992
FAN02715,Bui Gia Phong,mai2715@gmail.com,0953284307,1991
FAN02716,Pham Duc Mai,lan2716@fpt.edu.vn,0955299134,2005
FAN02717,Bui Gia Lan,linh2717@fpt.edu.vn,0977934198,2002
FAN02718,Tran Hai Hung,vy2718@hotmail.com,0916750252,1986
FAN02719,Le Xuan Bach,bach2719@gmail.com,0975123410,1999
FAN02720,Vu Hai Vy,lan2720@gmail.com,0995985559,1999
FAN02721,Le Tuan Mai,phong2721@fpt.edu.vn,0969341118,1994
FAN02722,Le Gia Hung,phong2722@fpt.edu.vn,0986089127,1988
FAN02723,Phan Van Mai,hung2723@gmail.com,0994091505,1992
FAN02724,Dang Thi Lan,vy2724@yahoo.com,0976151614,2004
FAN02725,Nguyen Van Hung,lan2725@fpt.edu.vn,0935304824,2008
FAN02726,Vu Anh Linh,bach2726@yahoo.com,0955923392,2007
FAN02727,Bui Xuan Nam,nam2727@gmail.com,0944844229,1992
FAN02728,Dang Minh Phong,bach2728@hotmail.com,0988057236,1993
FAN02729,Tran Xuan Lan,lan2729@yahoo.com,0983225110,2006
FAN02730,Phan Van Lan,linh2730@hotmail.com,0989944732,1993
FAN02731,Nguyen Quoc Hung,quan2731@fpt.edu.vn,0980213909,1992
FAN02732,Dang Van Mai,bach2732@yahoo.com,0991561699,1997
FAN02733,Bui Tuan Quan,linh2733@gmail.com,0933401949,1989
FAN02734,Pham Tuan Mai,bach2734@yahoo.com,0931224437,1986
FAN02735,Pham Van Linh,phong2735@gmail.com,0996165025,1996
FAN02736,Dang Van Lan,quan2736@fpt.edu.vn,0915448656,2000
FAN02737,Do Van Lan,bach2737@gmail.com,0971857978,2002
FAN02738,Tran Minh Dung,quan2738@gmail.com,0951259145,2007
FAN02739,Do Van Dung,vy2739@yahoo.com,0966146194,1995
FAN02740,Nguyen Van Mai,bach2740@gmail.com,0958616134,1997
FAN02741,Bui Anh Nam,mai2741@hotmail.com,0970467913,1988
FAN02742,Tran Anh Phong,dung2742@yahoo.com,0989168224,1996
FAN02743,Do Minh Linh,nam2743@fpt.edu.vn,0983547495,1988
FAN02744,Vu Minh Hung,lan2744@fpt.edu.vn,0979642057,2001
FAN02745,Pham Tuan Dung,phong2745@fpt.edu.vn,0922361407,1993
FAN02746,Nguyen Quoc Bach,lan2746@hotmail.com,0976504423,1988
FAN02747,Tran Minh Mai,phong2747@gmail.com,0972306055,1992
FAN02748,Phan Xuan Phong,linh2748@yahoo.com,0951677287,1994
FAN02749,Do Anh Linh,quan2749@yahoo.com,0918944885,2008
FAN02750,Pham Thi Hung,vy2750@hotmail.com,0995687091,1996
FAN02751,Vu Van Nam,bach2751@gmail.com,0976242616,1997
FAN02752,Phan Duc Bach,nam2752@gmail.com,0970325033,2000
FAN02753,Dang Hai Vy,lan2753@yahoo.com,0923611999,1998
FAN02754,Phan Gia Quan,nam2754@fpt.edu.vn,0916107051,1990
FAN02755,Vu Van Dung,quan2755@gmail.com,0943800890,2000
FAN02756,Hoang Anh Quan,bach2756@hotmail.com,0961253143,2002
FAN02757,Nguyen Hai Nam,quan2757@yahoo.com,0955219549,2007
FAN02758,Hoang Thi Phong,mai2758@gmail.com,0951995088,1991
FAN02759,Bui Quoc Mai,linh2759@fpt.edu.vn,0932165940,1996
FAN02760,Pham Xuan Lan,bach2760@gmail.com,0950887121,1998
FAN02761,Do Quoc Vy,phong2761@gmail.com,0928883259,1997
FAN02762,Dang Anh Bach,hung2762@fpt.edu.vn,0989001412,2005
FAN02763,Hoang Anh Vy,mai2763@fpt.edu.vn,0943779805,1986
FAN02764,Le Hai Phong,lan2764@hotmail.com,0914257322,2006
FAN02765,Nguyen Anh Phong,mai2765@yahoo.com,0945739245,1994
FAN02766,Phan Tuan Quan,vy2766@yahoo.com,0938149741,1995
FAN02767,Tran Quoc Quan,hung2767@fpt.edu.vn,0974338969,1991
FAN02768,Bui Quoc Quan,linh2768@yahoo.com,0972297382,2001
FAN02769,Bui Quoc Vy,quan2769@fpt.edu.vn,0924184143,2004
FAN02770,Dang Thi Mai,lan2770@gmail.com,0991453344,2005
FAN02771,Le Anh Lan,quan2771@fpt.edu.vn,0973568320,1990
FAN02772,Le Tuan Quan,linh2772@yahoo.com,0939912020,1990
FAN02773,Pham Minh Bach,hung2773@fpt.edu.vn,0955270907,2006
FAN02774,Vu Gia Dung,vy2774@gmail.com,0986393636,1996
FAN02775,Phan Tuan Linh,nam2775@hotmail.com,0969367996,1997
FAN02776,Do Quoc Dung,bach2776@gmail.com,0923855151,1998
FAN02777,Do Minh Dung,hung2777@yahoo.com,0918037671,2004
FAN02778,Le Duc Phong,hung2778@gmail.com,0951307100,2004
FAN02779,Vu Gia Linh,hung2779@yahoo.com,0968383665,2007
FAN02780,Tran Quoc Lan,lan2780@yahoo.com,0970245993,2005
FAN02781,Nguyen Van Lan,quan2781@gmail.com,0968084228,1998
FAN02782,Do Hai Mai,nam2782@yahoo.com,0934217718,2004
FAN02783,Phan Van Quan,nam2783@fpt.edu.vn,0913185410,1985
FAN02784,Tran Hai Phong,dung2784@fpt.edu.vn,0968511167,1985
FAN02785,Dang Minh Vy,bach2785@fpt.edu.vn,0953670657,2001
FAN02786,Pham Van Bach,vy2786@yahoo.com,0968526059,1998
FAN02787,Hoang Thi Quan,phong2787@gmail.com,0973491350,2007
FAN02788,Vu Hai Quan,linh2788@yahoo.com,0982149497,1996
FAN02789,Dang Hai Dung,linh2789@gmail.com,0948172308,1996
FAN02790,Le Minh Nam,dung2790@hotmail.com,0999505932,2003
FAN02791,Tran Van Bach,hung2791@hotmail.com,0938514942,2003
FAN02792,Nguyen Duc Hung,hung2792@hotmail.com,0948950572,1993
FAN02793,Tran Gia Dung,linh2793@fpt.edu.vn,0985751401,1992
FAN02794,Phan Van Vy,mai2794@fpt.edu.vn,0995173165,1986
FAN02795,Nguyen Quoc Phong,vy2795@fpt.edu.vn,0978204683,2006
FAN02796,Do Minh Mai,mai2796@fpt.edu.vn,0991000903,1989
FAN02797,Nguyen Quoc Mai,vy2797@gmail.com,0973999911,1997
FAN02798,Do Quoc Bach,linh2798@yahoo.com,0990215411,1986
FAN02799,Nguyen Quoc Nam,mai2799@hotmail.com,0930823310,2001
FAN02800,Le Anh Bach,quan2800@yahoo.com,0988667752,1988
FAN02801,Vu Anh Vy,vy2801@fpt.edu.vn,0912558019,1995
FAN02802,Le Tuan Quan,vy2802@yahoo.com,0970730361,2005
FAN02803,Pham Hai Nam,vy2803@fpt.edu.vn,0964120268,2003
FAN02804,Tran Duc Lan,phong2804@hotmail.com,0951370674,1989
FAN02805,Phan Hai Phong,bach2805@yahoo.com,0979866089,1995
FAN02806,Pham Anh Vy,linh2806@fpt.edu.vn,0953301761,2005
FAN02807,Dang Hai Vy,lan2807@hotmail.com,0913814126,2002
FAN02808,Pham Duc Dung,phong2808@hotmail.com,0985477406,1991
FAN02809,Do Anh Quan,quan2809@gmail.com,0954500878,1996
FAN02810,Pham Tuan Vy,lan2810@gmail.com,0953874843,2003
FAN02811,Phan Van Linh,dung2811@fpt.edu.vn,0926828512,1999
FAN02812,Bui Hai Nam,linh2812@hotmail.com,0929840004,2003
FAN02813,Nguyen Hai Linh,vy2813@hotmail.com,0997209267,2001
FAN02814,Hoang Minh Bach,phong2814@yahoo.com,0948112115,2004
FAN02815,Vu Tuan Lan,quan2815@fpt.edu.vn,0921967751,2004
FAN02816,Tran Minh Mai,vy2816@gmail.com,0954693734,1986
FAN02817,Bui Anh Mai,phong2817@gmail.com,0951910048,1990
FAN02818,Phan Gia Phong,mai2818@fpt.edu.vn,0977682309,1991
FAN02819,Phan Thi Dung,bach2819@gmail.com,0937274497,2005
FAN02820,Phan Xuan Mai,linh2820@hotmail.com,0963883848,1992
FAN02821,Bui Gia Phong,quan2821@hotmail.com,0942253648,2006
FAN02822,Tran Xuan Mai,phong2822@hotmail.com,0997424955,1998
FAN02823,Hoang Minh Bach,lan2823@fpt.edu.vn,0998270701,1999
FAN02824,Bui Minh Mai,quan2824@gmail.com,0942084890,1987
FAN02825,Hoang Anh Nam,lan2825@gmail.com,0943571993,1990
FAN02826,Hoang Xuan Mai,bach2826@fpt.edu.vn,0967675608,2001
FAN02827,Hoang Gia Nam,bach2827@gmail.com,0915682970,1985
FAN02828,Vu Van Mai,lan2828@yahoo.com,0991797414,1997
FAN02829,Do Gia Bach,mai2829@gmail.com,0951398370,1995
FAN02830,Vu Quoc Lan,phong2830@yahoo.com,0981200909,1990
FAN02831,Phan Thi Quan,nam2831@fpt.edu.vn,0954514985,1992
FAN02832,Nguyen Thi Bach,mai2832@hotmail.com,0944456864,1985
FAN02833,Hoang Tuan Linh,phong2833@gmail.com,0958346388,1990
FAN02834,Phan Quoc Quan,lan2834@hotmail.com,0930516328,1996
FAN02835,Pham Van Lan,dung2835@fpt.edu.vn,0974615662,1991
FAN02836,Bui Van Nam,linh2836@fpt.edu.vn,0970772666,2008
FAN02837,Dang Gia Mai,bach2837@gmail.com,0921405580,2001
FAN02838,Pham Gia Nam,nam2838@gmail.com,0940478010,2007
FAN02839,Do Van Dung,hung2839@yahoo.com,0993920931,1994
FAN02840,Do Van Lan,lan2840@hotmail.com,0954792116,2004
FAN02841,Nguyen Quoc Dung,vy2841@fpt.edu.vn,0928723685,1989
FAN02842,Pham Hai Mai,hung2842@yahoo.com,0939645300,1998
FAN02843,Dang Xuan Vy,mai2843@yahoo.com,0978386761,2006
FAN02844,Do Thi Quan,quan2844@gmail.com,0927552210,1997
FAN02845,Bui Thi Dung,vy2845@yahoo.com,0997709338,1994
FAN02846,Do Anh Lan,vy2846@yahoo.com,0931435698,1995
FAN02847,Phan Tuan Nam,nam2847@hotmail.com,0955009408,2005
FAN02848,Vu Xuan Mai,phong2848@yahoo.com,0960155862,1993
FAN02849,Tran Van Mai,lan2849@fpt.edu.vn,0972045737,2002
FAN02850,Bui Tuan Bach,quan2850@fpt.edu.vn,0925765718,1988
FAN02851,Pham Van Dung,nam2851@hotmail.com,0950201690,1994
FAN02852,Tran Van Nam,vy2852@fpt.edu.vn,0981284737,2004
FAN02853,Nguyen Quoc Mai,linh2853@fpt.edu.vn,0963102615,1987
FAN02854,Hoang Duc Vy,bach2854@gmail.com,0962314719,1995
FAN02855,Do Anh Linh,bach2855@yahoo.com,0910224620,1987
FAN02856,Pham Thi Hung,phong2856@fpt.edu.vn,0924549957,1998
FAN02857,Do Xuan Nam,mai2857@gmail.com,0980600733,2008
FAN02858,Phan Quoc Vy,quan2858@fpt.edu.vn,0950162126,2005
FAN02859,Bui Duc Linh,phong2859@fpt.edu.vn,0929508879,1987
FAN02860,Bui Tuan Phong,nam2860@gmail.com,0995927839,1998
FAN02861,Phan Tuan Hung,lan2861@yahoo.com,0949405999,1995
FAN02862,Bui Hai Lan,linh2862@fpt.edu.vn,0926517727,1992
FAN02863,Nguyen Hai Bach,linh2863@fpt.edu.vn,0924609837,2002
FAN02864,Nguyen Thi Phong,phong2864@gmail.com,0938095789,1991
FAN02865,Hoang Thi Lan,mai2865@gmail.com,0958193065,1986
FAN02866,Pham Anh Linh,linh2866@fpt.edu.vn,0999148934,2006
FAN02867,Hoang Tuan Nam,quan2867@fpt.edu.vn,0941832283,2008
FAN02868,Bui Xuan Quan,hung2868@gmail.com,0916422967,1991
FAN02869,Le Van Quan,quan2869@yahoo.com,0920171057,2005
FAN02870,Dang Tuan Dung,lan2870@yahoo.com,0984157888,1986
FAN02871,Hoang Duc Lan,nam2871@gmail.com,0961176532,1998
FAN02872,Nguyen Tuan Lan,bach2872@hotmail.com,0955595659,1991
FAN02873,Hoang Hai Linh,phong2873@fpt.edu.vn,0981086008,1992
FAN02874,Hoang Gia Lan,lan2874@fpt.edu.vn,0974083139,2001
FAN02875,Do Anh Nam,vy2875@hotmail.com,0995689253,1992
FAN02876,Pham Anh Mai,quan2876@yahoo.com,0945881077,2001
FAN02877,Do Van Hung,hung2877@gmail.com,0989879809,1985
FAN02878,Do Anh Vy,linh2878@fpt.edu.vn,0998598540,2005
FAN02879,Tran Duc Linh,mai2879@yahoo.com,0934499096,2007
FAN02880,Le Van Quan,mai2880@yahoo.com,0986835244,2004
FAN02881,Phan Anh Nam,dung2881@gmail.com,0941624012,2008
FAN02882,Hoang Hai Phong,phong2882@gmail.com,0924355383,1993
FAN02883,Phan Anh Hung,linh2883@yahoo.com,0916915325,1985
FAN02884,Le Minh Bach,hung2884@gmail.com,0969149646,1999
FAN02885,Pham Tuan Quan,phong2885@hotmail.com,0959525388,1986
FAN02886,Hoang Duc Quan,lan2886@yahoo.com,0911653309,2006
FAN02887,Pham Quoc Bach,bach2887@hotmail.com,0973610494,2007
FAN02888,Phan Anh Vy,hung2888@yahoo.com,0991651899,2003
FAN02889,Do Thi Lan,hung2889@yahoo.com,0980039410,1986
FAN02890,Le Thi Mai,lan2890@fpt.edu.vn,0946797982,2007
FAN02891,Nguyen Thi Dung,quan2891@fpt.edu.vn,0928732359,2001
FAN02892,Do Minh Linh,bach2892@yahoo.com,0918386034,2002
FAN02893,Tran Hai Phong,phong2893@gmail.com,0972865260,2002
FAN02894,Vu Thi Mai,hung2894@hotmail.com,0978935350,2007
FAN02895,Phan Van Hung,dung2895@fpt.edu.vn,0967166257,2008
FAN02896,Do Minh Hung,bach2896@gmail.com,0972132112,1990
FAN02897,Dang Gia Hung,bach2897@gmail.com,0996563892,2001
FAN02898,Phan Minh Phong,bach2898@hotmail.com,0965115597,1991
FAN02899,Nguyen Gia Bach,quan2899@hotmail.com,0968510014,2003
FAN02900,Vu Minh Nam,mai2900@hotmail.com,0924831028,1992
FAN02901,Hoang Xuan Bach,bach2901@yahoo.com,0955087035,1996
FAN02902,Hoang Xuan Phong,bach2902@hotmail.com,0933619661,2002
FAN02903,Do Minh Dung,quan2903@fpt.edu.vn,0928103173,1989
FAN02904,Pham Duc Hung,lan2904@fpt.edu.vn,0989068878,2006
FAN02905,Phan Tuan Mai,quan2905@yahoo.com,0995826300,1999
FAN02906,Phan Xuan Bach,phong2906@yahoo.com,0927932584,1993
FAN02907,Vu Quoc Vy,bach2907@fpt.edu.vn,0976292366,1997
FAN02908,Tran Anh Quan,dung2908@fpt.edu.vn,0940415614,1998
FAN02909,Do Quoc Phong,nam2909@gmail.com,0994554154,1991
FAN02910,Phan Quoc Vy,linh2910@hotmail.com,0927977212,2004
FAN02911,Tran Minh Bach,mai2911@gmail.com,0949141200,1991
FAN02912,Tran Thi Mai,hung2912@gmail.com,0929531671,1987
FAN02913,Phan Hai Hung,hung2913@gmail.com,0973538069,2005
FAN02914,Do Minh Lan,phong2914@fpt.edu.vn,0965572065,2005
FAN02915,Hoang Thi Vy,linh2915@hotmail.com,0930401547,2004
FAN02916,Hoang Gia Vy,hung2916@fpt.edu.vn,0947669699,2005
FAN02917,Nguyen Quoc Vy,phong2917@gmail.com,0998916345,2005
FAN02918,Vu Xuan Vy,nam2918@yahoo.com,0950235296,2005
FAN02919,Do Hai Bach,linh2919@hotmail.com,0979316077,1990
FAN02920,Pham Minh Nam,linh2920@gmail.com,0922425993,1993
FAN02921,Vu Minh Linh,linh2921@yahoo.com,0910104194,2002
FAN02922,Nguyen Tuan Bach,nam2922@yahoo.com,0952868395,1996
FAN02923,Pham Gia Dung,hung2923@fpt.edu.vn,0967908731,1997
FAN02924,Tran Minh Vy,dung2924@fpt.edu.vn,0947039948,1988
FAN02925,Pham Minh Hung,bach2925@fpt.edu.vn,0937443306,2005
FAN02926,Phan Gia Linh,bach2926@yahoo.com,0919861253,1989
FAN02927,Do Hai Bach,dung2927@fpt.edu.vn,0911876655,1992
FAN02928,Do Xuan Vy,bach2928@gmail.com,0958729881,2005
FAN02929,Le Thi Phong,lan2929@hotmail.com,0973716526,1994
FAN02930,Tran Xuan Lan,lan2930@gmail.com,0952112282,1991
FAN02931,Hoang Quoc Dung,bach2931@gmail.com,0989726979,2002
FAN02932,Dang Gia Linh,phong2932@yahoo.com,0969859996,1991
FAN02933,Phan Quoc Lan,mai2933@yahoo.com,0962109204,1988
FAN02934,Nguyen Van Lan,linh2934@gmail.com,0936958700,1988
FAN02935,Hoang Duc Lan,phong2935@gmail.com,0917603407,2008
FAN02936,Tran Thi Hung,bach2936@gmail.com,0910407763,1996
FAN02937,Pham Tuan Hung,bach2937@fpt.edu.vn,0998230549,1988
FAN02938,Dang Minh Bach,lan2938@yahoo.com,0928509748,1989
FAN02939,Do Gia Mai,linh2939@hotmail.com,0966406813,1987
FAN02940,Le Minh Hung,linh2940@gmail.com,0970748741,1991
FAN02941,Tran Xuan Linh,dung2941@fpt.edu.vn,0953430844,2007
FAN02942,Dang Quoc Lan,vy2942@yahoo.com,0968955335,2004
FAN02943,Vu Tuan Phong,quan2943@fpt.edu.vn,0939580601,2007
FAN02944,Dang Quoc Mai,linh2944@yahoo.com,0936147454,1995
FAN02945,Hoang Tuan Lan,nam2945@gmail.com,0918887906,2001
FAN02946,Do Thi Phong,bach2946@gmail.com,0911156598,2002
FAN02947,Phan Quoc Vy,vy2947@fpt.edu.vn,0925196277,1995
FAN02948,Phan Hai Mai,phong2948@gmail.com,0941839009,1995
FAN02949,Do Minh Hung,linh2949@fpt.edu.vn,0965609919,2000
FAN02950,Do Gia Vy,bach2950@fpt.edu.vn,0978181959,1993
FAN02951,Le Tuan Phong,vy2951@hotmail.com,0994716786,1997
FAN02952,Vu Minh Mai,nam2952@hotmail.com,0990346527,1997
FAN02953,Le Minh Linh,vy2953@fpt.edu.vn,0962008732,1987
FAN02954,Bui Tuan Hung,phong2954@fpt.edu.vn,0914047898,2001
FAN02955,Tran Van Bach,dung2955@yahoo.com,0950670877,1991
FAN02956,Hoang Minh Bach,quan2956@fpt.edu.vn,0951544059,1991
FAN02957,Tran Minh Dung,vy2957@hotmail.com,0925074276,2001
FAN02958,Le Thi Quan,nam2958@yahoo.com,0916539174,1985
FAN02959,Nguyen Xuan Hung,bach2959@fpt.edu.vn,0982306559,1997
FAN02960,Do Tuan Lan,vy2960@gmail.com,0991907630,2004
FAN02961,Phan Tuan Vy,dung2961@gmail.com,0923339280,1985
FAN02962,Pham Hai Mai,hung2962@hotmail.com,0980663242,1993
FAN02963,Dang Quoc Bach,linh2963@yahoo.com,0990593622,2000
FAN02964,Tran Quoc Nam,linh2964@gmail.com,0993602335,2000
FAN02965,Hoang Minh Lan,mai2965@hotmail.com,0914848119,1990
FAN02966,Do Thi Mai,bach2966@yahoo.com,0997571341,2006
FAN02967,Nguyen Minh Mai,bach2967@yahoo.com,0986413446,1987
FAN02968,Hoang Xuan Quan,linh2968@yahoo.com,0938770601,1987
FAN02969,Nguyen Quoc Hung,hung2969@fpt.edu.vn,0930935379,1987
FAN02970,Phan Xuan Nam,vy2970@gmail.com,0953040321,2001
FAN02971,Vu Xuan Dung,bach2971@hotmail.com,0960791371,1992
FAN02972,Do Anh Vy,quan2972@hotmail.com,0924372301,1997
FAN02973,Nguyen Duc Vy,quan2973@gmail.com,0931657783,2004
FAN02974,Nguyen Quoc Phong,vy2974@yahoo.com,0982642942,1990
FAN02975,Tran Thi Mai,phong2975@gmail.com,0994499292,1997
FAN02976,Tran Anh Quan,phong2976@fpt.edu.vn,0912065288,1995
FAN02977,Do Duc Vy,lan2977@yahoo.com,0992150756,2001
FAN02978,Hoang Tuan Vy,mai2978@hotmail.com,0911242358,1988
FAN02979,Vu Xuan Mai,bach2979@yahoo.com,0937149234,2005
FAN02980,Vu Thi Phong,bach2980@gmail.com,0971702793,1990
FAN02981,Vu Quoc Linh,dung2981@fpt.edu.vn,0928327213,2006
FAN02982,Phan Quoc Lan,quan2982@fpt.edu.vn,0957828675,2000
FAN02983,Bui Thi Quan,phong2983@fpt.edu.vn,0947814803,1996
FAN02984,Bui Van Lan,vy2984@yahoo.com,0947173534,1986
FAN02985,Le Thi Hung,dung2985@yahoo.com,0935563478,2008
FAN02986,Dang Van Lan,quan2986@fpt.edu.vn,0986819275,2006
FAN02987,Tran Xuan Dung,phong2987@fpt.edu.vn,0932734980,1997
FAN02988,Phan Minh Dung,mai2988@fpt.edu.vn,0956223990,2006
FAN02989,Le Duc Mai,bach2989@hotmail.com,0937497588,1995
FAN02990,Vu Gia Nam,hung2990@gmail.com,0964005021,2007
FAN02991,Phan Gia Quan,dung2991@hotmail.com,0978009859,1993
FAN02992,Pham Hai Vy,dung2992@hotmail.com,0993018623,1987
FAN02993,Bui Gia Lan,nam2993@yahoo.com,0968545573,2008
FAN02994,Dang Hai Vy,hung2994@gmail.com,0962256556,1998
FAN02995,Le Minh Linh,linh2995@gmail.com,0930815882,1988
FAN02996,Nguyen Minh Hung,linh2996@hotmail.com,0942843476,2007
FAN02997,Le Thi Hung,phong2997@fpt.edu.vn,0992341156,2007
FAN02998,Nguyen Thi Linh,dung2998@fpt.edu.vn,0945786807,1996
FAN02999,Hoang Duc Dung,dung2999@yahoo.com,0955165169,1987
FAN03000,Dang Anh Vy,nam3000@gmail.com,0996609919,2000
FAN03001,Phan Van Lan,lan3001@fpt.edu.vn,0983103144,1992
FAN03002,Tran Thi Quan,bach3002@hotmail.com,0929648843,1992
FAN03003,Phan Xuan Mai,bach3003@yahoo.com,0998020760,1990
FAN03004,Nguyen Xuan Hung,mai3004@yahoo.com,0947128253,1986
FAN03005,Nguyen Tuan Lan,dung3005@yahoo.com,0923715499,2001
FAN03006,Dang Gia Phong,nam3006@yahoo.com,0974210436,1985
FAN03007,Le Van Bach,nam3007@hotmail.com,0955899147,1999
FAN03008,Hoang Quoc Mai,bach3008@gmail.com,0949060320,1992
FAN03009,Pham Thi Quan,vy3009@yahoo.com,0913759765,1999
FAN03010,Dang Gia Phong,lan3010@fpt.edu.vn,0954591558,1992
FAN03011,Le Van Quan,dung3011@yahoo.com,0950139150,1988
FAN03012,Do Minh Linh,dung3012@yahoo.com,0939557038,2003
FAN03013,Dang Duc Phong,hung3013@yahoo.com,0925819962,1994
FAN03014,Phan Anh Dung,dung3014@hotmail.com,0986168975,2000
FAN03015,Hoang Xuan Linh,vy3015@fpt.edu.vn,0995610708,1998
FAN03016,Hoang Anh Bach,dung3016@yahoo.com,0934856155,1997
FAN03017,Tran Duc Phong,phong3017@gmail.com,0990491045,1990
FAN03018,Phan Duc Hung,vy3018@yahoo.com,0950429895,1996
FAN03019,Tran Minh Bach,dung3019@hotmail.com,0982586659,2005
FAN03020,Dang Van Bach,phong3020@yahoo.com,0967863181,1991
FAN03021,Vu Minh Linh,nam3021@yahoo.com,0928602870,1995
FAN03022,Bui Hai Mai,bach3022@fpt.edu.vn,0942382388,1995
FAN03023,Nguyen Minh Bach,bach3023@yahoo.com,0999319246,1995
FAN03024,Phan Tuan Hung,vy3024@fpt.edu.vn,0945319043,1999
FAN03025,Vu Hai Lan,vy3025@fpt.edu.vn,0984455003,1991
FAN03026,Bui Duc Mai,lan3026@hotmail.com,0974247698,2005
FAN03027,Vu Thi Dung,nam3027@yahoo.com,0945338570,1992
FAN03028,Bui Anh Mai,phong3028@gmail.com,0964659248,2001
FAN03029,Do Tuan Nam,nam3029@hotmail.com,0966901057,2002
FAN03030,Dang Thi Linh,nam3030@gmail.com,0992478237,2006
FAN03031,Phan Hai Lan,bach3031@gmail.com,0970348100,1987
FAN03032,Dang Xuan Quan,phong3032@yahoo.com,0934258208,1987
FAN03033,Dang Van Bach,dung3033@gmail.com,0976318271,2000
FAN03034,Bui Quoc Nam,bach3034@fpt.edu.vn,0951679713,2008
FAN03035,Vu Hai Vy,vy3035@hotmail.com,0991104948,1989
FAN03036,Tran Duc Linh,phong3036@hotmail.com,0969604169,1986
FAN03037,Hoang Van Bach,bach3037@yahoo.com,0963212801,1993
FAN03038,Pham Quoc Bach,hung3038@yahoo.com,0959812869,2001
FAN03039,Phan Hai Lan,phong3039@gmail.com,0965290198,1988
FAN03040,Le Xuan Phong,nam3040@gmail.com,0921894946,1999
FAN03041,Do Hai Phong,bach3041@yahoo.com,0944219588,1991
FAN03042,Dang Van Lan,nam3042@gmail.com,0915998100,1996
FAN03043,Le Gia Mai,phong3043@fpt.edu.vn,0942532780,1991
FAN03044,Nguyen Van Mai,linh3044@hotmail.com,0925815492,2000
FAN03045,Le Tuan Dung,nam3045@fpt.edu.vn,0971743731,2002
FAN03046,Nguyen Xuan Quan,hung3046@yahoo.com,0916642061,1987
FAN03047,Phan Gia Dung,lan3047@fpt.edu.vn,0917000584,1994
FAN03048,Dang Xuan Mai,lan3048@gmail.com,0912121606,1989
FAN03049,Hoang Minh Quan,mai3049@fpt.edu.vn,0942930603,1990
FAN03050,Vu Thi Vy,nam3050@fpt.edu.vn,0968568178,2008
FAN03051,Nguyen Quoc Bach,mai3051@fpt.edu.vn,0923739841,2007
FAN03052,Le Thi Vy,mai3052@hotmail.com,0937284553,2002
FAN03053,Hoang Thi Lan,linh3053@yahoo.com,0926336618,1985
FAN03054,Vu Anh Vy,dung3054@hotmail.com,0926751523,2001
FAN03055,Nguyen Duc Bach,quan3055@yahoo.com,0973479377,2000
FAN03056,Nguyen Minh Linh,hung3056@gmail.com,0994854799,1990
FAN03057,Tran Van Hung,phong3057@gmail.com,0988373338,2004
FAN03058,Bui Minh Quan,lan3058@fpt.edu.vn,0964651312,1995
FAN03059,Vu Gia Hung,nam3059@yahoo.com,0983118198,1996
FAN03060,Nguyen Anh Vy,vy3060@hotmail.com,0940173389,1998
FAN03061,Dang Thi Linh,quan3061@hotmail.com,0938297095,1993
FAN03062,Dang Anh Vy,mai3062@hotmail.com,0933846181,2005
FAN03063,Tran Duc Dung,vy3063@gmail.com,0998046401,1993
FAN03064,Dang Thi Vy,vy3064@yahoo.com,0913271113,1992
FAN03065,Tran Van Dung,dung3065@yahoo.com,0972134410,1993
FAN03066,Dang Van Phong,nam3066@gmail.com,0990857368,2001
FAN03067,Phan Quoc Linh,hung3067@fpt.edu.vn,0934909679,1987
FAN03068,Phan Duc Nam,quan3068@hotmail.com,0974080224,2004
FAN03069,Dang Quoc Dung,vy3069@hotmail.com,0974290670,2005
FAN03070,Hoang Anh Vy,quan3070@fpt.edu.vn,0927184792,1996
FAN03071,Nguyen Minh Vy,nam3071@hotmail.com,0921670054,2002
FAN03072,Tran Gia Phong,mai3072@gmail.com,0997711898,1990
FAN03073,Hoang Anh Vy,mai3073@gmail.com,0924010706,1993
FAN03074,Tran Van Hung,bach3074@hotmail.com,0972491206,2001
FAN03075,Le Xuan Nam,dung3075@fpt.edu.vn,0964446056,1995
FAN03076,Pham Van Nam,vy3076@yahoo.com,0971009325,2007
FAN03077,Le Thi Phong,phong3077@gmail.com,0935492797,2003
FAN03078,Vu Gia Hung,dung3078@gmail.com,0964925565,2002
FAN03079,Le Thi Vy,linh3079@hotmail.com,0914868414,1997
FAN03080,Hoang Xuan Lan,lan3080@gmail.com,0970585388,1992
FAN03081,Phan Hai Quan,lan3081@gmail.com,0927606867,2006
FAN03082,Le Xuan Nam,bach3082@hotmail.com,0959679577,1988
FAN03083,Pham Thi Bach,vy3083@hotmail.com,0999215838,2005
FAN03084,Bui Duc Linh,hung3084@fpt.edu.vn,0918789146,2007
FAN03085,Dang Anh Hung,lan3085@gmail.com,0957836152,1997
FAN03086,Nguyen Thi Mai,bach3086@hotmail.com,0973409136,1997
FAN03087,Phan Xuan Vy,nam3087@hotmail.com,0971852131,1997
FAN03088,Le Thi Hung,phong3088@yahoo.com,0914123585,1998
FAN03089,Bui Thi Hung,quan3089@fpt.edu.vn,0923886772,1991
FAN03090,Bui Tuan Mai,nam3090@yahoo.com,0953423350,2000
FAN03091,Tran Thi Hung,lan3091@yahoo.com,0951866779,1999
FAN03092,Dang Van Nam,linh3092@yahoo.com,0999184238,2003
FAN03093,Nguyen Minh Mai,vy3093@gmail.com,0997039655,1991
FAN03094,Do Anh Linh,lan3094@gmail.com,0984852589,2000
FAN03095,Vu Anh Lan,lan3095@gmail.com,0916713659,2001
FAN03096,Tran Duc Nam,hung3096@yahoo.com,0912954664,1998
FAN03097,Do Duc Vy,lan3097@fpt.edu.vn,0927371884,2006
FAN03098,Tran Duc Vy,nam3098@fpt.edu.vn,0942294664,1994
FAN03099,Vu Minh Linh,linh3099@gmail.com,0944194659,1990
FAN03100,Phan Duc Quan,mai3100@yahoo.com,0916878759,2000
FAN03101,Le Tuan Mai,dung3101@yahoo.com,0955916841,1998
FAN03102,Do Quoc Quan,dung3102@hotmail.com,0962470704,2004
FAN03103,Phan Quoc Dung,nam3103@yahoo.com,0962675903,1998
FAN03104,Nguyen Hai Mai,mai3104@yahoo.com,0911143921,1991
FAN03105,Pham Van Hung,bach3105@yahoo.com,0989085224,1997
FAN03106,Tran Hai Linh,nam3106@hotmail.com,0939968999,2008
FAN03107,Hoang Minh Vy,vy3107@gmail.com,0996624022,1988
FAN03108,Bui Duc Quan,lan3108@yahoo.com,0911893751,1988
FAN03109,Nguyen Tuan Lan,lan3109@fpt.edu.vn,0925501235,2008
FAN03110,Tran Quoc Nam,vy3110@fpt.edu.vn,0983785516,2006
FAN03111,Do Gia Mai,mai3111@fpt.edu.vn,0940502187,1990
FAN03112,Nguyen Minh Phong,mai3112@hotmail.com,0941016032,2004
FAN03113,Vu Hai Nam,hung3113@yahoo.com,0972688460,2002
FAN03114,Vu Hai Quan,hung3114@fpt.edu.vn,0947057530,1987
FAN03115,Vu Gia Vy,dung3115@gmail.com,0940848444,1994
FAN03116,Vu Xuan Vy,nam3116@gmail.com,0993266770,2002
FAN03117,Phan Hai Mai,vy3117@yahoo.com,0923225782,2006
FAN03118,Dang Hai Hung,hung3118@hotmail.com,0964845761,2005
FAN03119,Tran Duc Vy,vy3119@gmail.com,0999018778,1987
FAN03120,Do Anh Bach,nam3120@yahoo.com,0948830260,2004
FAN03121,Pham Gia Linh,dung3121@yahoo.com,0943847809,1994
FAN03122,Pham Xuan Dung,phong3122@yahoo.com,0996941143,1998
FAN03123,Dang Hai Mai,phong3123@hotmail.com,0968704506,1994
FAN03124,Phan Tuan Phong,lan3124@fpt.edu.vn,0931279133,1988
FAN03125,Pham Anh Vy,linh3125@fpt.edu.vn,0910966033,1989
FAN03126,Nguyen Duc Dung,phong3126@hotmail.com,0996198257,2001
FAN03127,Pham Van Dung,bach3127@gmail.com,0965442604,1994
FAN03128,Vu Anh Dung,lan3128@gmail.com,0930101555,2002
FAN03129,Pham Anh Dung,hung3129@gmail.com,0996783533,1997
FAN03130,Do Minh Bach,phong3130@gmail.com,0928828242,2005
FAN03131,Hoang Xuan Hung,bach3131@yahoo.com,0994983379,2006
FAN03132,Tran Gia Bach,hung3132@gmail.com,0999468100,1985
FAN03133,Do Thi Mai,lan3133@hotmail.com,0935641358,1987
FAN03134,Tran Minh Bach,hung3134@hotmail.com,0972160431,2007
FAN03135,Le Tuan Hung,hung3135@yahoo.com,0997810413,1988
FAN03136,Bui Hai Dung,mai3136@yahoo.com,0958800398,2006
FAN03137,Nguyen Hai Mai,hung3137@yahoo.com,0944611549,1997
FAN03138,Phan Gia Phong,phong3138@hotmail.com,0913170004,1990
FAN03139,Hoang Anh Quan,hung3139@hotmail.com,0923714594,1988
FAN03140,Nguyen Anh Linh,nam3140@gmail.com,0985464350,1998
FAN03141,Nguyen Van Nam,phong3141@gmail.com,0928560686,1997
FAN03142,Vu Duc Bach,linh3142@hotmail.com,0950791648,2006
FAN03143,Pham Tuan Quan,dung3143@gmail.com,0987961806,1989
FAN03144,Phan Xuan Nam,nam3144@hotmail.com,0931044724,2002
FAN03145,Dang Xuan Dung,nam3145@gmail.com,0998803766,2007
FAN03146,Pham Duc Dung,phong3146@fpt.edu.vn,0989596376,1988
FAN03147,Do Minh Bach,dung3147@yahoo.com,0966793166,2002
FAN03148,Hoang Tuan Dung,quan3148@fpt.edu.vn,0923920243,1987
FAN03149,Nguyen Van Linh,bach3149@hotmail.com,0920297137,2003
FAN03150,Le Thi Vy,hung3150@hotmail.com,0942040244,2003
FAN03151,Do Quoc Bach,lan3151@fpt.edu.vn,0925970387,1999
FAN03152,Vu Xuan Mai,nam3152@yahoo.com,0925072825,2000
FAN03153,Phan Minh Mai,hung3153@yahoo.com,0959794316,2006
FAN03154,Le Quoc Hung,lan3154@hotmail.com,0977597463,1998
FAN03155,Do Quoc Quan,mai3155@hotmail.com,0976628532,1991
FAN03156,Hoang Quoc Lan,mai3156@yahoo.com,0921598391,1997
FAN03157,Bui Minh Nam,dung3157@fpt.edu.vn,0954203308,1992
FAN03158,Pham Minh Vy,nam3158@gmail.com,0988592034,1992
FAN03159,Do Duc Lan,mai3159@hotmail.com,0913944486,1991
FAN03160,Pham Anh Quan,phong3160@fpt.edu.vn,0946940076,1987
FAN03161,Bui Thi Quan,lan3161@yahoo.com,0910676435,2004
FAN03162,Le Tuan Hung,linh3162@fpt.edu.vn,0981329689,2004
FAN03163,Tran Van Hung,vy3163@fpt.edu.vn,0931483579,2004
FAN03164,Le Duc Lan,bach3164@gmail.com,0960915976,1991
FAN03165,Do Quoc Linh,linh3165@yahoo.com,0990275833,1990
FAN03166,Pham Minh Phong,dung3166@gmail.com,0932481241,1998
FAN03167,Bui Anh Mai,dung3167@fpt.edu.vn,0947850417,1992
FAN03168,Nguyen Thi Linh,dung3168@gmail.com,0915958607,1998
FAN03169,Phan Thi Linh,nam3169@hotmail.com,0984279639,1986
FAN03170,Do Xuan Linh,nam3170@gmail.com,0966827671,1994
FAN03171,Do Minh Linh,mai3171@gmail.com,0955910486,1996
FAN03172,Do Anh Dung,bach3172@hotmail.com,0926943206,1998
FAN03173,Nguyen Minh Dung,vy3173@gmail.com,0934012648,2003
FAN03174,Do Hai Linh,vy3174@hotmail.com,0983827259,2004
FAN03175,Nguyen Van Dung,quan3175@fpt.edu.vn,0985273309,1985
FAN03176,Dang Anh Bach,phong3176@fpt.edu.vn,0995051824,1989
FAN03177,Pham Gia Dung,lan3177@fpt.edu.vn,0976563283,2002
FAN03178,Hoang Van Dung,quan3178@fpt.edu.vn,0929362447,2006
FAN03179,Dang Duc Vy,phong3179@fpt.edu.vn,0920774249,1992
FAN03180,Vu Quoc Lan,quan3180@yahoo.com,0985392342,1999
FAN03181,Pham Duc Nam,vy3181@fpt.edu.vn,0962688320,1989
FAN03182,Tran Xuan Vy,lan3182@gmail.com,0921146041,2006
FAN03183,Le Thi Linh,vy3183@hotmail.com,0989079826,2007
FAN03184,Nguyen Thi Lan,quan3184@gmail.com,0929721349,1995
FAN03185,Pham Minh Nam,vy3185@hotmail.com,0912154528,1996
FAN03186,Do Xuan Dung,nam3186@fpt.edu.vn,0913704030,2003
FAN03187,Le Quoc Phong,hung3187@fpt.edu.vn,0947149979,2002
FAN03188,Le Anh Linh,bach3188@fpt.edu.vn,0922698657,2007
FAN03189,Pham Hai Linh,vy3189@yahoo.com,0964774235,2008
FAN03190,Tran Gia Mai,lan3190@hotmail.com,0920987620,1987
FAN03191,Tran Quoc Vy,quan3191@fpt.edu.vn,0995862761,2004
FAN03192,Bui Xuan Hung,bach3192@hotmail.com,0990448835,1996
FAN03193,Tran Quoc Vy,hung3193@hotmail.com,0913002751,1996
FAN03194,Nguyen Xuan Lan,lan3194@fpt.edu.vn,0970609800,1990
FAN03195,Bui Quoc Quan,mai3195@hotmail.com,0957321738,2005
FAN03196,Pham Van Hung,nam3196@fpt.edu.vn,0916143469,1992
FAN03197,Tran Xuan Nam,dung3197@fpt.edu.vn,0950542364,2008
FAN03198,Hoang Duc Mai,mai3198@hotmail.com,0983740080,1994
FAN03199,Le Duc Quan,linh3199@gmail.com,0983849198,1993
FAN03200,Phan Van Nam,mai3200@fpt.edu.vn,0936567113,2000
FAN03201,Tran Minh Phong,quan3201@gmail.com,0923231399,1985
FAN03202,Hoang Tuan Nam,vy3202@hotmail.com,0941832005,1988
FAN03203,Bui Minh Nam,quan3203@fpt.edu.vn,0918119590,1988
FAN03204,Dang Gia Vy,dung3204@yahoo.com,0957976474,2005
FAN03205,Hoang Anh Lan,dung3205@gmail.com,0927792028,1998
FAN03206,Hoang Thi Phong,hung3206@fpt.edu.vn,0992216859,1995
FAN03207,Vu Tuan Phong,linh3207@fpt.edu.vn,0986306173,1987
FAN03208,Le Van Dung,mai3208@hotmail.com,0978242493,1991
FAN03209,Hoang Minh Lan,bach3209@yahoo.com,0961300643,2006
FAN03210,Do Quoc Dung,bach3210@hotmail.com,0994019951,1990
FAN03211,Phan Duc Phong,vy3211@fpt.edu.vn,0928850833,2001
FAN03212,Tran Anh Quan,lan3212@yahoo.com,0969066246,1998
FAN03213,Dang Xuan Lan,linh3213@gmail.com,0955303618,1993
FAN03214,Tran Anh Mai,dung3214@fpt.edu.vn,0988719805,2008
FAN03215,Hoang Quoc Lan,mai3215@yahoo.com,0964771201,2005
FAN03216,Pham Quoc Bach,hung3216@hotmail.com,0910175488,2000
FAN03217,Pham Thi Nam,nam3217@gmail.com,0928948957,1985
FAN03218,Hoang Tuan Nam,quan3218@yahoo.com,0989843205,1995
FAN03219,Le Duc Quan,quan3219@yahoo.com,0929346658,1987
FAN03220,Vu Van Mai,vy3220@gmail.com,0979481674,1985
FAN03221,Dang Anh Quan,phong3221@gmail.com,0921306846,1991
FAN03222,Pham Minh Linh,nam3222@hotmail.com,0991254279,2000
FAN03223,Phan Van Dung,nam3223@yahoo.com,0922205399,2008
FAN03224,Bui Gia Hung,bach3224@fpt.edu.vn,0992174103,1986
FAN03225,Tran Duc Mai,linh3225@yahoo.com,0958728675,1999
FAN03226,Hoang Van Hung,dung3226@yahoo.com,0930946919,1998
FAN03227,Pham Anh Hung,hung3227@gmail.com,0990858707,2008
FAN03228,Le Xuan Vy,vy3228@gmail.com,0993628589,1989
FAN03229,Bui Gia Lan,hung3229@gmail.com,0958043765,1995
FAN03230,Nguyen Gia Phong,quan3230@gmail.com,0977218160,1999
FAN03231,Phan Xuan Nam,quan3231@yahoo.com,0965874311,1987
FAN03232,Pham Minh Lan,dung3232@fpt.edu.vn,0980779183,1990
FAN03233,Bui Van Vy,dung3233@fpt.edu.vn,0933858199,1988
FAN03234,Dang Anh Hung,hung3234@yahoo.com,0970907152,1987
FAN03235,Pham Duc Quan,lan3235@hotmail.com,0942793217,2002
FAN03236,Hoang Duc Mai,quan3236@fpt.edu.vn,0954470903,1989
FAN03237,Nguyen Duc Dung,hung3237@yahoo.com,0963816481,2001
FAN03238,Nguyen Anh Mai,hung3238@fpt.edu.vn,0961264459,2008
FAN03239,Do Hai Hung,hung3239@fpt.edu.vn,0933030230,2007
FAN03240,Pham Anh Bach,phong3240@gmail.com,0973791705,2002
FAN03241,Bui Van Dung,nam3241@yahoo.com,0920333495,1990
FAN03242,Le Minh Vy,vy3242@gmail.com,0990824030,2002
FAN03243,Le Quoc Nam,lan3243@hotmail.com,0980265811,1989
FAN03244,Vu Minh Nam,nam3244@fpt.edu.vn,0935598007,2004
FAN03245,Bui Tuan Linh,dung3245@hotmail.com,0960544477,1995
FAN03246,Tran Van Hung,dung3246@gmail.com,0941165321,1995
FAN03247,Vu Tuan Lan,dung3247@hotmail.com,0934629881,1993
FAN03248,Nguyen Xuan Mai,vy3248@yahoo.com,0957864365,1989
FAN03249,Dang Hai Quan,dung3249@fpt.edu.vn,0920977951,2006
FAN03250,Pham Xuan Linh,bach3250@fpt.edu.vn,0975657959,1989
FAN03251,Dang Tuan Hung,nam3251@gmail.com,0934563251,1995
FAN03252,Vu Minh Nam,vy3252@fpt.edu.vn,0979872246,1987
FAN03253,Do Xuan Mai,phong3253@fpt.edu.vn,0932092395,1996
FAN03254,Vu Anh Linh,hung3254@gmail.com,0978124746,1989
FAN03255,Phan Thi Lan,mai3255@gmail.com,0989469028,1997
FAN03256,Le Quoc Mai,mai3256@fpt.edu.vn,0957133175,2008
FAN03257,Pham Gia Nam,linh3257@fpt.edu.vn,0969868638,1992
FAN03258,Pham Quoc Lan,mai3258@hotmail.com,0933893654,2005
FAN03259,Phan Minh Vy,bach3259@fpt.edu.vn,0966958375,2008
FAN03260,Nguyen Quoc Nam,linh3260@hotmail.com,0939324651,1989
FAN03261,Phan Hai Linh,mai3261@yahoo.com,0948660527,1985
FAN03262,Dang Xuan Mai,quan3262@hotmail.com,0934994145,2001
FAN03263,Do Xuan Vy,vy3263@hotmail.com,0995978761,1995
FAN03264,Nguyen Hai Bach,lan3264@gmail.com,0963127658,2007
FAN03265,Pham Anh Linh,hung3265@fpt.edu.vn,0996947885,1999
FAN03266,Do Thi Hung,nam3266@yahoo.com,0985107550,1995
FAN03267,Phan Tuan Bach,vy3267@fpt.edu.vn,0936934787,2007
FAN03268,Le Thi Quan,lan3268@yahoo.com,0938518315,1985
FAN03269,Bui Gia Hung,mai3269@hotmail.com,0959445791,2004
FAN03270,Bui Gia Linh,dung3270@hotmail.com,0933058621,1988
FAN03271,Do Minh Mai,quan3271@hotmail.com,0961915056,1997
FAN03272,Vu Van Nam,phong3272@hotmail.com,0954870107,1992
FAN03273,Le Gia Nam,mai3273@hotmail.com,0969975784,2001
FAN03274,Bui Duc Linh,dung3274@hotmail.com,0947366081,1988
FAN03275,Phan Xuan Linh,hung3275@hotmail.com,0944318062,1987
FAN03276,Pham Duc Phong,mai3276@gmail.com,0950036980,2008
FAN03277,Phan Anh Mai,phong3277@fpt.edu.vn,0966445824,2007
FAN03278,Phan Tuan Lan,quan3278@yahoo.com,0957544607,1998
FAN03279,Le Quoc Phong,vy3279@hotmail.com,0986707769,1997
FAN03280,Le Hai Quan,hung3280@gmail.com,0910558523,2002
FAN03281,Phan Tuan Vy,vy3281@gmail.com,0911282902,1994
FAN03282,Phan Xuan Vy,vy3282@yahoo.com,0946904152,1987
FAN03283,Do Xuan Quan,dung3283@fpt.edu.vn,0999710163,1998
FAN03284,Hoang Duc Mai,lan3284@gmail.com,0973105231,1998
FAN03285,Phan Gia Lan,nam3285@hotmail.com,0981425891,2003
FAN03286,Bui Tuan Linh,nam3286@hotmail.com,0944348450,2008
FAN03287,Bui Hai Hung,quan3287@fpt.edu.vn,0999885715,2001
FAN03288,Tran Duc Nam,quan3288@hotmail.com,0988367970,1994
FAN03289,Phan Xuan Bach,lan3289@hotmail.com,0983476295,2005
FAN03290,Phan Xuan Dung,hung3290@fpt.edu.vn,0921145279,1996
FAN03291,Pham Duc Mai,mai3291@fpt.edu.vn,0961795312,2000
FAN03292,Tran Minh Vy,vy3292@gmail.com,0916387313,2006
FAN03293,Dang Xuan Dung,hung3293@hotmail.com,0978633976,1989
FAN03294,Hoang Thi Linh,bach3294@hotmail.com,0960389941,2006
FAN03295,Phan Minh Lan,phong3295@fpt.edu.vn,0963320447,1990
FAN03296,Do Hai Lan,mai3296@gmail.com,0958974581,1992
FAN03297,Nguyen Hai Dung,mai3297@yahoo.com,0976352317,1985
FAN03298,Bui Tuan Lan,phong3298@hotmail.com,0963760286,1997
FAN03299,Le Minh Mai,hung3299@fpt.edu.vn,0925497535,1995
FAN03300,Bui Xuan Lan,phong3300@gmail.com,0973870384,1987
FAN03301,Pham Anh Mai,bach3301@hotmail.com,0990526643,2006
FAN03302,Dang Hai Lan,mai3302@hotmail.com,0970931660,2003
FAN03303,Vu Hai Bach,mai3303@gmail.com,0951062672,2004
FAN03304,Tran Tuan Hung,linh3304@fpt.edu.vn,0958074467,2005
FAN03305,Dang Duc Hung,bach3305@yahoo.com,0962084199,2007
FAN03306,Nguyen Minh Nam,lan3306@gmail.com,0919999581,1987
FAN03307,Do Tuan Hung,lan3307@hotmail.com,0962350595,1989
FAN03308,Pham Quoc Nam,hung3308@fpt.edu.vn,0937774611,2001
FAN03309,Vu Anh Quan,hung3309@hotmail.com,0974774253,1994
FAN03310,Dang Van Linh,quan3310@fpt.edu.vn,0916692726,1992
FAN03311,Tran Van Hung,phong3311@gmail.com,0925113073,1987
FAN03312,Le Tuan Linh,quan3312@gmail.com,0937255027,2001
FAN03313,Vu Tuan Lan,bach3313@yahoo.com,0995429820,2002
FAN03314,Pham Hai Vy,quan3314@hotmail.com,0958391549,2002
FAN03315,Tran Minh Vy,nam3315@hotmail.com,0955069951,1986
FAN03316,Phan Quoc Mai,phong3316@yahoo.com,0910633747,2007
FAN03317,Vu Tuan Vy,linh3317@yahoo.com,0985228516,1994
FAN03318,Tran Thi Hung,linh3318@yahoo.com,0998877978,1994
FAN03319,Le Xuan Nam,quan3319@hotmail.com,0920412867,2008
FAN03320,Tran Tuan Dung,mai3320@yahoo.com,0983036861,1997
FAN03321,Pham Van Vy,phong3321@yahoo.com,0957018392,2003
FAN03322,Le Xuan Vy,lan3322@gmail.com,0931962462,1989
FAN03323,Bui Thi Quan,dung3323@yahoo.com,0998985661,1991
FAN03324,Pham Minh Bach,nam3324@gmail.com,0987285676,1993
FAN03325,Vu Van Hung,linh3325@hotmail.com,0924593541,2001
FAN03326,Tran Hai Linh,linh3326@hotmail.com,0914599152,1993
FAN03327,Tran Thi Bach,hung3327@hotmail.com,0910891153,2000
FAN03328,Bui Anh Dung,lan3328@fpt.edu.vn,0990758574,1990
FAN03329,Le Anh Bach,quan3329@fpt.edu.vn,0983400182,2000
FAN03330,Le Xuan Mai,quan3330@yahoo.com,0926647540,2008
FAN03331,Dang Gia Quan,vy3331@gmail.com,0983733064,2006
FAN03332,Bui Gia Vy,lan3332@yahoo.com,0992205698,1986
FAN03333,Nguyen Hai Lan,lan3333@yahoo.com,0978687367,2003
FAN03334,Le Duc Dung,lan3334@hotmail.com,0966249938,1991
FAN03335,Dang Duc Linh,quan3335@yahoo.com,0968134323,1998
FAN03336,Tran Gia Nam,hung3336@fpt.edu.vn,0916373476,2002
FAN03337,Dang Anh Linh,dung3337@gmail.com,0961272058,1987
FAN03338,Dang Duc Dung,mai3338@hotmail.com,0996967804,1989
FAN03339,Dang Van Hung,vy3339@fpt.edu.vn,0978263050,1985
FAN03340,Pham Minh Nam,hung3340@fpt.edu.vn,0924662682,1998
FAN03341,Le Gia Mai,nam3341@fpt.edu.vn,0955407565,1994
FAN03342,Bui Van Hung,lan3342@gmail.com,0946215973,1998
FAN03343,Dang Minh Quan,hung3343@fpt.edu.vn,0917466924,1987
FAN03344,Vu Van Linh,lan3344@yahoo.com,0937961096,2001
FAN03345,Do Tuan Hung,vy3345@hotmail.com,0929214231,2008
FAN03346,Nguyen Xuan Vy,dung3346@gmail.com,0995115329,1994
FAN03347,Do Van Hung,dung3347@fpt.edu.vn,0921927161,1986
FAN03348,Do Thi Lan,quan3348@fpt.edu.vn,0963474910,1987
FAN03349,Bui Thi Vy,lan3349@yahoo.com,0999135374,1987
FAN03350,Nguyen Anh Dung,bach3350@yahoo.com,0990118350,2008
FAN03351,Bui Thi Hung,mai3351@hotmail.com,0974731501,1994
FAN03352,Tran Minh Mai,dung3352@hotmail.com,0998434582,2000
FAN03353,Dang Van Linh,mai3353@yahoo.com,0910394016,1987
FAN03354,Do Minh Vy,linh3354@yahoo.com,0992324848,1987
FAN03355,Pham Thi Hung,mai3355@gmail.com,0961448464,1991
FAN03356,Nguyen Xuan Vy,nam3356@gmail.com,0977299126,1998
FAN03357,Pham Van Bach,mai3357@fpt.edu.vn,0947862585,2006
FAN03358,Phan Gia Vy,phong3358@fpt.edu.vn,0989368515,1991
FAN03359,Hoang Duc Hung,linh3359@hotmail.com,0981948702,1998
FAN03360,Tran Gia Bach,mai3360@gmail.com,0985825851,1989
FAN03361,Do Anh Dung,bach3361@yahoo.com,0967401522,2005
FAN03362,Pham Van Mai,phong3362@hotmail.com,0910708842,2006
FAN03363,Tran Minh Mai,quan3363@gmail.com,0966950412,1997
FAN03364,Nguyen Anh Mai,mai3364@fpt.edu.vn,0987611415,2006
FAN03365,Nguyen Hai Vy,vy3365@fpt.edu.vn,0922359828,1995
FAN03366,Vu Hai Mai,dung3366@yahoo.com,0937468085,1994
FAN03367,Tran Hai Linh,linh3367@hotmail.com,0910897685,1988
FAN03368,Hoang Duc Dung,quan3368@yahoo.com,0915191667,1999
FAN03369,Dang Thi Lan,mai3369@yahoo.com,0925856570,1990
FAN03370,Dang Hai Hung,bach3370@yahoo.com,0946601509,1994
FAN03371,Bui Tuan Mai,linh3371@yahoo.com,0929852444,1999
FAN03372,Dang Van Dung,phong3372@hotmail.com,0992933463,1986
FAN03373,Nguyen Hai Mai,linh3373@fpt.edu.vn,0996963623,1988
FAN03374,Pham Van Vy,dung3374@fpt.edu.vn,0968862551,2000
FAN03375,Le Van Vy,hung3375@fpt.edu.vn,0946234621,2003
FAN03376,Le Tuan Dung,quan3376@fpt.edu.vn,0930638692,2007
FAN03377,Do Quoc Bach,dung3377@yahoo.com,0961853758,1986
FAN03378,Do Hai Mai,bach3378@yahoo.com,0946057300,2004
FAN03379,Le Anh Hung,quan3379@fpt.edu.vn,0990578860,1994
FAN03380,Vu Tuan Mai,mai3380@gmail.com,0962408257,2000
FAN03381,Tran Xuan Vy,vy3381@hotmail.com,0962937739,1998
FAN03382,Tran Anh Mai,bach3382@yahoo.com,0966118658,1989
FAN03383,Bui Xuan Dung,vy3383@yahoo.com,0974111512,2002
FAN03384,Do Hai Lan,quan3384@hotmail.com,0992437238,1989
FAN03385,Phan Duc Phong,lan3385@hotmail.com,0927874683,1993
FAN03386,Tran Quoc Dung,quan3386@fpt.edu.vn,0942615708,2001
FAN03387,Dang Minh Mai,bach3387@hotmail.com,0921499579,2000
FAN03388,Hoang Hai Dung,vy3388@hotmail.com,0980985319,1987
FAN03389,Pham Minh Quan,linh3389@yahoo.com,0938065168,1993
FAN03390,Hoang Thi Quan,vy3390@yahoo.com,0969507510,2002
FAN03391,Do Minh Quan,phong3391@hotmail.com,0990805088,1996
FAN03392,Le Tuan Bach,linh3392@gmail.com,0995612073,2008
FAN03393,Pham Minh Hung,mai3393@gmail.com,0940028339,1992
FAN03394,Tran Van Mai,mai3394@fpt.edu.vn,0943189103,2008
FAN03395,Pham Quoc Dung,bach3395@gmail.com,0939114480,1994
FAN03396,Pham Thi Quan,bach3396@gmail.com,0974386029,1991
FAN03397,Pham Xuan Vy,vy3397@yahoo.com,0932321940,1996
FAN03398,Phan Van Dung,dung3398@hotmail.com,0930682811,2002
FAN03399,Dang Tuan Quan,mai3399@yahoo.com,0954326390,1991
FAN03400,Nguyen Tuan Linh,quan3400@gmail.com,0923138677,1992
FAN03401,Le Quoc Vy,nam3401@yahoo.com,0924281484,1987
FAN03402,Hoang Xuan Hung,quan3402@gmail.com,0946065697,1997
FAN03403,Dang Xuan Mai,lan3403@yahoo.com,0965097680,2000
FAN03404,Nguyen Hai Mai,quan3404@gmail.com,0912548188,1995
FAN03405,Tran Hai Dung,mai3405@hotmail.com,0992712996,1986
FAN03406,Dang Minh Vy,lan3406@hotmail.com,0954672246,2006
FAN03407,Tran Duc Quan,bach3407@gmail.com,0964598545,1987
FAN03408,Phan Anh Mai,bach3408@fpt.edu.vn,0925240036,1991
FAN03409,Pham Thi Linh,lan3409@hotmail.com,0937037939,1991
FAN03410,Do Tuan Dung,bach3410@gmail.com,0930200203,2007
FAN03411,Le Anh Mai,mai3411@hotmail.com,0983230261,1993
FAN03412,Vu Van Hung,quan3412@gmail.com,0938196143,1985
FAN03413,Nguyen Gia Quan,mai3413@fpt.edu.vn,0944873591,2003
FAN03414,Do Xuan Lan,linh3414@yahoo.com,0945422567,1989
FAN03415,Bui Xuan Vy,dung3415@hotmail.com,0962361022,1986
FAN03416,Do Thi Vy,bach3416@hotmail.com,0945061395,1990
FAN03417,Nguyen Quoc Bach,lan3417@hotmail.com,0961529218,1996
FAN03418,Le Xuan Dung,bach3418@yahoo.com,0910068875,1996
FAN03419,Vu Tuan Phong,dung3419@hotmail.com,0971523036,1990
FAN03420,Vu Tuan Vy,bach3420@gmail.com,0947239764,1993
FAN03421,Le Minh Hung,bach3421@fpt.edu.vn,0963400620,2002
FAN03422,Bui Duc Vy,dung3422@gmail.com,0936000179,1991
FAN03423,Tran Tuan Dung,vy3423@gmail.com,0935621474,2006
FAN03424,Phan Thi Quan,nam3424@hotmail.com,0944402524,1997
FAN03425,Phan Anh Mai,bach3425@gmail.com,0963283704,1985
FAN03426,Pham Tuan Mai,dung3426@gmail.com,0933698890,1996
FAN03427,Tran Thi Linh,mai3427@hotmail.com,0936384798,2000
FAN03428,Dang Tuan Dung,lan3428@hotmail.com,0991961216,1989
FAN03429,Nguyen Gia Phong,phong3429@hotmail.com,0951146686,1996
FAN03430,Do Hai Hung,nam3430@gmail.com,0985240214,1987
FAN03431,Nguyen Tuan Phong,nam3431@yahoo.com,0982159742,2005
FAN03432,Dang Van Bach,vy3432@yahoo.com,0976519795,2002
FAN03433,Pham Minh Dung,bach3433@gmail.com,0912838849,2004
FAN03434,Pham Tuan Mai,vy3434@gmail.com,0941996812,1992
FAN03435,Bui Anh Linh,dung3435@yahoo.com,0934529494,2000
FAN03436,Do Van Mai,mai3436@yahoo.com,0932913106,1995
FAN03437,Pham Van Nam,bach3437@gmail.com,0914639213,1985
FAN03438,Bui Xuan Dung,nam3438@hotmail.com,0978410085,2007
FAN03439,Le Anh Hung,vy3439@fpt.edu.vn,0912638275,1997
FAN03440,Hoang Minh Linh,linh3440@yahoo.com,0960181802,2003
FAN03441,Hoang Tuan Lan,dung3441@hotmail.com,0923670860,1990
FAN03442,Dang Van Lan,lan3442@hotmail.com,0999108697,2006
FAN03443,Dang Minh Vy,quan3443@hotmail.com,0954945098,2004
FAN03444,Nguyen Minh Linh,quan3444@fpt.edu.vn,0925424460,2008
FAN03445,Vu Gia Phong,vy3445@gmail.com,0985207901,1994
FAN03446,Bui Xuan Dung,linh3446@yahoo.com,0978463903,1997
FAN03447,Hoang Hai Phong,dung3447@gmail.com,0948235422,2006
FAN03448,Pham Thi Mai,mai3448@yahoo.com,0983602295,1989
FAN03449,Do Thi Dung,linh3449@gmail.com,0918198580,1999
FAN03450,Pham Van Phong,phong3450@hotmail.com,0950430360,1988
FAN03451,Pham Xuan Vy,dung3451@fpt.edu.vn,0923569730,1993
FAN03452,Vu Duc Lan,dung3452@yahoo.com,0991743092,1999
FAN03453,Hoang Minh Nam,phong3453@yahoo.com,0927279681,1999
FAN03454,Nguyen Tuan Mai,nam3454@yahoo.com,0940379386,1990
FAN03455,Dang Minh Lan,lan3455@gmail.com,0943470118,2004
FAN03456,Nguyen Gia Linh,quan3456@fpt.edu.vn,0931647587,1995
FAN03457,Hoang Duc Bach,dung3457@fpt.edu.vn,0989462264,1990
FAN03458,Le Gia Hung,mai3458@hotmail.com,0924340872,1993
FAN03459,Phan Gia Quan,lan3459@hotmail.com,0971537279,1995
FAN03460,Dang Duc Hung,bach3460@fpt.edu.vn,0925104278,1998
FAN03461,Bui Quoc Lan,linh3461@fpt.edu.vn,0960024709,2005
FAN03462,Vu Duc Mai,nam3462@fpt.edu.vn,0985061224,1989
FAN03463,Nguyen Tuan Lan,phong3463@gmail.com,0911501523,1993
FAN03464,Pham Duc Quan,vy3464@hotmail.com,0958074587,1998
FAN03465,Bui Quoc Hung,hung3465@hotmail.com,0928096286,1999
FAN03466,Hoang Xuan Bach,vy3466@fpt.edu.vn,0922168242,1992
FAN03467,Pham Tuan Hung,vy3467@gmail.com,0944976629,2005
FAN03468,Nguyen Duc Phong,hung3468@fpt.edu.vn,0974541572,1992
FAN03469,Vu Anh Lan,nam3469@yahoo.com,0911899762,1991
FAN03470,Vu Quoc Linh,dung3470@hotmail.com,0979780836,1989
FAN03471,Nguyen Thi Quan,phong3471@fpt.edu.vn,0966662358,1990
FAN03472,Bui Hai Linh,linh3472@fpt.edu.vn,0936655568,2002
FAN03473,Tran Anh Nam,dung3473@fpt.edu.vn,0948483962,1990
FAN03474,Dang Thi Quan,phong3474@fpt.edu.vn,0919664111,2004
FAN03475,Pham Minh Vy,nam3475@hotmail.com,0936899897,2002
FAN03476,Le Tuan Vy,phong3476@fpt.edu.vn,0979123912,1992
FAN03477,Tran Tuan Nam,vy3477@yahoo.com,0976464675,1997
FAN03478,Bui Thi Hung,dung3478@hotmail.com,0993370375,2002
FAN03479,Le Van Lan,lan3479@hotmail.com,0994254965,1985
FAN03480,Dang Gia Bach,phong3480@fpt.edu.vn,0957904264,1988
FAN03481,Bui Hai Dung,quan3481@fpt.edu.vn,0936246816,1993
FAN03482,Le Hai Phong,nam3482@yahoo.com,0988184359,2006
FAN03483,Hoang Thi Linh,hung3483@hotmail.com,0934233204,2001
FAN03484,Dang Anh Hung,dung3484@hotmail.com,0961539837,2002
FAN03485,Le Thi Lan,nam3485@yahoo.com,0998975348,2008
FAN03486,Le Van Bach,mai3486@gmail.com,0998165787,1999
FAN03487,Pham Gia Vy,hung3487@yahoo.com,0998708881,1989
FAN03488,Le Tuan Vy,quan3488@yahoo.com,0929948473,2004
FAN03489,Le Anh Hung,hung3489@yahoo.com,0922781125,2004
FAN03490,Tran Van Lan,quan3490@hotmail.com,0948191448,1989
FAN03491,Tran Duc Quan,linh3491@fpt.edu.vn,0923900150,1997
FAN03492,Hoang Tuan Lan,bach3492@hotmail.com,0943207477,2004
FAN03493,Pham Gia Nam,lan3493@fpt.edu.vn,0948312600,1986
FAN03494,Nguyen Gia Vy,linh3494@gmail.com,0969793685,1994
FAN03495,Le Van Linh,phong3495@yahoo.com,0953822108,1997
FAN03496,Pham Quoc Mai,vy3496@gmail.com,0935922445,1987
FAN03497,Nguyen Quoc Lan,dung3497@yahoo.com,0993927910,1986
FAN03498,Do Xuan Quan,quan3498@yahoo.com,0932063074,2003
FAN03499,Nguyen Quoc Mai,nam3499@fpt.edu.vn,0910777980,1988
FAN03500,Pham Quoc Mai,phong3500@yahoo.com,0976424776,2006
FAN03501,Dang Quoc Nam,lan3501@fpt.edu.vn,0946803707,2004
FAN03502,Pham Xuan Hung,linh3502@gmail.com,0940155523,1989
FAN03503,Do Tuan Phong,mai3503@yahoo.com,0955570295,2000
FAN03504,Pham Quoc Dung,hung3504@hotmail.com,0910384812,2002
FAN03505,Hoang Duc Hung,quan3505@hotmail.com,0950955527,1991
FAN03506,Phan Thi Hung,vy3506@fpt.edu.vn,0984372252,1992
FAN03507,Bui Hai Vy,phong3507@gmail.com,0931160095,2005
FAN03508,Do Xuan Hung,quan3508@hotmail.com,0916232949,1986
FAN03509,Tran Hai Bach,phong3509@yahoo.com,0994367968,2002
FAN03510,Bui Quoc Quan,hung3510@hotmail.com,0960419434,1990
FAN03511,Phan Xuan Vy,mai3511@hotmail.com,0986587835,2004
FAN03512,Phan Quoc Quan,quan3512@yahoo.com,0974530700,1990
FAN03513,Hoang Anh Vy,hung3513@hotmail.com,0998235991,2006
FAN03514,Bui Van Mai,linh3514@fpt.edu.vn,0968372857,1996
FAN03515,Nguyen Tuan Vy,mai3515@hotmail.com,0942754690,1993
FAN03516,Bui Anh Vy,mai3516@hotmail.com,0980534139,1991
FAN03517,Nguyen Anh Linh,dung3517@yahoo.com,0954837580,2007
FAN03518,Bui Duc Phong,nam3518@yahoo.com,0919807350,2007
FAN03519,Pham Tuan Nam,lan3519@gmail.com,0927001604,2006
FAN03520,Bui Minh Vy,dung3520@gmail.com,0978829175,2006
FAN03521,Bui Duc Mai,vy3521@yahoo.com,0933545485,2007
FAN03522,Tran Anh Lan,dung3522@yahoo.com,0997454761,1987
FAN03523,Do Thi Hung,linh3523@hotmail.com,0935048404,2007
FAN03524,Dang Gia Bach,quan3524@yahoo.com,0981000782,2002
FAN03525,Hoang Tuan Vy,dung3525@hotmail.com,0980600793,2003
FAN03526,Vu Gia Phong,bach3526@hotmail.com,0930914293,1987
FAN03527,Dang Minh Quan,hung3527@yahoo.com,0923239885,1991
FAN03528,Phan Xuan Dung,lan3528@yahoo.com,0940746697,1988
FAN03529,Nguyen Tuan Vy,nam3529@fpt.edu.vn,0968652664,2007
FAN03530,Do Hai Quan,dung3530@fpt.edu.vn,0921877706,2002
FAN03531,Le Anh Lan,linh3531@yahoo.com,0983466425,2002
FAN03532,Le Tuan Bach,linh3532@hotmail.com,0921236602,1992
FAN03533,Do Tuan Mai,dung3533@fpt.edu.vn,0976354281,1985
FAN03534,Vu Tuan Phong,quan3534@gmail.com,0950925564,2003
FAN03535,Nguyen Duc Vy,phong3535@hotmail.com,0959251595,2006
FAN03536,Le Thi Dung,lan3536@hotmail.com,0947120978,1991
FAN03537,Phan Duc Hung,hung3537@fpt.edu.vn,0931475971,2007
FAN03538,Tran Tuan Nam,vy3538@gmail.com,0989757596,1985
FAN03539,Do Quoc Hung,linh3539@fpt.edu.vn,0917607625,2008
FAN03540,Hoang Hai Quan,phong3540@gmail.com,0925050335,1997
FAN03541,Pham Gia Phong,linh3541@yahoo.com,0919212189,2004
FAN03542,Vu Gia Nam,linh3542@gmail.com,0983988457,1988
FAN03543,Hoang Hai Hung,vy3543@yahoo.com,0999451722,1991
FAN03544,Dang Gia Mai,vy3544@hotmail.com,0932522668,1997
FAN03545,Pham Hai Mai,lan3545@hotmail.com,0968297347,1995
FAN03546,Bui Xuan Bach,mai3546@gmail.com,0968976223,1991
FAN03547,Nguyen Xuan Hung,dung3547@gmail.com,0940122258,1994
FAN03548,Vu Gia Hung,hung3548@yahoo.com,0965542038,2004
FAN03549,Tran Hai Phong,nam3549@yahoo.com,0967536877,1986
FAN03550,Le Quoc Linh,quan3550@gmail.com,0955404171,1987
FAN03551,Bui Thi Bach,mai3551@yahoo.com,0921970083,2006
FAN03552,Nguyen Duc Mai,nam3552@fpt.edu.vn,0947001412,1997
FAN03553,Phan Xuan Dung,mai3553@gmail.com,0966102019,1991
FAN03554,Bui Thi Lan,vy3554@fpt.edu.vn,0919879307,1993
FAN03555,Do Gia Hung,bach3555@yahoo.com,0950786770,2002
FAN03556,Do Gia Phong,nam3556@hotmail.com,0976161393,1994
FAN03557,Do Xuan Vy,bach3557@hotmail.com,0971790725,2008
FAN03558,Pham Gia Vy,hung3558@yahoo.com,0957879486,1994
FAN03559,Hoang Duc Hung,vy3559@fpt.edu.vn,0993394130,2004
FAN03560,Tran Xuan Linh,linh3560@hotmail.com,0959279866,2006
FAN03561,Phan Quoc Linh,linh3561@hotmail.com,0928567930,1985
FAN03562,Hoang Xuan Hung,bach3562@gmail.com,0993064099,1996
FAN03563,Do Duc Nam,nam3563@hotmail.com,0918353193,1996
FAN03564,Vu Hai Phong,phong3564@gmail.com,0992647748,2000
FAN03565,Tran Tuan Dung,vy3565@yahoo.com,0940668467,2008
FAN03566,Tran Anh Hung,hung3566@fpt.edu.vn,0981503680,1988
FAN03567,Phan Minh Linh,linh3567@fpt.edu.vn,0916295930,1990
FAN03568,Le Quoc Vy,phong3568@hotmail.com,0917613181,1989
FAN03569,Dang Tuan Lan,mai3569@hotmail.com,0978375383,2007
FAN03570,Do Van Lan,quan3570@yahoo.com,0924193631,2002
FAN03571,Tran Xuan Vy,bach3571@yahoo.com,0950233824,1985
FAN03572,Dang Tuan Vy,quan3572@hotmail.com,0938442051,2002
FAN03573,Vu Anh Quan,nam3573@hotmail.com,0981807091,2006
FAN03574,Do Hai Nam,bach3574@fpt.edu.vn,0973667601,1988
FAN03575,Vu Van Vy,bach3575@gmail.com,0964408610,1993
FAN03576,Dang Minh Nam,lan3576@yahoo.com,0920850923,1992
FAN03577,Tran Hai Phong,hung3577@gmail.com,0931964936,1991
FAN03578,Nguyen Tuan Phong,hung3578@hotmail.com,0990976963,1988
FAN03579,Vu Gia Nam,lan3579@fpt.edu.vn,0916892963,1993
FAN03580,Nguyen Gia Bach,bach3580@fpt.edu.vn,0958013114,1992
FAN03581,Pham Quoc Phong,bach3581@fpt.edu.vn,0950792457,2007
FAN03582,Pham Minh Lan,nam3582@gmail.com,0919191117,1999
FAN03583,Do Anh Quan,mai3583@hotmail.com,0950189922,1999
FAN03584,Nguyen Duc Hung,vy3584@gmail.com,0964687805,1992
FAN03585,Do Minh Vy,lan3585@yahoo.com,0981367333,1990
FAN03586,Vu Quoc Nam,quan3586@yahoo.com,0920580980,1990
FAN03587,Do Xuan Bach,nam3587@hotmail.com,0953700116,1986
FAN03588,Dang Gia Nam,bach3588@gmail.com,0928078691,2008
FAN03589,Do Quoc Phong,bach3589@gmail.com,0974506507,1998
FAN03590,Tran Minh Dung,nam3590@yahoo.com,0918185531,1985
FAN03591,Le Gia Mai,hung3591@fpt.edu.vn,0994328037,1997
FAN03592,Bui Quoc Lan,mai3592@gmail.com,0927791510,1999
FAN03593,Dang Hai Vy,nam3593@yahoo.com,0913410464,2005
FAN03594,Bui Gia Lan,nam3594@gmail.com,0946893304,1988
FAN03595,Pham Quoc Bach,bach3595@fpt.edu.vn,0989296245,1985
FAN03596,Hoang Hai Nam,quan3596@hotmail.com,0935519847,2000
FAN03597,Pham Gia Dung,quan3597@fpt.edu.vn,0947999448,2000
FAN03598,Hoang Minh Linh,quan3598@hotmail.com,0954158529,1987
FAN03599,Hoang Quoc Dung,lan3599@hotmail.com,0949517079,1997
FAN03600,Phan Gia Hung,vy3600@fpt.edu.vn,0983432354,1989
FAN03601,Tran Quoc Dung,mai3601@hotmail.com,0931352001,2006
FAN03602,Vu Duc Lan,phong3602@gmail.com,0954704050,2007
FAN03603,Hoang Anh Mai,bach3603@fpt.edu.vn,0944911459,2002
FAN03604,Nguyen Gia Linh,linh3604@gmail.com,0914790272,1997
FAN03605,Do Thi Vy,nam3605@yahoo.com,0949554318,1995
FAN03606,Tran Tuan Bach,lan3606@fpt.edu.vn,0981752108,2000
FAN03607,Dang Minh Bach,dung3607@hotmail.com,0944754840,1991
FAN03608,Dang Quoc Quan,lan3608@fpt.edu.vn,0972652114,1989
FAN03609,Bui Quoc Nam,hung3609@yahoo.com,0929723811,1990
FAN03610,Pham Duc Bach,lan3610@fpt.edu.vn,0977878464,1988
FAN03611,Pham Minh Lan,nam3611@gmail.com,0924607416,2002
FAN03612,Bui Anh Lan,nam3612@hotmail.com,0928940318,2005
FAN03613,Vu Hai Quan,lan3613@hotmail.com,0914232392,2001
FAN03614,Bui Tuan Quan,nam3614@fpt.edu.vn,0950050480,2004
FAN03615,Hoang Quoc Phong,bach3615@hotmail.com,0986642204,2008
FAN03616,Pham Van Hung,quan3616@hotmail.com,0985207110,2008
FAN03617,Bui Tuan Dung,mai3617@gmail.com,0924678661,1988
FAN03618,Bui Duc Nam,bach3618@yahoo.com,0936473569,1992
FAN03619,Vu Hai Phong,hung3619@gmail.com,0959702128,1992
FAN03620,Hoang Thi Mai,hung3620@gmail.com,0962879360,1999
FAN03621,Le Hai Hung,linh3621@yahoo.com,0995035210,2003
FAN03622,Pham Thi Vy,mai3622@fpt.edu.vn,0953287069,1988
FAN03623,Phan Quoc Lan,mai3623@fpt.edu.vn,0916683152,2007
FAN03624,Dang Van Mai,mai3624@fpt.edu.vn,0986273431,1990
FAN03625,Le Duc Bach,nam3625@fpt.edu.vn,0930261981,2002
FAN03626,Vu Hai Hung,dung3626@hotmail.com,0915733207,1996
FAN03627,Pham Hai Nam,phong3627@yahoo.com,0958585335,1996
FAN03628,Pham Quoc Lan,lan3628@gmail.com,0988706508,1991
FAN03629,Dang Hai Dung,nam3629@gmail.com,0911351032,1995
FAN03630,Bui Tuan Lan,phong3630@hotmail.com,0933230622,2003
FAN03631,Nguyen Tuan Nam,mai3631@yahoo.com,0979376177,2008
FAN03632,Do Minh Quan,phong3632@fpt.edu.vn,0933114215,1991
FAN03633,Tran Xuan Mai,bach3633@yahoo.com,0910041861,1987
FAN03634,Phan Van Nam,dung3634@yahoo.com,0922206570,1995
FAN03635,Nguyen Quoc Vy,nam3635@yahoo.com,0996847647,2006
FAN03636,Tran Duc Bach,phong3636@gmail.com,0935162975,2003
FAN03637,Hoang Minh Lan,quan3637@fpt.edu.vn,0987089190,2006
FAN03638,Tran Xuan Vy,quan3638@yahoo.com,0965537833,1993
FAN03639,Nguyen Hai Bach,lan3639@yahoo.com,0964971367,1995
FAN03640,Phan Van Bach,mai3640@hotmail.com,0979377586,2001
FAN03641,Le Tuan Dung,vy3641@hotmail.com,0964446215,2005
FAN03642,Dang Van Linh,lan3642@fpt.edu.vn,0930305224,2004
FAN03643,Dang Duc Nam,hung3643@gmail.com,0933572804,2006
FAN03644,Tran Quoc Dung,hung3644@fpt.edu.vn,0912399971,2006
FAN03645,Vu Hai Phong,vy3645@hotmail.com,0910554679,2008
FAN03646,Vu Xuan Nam,lan3646@yahoo.com,0919971563,2002
FAN03647,Tran Anh Nam,dung3647@gmail.com,0953489582,2004
FAN03648,Dang Van Vy,vy3648@gmail.com,0932983502,1991
FAN03649,Vu Minh Nam,phong3649@yahoo.com,0970369665,2008
FAN03650,Vu Thi Hung,quan3650@hotmail.com,0913948304,2006
FAN03651,Bui Tuan Lan,vy3651@gmail.com,0910274518,2002
FAN03652,Bui Anh Bach,bach3652@yahoo.com,0949387920,2007
FAN03653,Hoang Tuan Lan,bach3653@yahoo.com,0936621695,1991
FAN03654,Phan Anh Quan,nam3654@yahoo.com,0979827842,1998
FAN03655,Tran Van Mai,lan3655@yahoo.com,0953651991,1998
FAN03656,Hoang Gia Mai,quan3656@hotmail.com,0939063366,2000
FAN03657,Tran Quoc Nam,hung3657@fpt.edu.vn,0997927490,1987
FAN03658,Le Xuan Nam,phong3658@gmail.com,0910030507,1996
FAN03659,Phan Thi Linh,linh3659@hotmail.com,0975877330,1995
FAN03660,Le Hai Dung,phong3660@fpt.edu.vn,0959932998,2005
FAN03661,Vu Thi Vy,lan3661@yahoo.com,0932512346,2006
FAN03662,Bui Thi Hung,linh3662@yahoo.com,0935665232,1998
FAN03663,Dang Anh Mai,mai3663@gmail.com,0928298154,1990
FAN03664,Le Duc Quan,lan3664@fpt.edu.vn,0925927937,2002
FAN03665,Tran Thi Hung,hung3665@fpt.edu.vn,0923198023,2007
FAN03666,Dang Xuan Dung,linh3666@gmail.com,0974739540,2004
FAN03667,Phan Anh Quan,vy3667@fpt.edu.vn,0912902329,1989
FAN03668,Bui Gia Bach,linh3668@fpt.edu.vn,0974922326,2004
FAN03669,Dang Quoc Linh,phong3669@gmail.com,0954553064,1998
FAN03670,Dang Hai Mai,bach3670@hotmail.com,0927471093,2000
FAN03671,Hoang Hai Hung,mai3671@fpt.edu.vn,0938664910,2007
FAN03672,Phan Anh Lan,nam3672@yahoo.com,0985158117,1993
FAN03673,Phan Tuan Dung,dung3673@fpt.edu.vn,0935471716,2000
FAN03674,Nguyen Anh Bach,phong3674@hotmail.com,0977289308,1991
FAN03675,Le Duc Bach,lan3675@yahoo.com,0967101301,1999
FAN03676,Do Van Vy,lan3676@gmail.com,0919447236,1990
FAN03677,Dang Minh Bach,mai3677@hotmail.com,0925927970,1994
FAN03678,Vu Minh Linh,quan3678@gmail.com,0932428132,2002
FAN03679,Nguyen Duc Mai,hung3679@fpt.edu.vn,0964099368,1992
FAN03680,Bui Thi Linh,linh3680@gmail.com,0973763524,1985
FAN03681,Pham Thi Nam,phong3681@gmail.com,0977353825,2005
FAN03682,Do Thi Quan,vy3682@fpt.edu.vn,0974456193,2006
FAN03683,Do Quoc Linh,dung3683@yahoo.com,0926828064,2007
FAN03684,Phan Quoc Lan,bach3684@yahoo.com,0980557176,2003
FAN03685,Le Anh Linh,dung3685@gmail.com,0962792673,1985
FAN03686,Pham Xuan Nam,bach3686@yahoo.com,0952439012,2002
FAN03687,Pham Xuan Dung,vy3687@gmail.com,0975069054,1992
FAN03688,Le Van Bach,bach3688@gmail.com,0996840451,2006
FAN03689,Dang Thi Nam,vy3689@hotmail.com,0965566254,1998
FAN03690,Nguyen Quoc Dung,lan3690@hotmail.com,0914059489,1995
FAN03691,Vu Gia Linh,quan3691@gmail.com,0992377385,1993
FAN03692,Dang Duc Lan,mai3692@gmail.com,0961114455,1996
FAN03693,Hoang Quoc Mai,bach3693@fpt.edu.vn,0911804914,2006
FAN03694,Do Tuan Bach,phong3694@yahoo.com,0996931658,1996
FAN03695,Phan Minh Dung,nam3695@yahoo.com,0971224369,2001
FAN03696,Phan Thi Lan,phong3696@gmail.com,0915766879,2008
FAN03697,Dang Thi Hung,bach3697@fpt.edu.vn,0931528142,2001
FAN03698,Hoang Thi Linh,mai3698@fpt.edu.vn,0929718994,2001
FAN03699,Nguyen Hai Mai,lan3699@hotmail.com,0935833176,2001
FAN03700,Nguyen Van Nam,quan3700@gmail.com,0974094518,1996
FAN03701,Dang Thi Bach,quan3701@fpt.edu.vn,0924759765,1999
FAN03702,Vu Tuan Hung,nam3702@yahoo.com,0992033272,2005
FAN03703,Tran Anh Lan,nam3703@fpt.edu.vn,0976814840,1997
FAN03704,Phan Gia Dung,linh3704@hotmail.com,0977221533,2003
FAN03705,Do Hai Nam,phong3705@hotmail.com,0979730518,1999
FAN03706,Do Minh Phong,mai3706@gmail.com,0951693935,1987
FAN03707,Tran Minh Nam,linh3707@fpt.edu.vn,0945676543,2003
FAN03708,Phan Gia Quan,linh3708@yahoo.com,0993976188,1991
FAN03709,Dang Gia Dung,dung3709@hotmail.com,0918825674,2006
FAN03710,Tran Thi Phong,dung3710@hotmail.com,0917117472,1997
FAN03711,Pham Hai Hung,vy3711@fpt.edu.vn,0984759121,2008
FAN03712,Vu Gia Linh,vy3712@fpt.edu.vn,0978647230,2004
FAN03713,Phan Anh Phong,phong3713@hotmail.com,0975508455,1985
FAN03714,Phan Xuan Mai,mai3714@yahoo.com,0911264865,2003
FAN03715,Pham Quoc Linh,quan3715@gmail.com,0969874336,2002
FAN03716,Pham Quoc Vy,lan3716@hotmail.com,0913428230,1991
FAN03717,Vu Gia Mai,nam3717@fpt.edu.vn,0999371491,2004
FAN03718,Tran Quoc Lan,linh3718@yahoo.com,0914488321,2002
FAN03719,Pham Thi Lan,hung3719@fpt.edu.vn,0975335410,1987
FAN03720,Hoang Hai Lan,linh3720@yahoo.com,0927537149,2006
FAN03721,Vu Thi Bach,nam3721@gmail.com,0920542360,2007
FAN03722,Le Anh Quan,mai3722@hotmail.com,0979156013,2007
FAN03723,Pham Duc Phong,lan3723@fpt.edu.vn,0916922086,2008
FAN03724,Vu Minh Nam,mai3724@yahoo.com,0963838576,2007
FAN03725,Phan Anh Mai,mai3725@gmail.com,0931164111,2004
FAN03726,Vu Hai Dung,nam3726@fpt.edu.vn,0934725634,1988
FAN03727,Pham Xuan Mai,quan3727@yahoo.com,0924707563,1998
FAN03728,Do Hai Vy,phong3728@hotmail.com,0997948501,1997
FAN03729,Pham Xuan Hung,mai3729@yahoo.com,0948579148,2001
FAN03730,Le Quoc Nam,phong3730@yahoo.com,0946819873,1985
FAN03731,Nguyen Hai Linh,mai3731@hotmail.com,0975783764,1991
FAN03732,Dang Xuan Phong,lan3732@fpt.edu.vn,0913709307,1999
FAN03733,Do Hai Dung,phong3733@yahoo.com,0972418008,1986
FAN03734,Do Gia Lan,mai3734@gmail.com,0970990711,2000
FAN03735,Pham Hai Vy,nam3735@fpt.edu.vn,0995015941,2000
FAN03736,Dang Hai Linh,quan3736@gmail.com,0925055375,2001
FAN03737,Bui Quoc Linh,vy3737@yahoo.com,0995019544,1998
FAN03738,Phan Thi Phong,hung3738@hotmail.com,0978215101,2004
FAN03739,Pham Hai Hung,bach3739@yahoo.com,0992453211,1999
FAN03740,Tran Thi Nam,linh3740@fpt.edu.vn,0965272530,2005
FAN03741,Vu Gia Nam,phong3741@hotmail.com,0999937190,2005
FAN03742,Le Tuan Linh,lan3742@yahoo.com,0921049416,1993
FAN03743,Hoang Duc Mai,vy3743@fpt.edu.vn,0950983169,2000
FAN03744,Phan Thi Quan,lan3744@hotmail.com,0950990042,1999
FAN03745,Tran Minh Bach,bach3745@yahoo.com,0927632307,2002
FAN03746,Do Xuan Bach,vy3746@gmail.com,0951756031,2003
FAN03747,Phan Minh Bach,lan3747@hotmail.com,0974580943,1988
FAN03748,Do Quoc Hung,nam3748@gmail.com,0970696276,1998
FAN03749,Bui Duc Dung,phong3749@gmail.com,0970186894,1986
FAN03750,Nguyen Van Quan,bach3750@fpt.edu.vn,0931113426,1998
FAN03751,Bui Hai Phong,hung3751@hotmail.com,0951378464,1987
FAN03752,Nguyen Thi Quan,linh3752@yahoo.com,0931230283,1989
FAN03753,Tran Quoc Quan,phong3753@hotmail.com,0980263761,1999
FAN03754,Bui Quoc Nam,quan3754@hotmail.com,0982742998,1987
FAN03755,Phan Xuan Quan,quan3755@hotmail.com,0992550589,1990
FAN03756,Dang Van Phong,quan3756@yahoo.com,0931210139,1995
FAN03757,Hoang Tuan Hung,linh3757@hotmail.com,0985774784,2007
FAN03758,Bui Anh Phong,lan3758@hotmail.com,0972496003,2002
FAN03759,Do Van Quan,quan3759@yahoo.com,0954679845,2003
FAN03760,Phan Gia Lan,dung3760@hotmail.com,0937681783,1986
FAN03761,Bui Quoc Quan,bach3761@yahoo.com,0950821915,1987
FAN03762,Dang Duc Lan,linh3762@fpt.edu.vn,0987728426,2007
FAN03763,Le Hai Dung,bach3763@fpt.edu.vn,0934480299,1999
FAN03764,Bui Quoc Lan,bach3764@gmail.com,0954208400,2002
FAN03765,Tran Duc Linh,nam3765@hotmail.com,0971791848,1992
FAN03766,Dang Duc Nam,lan3766@fpt.edu.vn,0957276263,1987
FAN03767,Pham Thi Hung,dung3767@gmail.com,0925019012,1986
FAN03768,Nguyen Tuan Dung,quan3768@yahoo.com,0920646521,1992
FAN03769,Tran Thi Mai,phong3769@fpt.edu.vn,0971429359,1999
FAN03770,Dang Thi Dung,mai3770@yahoo.com,0998694237,1989
FAN03771,Nguyen Duc Lan,vy3771@fpt.edu.vn,0911222996,1992
FAN03772,Do Quoc Quan,mai3772@yahoo.com,0930414571,1997
FAN03773,Vu Minh Hung,phong3773@yahoo.com,0959193482,1997
FAN03774,Le Minh Bach,quan3774@hotmail.com,0920755223,1995
FAN03775,Pham Xuan Linh,lan3775@gmail.com,0966451292,2005
FAN03776,Tran Hai Bach,dung3776@fpt.edu.vn,0985163578,1998
FAN03777,Vu Thi Lan,vy3777@hotmail.com,0999449122,1996
FAN03778,Nguyen Minh Bach,nam3778@gmail.com,0965560212,1989
FAN03779,Bui Xuan Vy,lan3779@hotmail.com,0914476099,1993
FAN03780,Le Hai Dung,nam3780@fpt.edu.vn,0945616498,1998
FAN03781,Pham Duc Bach,linh3781@hotmail.com,0940887603,1995
FAN03782,Pham Tuan Nam,bach3782@hotmail.com,0926846660,1996
FAN03783,Le Hai Quan,hung3783@hotmail.com,0975570812,2006
FAN03784,Nguyen Tuan Dung,dung3784@fpt.edu.vn,0962863850,1991
FAN03785,Pham Quoc Quan,dung3785@gmail.com,0959409184,1987
FAN03786,Phan Xuan Nam,linh3786@yahoo.com,0983551462,1993
FAN03787,Tran Minh Bach,phong3787@hotmail.com,0954642795,2006
FAN03788,Pham Van Hung,dung3788@yahoo.com,0963950371,1991
FAN03789,Dang Quoc Hung,hung3789@hotmail.com,0978766596,2004
FAN03790,Hoang Hai Phong,dung3790@fpt.edu.vn,0914168253,2003
FAN03791,Tran Thi Linh,bach3791@hotmail.com,0991845196,2008
FAN03792,Pham Gia Lan,mai3792@yahoo.com,0984388812,1999
FAN03793,Tran Hai Bach,phong3793@hotmail.com,0944471001,2000
FAN03794,Tran Tuan Phong,vy3794@hotmail.com,0998243600,1999
FAN03795,Nguyen Thi Bach,linh3795@gmail.com,0922411057,1986
FAN03796,Do Van Bach,hung3796@hotmail.com,0936936203,1992
FAN03797,Dang Van Quan,dung3797@fpt.edu.vn,0982761675,1999
FAN03798,Le Gia Lan,dung3798@fpt.edu.vn,0948627635,2000
FAN03799,Dang Xuan Mai,mai3799@fpt.edu.vn,0969431110,1998
FAN03800,Tran Thi Linh,bach3800@fpt.edu.vn,0925533491,1998
FAN03801,Dang Quoc Quan,linh3801@gmail.com,0957947404,2000
FAN03802,Tran Gia Linh,dung3802@yahoo.com,0916112241,1988
FAN03803,Dang Gia Vy,mai3803@fpt.edu.vn,0955163309,2002
FAN03804,Dang Hai Nam,phong3804@fpt.edu.vn,0921422228,2006
FAN03805,Do Van Lan,lan3805@fpt.edu.vn,0990367091,1992
FAN03806,Hoang Quoc Linh,nam3806@hotmail.com,0925416746,2002
FAN03807,Bui Hai Dung,mai3807@fpt.edu.vn,0939740809,1998
FAN03808,Le Thi Mai,linh3808@fpt.edu.vn,0992050548,1991
FAN03809,Tran Thi Linh,linh3809@yahoo.com,0952261032,1995
FAN03810,Phan Quoc Mai,quan3810@yahoo.com,0944420466,2000
FAN03811,Do Duc Nam,hung3811@yahoo.com,0937557594,1992
FAN03812,Vu Tuan Hung,lan3812@fpt.edu.vn,0923677286,2007
FAN03813,Pham Tuan Quan,dung3813@gmail.com,0940068024,1995
FAN03814,Le Anh Mai,dung3814@gmail.com,0976282851,2007
FAN03815,Le Xuan Linh,hung3815@gmail.com,0914352610,1992
FAN03816,Pham Gia Bach,nam3816@gmail.com,0941976196,2000
FAN03817,Pham Quoc Dung,hung3817@gmail.com,0983359971,1986
FAN03818,Tran Xuan Quan,lan3818@yahoo.com,0964816262,1985
FAN03819,Bui Thi Bach,phong3819@hotmail.com,0924513534,2001
FAN03820,Vu Tuan Quan,quan3820@fpt.edu.vn,0950360884,2003
FAN03821,Phan Thi Mai,nam3821@hotmail.com,0993704683,2002
FAN03822,Le Tuan Mai,lan3822@yahoo.com,0971481646,1999
FAN03823,Vu Gia Mai,lan3823@fpt.edu.vn,0982110991,2002
FAN03824,Vu Minh Dung,bach3824@hotmail.com,0961651311,1988
FAN03825,Tran Van Quan,phong3825@gmail.com,0996926216,2007
FAN03826,Bui Minh Phong,linh3826@yahoo.com,0963199185,2004
FAN03827,Vu Tuan Linh,nam3827@hotmail.com,0966333339,1995
FAN03828,Bui Xuan Bach,quan3828@gmail.com,0943384592,2008
FAN03829,Pham Hai Quan,mai3829@hotmail.com,0983957911,1991
FAN03830,Dang Xuan Phong,lan3830@yahoo.com,0935888715,1998
FAN03831,Do Xuan Linh,dung3831@fpt.edu.vn,0947769232,1996
FAN03832,Nguyen Anh Mai,phong3832@fpt.edu.vn,0921058205,2000
FAN03833,Dang Minh Quan,quan3833@gmail.com,0962621013,1994
FAN03834,Vu Minh Lan,hung3834@hotmail.com,0994407989,1998
FAN03835,Tran Hai Bach,bach3835@gmail.com,0996090286,1992
FAN03836,Dang Hai Lan,mai3836@gmail.com,0941208028,2005
FAN03837,Do Anh Dung,dung3837@gmail.com,0929532526,1997
FAN03838,Hoang Anh Dung,linh3838@hotmail.com,0981537793,1989
FAN03839,Phan Minh Lan,lan3839@gmail.com,0925244947,2006
FAN03840,Bui Duc Hung,hung3840@yahoo.com,0958350947,1989
FAN03841,Nguyen Tuan Nam,mai3841@hotmail.com,0968333653,1993
FAN03842,Bui Thi Vy,quan3842@hotmail.com,0927212917,1996
FAN03843,Vu Anh Linh,bach3843@fpt.edu.vn,0941647603,2002
FAN03844,Bui Van Phong,lan3844@hotmail.com,0910785360,2004
FAN03845,Vu Hai Quan,vy3845@fpt.edu.vn,0952419906,1988
FAN03846,Bui Xuan Hung,lan3846@hotmail.com,0969249783,1990
FAN03847,Pham Minh Mai,vy3847@fpt.edu.vn,0970088219,1998
FAN03848,Do Anh Bach,bach3848@gmail.com,0962804511,2001
FAN03849,Le Thi Mai,lan3849@hotmail.com,0954098486,1987
FAN03850,Dang Van Bach,dung3850@hotmail.com,0987418760,2006
FAN03851,Pham Thi Quan,nam3851@yahoo.com,0972169156,2002
FAN03852,Nguyen Gia Phong,hung3852@fpt.edu.vn,0990696247,1986
FAN03853,Nguyen Gia Bach,nam3853@gmail.com,0953781044,2000
FAN03854,Le Minh Dung,bach3854@fpt.edu.vn,0992577196,1991
FAN03855,Bui Thi Hung,lan3855@gmail.com,0913255360,1990
FAN03856,Phan Thi Vy,phong3856@yahoo.com,0940618049,2000
FAN03857,Do Thi Vy,phong3857@hotmail.com,0967739704,1999
FAN03858,Bui Duc Lan,linh3858@yahoo.com,0920808406,2005
FAN03859,Dang Xuan Vy,lan3859@hotmail.com,0915946603,1999
FAN03860,Phan Anh Lan,hung3860@gmail.com,0952037151,2004
FAN03861,Pham Tuan Mai,nam3861@gmail.com,0925962935,2006
FAN03862,Pham Anh Phong,linh3862@hotmail.com,0996808477,1998
FAN03863,Phan Anh Quan,phong3863@yahoo.com,0916347152,2007
FAN03864,Phan Anh Bach,hung3864@hotmail.com,0916182642,1993
FAN03865,Phan Gia Hung,nam3865@fpt.edu.vn,0913802919,2003
FAN03866,Le Gia Vy,bach3866@yahoo.com,0916437910,1995
FAN03867,Do Xuan Linh,phong3867@hotmail.com,0989180240,1996
FAN03868,Tran Minh Dung,lan3868@fpt.edu.vn,0999740133,2003
FAN03869,Bui Minh Hung,lan3869@hotmail.com,0949090901,1990
FAN03870,Nguyen Van Mai,dung3870@hotmail.com,0912983865,2000
FAN03871,Bui Van Dung,phong3871@fpt.edu.vn,0921251945,1997
FAN03872,Hoang Thi Mai,dung3872@hotmail.com,0977555613,2006
FAN03873,Nguyen Anh Lan,vy3873@yahoo.com,0926675138,2008
FAN03874,Hoang Minh Linh,linh3874@gmail.com,0914694296,2001
FAN03875,Hoang Quoc Vy,nam3875@yahoo.com,0954806376,1988
FAN03876,Vu Gia Mai,dung3876@gmail.com,0983528326,1994
FAN03877,Vu Hai Quan,nam3877@yahoo.com,0935929881,1990
FAN03878,Hoang Hai Nam,phong3878@hotmail.com,0921581979,2007
FAN03879,Do Thi Mai,phong3879@hotmail.com,0959577545,2008
FAN03880,Hoang Minh Lan,linh3880@yahoo.com,0963759653,1988
FAN03881,Bui Anh Lan,vy3881@hotmail.com,0984063174,2003
FAN03882,Pham Hai Bach,bach3882@hotmail.com,0925010509,1986
FAN03883,Tran Tuan Linh,dung3883@gmail.com,0947341589,1998
FAN03884,Dang Minh Quan,phong3884@fpt.edu.vn,0991054800,1991
FAN03885,Dang Minh Dung,vy3885@fpt.edu.vn,0975091955,2005
FAN03886,Pham Hai Bach,phong3886@gmail.com,0978031113,1993
FAN03887,Do Anh Quan,nam3887@fpt.edu.vn,0961107709,2004
FAN03888,Vu Van Dung,linh3888@hotmail.com,0910685155,2003
FAN03889,Vu Quoc Quan,lan3889@yahoo.com,0943495982,1993
FAN03890,Vu Minh Bach,linh3890@gmail.com,0954447877,1988
FAN03891,Hoang Anh Hung,bach3891@gmail.com,0976685508,2008
FAN03892,Dang Gia Vy,quan3892@gmail.com,0910890745,2004
FAN03893,Pham Xuan Dung,quan3893@gmail.com,0976457522,2002
FAN03894,Vu Thi Hung,quan3894@hotmail.com,0989624334,1996
FAN03895,Hoang Duc Dung,quan3895@yahoo.com,0937050929,2006
FAN03896,Bui Thi Lan,bach3896@gmail.com,0945345343,1989
FAN03897,Tran Duc Hung,vy3897@gmail.com,0923523447,1999
FAN03898,Hoang Gia Mai,vy3898@yahoo.com,0967140546,1987
FAN03899,Le Gia Dung,mai3899@yahoo.com,0971765303,2005
FAN03900,Hoang Gia Hung,linh3900@yahoo.com,0910347838,1994
FAN03901,Vu Anh Linh,nam3901@fpt.edu.vn,0956626102,1991
FAN03902,Hoang Anh Phong,linh3902@fpt.edu.vn,0910990159,1996
FAN03903,Hoang Van Dung,phong3903@gmail.com,0937491145,1996
FAN03904,Pham Xuan Nam,mai3904@yahoo.com,0979756982,2006
FAN03905,Hoang Thi Bach,nam3905@hotmail.com,0965358372,1991
FAN03906,Dang Gia Hung,linh3906@hotmail.com,0958949683,1987
FAN03907,Phan Xuan Vy,quan3907@hotmail.com,0998375518,1999
FAN03908,Pham Thi Linh,bach3908@hotmail.com,0923412790,1994
FAN03909,Dang Quoc Lan,dung3909@yahoo.com,0933861512,2002
FAN03910,Vu Quoc Phong,dung3910@fpt.edu.vn,0922790849,1998
FAN03911,Vu Van Dung,bach3911@yahoo.com,0918145198,2007
FAN03912,Vu Anh Quan,hung3912@yahoo.com,0916622684,1993
FAN03913,Bui Minh Dung,hung3913@yahoo.com,0939404136,1997
FAN03914,Bui Xuan Bach,dung3914@yahoo.com,0994527377,2000
FAN03915,Dang Hai Linh,bach3915@gmail.com,0997576403,1997
FAN03916,Nguyen Anh Lan,hung3916@gmail.com,0955341767,1990
FAN03917,Tran Hai Bach,phong3917@fpt.edu.vn,0945508199,1997
FAN03918,Nguyen Xuan Lan,mai3918@hotmail.com,0957276359,1991
FAN03919,Le Gia Lan,lan3919@fpt.edu.vn,0944256713,1993
FAN03920,Tran Duc Dung,vy3920@yahoo.com,0986256850,2008
FAN03921,Hoang Quoc Quan,bach3921@hotmail.com,0913151532,2001
FAN03922,Hoang Thi Vy,nam3922@yahoo.com,0961606951,2007
FAN03923,Nguyen Quoc Nam,mai3923@gmail.com,0990071345,1991
FAN03924,Le Tuan Nam,mai3924@hotmail.com,0913338031,2002
FAN03925,Pham Duc Hung,hung3925@yahoo.com,0913319244,2002
FAN03926,Pham Van Hung,nam3926@gmail.com,0990905217,2002
FAN03927,Do Hai Quan,lan3927@hotmail.com,0980530375,2004
FAN03928,Hoang Duc Nam,phong3928@hotmail.com,0937137840,1987
FAN03929,Do Van Phong,phong3929@gmail.com,0977213206,2001
FAN03930,Phan Anh Nam,nam3930@hotmail.com,0985491397,1996
FAN03931,Do Van Hung,linh3931@yahoo.com,0973895853,2005
FAN03932,Hoang Xuan Phong,bach3932@gmail.com,0964933324,2003
FAN03933,Vu Van Vy,nam3933@gmail.com,0919823013,1988
FAN03934,Hoang Duc Hung,linh3934@hotmail.com,0914002838,1995
FAN03935,Le Minh Phong,linh3935@yahoo.com,0958068073,2003
FAN03936,Tran Anh Hung,hung3936@gmail.com,0938268968,2006
FAN03937,Dang Hai Lan,bach3937@hotmail.com,0953235664,1995
FAN03938,Bui Minh Linh,phong3938@yahoo.com,0929606263,1998
FAN03939,Le Anh Linh,dung3939@yahoo.com,0972205681,2008
FAN03940,Phan Thi Bach,bach3940@yahoo.com,0967903020,2004
FAN03941,Phan Gia Nam,dung3941@fpt.edu.vn,0937836365,1995
FAN03942,Do Quoc Linh,bach3942@hotmail.com,0964184354,1987
FAN03943,Phan Thi Hung,bach3943@gmail.com,0919004605,1986
FAN03944,Le Minh Vy,nam3944@fpt.edu.vn,0992514516,1992
FAN03945,Nguyen Tuan Nam,vy3945@yahoo.com,0974006671,2006
FAN03946,Dang Quoc Vy,dung3946@gmail.com,0942258891,1990
FAN03947,Hoang Tuan Dung,linh3947@yahoo.com,0952782374,1997
FAN03948,Phan Gia Quan,hung3948@yahoo.com,0929502750,1991
FAN03949,Phan Thi Quan,linh3949@gmail.com,0989187744,1990
FAN03950,Phan Tuan Linh,mai3950@hotmail.com,0976911505,1995
FAN03951,Bui Xuan Dung,quan3951@gmail.com,0990811306,2000
FAN03952,Le Anh Linh,dung3952@yahoo.com,0937730095,1995
FAN03953,Le Gia Hung,bach3953@fpt.edu.vn,0965605971,2003
FAN03954,Tran Tuan Nam,bach3954@fpt.edu.vn,0911161652,1997
FAN03955,Phan Minh Linh,bach3955@fpt.edu.vn,0924091559,1989
FAN03956,Hoang Minh Lan,hung3956@yahoo.com,0990784560,1989
FAN03957,Tran Van Dung,quan3957@gmail.com,0951433544,2001
FAN03958,Tran Thi Linh,quan3958@hotmail.com,0952293423,2006
FAN03959,Le Tuan Quan,mai3959@gmail.com,0991999142,1998
FAN03960,Phan Van Hung,nam3960@gmail.com,0924323804,1987
FAN03961,Vu Duc Phong,vy3961@gmail.com,0970321012,2005
FAN03962,Do Tuan Vy,lan3962@yahoo.com,0988869478,1993
FAN03963,Tran Duc Hung,quan3963@gmail.com,0930536428,2007
FAN03964,Pham Thi Nam,lan3964@hotmail.com,0921972215,2007
FAN03965,Pham Van Mai,vy3965@fpt.edu.vn,0969623845,1992
FAN03966,Tran Minh Quan,phong3966@gmail.com,0917500505,1999
FAN03967,Phan Duc Hung,quan3967@yahoo.com,0924527112,1989
FAN03968,Le Hai Phong,phong3968@gmail.com,0926481248,2003
FAN03969,Dang Minh Quan,mai3969@gmail.com,0969051928,2006
FAN03970,Le Tuan Lan,hung3970@fpt.edu.vn,0959214813,2005
FAN03971,Phan Thi Bach,nam3971@fpt.edu.vn,0938173315,2001
FAN03972,Vu Anh Quan,lan3972@gmail.com,0931353496,1998
FAN03973,Tran Anh Vy,quan3973@fpt.edu.vn,0997988433,2007
FAN03974,Le Hai Lan,vy3974@yahoo.com,0924958841,2008
FAN03975,Bui Tuan Hung,nam3975@hotmail.com,0917640094,2007
FAN03976,Pham Tuan Nam,hung3976@yahoo.com,0944028647,2000
FAN03977,Vu Anh Mai,nam3977@fpt.edu.vn,0957163169,2007
FAN03978,Do Duc Bach,mai3978@yahoo.com,0939739784,1987
FAN03979,Vu Xuan Quan,phong3979@gmail.com,0940769342,2002
FAN03980,Le Van Phong,lan3980@fpt.edu.vn,0917781245,1985
FAN03981,Nguyen Gia Quan,linh3981@fpt.edu.vn,0951432406,1992
FAN03982,Vu Xuan Nam,vy3982@yahoo.com,0952067903,2003
FAN03983,Phan Thi Bach,dung3983@gmail.com,0912042799,1997
FAN03984,Bui Xuan Dung,dung3984@gmail.com,0954240990,2003
FAN03985,Pham Van Linh,vy3985@yahoo.com,0913609907,1988
FAN03986,Vu Minh Bach,vy3986@hotmail.com,0971209738,2000
FAN03987,Hoang Duc Vy,mai3987@gmail.com,0972085475,1996
FAN03988,Phan Gia Nam,vy3988@hotmail.com,0985506329,1990
FAN03989,Pham Thi Mai,vy3989@fpt.edu.vn,0912424427,1993
FAN03990,Le Hai Dung,phong3990@fpt.edu.vn,0914844140,2007
FAN03991,Do Tuan Vy,linh3991@yahoo.com,0930772842,1991
FAN03992,Phan Gia Bach,dung3992@hotmail.com,0916148031,2004
FAN03993,Le Quoc Phong,dung3993@gmail.com,0992383893,1989
FAN03994,Nguyen Duc Phong,mai3994@gmail.com,0956018826,2007
FAN03995,Dang Van Mai,mai3995@gmail.com,0917106655,1993
FAN03996,Vu Duc Phong,quan3996@fpt.edu.vn,0984082722,2004
FAN03997,Dang Hai Nam,quan3997@hotmail.com,0911538182,1991
FAN03998,Nguyen Anh Linh,lan3998@fpt.edu.vn,0965420559,1997
FAN03999,Pham Xuan Linh,phong3999@hotmail.com,0942781829,1990
FAN04000,Nguyen Quoc Vy,bach4000@hotmail.com,0970367744,2004
FAN04001,Nguyen Gia Nam,hung4001@hotmail.com,0981885756,2005
FAN04002,Dang Tuan Mai,linh4002@hotmail.com,0999583483,2005
FAN04003,Phan Xuan Dung,lan4003@gmail.com,0998369078,1989
FAN04004,Tran Van Bach,dung4004@hotmail.com,0990995562,1987
FAN04005,Vu Gia Linh,phong4005@fpt.edu.vn,0945416888,2008
FAN04006,Do Minh Lan,lan4006@gmail.com,0911017371,2005
FAN04007,Bui Duc Nam,dung4007@fpt.edu.vn,0985275619,2007
FAN04008,Vu Duc Phong,linh4008@hotmail.com,0997951749,1997
FAN04009,Vu Tuan Lan,bach4009@gmail.com,0953159894,1996
FAN04010,Hoang Gia Linh,lan4010@yahoo.com,0949394248,2006
FAN04011,Vu Tuan Mai,linh4011@hotmail.com,0964689605,1999
FAN04012,Do Gia Nam,linh4012@hotmail.com,0913186522,2001
FAN04013,Bui Minh Nam,quan4013@yahoo.com,0924749528,1998
FAN04014,Phan Tuan Hung,hung4014@yahoo.com,0923015776,1987
FAN04015,Bui Anh Lan,linh4015@yahoo.com,0935031818,1992
FAN04016,Tran Tuan Phong,phong4016@gmail.com,0940360483,1994
FAN04017,Bui Minh Linh,quan4017@fpt.edu.vn,0998631790,1998
FAN04018,Do Xuan Nam,dung4018@fpt.edu.vn,0911079253,2000
FAN04019,Nguyen Xuan Quan,mai4019@fpt.edu.vn,0965624425,1993
FAN04020,Nguyen Tuan Vy,lan4020@yahoo.com,0962606149,1997
FAN04021,Dang Thi Mai,nam4021@gmail.com,0993487411,1996
FAN04022,Nguyen Minh Quan,nam4022@gmail.com,0982607212,1999
FAN04023,Le Anh Vy,bach4023@fpt.edu.vn,0986717166,1998
FAN04024,Bui Quoc Dung,phong4024@yahoo.com,0913885236,1998
FAN04025,Hoang Minh Mai,lan4025@gmail.com,0984748808,1986
FAN04026,Bui Thi Dung,quan4026@fpt.edu.vn,0982188858,1985
FAN04027,Do Quoc Nam,vy4027@fpt.edu.vn,0911428079,2008
FAN04028,Pham Xuan Mai,lan4028@yahoo.com,0936038037,1994
FAN04029,Do Tuan Lan,linh4029@gmail.com,0978530387,2007
FAN04030,Pham Duc Linh,hung4030@gmail.com,0947815781,1990
FAN04031,Do Gia Quan,hung4031@yahoo.com,0914615992,1992
FAN04032,Hoang Xuan Mai,nam4032@yahoo.com,0943058364,2008
FAN04033,Pham Van Phong,quan4033@yahoo.com,0926559128,2005
FAN04034,Tran Van Lan,mai4034@gmail.com,0915048458,1992
FAN04035,Bui Van Vy,quan4035@gmail.com,0991662645,1991
FAN04036,Vu Duc Bach,dung4036@yahoo.com,0935840990,2008
FAN04037,Vu Duc Hung,lan4037@yahoo.com,0918119337,2001
FAN04038,Le Hai Linh,bach4038@gmail.com,0915955672,1986
FAN04039,Le Quoc Lan,mai4039@gmail.com,0927014113,1997
FAN04040,Dang Hai Mai,quan4040@yahoo.com,0951355696,2001
FAN04041,Dang Gia Nam,vy4041@hotmail.com,0963166721,1988
FAN04042,Le Gia Linh,nam4042@gmail.com,0973195028,1997
FAN04043,Nguyen Quoc Quan,mai4043@hotmail.com,0957705689,1993
FAN04044,Le Van Dung,dung4044@fpt.edu.vn,0999235643,1991
FAN04045,Bui Xuan Bach,lan4045@gmail.com,0947484568,1998
FAN04046,Tran Thi Bach,dung4046@yahoo.com,0986779795,1988
FAN04047,Pham Duc Lan,mai4047@gmail.com,0953860938,1991
FAN04048,Nguyen Quoc Dung,hung4048@hotmail.com,0994259008,2008
FAN04049,Pham Minh Mai,dung4049@yahoo.com,0916891441,1987
FAN04050,Hoang Gia Linh,mai4050@hotmail.com,0948978250,1994
FAN04051,Vu Minh Phong,bach4051@fpt.edu.vn,0999253686,1993
FAN04052,Nguyen Thi Phong,dung4052@fpt.edu.vn,0995148909,1988
FAN04053,Hoang Anh Phong,quan4053@yahoo.com,0977265378,1990
FAN04054,Phan Thi Phong,nam4054@gmail.com,0985170253,1992
FAN04055,Phan Quoc Mai,hung4055@gmail.com,0948088822,2005
FAN04056,Phan Thi Quan,nam4056@fpt.edu.vn,0965793993,1999
FAN04057,Hoang Quoc Vy,nam4057@fpt.edu.vn,0997624353,2004
FAN04058,Do Van Quan,lan4058@hotmail.com,0919662269,1994
FAN04059,Phan Xuan Mai,hung4059@gmail.com,0978325038,1994
FAN04060,Bui Gia Lan,nam4060@yahoo.com,0918822124,1987
FAN04061,Nguyen Tuan Hung,lan4061@yahoo.com,0965848678,1988
FAN04062,Do Hai Quan,mai4062@yahoo.com,0960425891,1993
FAN04063,Phan Duc Bach,phong4063@gmail.com,0985665580,1989
FAN04064,Hoang Anh Dung,nam4064@gmail.com,0983667307,1998
FAN04065,Hoang Hai Dung,quan4065@yahoo.com,0960218507,1987
FAN04066,Nguyen Duc Dung,lan4066@yahoo.com,0972765907,2000
FAN04067,Hoang Thi Nam,nam4067@gmail.com,0932024767,1990
FAN04068,Tran Thi Hung,vy4068@gmail.com,0925893871,1988
FAN04069,Do Minh Dung,phong4069@yahoo.com,0914303783,1985
FAN04070,Nguyen Xuan Dung,bach4070@fpt.edu.vn,0956470847,1998
FAN04071,Bui Hai Nam,quan4071@yahoo.com,0951130384,1993
FAN04072,Dang Gia Bach,linh4072@gmail.com,0934293582,2000
FAN04073,Dang Quoc Linh,lan4073@fpt.edu.vn,0918733161,2007
FAN04074,Nguyen Quoc Linh,vy4074@hotmail.com,0936619143,1999
FAN04075,Vu Gia Mai,quan4075@gmail.com,0962210667,2001
FAN04076,Bui Duc Quan,lan4076@yahoo.com,0915846638,2000
FAN04077,Vu Xuan Mai,linh4077@fpt.edu.vn,0944884695,1995
FAN04078,Hoang Minh Hung,bach4078@fpt.edu.vn,0933835140,1992
FAN04079,Vu Hai Vy,linh4079@hotmail.com,0963659602,1999
FAN04080,Bui Quoc Bach,dung4080@yahoo.com,0945096744,1986
FAN04081,Bui Minh Lan,nam4081@gmail.com,0913525450,2003
FAN04082,Nguyen Minh Dung,dung4082@yahoo.com,0968244637,2008
FAN04083,Nguyen Van Phong,linh4083@yahoo.com,0984693321,1996
FAN04084,Nguyen Minh Linh,nam4084@gmail.com,0986703978,2006
FAN04085,Hoang Van Vy,linh4085@yahoo.com,0917855521,1994
FAN04086,Dang Quoc Phong,bach4086@gmail.com,0984886509,2002
FAN04087,Bui Minh Phong,hung4087@fpt.edu.vn,0964505852,1986
FAN04088,Do Quoc Nam,quan4088@fpt.edu.vn,0982761507,2007
FAN04089,Le Quoc Vy,hung4089@yahoo.com,0976329569,2008
FAN04090,Do Duc Dung,linh4090@hotmail.com,0954284323,1996
FAN04091,Pham Xuan Mai,nam4091@hotmail.com,0977132896,2003
FAN04092,Tran Duc Mai,mai4092@fpt.edu.vn,0947221410,1987
FAN04093,Phan Tuan Lan,vy4093@gmail.com,0933553735,1989
FAN04094,Vu Duc Linh,vy4094@fpt.edu.vn,0951326956,2001
FAN04095,Dang Quoc Mai,lan4095@hotmail.com,0929737115,2008
FAN04096,Hoang Tuan Nam,bach4096@yahoo.com,0982064133,2002
FAN04097,Le Tuan Bach,quan4097@yahoo.com,0919014285,1985
FAN04098,Tran Minh Mai,nam4098@yahoo.com,0959270192,1994
FAN04099,Le Duc Bach,phong4099@hotmail.com,0993856155,1989
FAN04100,Vu Xuan Nam,quan4100@hotmail.com,0966607206,2002
FAN04101,Pham Anh Bach,linh4101@gmail.com,0936604210,1988
FAN04102,Tran Quoc Bach,dung4102@yahoo.com,0955584863,2002
FAN04103,Bui Thi Quan,quan4103@hotmail.com,0993635540,2002
FAN04104,Tran Gia Nam,linh4104@gmail.com,0976043930,1987
FAN04105,Nguyen Gia Phong,phong4105@hotmail.com,0944773605,1986
FAN04106,Dang Duc Mai,nam4106@fpt.edu.vn,0971743215,2004
FAN04107,Tran Gia Mai,bach4107@fpt.edu.vn,0943453401,2005
FAN04108,Hoang Thi Quan,lan4108@fpt.edu.vn,0960918211,1990
FAN04109,Le Quoc Linh,bach4109@gmail.com,0924541452,2005
FAN04110,Vu Quoc Dung,vy4110@yahoo.com,0922345061,1987
FAN04111,Dang Duc Dung,hung4111@hotmail.com,0936523572,1991
FAN04112,Do Minh Quan,hung4112@fpt.edu.vn,0934024930,1989
FAN04113,Vu Tuan Vy,vy4113@fpt.edu.vn,0911088189,2003
FAN04114,Nguyen Thi Hung,vy4114@gmail.com,0962114174,2005
FAN04115,Pham Quoc Hung,hung4115@hotmail.com,0933462998,1994
FAN04116,Do Anh Vy,mai4116@hotmail.com,0916399019,2004
FAN04117,Nguyen Anh Vy,lan4117@gmail.com,0958255384,2001
FAN04118,Vu Minh Phong,dung4118@gmail.com,0925958644,1992
FAN04119,Le Thi Phong,phong4119@fpt.edu.vn,0994219917,1991
FAN04120,Le Tuan Bach,hung4120@fpt.edu.vn,0917239047,1999
FAN04121,Tran Duc Phong,vy4121@yahoo.com,0933840332,1991
FAN04122,Pham Tuan Hung,mai4122@gmail.com,0990558057,1996
FAN04123,Nguyen Gia Hung,linh4123@gmail.com,0911553269,1988
FAN04124,Phan Xuan Phong,phong4124@gmail.com,0987913887,2002
FAN04125,Phan Xuan Linh,hung4125@yahoo.com,0972856538,1990
FAN04126,Tran Duc Hung,vy4126@yahoo.com,0991886123,1996
FAN04127,Do Duc Quan,hung4127@fpt.edu.vn,0947793828,1988
FAN04128,Do Anh Mai,linh4128@hotmail.com,0954903298,1990
FAN04129,Tran Hai Phong,hung4129@yahoo.com,0969078772,1999
FAN04130,Tran Anh Quan,bach4130@fpt.edu.vn,0918888513,2003
FAN04131,Bui Duc Bach,phong4131@gmail.com,0938389883,1993
FAN04132,Tran Anh Hung,quan4132@yahoo.com,0939000607,1997
FAN04133,Bui Gia Mai,bach4133@yahoo.com,0989438890,2007
FAN04134,Vu Anh Hung,nam4134@hotmail.com,0960444710,1987
FAN04135,Phan Hai Quan,mai4135@fpt.edu.vn,0917734293,1990
FAN04136,Dang Tuan Hung,lan4136@hotmail.com,0943499490,2001
FAN04137,Tran Hai Lan,vy4137@fpt.edu.vn,0967092803,1988
FAN04138,Bui Duc Linh,nam4138@fpt.edu.vn,0920750376,2008
FAN04139,Le Tuan Phong,hung4139@hotmail.com,0913696627,2005
FAN04140,Pham Quoc Hung,bach4140@yahoo.com,0962016838,1988
FAN04141,Le Anh Hung,dung4141@fpt.edu.vn,0966745949,1996
FAN04142,Nguyen Thi Lan,vy4142@gmail.com,0995453342,1999
FAN04143,Dang Minh Dung,lan4143@gmail.com,0929345616,1989
FAN04144,Dang Quoc Nam,lan4144@hotmail.com,0920505461,1990
FAN04145,Hoang Minh Quan,linh4145@yahoo.com,0986297996,1985
FAN04146,Hoang Thi Mai,dung4146@yahoo.com,0928170896,2007
FAN04147,Hoang Quoc Dung,linh4147@hotmail.com,0964133245,2008
FAN04148,Do Quoc Linh,dung4148@fpt.edu.vn,0912027319,1991
FAN04149,Phan Quoc Bach,quan4149@fpt.edu.vn,0921426805,2008
FAN04150,Phan Duc Quan,lan4150@yahoo.com,0979306410,2002
FAN04151,Phan Thi Nam,dung4151@yahoo.com,0991407105,2008
FAN04152,Le Tuan Phong,quan4152@hotmail.com,0969404047,1988
FAN04153,Tran Xuan Bach,phong4153@fpt.edu.vn,0999607102,2003
FAN04154,Nguyen Thi Mai,mai4154@hotmail.com,0995695041,1986
FAN04155,Vu Tuan Vy,quan4155@hotmail.com,0999163052,1990
FAN04156,Pham Hai Bach,dung4156@yahoo.com,0958523464,1997
FAN04157,Dang Gia Linh,linh4157@gmail.com,0950632473,1989
FAN04158,Dang Xuan Linh,mai4158@gmail.com,0974217148,1987
FAN04159,Phan Tuan Nam,lan4159@fpt.edu.vn,0990258953,2006
FAN04160,Vu Xuan Mai,nam4160@hotmail.com,0956854727,2006
FAN04161,Pham Quoc Dung,hung4161@hotmail.com,0920946272,1991
FAN04162,Bui Thi Hung,dung4162@hotmail.com,0956376192,1988
FAN04163,Vu Anh Nam,dung4163@hotmail.com,0956167483,1995
FAN04164,Tran Minh Mai,nam4164@yahoo.com,0934477061,2003
FAN04165,Vu Duc Lan,vy4165@yahoo.com,0925797228,1998
FAN04166,Phan Thi Quan,hung4166@hotmail.com,0910746967,1999
FAN04167,Hoang Thi Phong,hung4167@fpt.edu.vn,0933770440,1992
FAN04168,Bui Xuan Phong,nam4168@yahoo.com,0983103758,1999
FAN04169,Phan Gia Lan,bach4169@yahoo.com,0912577469,2006
FAN04170,Hoang Minh Hung,linh4170@gmail.com,0911618024,1992
FAN04171,Tran Duc Lan,dung4171@gmail.com,0961442703,1996
FAN04172,Pham Xuan Hung,mai4172@gmail.com,0953549019,2004
FAN04173,Phan Xuan Quan,hung4173@yahoo.com,0982332551,1994
FAN04174,Hoang Hai Linh,hung4174@hotmail.com,0951998489,2001
FAN04175,Do Anh Phong,dung4175@fpt.edu.vn,0972010105,1995
FAN04176,Nguyen Van Nam,phong4176@fpt.edu.vn,0921241712,1997
FAN04177,Vu Duc Vy,linh4177@yahoo.com,0946087180,2008
FAN04178,Pham Minh Nam,bach4178@yahoo.com,0943207079,2002
FAN04179,Bui Xuan Lan,phong4179@gmail.com,0912581850,2007
FAN04180,Nguyen Van Nam,quan4180@yahoo.com,0964993327,2007
FAN04181,Dang Thi Nam,phong4181@fpt.edu.vn,0978264140,2005
FAN04182,Do Quoc Mai,lan4182@gmail.com,0967259983,1999
FAN04183,Dang Thi Phong,hung4183@hotmail.com,0920317997,1998
FAN04184,Le Quoc Bach,lan4184@yahoo.com,0931644592,2007
FAN04185,Phan Hai Mai,bach4185@yahoo.com,0918742629,2006
FAN04186,Phan Van Hung,linh4186@fpt.edu.vn,0961395293,1991
FAN04187,Tran Minh Hung,nam4187@yahoo.com,0961038585,1990
FAN04188,Bui Hai Linh,mai4188@fpt.edu.vn,0952654343,1997
FAN04189,Bui Duc Quan,bach4189@fpt.edu.vn,0928280449,1996
FAN04190,Tran Minh Dung,vy4190@gmail.com,0929553146,1994
FAN04191,Nguyen Hai Dung,quan4191@yahoo.com,0948245844,1992
FAN04192,Le Tuan Dung,bach4192@hotmail.com,0991301467,1991
FAN04193,Le Gia Dung,bach4193@gmail.com,0946304788,1997
FAN04194,Vu Van Lan,vy4194@fpt.edu.vn,0987915928,1985
FAN04195,Le Anh Dung,nam4195@hotmail.com,0922934707,2007
FAN04196,Dang Tuan Phong,quan4196@hotmail.com,0973521881,2007
FAN04197,Nguyen Minh Mai,dung4197@fpt.edu.vn,0931132203,2002
FAN04198,Pham Minh Bach,vy4198@yahoo.com,0924410560,2007
FAN04199,Le Anh Phong,vy4199@hotmail.com,0928249194,1986
FAN04200,Bui Thi Dung,bach4200@fpt.edu.vn,0992424549,2000
FAN04201,Phan Van Linh,phong4201@gmail.com,0978083435,1996
FAN04202,Do Xuan Linh,mai4202@hotmail.com,0985014990,2001
FAN04203,Le Duc Nam,dung4203@fpt.edu.vn,0974287853,2008
FAN04204,Le Xuan Vy,dung4204@yahoo.com,0993079631,1993
FAN04205,Nguyen Hai Mai,phong4205@fpt.edu.vn,0934368305,1989
FAN04206,Phan Tuan Nam,lan4206@yahoo.com,0962520731,1999
FAN04207,Phan Gia Hung,phong4207@hotmail.com,0932595140,1986
FAN04208,Hoang Thi Bach,linh4208@fpt.edu.vn,0952516076,1999
FAN04209,Vu Van Dung,dung4209@gmail.com,0977459323,1996
FAN04210,Le Gia Dung,bach4210@hotmail.com,0961653564,2005
FAN04211,Phan Xuan Nam,hung4211@yahoo.com,0918845506,2008
FAN04212,Vu Thi Nam,mai4212@fpt.edu.vn,0913096295,2003
FAN04213,Tran Minh Phong,quan4213@hotmail.com,0929717639,1995
FAN04214,Do Quoc Mai,dung4214@fpt.edu.vn,0965360097,1988
FAN04215,Vu Tuan Nam,dung4215@hotmail.com,0979646634,1992
FAN04216,Tran Hai Linh,vy4216@gmail.com,0958069901,2008
FAN04217,Le Quoc Hung,quan4217@hotmail.com,0943904703,2004
FAN04218,Nguyen Van Mai,vy4218@gmail.com,0915628288,1999
FAN04219,Do Duc Nam,quan4219@fpt.edu.vn,0992821345,1996
FAN04220,Do Quoc Dung,nam4220@fpt.edu.vn,0994678562,1999
FAN04221,Bui Thi Nam,quan4221@gmail.com,0930709639,1992
FAN04222,Pham Van Phong,lan4222@gmail.com,0974795098,2003
FAN04223,Phan Gia Mai,lan4223@yahoo.com,0911526047,1999
FAN04224,Dang Tuan Nam,vy4224@yahoo.com,0919627735,2006
FAN04225,Le Hai Linh,hung4225@yahoo.com,0961896189,1996
FAN04226,Bui Van Dung,linh4226@hotmail.com,0998788918,2002
FAN04227,Vu Anh Vy,linh4227@hotmail.com,0935279912,2004
FAN04228,Bui Van Quan,linh4228@yahoo.com,0943993648,2002
FAN04229,Tran Xuan Quan,quan4229@hotmail.com,0930558968,2004
FAN04230,Le Anh Bach,dung4230@yahoo.com,0932829770,1991
FAN04231,Phan Quoc Mai,hung4231@fpt.edu.vn,0957981198,2006
FAN04232,Phan Xuan Linh,bach4232@gmail.com,0962718793,1991
FAN04233,Bui Van Quan,dung4233@fpt.edu.vn,0940921581,1991
FAN04234,Do Thi Dung,bach4234@yahoo.com,0940193335,1990
FAN04235,Hoang Gia Lan,mai4235@fpt.edu.vn,0984179953,2001
FAN04236,Pham Thi Lan,vy4236@yahoo.com,0999550439,2008
FAN04237,Do Gia Mai,lan4237@gmail.com,0946093097,1993
FAN04238,Nguyen Gia Mai,nam4238@hotmail.com,0975282344,1994
FAN04239,Hoang Gia Quan,vy4239@fpt.edu.vn,0984268696,1992
FAN04240,Do Minh Bach,lan4240@fpt.edu.vn,0976057995,1988
FAN04241,Pham Duc Vy,vy4241@gmail.com,0951551515,2001
FAN04242,Hoang Duc Lan,mai4242@hotmail.com,0932311610,1989
FAN04243,Pham Gia Bach,mai4243@fpt.edu.vn,0974976958,1986
FAN04244,Nguyen Anh Quan,bach4244@gmail.com,0943867459,2007
FAN04245,Le Quoc Hung,phong4245@gmail.com,0959255355,2000
FAN04246,Le Hai Dung,quan4246@hotmail.com,0944652380,1999
FAN04247,Pham Thi Nam,quan4247@yahoo.com,0956680331,2000
FAN04248,Nguyen Quoc Phong,quan4248@yahoo.com,0933337844,1985
FAN04249,Nguyen Anh Linh,nam4249@hotmail.com,0929253448,1986
FAN04250,Do Thi Nam,linh4250@gmail.com,0984558456,1987
FAN04251,Phan Gia Bach,mai4251@yahoo.com,0914276362,2004
FAN04252,Le Minh Linh,dung4252@fpt.edu.vn,0932654756,1994
FAN04253,Hoang Minh Lan,mai4253@yahoo.com,0998678054,2008
FAN04254,Pham Hai Bach,lan4254@fpt.edu.vn,0986881972,1987
FAN04255,Vu Van Hung,phong4255@yahoo.com,0935587171,1986
FAN04256,Nguyen Hai Phong,quan4256@yahoo.com,0917544083,1990
FAN04257,Pham Gia Phong,hung4257@yahoo.com,0987575493,1985
FAN04258,Tran Van Phong,bach4258@fpt.edu.vn,0998156750,1999
FAN04259,Bui Gia Hung,quan4259@yahoo.com,0952127339,1990
FAN04260,Do Thi Vy,linh4260@fpt.edu.vn,0938265187,1993
FAN04261,Le Minh Hung,mai4261@fpt.edu.vn,0976309264,1986
FAN04262,Pham Minh Bach,phong4262@gmail.com,0973872052,1985
FAN04263,Dang Quoc Linh,linh4263@hotmail.com,0986935030,1996
FAN04264,Dang Tuan Hung,nam4264@yahoo.com,0932671186,1988
FAN04265,Phan Quoc Mai,lan4265@yahoo.com,0969743598,1992
FAN04266,Do Thi Lan,quan4266@fpt.edu.vn,0930069623,1997
FAN04267,Do Van Linh,lan4267@fpt.edu.vn,0935436165,1988
FAN04268,Nguyen Quoc Vy,dung4268@hotmail.com,0951713223,1993
FAN04269,Hoang Duc Nam,phong4269@yahoo.com,0997611530,2005
FAN04270,Pham Tuan Quan,nam4270@fpt.edu.vn,0984449167,1992
FAN04271,Tran Gia Bach,linh4271@gmail.com,0928960073,1996
FAN04272,Tran Quoc Phong,quan4272@hotmail.com,0940723387,1994
FAN04273,Hoang Duc Hung,bach4273@yahoo.com,0937939388,1985
FAN04274,Tran Anh Lan,linh4274@gmail.com,0977305585,2008
FAN04275,Do Anh Hung,hung4275@fpt.edu.vn,0920840815,1994
FAN04276,Le Duc Nam,linh4276@fpt.edu.vn,0923151839,1999
FAN04277,Dang Van Nam,phong4277@fpt.edu.vn,0959674633,2004
FAN04278,Le Duc Nam,quan4278@gmail.com,0929171573,1997
FAN04279,Nguyen Xuan Mai,hung4279@hotmail.com,0980690567,1990
FAN04280,Tran Anh Mai,nam4280@fpt.edu.vn,0910597740,2002
FAN04281,Hoang Tuan Nam,vy4281@yahoo.com,0950736010,2003
FAN04282,Tran Gia Vy,linh4282@hotmail.com,0970241408,1993
FAN04283,Dang Duc Bach,lan4283@fpt.edu.vn,0970551859,1988
FAN04284,Pham Minh Bach,hung4284@hotmail.com,0925959258,1996
FAN04285,Dang Thi Vy,mai4285@hotmail.com,0932673033,1994
FAN04286,Tran Thi Hung,phong4286@yahoo.com,0978412514,2002
FAN04287,Dang Minh Nam,vy4287@gmail.com,0964544418,2006
FAN04288,Phan Quoc Quan,linh4288@fpt.edu.vn,0983778896,1994
FAN04289,Nguyen Xuan Mai,vy4289@gmail.com,0919782514,2006
FAN04290,Le Quoc Quan,hung4290@gmail.com,0977817925,1991
FAN04291,Hoang Duc Hung,bach4291@yahoo.com,0931736953,1996
FAN04292,Tran Duc Phong,hung4292@yahoo.com,0917645717,2004
FAN04293,Nguyen Hai Nam,lan4293@hotmail.com,0941907008,1988
FAN04294,Nguyen Tuan Hung,dung4294@hotmail.com,0924871995,1989
FAN04295,Dang Gia Hung,bach4295@fpt.edu.vn,0931660423,2001
FAN04296,Tran Van Bach,hung4296@fpt.edu.vn,0934156559,1985
FAN04297,Pham Minh Linh,mai4297@gmail.com,0968520955,1992
FAN04298,Hoang Duc Mai,quan4298@yahoo.com,0986193470,2003
FAN04299,Nguyen Anh Bach,nam4299@gmail.com,0923058341,2006
FAN04300,Tran Minh Bach,linh4300@fpt.edu.vn,0943963666,1985
FAN04301,Dang Minh Hung,phong4301@gmail.com,0954482526,2002
FAN04302,Phan Anh Mai,dung4302@hotmail.com,0948499222,1987
FAN04303,Do Duc Nam,quan4303@gmail.com,0936460118,1986
FAN04304,Tran Van Hung,vy4304@yahoo.com,0917138003,2001
FAN04305,Vu Gia Bach,bach4305@gmail.com,0941688623,1998
FAN04306,Pham Tuan Hung,mai4306@fpt.edu.vn,0922081549,1998
FAN04307,Le Minh Mai,phong4307@yahoo.com,0968160001,1997
FAN04308,Le Xuan Mai,bach4308@fpt.edu.vn,0945764365,1985
FAN04309,Bui Van Lan,hung4309@hotmail.com,0997524585,1990
FAN04310,Phan Duc Phong,quan4310@hotmail.com,0971695822,2004
FAN04311,Do Thi Linh,lan4311@fpt.edu.vn,0979324573,2007
FAN04312,Nguyen Minh Linh,lan4312@hotmail.com,0920069791,2003
FAN04313,Bui Tuan Phong,quan4313@yahoo.com,0930507490,1995
FAN04314,Vu Tuan Mai,nam4314@yahoo.com,0920782269,1993
FAN04315,Le Quoc Linh,linh4315@hotmail.com,0980607828,2006
FAN04316,Dang Thi Dung,hung4316@hotmail.com,0974461670,1999
FAN04317,Pham Van Vy,phong4317@yahoo.com,0945991771,1992
FAN04318,Nguyen Hai Phong,vy4318@gmail.com,0979352071,1997
FAN04319,Pham Gia Lan,phong4319@hotmail.com,0936923826,1997
FAN04320,Phan Xuan Linh,phong4320@gmail.com,0910675776,2000
FAN04321,Phan Quoc Lan,quan4321@yahoo.com,0927545285,1997
FAN04322,Bui Duc Lan,hung4322@yahoo.com,0933653710,2005
FAN04323,Tran Anh Quan,hung4323@hotmail.com,0973889009,2006
FAN04324,Do Tuan Bach,lan4324@fpt.edu.vn,0916613289,1989
FAN04325,Pham Tuan Lan,bach4325@hotmail.com,0936309059,1993
FAN04326,Pham Minh Lan,hung4326@hotmail.com,0972760921,1998
FAN04327,Pham Xuan Nam,nam4327@hotmail.com,0971073909,1989
FAN04328,Bui Minh Quan,dung4328@fpt.edu.vn,0973613927,2003
FAN04329,Vu Tuan Bach,lan4329@fpt.edu.vn,0927348602,1996
FAN04330,Do Xuan Vy,nam4330@fpt.edu.vn,0910482250,1987
FAN04331,Dang Tuan Phong,phong4331@fpt.edu.vn,0930184028,1990
FAN04332,Tran Tuan Dung,nam4332@fpt.edu.vn,0976695481,1993
FAN04333,Tran Gia Vy,hung4333@hotmail.com,0913953925,1995
FAN04334,Bui Anh Vy,bach4334@gmail.com,0947060517,1997
FAN04335,Le Thi Vy,bach4335@hotmail.com,0923206710,2000
FAN04336,Do Hai Linh,phong4336@gmail.com,0995861627,1988
FAN04337,Bui Quoc Mai,quan4337@gmail.com,0971579226,1997
FAN04338,Vu Xuan Bach,mai4338@fpt.edu.vn,0924828968,1999
FAN04339,Pham Minh Linh,dung4339@hotmail.com,0957969928,2002
FAN04340,Pham Xuan Dung,vy4340@fpt.edu.vn,0941168570,1989
FAN04341,Phan Thi Nam,phong4341@hotmail.com,0966030741,1985
FAN04342,Vu Van Linh,quan4342@hotmail.com,0996205673,2004
FAN04343,Nguyen Anh Linh,bach4343@gmail.com,0979432256,2004
FAN04344,Hoang Duc Bach,bach4344@fpt.edu.vn,0914990563,1999
FAN04345,Nguyen Duc Phong,nam4345@yahoo.com,0926451186,1992
FAN04346,Phan Duc Bach,linh4346@hotmail.com,0985704351,2007
FAN04347,Do Anh Phong,mai4347@hotmail.com,0985600084,1998
FAN04348,Tran Minh Phong,phong4348@hotmail.com,0998656315,2004
FAN04349,Le Minh Dung,nam4349@fpt.edu.vn,0936654912,2005
FAN04350,Le Gia Linh,vy4350@gmail.com,0920033806,1998
FAN04351,Le Hai Bach,vy4351@yahoo.com,0997403099,2003
FAN04352,Tran Anh Phong,hung4352@yahoo.com,0931022624,2005
FAN04353,Pham Minh Mai,phong4353@gmail.com,0965143717,2005
FAN04354,Vu Thi Hung,linh4354@hotmail.com,0961400089,1994
FAN04355,Hoang Anh Bach,bach4355@yahoo.com,0911394309,1998
FAN04356,Tran Thi Hung,nam4356@fpt.edu.vn,0953238326,2000
FAN04357,Bui Minh Bach,phong4357@fpt.edu.vn,0981314256,2000
FAN04358,Dang Hai Phong,hung4358@fpt.edu.vn,0924102817,2001
FAN04359,Tran Van Lan,phong4359@hotmail.com,0996949470,2007
FAN04360,Nguyen Gia Nam,mai4360@yahoo.com,0936574815,1994
FAN04361,Hoang Xuan Linh,lan4361@fpt.edu.vn,0957161390,2005
FAN04362,Phan Hai Quan,linh4362@gmail.com,0974884204,1986
FAN04363,Do Thi Quan,dung4363@fpt.edu.vn,0915516347,2002
FAN04364,Hoang Quoc Hung,bach4364@hotmail.com,0956561281,1997
FAN04365,Dang Hai Vy,hung4365@hotmail.com,0983282740,1991
FAN04366,Nguyen Thi Mai,mai4366@hotmail.com,0986891858,1986
FAN04367,Dang Hai Nam,dung4367@gmail.com,0985057853,1991
FAN04368,Le Duc Dung,hung4368@yahoo.com,0946635216,1998
FAN04369,Hoang Van Quan,mai4369@hotmail.com,0992250264,2001
FAN04370,Do Van Nam,dung4370@gmail.com,0928827745,1996
FAN04371,Tran Thi Bach,hung4371@yahoo.com,0949696556,1993
FAN04372,Tran Anh Quan,dung4372@fpt.edu.vn,0972833728,1989
FAN04373,Vu Gia Linh,linh4373@yahoo.com,0910039656,2006
FAN04374,Dang Gia Mai,lan4374@hotmail.com,0982486699,1991
FAN04375,Phan Quoc Dung,dung4375@fpt.edu.vn,0994228477,1988
FAN04376,Dang Anh Mai,vy4376@fpt.edu.vn,0922144088,2003
FAN04377,Tran Gia Mai,vy4377@fpt.edu.vn,0983901898,1992
FAN04378,Pham Minh Quan,vy4378@fpt.edu.vn,0964947799,1991
FAN04379,Dang Tuan Mai,hung4379@fpt.edu.vn,0914267701,2008
FAN04380,Pham Quoc Dung,linh4380@yahoo.com,0979613146,1998
FAN04381,Nguyen Duc Linh,linh4381@yahoo.com,0927328446,2000
FAN04382,Phan Minh Vy,vy4382@yahoo.com,0911381114,2003
FAN04383,Phan Van Bach,linh4383@hotmail.com,0989571567,2004
FAN04384,Nguyen Hai Vy,hung4384@fpt.edu.vn,0917968711,2005
FAN04385,Dang Xuan Dung,bach4385@gmail.com,0994371139,1996
FAN04386,Bui Gia Mai,nam4386@hotmail.com,0934550581,1993
FAN04387,Phan Duc Quan,linh4387@fpt.edu.vn,0955091204,1989
FAN04388,Tran Van Vy,lan4388@gmail.com,0989158952,1988
FAN04389,Hoang Anh Vy,hung4389@yahoo.com,0913389602,2002
FAN04390,Do Quoc Linh,dung4390@gmail.com,0989358613,1988
FAN04391,Vu Van Bach,dung4391@yahoo.com,0962069564,2002
FAN04392,Do Tuan Phong,mai4392@hotmail.com,0939182362,1989
FAN04393,Le Tuan Hung,vy4393@fpt.edu.vn,0956239580,2001
FAN04394,Le Tuan Dung,mai4394@yahoo.com,0965543205,2000
FAN04395,Vu Xuan Phong,dung4395@hotmail.com,0992853794,1988
FAN04396,Do Xuan Bach,quan4396@hotmail.com,0995643690,2001
FAN04397,Tran Xuan Dung,phong4397@fpt.edu.vn,0976824939,2001
FAN04398,Tran Duc Quan,phong4398@fpt.edu.vn,0938059586,1999
FAN04399,Phan Van Linh,hung4399@gmail.com,0974695177,2007
FAN04400,Bui Minh Vy,dung4400@fpt.edu.vn,0954638719,2004
FAN04401,Do Minh Mai,hung4401@hotmail.com,0965414259,1995
FAN04402,Bui Gia Quan,mai4402@yahoo.com,0922135187,1990
FAN04403,Hoang Gia Linh,hung4403@fpt.edu.vn,0934472367,1986
FAN04404,Vu Gia Vy,dung4404@hotmail.com,0972192455,2004
FAN04405,Bui Duc Mai,dung4405@yahoo.com,0963272180,1994
FAN04406,Dang Anh Vy,quan4406@gmail.com,0985289282,1988
FAN04407,Le Quoc Dung,vy4407@gmail.com,0971767184,2003
FAN04408,Nguyen Van Linh,linh4408@hotmail.com,0979594143,1996
FAN04409,Tran Van Dung,linh4409@hotmail.com,0924400694,1998
FAN04410,Dang Quoc Vy,mai4410@hotmail.com,0927296883,1997
FAN04411,Do Van Mai,phong4411@gmail.com,0920164973,1986
FAN04412,Tran Duc Dung,phong4412@yahoo.com,0911003823,1992
FAN04413,Bui Gia Lan,bach4413@yahoo.com,0965055566,1995
FAN04414,Dang Thi Quan,lan4414@gmail.com,0938704795,1985
FAN04415,Hoang Duc Hung,nam4415@fpt.edu.vn,0948965454,1997
FAN04416,Do Quoc Dung,hung4416@hotmail.com,0989168408,2004
FAN04417,Tran Minh Mai,linh4417@fpt.edu.vn,0973003961,2000
FAN04418,Le Tuan Hung,phong4418@fpt.edu.vn,0979646470,2008
FAN04419,Vu Hai Phong,lan4419@gmail.com,0953807567,1993
FAN04420,Bui Anh Linh,nam4420@fpt.edu.vn,0991379600,2007
FAN04421,Nguyen Quoc Nam,linh4421@fpt.edu.vn,0943800028,1986
FAN04422,Phan Xuan Hung,nam4422@hotmail.com,0911754520,2007
FAN04423,Bui Anh Mai,quan4423@yahoo.com,0920018254,1995
FAN04424,Le Quoc Hung,quan4424@hotmail.com,0951351626,2006
FAN04425,Tran Quoc Lan,lan4425@gmail.com,0936034227,1993
FAN04426,Vu Gia Nam,mai4426@hotmail.com,0943784974,2000
FAN04427,Dang Thi Quan,hung4427@hotmail.com,0980736196,1985
FAN04428,Phan Tuan Mai,phong4428@hotmail.com,0945549672,1996
FAN04429,Hoang Gia Dung,lan4429@hotmail.com,0964368034,1988
FAN04430,Phan Tuan Hung,bach4430@yahoo.com,0973907619,1989
FAN04431,Do Van Vy,bach4431@yahoo.com,0988927468,1985
FAN04432,Pham Thi Vy,vy4432@gmail.com,0935171436,1996
FAN04433,Phan Gia Dung,hung4433@yahoo.com,0986297800,1986
FAN04434,Do Gia Vy,hung4434@yahoo.com,0932919579,2005
FAN04435,Phan Duc Lan,vy4435@fpt.edu.vn,0950219738,2005
FAN04436,Hoang Duc Bach,nam4436@fpt.edu.vn,0964330220,2006
FAN04437,Vu Thi Nam,lan4437@hotmail.com,0981203992,1995
FAN04438,Dang Xuan Mai,nam4438@fpt.edu.vn,0917089230,2003
FAN04439,Dang Hai Dung,lan4439@hotmail.com,0919897345,2005
FAN04440,Dang Xuan Nam,lan4440@hotmail.com,0954594508,1986
FAN04441,Do Minh Hung,mai4441@gmail.com,0921585378,2004
FAN04442,Phan Minh Lan,vy4442@hotmail.com,0910090013,2008
FAN04443,Le Duc Linh,dung4443@hotmail.com,0932454244,2000
FAN04444,Vu Anh Quan,quan4444@fpt.edu.vn,0913300775,2003
FAN04445,Bui Xuan Hung,nam4445@hotmail.com,0915619596,2002
FAN04446,Pham Xuan Nam,linh4446@yahoo.com,0917244903,1999
FAN04447,Vu Xuan Phong,mai4447@fpt.edu.vn,0982792694,2004
FAN04448,Le Minh Lan,vy4448@fpt.edu.vn,0980152235,1991
FAN04449,Le Quoc Bach,linh4449@gmail.com,0939669003,1997
FAN04450,Dang Hai Vy,vy4450@gmail.com,0938549582,1996
FAN04451,Le Gia Phong,bach4451@gmail.com,0974770693,1998
FAN04452,Phan Xuan Phong,phong4452@gmail.com,0917614960,2003
FAN04453,Phan Anh Bach,vy4453@hotmail.com,0996240481,2004
FAN04454,Dang Van Nam,linh4454@gmail.com,0939710306,2008
FAN04455,Hoang Van Phong,lan4455@hotmail.com,0919278657,2003
FAN04456,Tran Duc Phong,vy4456@yahoo.com,0993862426,1999
FAN04457,Nguyen Gia Lan,hung4457@fpt.edu.vn,0985434662,1986
FAN04458,Bui Quoc Mai,quan4458@fpt.edu.vn,0931162911,2007
FAN04459,Tran Anh Dung,mai4459@gmail.com,0971249551,1987
FAN04460,Vu Xuan Phong,lan4460@gmail.com,0957430382,1997
FAN04461,Nguyen Hai Quan,bach4461@fpt.edu.vn,0940902731,1995
FAN04462,Le Quoc Bach,hung4462@gmail.com,0919328786,1994
FAN04463,Bui Xuan Linh,phong4463@hotmail.com,0977627967,1993
FAN04464,Tran Thi Bach,bach4464@hotmail.com,0975786518,1995
FAN04465,Vu Anh Mai,vy4465@fpt.edu.vn,0988974917,1992
FAN04466,Pham Minh Mai,phong4466@fpt.edu.vn,0992595585,2003
FAN04467,Tran Van Linh,dung4467@gmail.com,0976663459,1989
FAN04468,Vu Duc Phong,quan4468@yahoo.com,0989911296,1990
FAN04469,Tran Minh Lan,dung4469@gmail.com,0962736959,2004
FAN04470,Hoang Anh Linh,bach4470@fpt.edu.vn,0928751846,1999
FAN04471,Nguyen Duc Quan,nam4471@fpt.edu.vn,0979325701,1989
FAN04472,Dang Gia Linh,mai4472@hotmail.com,0982798702,2006
FAN04473,Vu Hai Vy,lan4473@yahoo.com,0960495034,1991
FAN04474,Nguyen Quoc Lan,linh4474@fpt.edu.vn,0970866464,2005
FAN04475,Bui Xuan Lan,vy4475@yahoo.com,0985446622,2002
FAN04476,Tran Minh Bach,vy4476@hotmail.com,0962025617,1989
FAN04477,Pham Thi Dung,quan4477@hotmail.com,0967833089,2004
FAN04478,Phan Van Lan,lan4478@fpt.edu.vn,0975325657,2003
FAN04479,Vu Xuan Bach,dung4479@fpt.edu.vn,0986073226,1987
FAN04480,Vu Duc Quan,bach4480@hotmail.com,0982166237,2000
FAN04481,Tran Thi Lan,phong4481@fpt.edu.vn,0970228738,1992
FAN04482,Bui Quoc Lan,linh4482@fpt.edu.vn,0949923994,1991
FAN04483,Phan Tuan Quan,phong4483@yahoo.com,0986240909,2006
FAN04484,Vu Minh Dung,vy4484@yahoo.com,0955781603,2004
FAN04485,Le Duc Bach,dung4485@fpt.edu.vn,0924091235,1997
FAN04486,Tran Minh Quan,quan4486@gmail.com,0979306091,1989
FAN04487,Pham Xuan Lan,nam4487@hotmail.com,0972167573,1997
FAN04488,Hoang Xuan Lan,lan4488@yahoo.com,0915747006,1997
FAN04489,Dang Xuan Mai,vy4489@hotmail.com,0976862349,1991
FAN04490,Phan Xuan Nam,hung4490@hotmail.com,0939784212,2003
FAN04491,Bui Quoc Phong,phong4491@hotmail.com,0925886955,1985
FAN04492,Vu Thi Dung,quan4492@yahoo.com,0985462731,2003
FAN04493,Hoang Duc Bach,nam4493@gmail.com,0942920825,2005
FAN04494,Nguyen Minh Nam,bach4494@yahoo.com,0971931297,2007
FAN04495,Le Quoc Dung,lan4495@yahoo.com,0931808329,2000
FAN04496,Phan Anh Lan,quan4496@yahoo.com,0962828517,1987
FAN04497,Le Van Phong,quan4497@gmail.com,0969680131,1997
FAN04498,Hoang Tuan Quan,linh4498@yahoo.com,0994880884,1990
FAN04499,Hoang Hai Nam,vy4499@hotmail.com,0963239773,1998
FAN04500,Pham Van Vy,nam4500@yahoo.com,0915242047,2006
FAN04501,Tran Anh Lan,dung4501@hotmail.com,0929603730,2006
FAN04502,Pham Anh Nam,phong4502@yahoo.com,0975017875,1996
FAN04503,Nguyen Minh Dung,bach4503@gmail.com,0941479226,1989
FAN04504,Hoang Duc Dung,mai4504@yahoo.com,0929847414,2005
FAN04505,Le Duc Phong,linh4505@fpt.edu.vn,0984607717,1991
FAN04506,Pham Tuan Bach,mai4506@fpt.edu.vn,0910481211,2002
FAN04507,Vu Anh Vy,lan4507@hotmail.com,0927873877,1994
FAN04508,Do Quoc Linh,lan4508@gmail.com,0920976081,1988
FAN04509,Pham Minh Hung,vy4509@gmail.com,0953466800,1993
FAN04510,Le Quoc Bach,phong4510@gmail.com,0912054314,1987
FAN04511,Do Quoc Vy,nam4511@fpt.edu.vn,0982531214,2000
FAN04512,Pham Tuan Phong,quan4512@gmail.com,0966225231,2002
FAN04513,Tran Duc Mai,linh4513@hotmail.com,0943937653,1999
FAN04514,Hoang Van Dung,nam4514@gmail.com,0959947493,2005
FAN04515,Le Hai Nam,mai4515@yahoo.com,0962823106,1992
FAN04516,Phan Van Bach,lan4516@fpt.edu.vn,0937661106,1997
FAN04517,Do Van Mai,quan4517@gmail.com,0971141462,2000
FAN04518,Vu Anh Hung,mai4518@yahoo.com,0976257820,1988
FAN04519,Bui Duc Mai,vy4519@yahoo.com,0930145721,1999
FAN04520,Phan Van Linh,hung4520@fpt.edu.vn,0912213280,1994
FAN04521,Hoang Minh Bach,linh4521@fpt.edu.vn,0910706205,1991
FAN04522,Hoang Quoc Dung,dung4522@fpt.edu.vn,0942570478,2002
FAN04523,Vu Anh Phong,phong4523@fpt.edu.vn,0937239988,1988
FAN04524,Phan Hai Bach,mai4524@gmail.com,0950235261,1987
FAN04525,Bui Quoc Dung,hung4525@fpt.edu.vn,0997960828,2005
FAN04526,Vu Tuan Lan,vy4526@gmail.com,0992290948,2005
FAN04527,Phan Van Nam,vy4527@yahoo.com,0970672164,1987
FAN04528,Tran Minh Bach,hung4528@fpt.edu.vn,0941720581,1988
FAN04529,Hoang Tuan Bach,dung4529@hotmail.com,0940916475,2003
FAN04530,Hoang Minh Phong,linh4530@fpt.edu.vn,0997880554,1996
FAN04531,Tran Anh Vy,lan4531@hotmail.com,0948457965,1994
FAN04532,Le Xuan Mai,nam4532@hotmail.com,0945135108,1998
FAN04533,Le Quoc Quan,phong4533@fpt.edu.vn,0952489622,1994
FAN04534,Nguyen Thi Linh,lan4534@gmail.com,0991518053,1994
FAN04535,Hoang Van Mai,hung4535@yahoo.com,0912943565,1995
FAN04536,Phan Xuan Nam,lan4536@gmail.com,0951807507,1988
FAN04537,Nguyen Quoc Linh,bach4537@hotmail.com,0940398567,1991
FAN04538,Le Van Mai,dung4538@gmail.com,0912149496,2008
FAN04539,Vu Hai Lan,mai4539@yahoo.com,0918740522,1988
FAN04540,Pham Minh Mai,hung4540@hotmail.com,0932319519,1994
FAN04541,Hoang Thi Nam,bach4541@gmail.com,0970782834,1988
FAN04542,Dang Xuan Lan,mai4542@yahoo.com,0997343419,2004
FAN04543,Pham Xuan Bach,lan4543@hotmail.com,0936983203,1996
FAN04544,Bui Thi Quan,dung4544@yahoo.com,0912127262,1991
FAN04545,Vu Hai Vy,nam4545@gmail.com,0917568441,1999
FAN04546,Phan Minh Vy,bach4546@gmail.com,0998900634,1987
FAN04547,Vu Minh Quan,dung4547@gmail.com,0974702757,1987
FAN04548,Pham Minh Lan,mai4548@yahoo.com,0920717620,1998
FAN04549,Bui Gia Vy,phong4549@gmail.com,0926248638,1997
FAN04550,Pham Minh Linh,dung4550@hotmail.com,0950668327,2006
FAN04551,Do Minh Linh,quan4551@hotmail.com,0925309122,1997
FAN04552,Nguyen Anh Phong,hung4552@gmail.com,0979004571,2007
FAN04553,Vu Xuan Linh,nam4553@hotmail.com,0968430933,1989
FAN04554,Phan Quoc Phong,mai4554@yahoo.com,0914251441,1991
FAN04555,Bui Duc Mai,phong4555@hotmail.com,0912610400,2003
FAN04556,Dang Duc Mai,nam4556@hotmail.com,0921953969,1999
FAN04557,Bui Gia Hung,hung4557@fpt.edu.vn,0919403058,2008
FAN04558,Do Minh Dung,hung4558@fpt.edu.vn,0923734280,1993
FAN04559,Do Thi Vy,lan4559@yahoo.com,0981638322,1998
FAN04560,Nguyen Duc Lan,hung4560@gmail.com,0986645932,1986
FAN04561,Nguyen Quoc Bach,phong4561@hotmail.com,0976341925,1992
FAN04562,Do Duc Hung,quan4562@gmail.com,0968242360,1994
FAN04563,Bui Thi Vy,vy4563@fpt.edu.vn,0946715711,1992
FAN04564,Tran Hai Linh,linh4564@yahoo.com,0937239381,2002
FAN04565,Phan Minh Dung,mai4565@yahoo.com,0990716806,1987
FAN04566,Nguyen Quoc Quan,bach4566@hotmail.com,0973772001,1995
FAN04567,Do Anh Linh,linh4567@fpt.edu.vn,0956593191,1999
FAN04568,Pham Van Phong,bach4568@fpt.edu.vn,0928928622,1987
FAN04569,Nguyen Duc Linh,linh4569@gmail.com,0967565309,2006
FAN04570,Dang Minh Quan,mai4570@yahoo.com,0928465630,1994
FAN04571,Bui Minh Linh,lan4571@gmail.com,0914673192,1995
FAN04572,Bui Quoc Vy,mai4572@gmail.com,0977201931,1989
FAN04573,Vu Van Dung,phong4573@hotmail.com,0958380289,1986
FAN04574,Tran Hai Phong,mai4574@hotmail.com,0937885600,1988
FAN04575,Do Anh Nam,vy4575@fpt.edu.vn,0998186201,1994
FAN04576,Dang Quoc Bach,quan4576@yahoo.com,0946919018,2007
FAN04577,Tran Tuan Lan,dung4577@gmail.com,0954895498,2002
FAN04578,Dang Xuan Lan,hung4578@gmail.com,0984417248,1998
FAN04579,Bui Tuan Lan,quan4579@hotmail.com,0926576198,2004
FAN04580,Hoang Thi Bach,linh4580@hotmail.com,0938862848,1998
FAN04581,Le Tuan Dung,lan4581@gmail.com,0941959808,2000
FAN04582,Tran Duc Phong,bach4582@gmail.com,0992266588,1991
FAN04583,Le Minh Linh,bach4583@hotmail.com,0988569635,1994
FAN04584,Tran Quoc Quan,dung4584@yahoo.com,0919044387,2007
FAN04585,Phan Quoc Bach,dung4585@gmail.com,0994004670,2002
FAN04586,Phan Thi Dung,bach4586@fpt.edu.vn,0966790795,2005
FAN04587,Vu Duc Bach,quan4587@fpt.edu.vn,0926046327,1987
FAN04588,Do Quoc Dung,nam4588@gmail.com,0916565783,1994
FAN04589,Phan Quoc Vy,dung4589@hotmail.com,0969306546,2005
FAN04590,Hoang Anh Quan,linh4590@gmail.com,0954538887,1989
FAN04591,Bui Anh Lan,quan4591@hotmail.com,0931081709,1998
FAN04592,Do Minh Lan,quan4592@fpt.edu.vn,0950017536,1985
FAN04593,Nguyen Xuan Dung,nam4593@gmail.com,0974248507,1997
FAN04594,Le Hai Quan,mai4594@yahoo.com,0910396171,1987
FAN04595,Do Van Dung,bach4595@gmail.com,0989704641,2005
FAN04596,Hoang Hai Bach,quan4596@fpt.edu.vn,0962138119,1996
FAN04597,Do Minh Bach,quan4597@fpt.edu.vn,0976732253,1988
FAN04598,Hoang Xuan Quan,mai4598@fpt.edu.vn,0968346774,2001
FAN04599,Hoang Hai Linh,nam4599@hotmail.com,0926464232,1989
FAN04600,Phan Thi Linh,mai4600@gmail.com,0974813938,2006
FAN04601,Tran Tuan Vy,phong4601@yahoo.com,0957132560,2005
FAN04602,Vu Anh Mai,hung4602@gmail.com,0911872193,1990
FAN04603,Vu Hai Hung,dung4603@gmail.com,0993082500,2005
FAN04604,Do Van Phong,phong4604@hotmail.com,0993732691,2006
FAN04605,Vu Anh Phong,phong4605@yahoo.com,0980565723,1999
FAN04606,Le Thi Nam,linh4606@fpt.edu.vn,0912236819,1985
FAN04607,Bui Minh Vy,quan4607@yahoo.com,0988278088,1985
FAN04608,Nguyen Van Mai,quan4608@fpt.edu.vn,0944053457,1999
FAN04609,Hoang Quoc Vy,lan4609@gmail.com,0928561941,1989
FAN04610,Dang Xuan Linh,quan4610@hotmail.com,0937837020,1986
FAN04611,Tran Tuan Linh,hung4611@gmail.com,0990165415,2005
FAN04612,Pham Duc Phong,linh4612@hotmail.com,0968249255,1995
FAN04613,Le Anh Lan,hung4613@gmail.com,0933852882,2006
FAN04614,Phan Quoc Dung,mai4614@yahoo.com,0936551908,1992
FAN04615,Vu Hai Linh,quan4615@gmail.com,0915302009,1993
FAN04616,Nguyen Hai Vy,linh4616@gmail.com,0956100071,2005
FAN04617,Tran Anh Bach,lan4617@yahoo.com,0950380025,1987
FAN04618,Bui Quoc Vy,quan4618@fpt.edu.vn,0946521316,1990
FAN04619,Hoang Hai Bach,hung4619@hotmail.com,0963202972,2005
FAN04620,Hoang Thi Quan,phong4620@gmail.com,0958476489,1999
FAN04621,Tran Duc Mai,linh4621@hotmail.com,0979179524,1991
FAN04622,Le Minh Phong,nam4622@hotmail.com,0940466927,2001
FAN04623,Nguyen Van Quan,bach4623@hotmail.com,0965080511,1997
FAN04624,Vu Tuan Hung,nam4624@gmail.com,0955729609,2007
FAN04625,Dang Thi Vy,vy4625@fpt.edu.vn,0964452174,2001
FAN04626,Do Minh Quan,phong4626@hotmail.com,0922196306,2000
FAN04627,Le Hai Lan,hung4627@yahoo.com,0935690578,1997
FAN04628,Vu Thi Bach,dung4628@yahoo.com,0929372444,2001
FAN04629,Vu Quoc Bach,vy4629@yahoo.com,0966744784,1993
FAN04630,Pham Van Lan,mai4630@fpt.edu.vn,0927214233,1987
FAN04631,Dang Thi Lan,linh4631@yahoo.com,0936878004,1997
FAN04632,Hoang Tuan Lan,lan4632@yahoo.com,0954476766,1991
FAN04633,Pham Xuan Lan,vy4633@yahoo.com,0980307230,2006
FAN04634,Bui Anh Nam,bach4634@hotmail.com,0935595381,2002
FAN04635,Dang Quoc Hung,mai4635@yahoo.com,0993615678,2003
FAN04636,Tran Duc Vy,bach4636@gmail.com,0929763471,2007
FAN04637,Hoang Minh Mai,bach4637@hotmail.com,0934788547,2001
FAN04638,Do Quoc Quan,bach4638@hotmail.com,0959714573,2001
FAN04639,Tran Anh Lan,nam4639@yahoo.com,0940613047,2007
FAN04640,Vu Hai Linh,dung4640@fpt.edu.vn,0974319533,1991
FAN04641,Nguyen Anh Lan,linh4641@yahoo.com,0943039710,1987
FAN04642,Dang Gia Nam,dung4642@yahoo.com,0963132794,1985
FAN04643,Hoang Gia Phong,bach4643@gmail.com,0939877668,1988
FAN04644,Pham Van Mai,vy4644@fpt.edu.vn,0954290665,1996
FAN04645,Do Xuan Linh,quan4645@fpt.edu.vn,0990220055,1988
FAN04646,Nguyen Quoc Lan,hung4646@yahoo.com,0965656968,1994
FAN04647,Vu Van Hung,bach4647@fpt.edu.vn,0974081585,1999
FAN04648,Pham Hai Quan,nam4648@hotmail.com,0985088329,1993
FAN04649,Bui Tuan Vy,bach4649@hotmail.com,0977363752,2006
FAN04650,Bui Quoc Hung,mai4650@fpt.edu.vn,0992872922,1986
FAN04651,Vu Duc Phong,nam4651@fpt.edu.vn,0963327516,1985
FAN04652,Do Quoc Nam,vy4652@hotmail.com,0974140074,1993
FAN04653,Phan Thi Phong,quan4653@fpt.edu.vn,0917624627,2007
FAN04654,Nguyen Xuan Linh,linh4654@hotmail.com,0994636334,1991
FAN04655,Dang Anh Vy,bach4655@yahoo.com,0957591083,2006
FAN04656,Nguyen Hai Linh,vy4656@fpt.edu.vn,0998334181,1993
FAN04657,Bui Thi Hung,linh4657@yahoo.com,0976712420,2006
FAN04658,Bui Quoc Mai,vy4658@fpt.edu.vn,0989157243,1987
FAN04659,Nguyen Van Phong,linh4659@fpt.edu.vn,0949549073,2002
FAN04660,Pham Duc Nam,dung4660@gmail.com,0947039818,1992
FAN04661,Pham Tuan Quan,quan4661@fpt.edu.vn,0985895572,2007
FAN04662,Do Thi Quan,linh4662@yahoo.com,0928674937,1993
FAN04663,Pham Xuan Linh,quan4663@yahoo.com,0941873299,2004
FAN04664,Dang Gia Mai,dung4664@gmail.com,0925453937,1995
FAN04665,Nguyen Minh Mai,vy4665@gmail.com,0978944368,1994
FAN04666,Hoang Quoc Linh,phong4666@yahoo.com,0937331116,1993
FAN04667,Nguyen Duc Nam,hung4667@gmail.com,0926255396,1990
FAN04668,Bui Hai Hung,linh4668@fpt.edu.vn,0989267488,1987
FAN04669,Hoang Tuan Quan,hung4669@hotmail.com,0998658757,2003
FAN04670,Le Gia Nam,quan4670@gmail.com,0975035389,2002
FAN04671,Bui Van Nam,dung4671@yahoo.com,0937319692,2000
FAN04672,Bui Van Dung,nam4672@yahoo.com,0958498393,1995
FAN04673,Phan Van Bach,phong4673@hotmail.com,0950715935,1995
FAN04674,Hoang Xuan Bach,phong4674@yahoo.com,0998064806,1995
FAN04675,Do Gia Quan,nam4675@yahoo.com,0947347669,1993
FAN04676,Do Gia Mai,bach4676@yahoo.com,0927325125,2003
FAN04677,Pham Tuan Nam,quan4677@fpt.edu.vn,0944988926,2002
FAN04678,Dang Hai Hung,mai4678@yahoo.com,0959208661,2003
FAN04679,Hoang Thi Nam,hung4679@hotmail.com,0973025649,1996
FAN04680,Do Xuan Phong,phong4680@fpt.edu.vn,0956640063,1988
FAN04681,Pham Thi Lan,vy4681@gmail.com,0922583862,2007
FAN04682,Phan Thi Dung,phong4682@yahoo.com,0981192615,1996
FAN04683,Pham Quoc Hung,mai4683@hotmail.com,0965832371,2000
FAN04684,Phan Tuan Nam,dung4684@yahoo.com,0945235296,1997
FAN04685,Phan Xuan Nam,dung4685@hotmail.com,0920331909,2001
FAN04686,Tran Minh Lan,lan4686@yahoo.com,0986727221,1986
FAN04687,Do Hai Linh,phong4687@gmail.com,0932618054,1990
FAN04688,Dang Thi Bach,linh4688@hotmail.com,0965790376,2005
FAN04689,Nguyen Xuan Mai,mai4689@fpt.edu.vn,0970141354,1992
FAN04690,Le Gia Quan,nam4690@fpt.edu.vn,0980215681,2005
FAN04691,Vu Minh Bach,linh4691@gmail.com,0934108823,2001
FAN04692,Hoang Van Phong,phong4692@hotmail.com,0945439576,1989
FAN04693,Pham Minh Linh,lan4693@fpt.edu.vn,0911441399,1990
FAN04694,Dang Gia Quan,nam4694@gmail.com,0940702668,2006
FAN04695,Pham Thi Quan,dung4695@hotmail.com,0958129027,1991
FAN04696,Bui Tuan Nam,linh4696@gmail.com,0952933247,1995
FAN04697,Bui Xuan Bach,lan4697@hotmail.com,0946882547,1986
FAN04698,Le Quoc Nam,lan4698@fpt.edu.vn,0922186729,2001
FAN04699,Vu Duc Dung,nam4699@hotmail.com,0943372777,2000
FAN04700,Pham Anh Quan,vy4700@fpt.edu.vn,0916555347,1990
FAN04701,Nguyen Duc Hung,lan4701@hotmail.com,0919410832,1992
FAN04702,Hoang Hai Linh,bach4702@fpt.edu.vn,0947360959,2002
FAN04703,Bui Gia Linh,dung4703@gmail.com,0992624137,1993
FAN04704,Tran Thi Hung,dung4704@hotmail.com,0952798987,1985
FAN04705,Vu Thi Quan,dung4705@hotmail.com,0915817100,2000
FAN04706,Le Xuan Dung,bach4706@fpt.edu.vn,0918303243,2005
FAN04707,Vu Thi Nam,nam4707@hotmail.com,0978995449,1989
FAN04708,Le Van Lan,linh4708@fpt.edu.vn,0959119784,1993
FAN04709,Hoang Thi Hung,bach4709@yahoo.com,0955747920,2001
FAN04710,Phan Minh Lan,linh4710@hotmail.com,0926172961,1997
FAN04711,Hoang Tuan Dung,bach4711@yahoo.com,0920820199,1989
FAN04712,Bui Thi Vy,phong4712@fpt.edu.vn,0922438352,1997
FAN04713,Pham Thi Hung,mai4713@gmail.com,0922679206,1986
FAN04714,Pham Anh Bach,bach4714@fpt.edu.vn,0910184476,1992
FAN04715,Phan Thi Phong,phong4715@fpt.edu.vn,0992682128,1995
FAN04716,Pham Quoc Nam,lan4716@gmail.com,0937927686,2006
FAN04717,Dang Xuan Dung,dung4717@hotmail.com,0962224788,2003
FAN04718,Do Tuan Dung,phong4718@gmail.com,0985407347,1993
FAN04719,Nguyen Tuan Quan,quan4719@fpt.edu.vn,0991501340,2007
FAN04720,Tran Tuan Vy,mai4720@fpt.edu.vn,0951136343,1997
FAN04721,Hoang Anh Vy,hung4721@yahoo.com,0966231682,2005
FAN04722,Dang Minh Mai,hung4722@gmail.com,0972779878,2004
FAN04723,Tran Hai Nam,quan4723@gmail.com,0965088967,2005
FAN04724,Nguyen Thi Phong,nam4724@yahoo.com,0970356991,1990
FAN04725,Le Van Hung,quan4725@fpt.edu.vn,0977173204,2000
FAN04726,Bui Duc Vy,bach4726@gmail.com,0917733126,2006
FAN04727,Bui Quoc Nam,quan4727@fpt.edu.vn,0957903859,1990
FAN04728,Bui Van Linh,phong4728@hotmail.com,0934201207,1985
FAN04729,Tran Duc Lan,bach4729@fpt.edu.vn,0986427232,2003
FAN04730,Bui Gia Phong,linh4730@yahoo.com,0982430997,2006
FAN04731,Pham Duc Dung,mai4731@gmail.com,0939617208,2004
FAN04732,Tran Duc Hung,phong4732@hotmail.com,0957404844,1998
FAN04733,Bui Thi Lan,phong4733@hotmail.com,0916453938,1988
FAN04734,Bui Xuan Vy,hung4734@hotmail.com,0938327156,2001
FAN04735,Bui Minh Bach,linh4735@yahoo.com,0938090049,1998
FAN04736,Tran Thi Vy,phong4736@fpt.edu.vn,0976210914,2000
FAN04737,Do Hai Dung,lan4737@hotmail.com,0921687156,2000
FAN04738,Do Gia Nam,mai4738@yahoo.com,0998319048,2003
FAN04739,Bui Minh Dung,hung4739@hotmail.com,0925036815,2003
FAN04740,Le Minh Nam,phong4740@gmail.com,0962523451,1993
FAN04741,Hoang Minh Mai,nam4741@gmail.com,0966132006,2002
FAN04742,Dang Van Lan,vy4742@gmail.com,0919857174,1997
FAN04743,Dang Hai Hung,lan4743@yahoo.com,0912048867,2004
FAN04744,Do Minh Nam,quan4744@gmail.com,0972011854,1998
FAN04745,Le Quoc Mai,lan4745@fpt.edu.vn,0943706618,2003
FAN04746,Le Hai Quan,dung4746@yahoo.com,0982289719,1995
FAN04747,Pham Xuan Mai,mai4747@gmail.com,0923560369,1992
FAN04748,Le Van Hung,vy4748@yahoo.com,0915621811,2008
FAN04749,Phan Gia Dung,hung4749@fpt.edu.vn,0960364655,2004
FAN04750,Pham Gia Dung,mai4750@fpt.edu.vn,0917810964,2005
FAN04751,Le Xuan Dung,bach4751@fpt.edu.vn,0925252919,1998
FAN04752,Tran Gia Phong,linh4752@fpt.edu.vn,0930760108,1994
FAN04753,Dang Minh Linh,phong4753@gmail.com,0991358365,1986
FAN04754,Bui Thi Phong,nam4754@hotmail.com,0916343824,2005
FAN04755,Nguyen Anh Dung,hung4755@yahoo.com,0968918184,2008
FAN04756,Dang Anh Dung,quan4756@hotmail.com,0912151778,2003
FAN04757,Dang Hai Phong,quan4757@yahoo.com,0949857555,1985
FAN04758,Nguyen Van Mai,nam4758@gmail.com,0990097225,1993
FAN04759,Bui Gia Nam,nam4759@hotmail.com,0995635657,1999
FAN04760,Pham Thi Bach,linh4760@fpt.edu.vn,0984317589,1995
FAN04761,Pham Anh Bach,phong4761@fpt.edu.vn,0980148178,1990
FAN04762,Pham Tuan Dung,dung4762@fpt.edu.vn,0960043453,2007
FAN04763,Dang Quoc Mai,bach4763@hotmail.com,0938277344,2006
FAN04764,Le Thi Dung,phong4764@gmail.com,0938805705,1986
FAN04765,Le Tuan Nam,quan4765@fpt.edu.vn,0950630374,2004
FAN04766,Do Gia Bach,phong4766@hotmail.com,0966189058,1989
FAN04767,Bui Tuan Phong,dung4767@hotmail.com,0941207656,1993
FAN04768,Le Gia Quan,quan4768@gmail.com,0992030162,1989
FAN04769,Tran Van Lan,bach4769@hotmail.com,0976027412,1989
FAN04770,Le Xuan Mai,phong4770@hotmail.com,0937141403,1991
FAN04771,Vu Van Phong,mai4771@fpt.edu.vn,0994012203,2004
FAN04772,Bui Hai Linh,hung4772@hotmail.com,0942703063,1985
FAN04773,Le Anh Vy,phong4773@hotmail.com,0952801845,1987
FAN04774,Hoang Gia Dung,vy4774@gmail.com,0948768728,1999
FAN04775,Do Minh Lan,dung4775@fpt.edu.vn,0910141332,2005
FAN04776,Nguyen Xuan Hung,hung4776@gmail.com,0938556281,1999
FAN04777,Dang Anh Hung,vy4777@fpt.edu.vn,0918962144,1987
FAN04778,Hoang Thi Lan,phong4778@yahoo.com,0982016021,1991
FAN04779,Do Tuan Nam,quan4779@hotmail.com,0990114379,1998
FAN04780,Le Anh Linh,phong4780@hotmail.com,0981043995,1989
FAN04781,Le Van Nam,mai4781@hotmail.com,0942077484,1997
FAN04782,Hoang Gia Mai,hung4782@yahoo.com,0949438452,1992
FAN04783,Do Van Bach,mai4783@gmail.com,0959489494,2005
FAN04784,Le Tuan Mai,nam4784@fpt.edu.vn,0992574279,1988
FAN04785,Bui Xuan Hung,lan4785@yahoo.com,0949164588,2008
FAN04786,Bui Duc Bach,mai4786@fpt.edu.vn,0914104465,1999
FAN04787,Dang Duc Nam,lan4787@gmail.com,0983283737,1993
FAN04788,Hoang Duc Nam,hung4788@yahoo.com,0971133475,1987
FAN04789,Nguyen Anh Linh,bach4789@hotmail.com,0994298341,1999
FAN04790,Tran Minh Vy,lan4790@gmail.com,0973238682,1991
FAN04791,Phan Anh Nam,phong4791@gmail.com,0919129992,1997
FAN04792,Vu Hai Linh,bach4792@yahoo.com,0975085211,1986
FAN04793,Bui Thi Hung,quan4793@hotmail.com,0940969949,2003
FAN04794,Phan Xuan Phong,dung4794@yahoo.com,0940854282,1998
FAN04795,Vu Minh Mai,linh4795@hotmail.com,0917478534,1993
FAN04796,Nguyen Quoc Bach,nam4796@hotmail.com,0973862754,1995
FAN04797,Dang Thi Phong,vy4797@fpt.edu.vn,0972543240,1985
FAN04798,Nguyen Quoc Bach,mai4798@hotmail.com,0923392663,1999
FAN04799,Hoang Thi Lan,quan4799@yahoo.com,0918944696,2001
FAN04800,Le Minh Mai,bach4800@hotmail.com,0926395686,1990
FAN04801,Bui Anh Phong,mai4801@gmail.com,0984930013,1995
FAN04802,Phan Tuan Linh,phong4802@gmail.com,0954535663,1994
FAN04803,Dang Anh Vy,lan4803@hotmail.com,0985250830,1993
FAN04804,Pham Hai Vy,hung4804@fpt.edu.vn,0929377287,1992
FAN04805,Tran Tuan Phong,hung4805@hotmail.com,0915682801,2006
FAN04806,Tran Minh Vy,hung4806@hotmail.com,0974755812,2003
FAN04807,Pham Duc Lan,hung4807@hotmail.com,0918821065,2005
FAN04808,Dang Tuan Vy,phong4808@yahoo.com,0961551289,1991
FAN04809,Dang Anh Hung,lan4809@yahoo.com,0954639518,1995
FAN04810,Pham Anh Linh,lan4810@yahoo.com,0921003025,1995
FAN04811,Dang Van Lan,bach4811@hotmail.com,0921207111,1995
FAN04812,Nguyen Xuan Dung,lan4812@fpt.edu.vn,0922776071,1988
FAN04813,Pham Anh Linh,mai4813@yahoo.com,0910232125,1988
FAN04814,Vu Van Dung,nam4814@gmail.com,0949889926,1992
FAN04815,Nguyen Duc Nam,phong4815@fpt.edu.vn,0960571363,2006
FAN04816,Le Anh Lan,mai4816@yahoo.com,0962077649,2007
FAN04817,Nguyen Xuan Dung,linh4817@yahoo.com,0925301074,1986
FAN04818,Bui Van Bach,nam4818@hotmail.com,0918216414,1989
FAN04819,Phan Duc Vy,lan4819@fpt.edu.vn,0996794063,1994
FAN04820,Vu Thi Phong,phong4820@yahoo.com,0969444811,1994
FAN04821,Tran Van Mai,hung4821@gmail.com,0996771649,2006
FAN04822,Tran Anh Phong,bach4822@yahoo.com,0928985751,1999
FAN04823,Tran Hai Bach,phong4823@fpt.edu.vn,0962573785,2004
FAN04824,Vu Anh Phong,nam4824@gmail.com,0940162869,1997
FAN04825,Le Duc Hung,vy4825@fpt.edu.vn,0931234315,1992
FAN04826,Nguyen Minh Linh,dung4826@hotmail.com,0942691921,1988
FAN04827,Nguyen Van Vy,lan4827@yahoo.com,0947082891,1996
FAN04828,Nguyen Minh Phong,bach4828@gmail.com,0934631414,2003
FAN04829,Bui Tuan Mai,vy4829@hotmail.com,0949417629,1995
FAN04830,Tran Duc Bach,mai4830@gmail.com,0982686119,2001
FAN04831,Phan Quoc Dung,quan4831@fpt.edu.vn,0923153856,2006
FAN04832,Le Duc Nam,nam4832@yahoo.com,0939994126,2002
FAN04833,Le Gia Phong,nam4833@hotmail.com,0983452117,1990
FAN04834,Vu Minh Linh,dung4834@hotmail.com,0983263905,2002
FAN04835,Le Xuan Quan,dung4835@gmail.com,0979896001,1996
FAN04836,Nguyen Minh Dung,linh4836@fpt.edu.vn,0917933848,2007
FAN04837,Pham Van Phong,nam4837@hotmail.com,0957083481,2005
FAN04838,Do Duc Hung,quan4838@hotmail.com,0960210794,1988
FAN04839,Le Hai Vy,dung4839@hotmail.com,0947878507,1995
FAN04840,Hoang Minh Lan,hung4840@yahoo.com,0948237865,1985
FAN04841,Hoang Van Dung,dung4841@yahoo.com,0951582521,2004
FAN04842,Do Tuan Quan,lan4842@yahoo.com,0944517471,1996
FAN04843,Vu Gia Linh,vy4843@gmail.com,0998175599,2007
FAN04844,Nguyen Hai Nam,hung4844@hotmail.com,0968974267,2001
FAN04845,Do Duc Mai,bach4845@yahoo.com,0977237265,1991
FAN04846,Do Minh Vy,phong4846@yahoo.com,0980501155,2000
FAN04847,Nguyen Anh Linh,phong4847@gmail.com,0999651741,1999
FAN04848,Dang Minh Linh,bach4848@gmail.com,0985325669,2001
FAN04849,Tran Van Bach,dung4849@gmail.com,0968972685,1997
FAN04850,Le Quoc Mai,linh4850@yahoo.com,0995859944,1985
FAN04851,Nguyen Thi Hung,bach4851@gmail.com,0987596590,1994
FAN04852,Nguyen Xuan Mai,quan4852@hotmail.com,0924760562,1992
FAN04853,Hoang Xuan Vy,lan4853@fpt.edu.vn,0936945638,1993
FAN04854,Do Minh Bach,nam4854@hotmail.com,0965664567,2006
FAN04855,Hoang Anh Bach,bach4855@hotmail.com,0947952687,2004
FAN04856,Do Tuan Vy,hung4856@hotmail.com,0983382918,1987
FAN04857,Nguyen Xuan Hung,phong4857@fpt.edu.vn,0956200529,1994
FAN04858,Vu Anh Quan,nam4858@gmail.com,0990921618,2004
FAN04859,Vu Quoc Nam,phong4859@hotmail.com,0996248625,1993
FAN04860,Pham Quoc Linh,dung4860@gmail.com,0976593700,2000
FAN04861,Nguyen Thi Linh,linh4861@gmail.com,0920633636,2001
FAN04862,Tran Minh Mai,nam4862@hotmail.com,0965927737,1997
FAN04863,Phan Gia Bach,dung4863@yahoo.com,0936963629,2005
FAN04864,Bui Tuan Dung,bach4864@fpt.edu.vn,0935119662,1999
FAN04865,Vu Xuan Linh,quan4865@fpt.edu.vn,0979830869,1993
FAN04866,Tran Minh Mai,dung4866@hotmail.com,0960351432,1988
FAN04867,Tran Xuan Mai,mai4867@hotmail.com,0981736441,1994
FAN04868,Vu Anh Linh,hung4868@gmail.com,0946476158,2007
FAN04869,Hoang Quoc Nam,dung4869@gmail.com,0980989524,1987
FAN04870,Phan Quoc Nam,mai4870@yahoo.com,0923097175,1988
FAN04871,Do Minh Dung,mai4871@yahoo.com,0918095535,2004
FAN04872,Tran Xuan Hung,quan4872@fpt.edu.vn,0969458182,1993
FAN04873,Vu Gia Hung,mai4873@gmail.com,0973789938,2005
FAN04874,Phan Quoc Dung,dung4874@yahoo.com,0979119305,2006
FAN04875,Do Van Nam,hung4875@fpt.edu.vn,0929540759,1998
FAN04876,Dang Duc Bach,dung4876@fpt.edu.vn,0947407332,2007
FAN04877,Phan Hai Nam,quan4877@gmail.com,0955410678,2004
FAN04878,Phan Tuan Quan,bach4878@fpt.edu.vn,0931820905,1996
FAN04879,Bui Quoc Quan,quan4879@yahoo.com,0914497147,1993
FAN04880,Do Quoc Quan,dung4880@gmail.com,0940570737,1989
FAN04881,Nguyen Hai Mai,hung4881@fpt.edu.vn,0951164342,2003
FAN04882,Nguyen Gia Phong,vy4882@fpt.edu.vn,0986960141,1993
FAN04883,Tran Duc Vy,hung4883@gmail.com,0979256623,1991
FAN04884,Nguyen Minh Nam,vy4884@fpt.edu.vn,0966433505,1994
FAN04885,Vu Thi Dung,mai4885@yahoo.com,0986556919,2001
FAN04886,Bui Anh Mai,mai4886@fpt.edu.vn,0926489927,1998
FAN04887,Dang Xuan Hung,hung4887@fpt.edu.vn,0994157626,2008
FAN04888,Tran Thi Linh,linh4888@hotmail.com,0978433744,1985
FAN04889,Le Thi Vy,vy4889@yahoo.com,0946458733,1990
FAN04890,Do Van Mai,vy4890@gmail.com,0964657867,2003
FAN04891,Phan Thi Mai,dung4891@gmail.com,0921839234,2000
FAN04892,Vu Xuan Mai,dung4892@gmail.com,0914501560,1992
FAN04893,Tran Van Hung,lan4893@fpt.edu.vn,0973682352,2004
FAN04894,Do Anh Phong,linh4894@gmail.com,0924874517,2006
FAN04895,Dang Quoc Mai,dung4895@fpt.edu.vn,0965292275,1987
FAN04896,Pham Gia Quan,bach4896@gmail.com,0960786142,1985
FAN04897,Tran Tuan Nam,lan4897@gmail.com,0962106774,1989
FAN04898,Do Gia Dung,nam4898@hotmail.com,0922453898,1986
FAN04899,Phan Xuan Quan,lan4899@hotmail.com,0945749080,2006
FAN04900,Hoang Xuan Hung,vy4900@fpt.edu.vn,0984713285,1986
FAN04901,Tran Hai Vy,vy4901@hotmail.com,0983417034,1985
FAN04902,Tran Duc Hung,vy4902@gmail.com,0989401144,2003
FAN04903,Tran Minh Phong,hung4903@yahoo.com,0972500460,1995
FAN04904,Hoang Hai Hung,phong4904@gmail.com,0999693062,2002
FAN04905,Nguyen Thi Phong,phong4905@hotmail.com,0956019769,2005
FAN04906,Tran Duc Bach,hung4906@yahoo.com,0944244920,2000
FAN04907,Do Duc Linh,linh4907@fpt.edu.vn,0947265405,1997
FAN04908,Pham Tuan Linh,lan4908@yahoo.com,0976220768,1994
FAN04909,Phan Thi Linh,linh4909@fpt.edu.vn,0942263088,1986
FAN04910,Hoang Xuan Mai,dung4910@hotmail.com,0936090114,1988
FAN04911,Tran Duc Dung,lan4911@yahoo.com,0941465403,1988
FAN04912,Dang Anh Vy,mai4912@fpt.edu.vn,0994064001,1994
FAN04913,Le Gia Phong,phong4913@gmail.com,0952527614,1992
FAN04914,Nguyen Quoc Mai,mai4914@fpt.edu.vn,0976615113,1992
FAN04915,Tran Gia Hung,bach4915@yahoo.com,0937022242,2008
FAN04916,Le Gia Dung,mai4916@hotmail.com,0913677747,1991
FAN04917,Bui Anh Quan,nam4917@yahoo.com,0957582994,2006
FAN04918,Tran Thi Linh,bach4918@gmail.com,0980448254,2006
FAN04919,Dang Hai Linh,linh4919@fpt.edu.vn,0995690818,1999
FAN04920,Hoang Duc Quan,lan4920@gmail.com,0961633860,1985
FAN04921,Do Van Dung,hung4921@gmail.com,0993062464,2003
FAN04922,Phan Gia Phong,hung4922@gmail.com,0924604810,1995
FAN04923,Pham Minh Lan,linh4923@fpt.edu.vn,0996919549,2006
FAN04924,Nguyen Anh Nam,vy4924@hotmail.com,0970672622,2008
FAN04925,Bui Gia Hung,hung4925@hotmail.com,0971717933,1990
FAN04926,Hoang Hai Linh,dung4926@yahoo.com,0994808075,1997
FAN04927,Dang Tuan Lan,vy4927@gmail.com,0969761388,2008
FAN04928,Le Van Hung,bach4928@gmail.com,0918591159,1996
FAN04929,Hoang Quoc Quan,vy4929@gmail.com,0975298952,2004
FAN04930,Dang Gia Nam,lan4930@hotmail.com,0952364172,1991
FAN04931,Do Quoc Dung,dung4931@fpt.edu.vn,0983722889,1994
FAN04932,Dang Gia Hung,nam4932@gmail.com,0957551443,2000
FAN04933,Le Duc Phong,vy4933@fpt.edu.vn,0950399244,2008
FAN04934,Tran Xuan Quan,nam4934@hotmail.com,0936683823,2000
FAN04935,Phan Tuan Mai,bach4935@hotmail.com,0928327583,1997
FAN04936,Vu Thi Hung,bach4936@hotmail.com,0982071813,1992
FAN04937,Pham Van Phong,mai4937@gmail.com,0998573315,2007
FAN04938,Do Anh Linh,dung4938@fpt.edu.vn,0957260527,2004
FAN04939,Do Minh Linh,dung4939@gmail.com,0950479834,1999
FAN04940,Do Anh Nam,nam4940@yahoo.com,0938256086,1997
FAN04941,Vu Hai Bach,nam4941@yahoo.com,0939685853,1989
FAN04942,Pham Quoc Dung,linh4942@fpt.edu.vn,0995534883,1987
FAN04943,Hoang Thi Bach,nam4943@hotmail.com,0968236295,1998
FAN04944,Hoang Duc Phong,mai4944@fpt.edu.vn,0913396946,2005
FAN04945,Dang Hai Lan,lan4945@gmail.com,0981811563,1996
FAN04946,Nguyen Xuan Mai,lan4946@gmail.com,0960978383,1995
FAN04947,Vu Tuan Hung,lan4947@fpt.edu.vn,0942552810,2000
FAN04948,Vu Thi Nam,bach4948@gmail.com,0931778017,2003
FAN04949,Tran Tuan Bach,bach4949@gmail.com,0977887503,2001
FAN04950,Pham Xuan Hung,quan4950@fpt.edu.vn,0995208944,1998
FAN04951,Dang Minh Linh,hung4951@fpt.edu.vn,0932397397,1987
FAN04952,Do Gia Linh,dung4952@fpt.edu.vn,0918725297,1986
FAN04953,Le Van Dung,nam4953@hotmail.com,0994157054,2006
FAN04954,Nguyen Hai Dung,nam4954@yahoo.com,0927406259,2007
FAN04955,Bui Xuan Lan,dung4955@hotmail.com,0921296735,1996
FAN04956,Phan Gia Nam,dung4956@hotmail.com,0936579078,1988
FAN04957,Dang Duc Linh,hung4957@hotmail.com,0986465975,2006
FAN04958,Nguyen Gia Phong,quan4958@hotmail.com,0920140011,1999
FAN04959,Phan Van Nam,quan4959@hotmail.com,0982198876,1993
FAN04960,Dang Hai Dung,nam4960@yahoo.com,0927555063,1985
FAN04961,Le Thi Lan,bach4961@gmail.com,0974401919,2007
FAN04962,Phan Quoc Dung,quan4962@yahoo.com,0965354098,1996
FAN04963,Dang Tuan Dung,lan4963@yahoo.com,0990516165,1986
FAN04964,Dang Van Hung,lan4964@hotmail.com,0955217664,2005
FAN04965,Bui Minh Mai,lan4965@yahoo.com,0978345690,1995
FAN04966,Tran Quoc Hung,dung4966@gmail.com,0943064214,1992
FAN04967,Le Tuan Dung,linh4967@fpt.edu.vn,0967637667,1997
FAN04968,Hoang Thi Quan,mai4968@hotmail.com,0928626827,1991
FAN04969,Nguyen Xuan Linh,vy4969@gmail.com,0925484760,2003
FAN04970,Hoang Hai Nam,nam4970@gmail.com,0982572963,2006
FAN04971,Dang Anh Quan,dung4971@yahoo.com,0994683938,1998
FAN04972,Tran Minh Quan,mai4972@yahoo.com,0936505780,1996
FAN04973,Nguyen Duc Bach,mai4973@fpt.edu.vn,0973471707,1999
FAN04974,Dang Quoc Mai,bach4974@hotmail.com,0973395468,1989
FAN04975,Vu Minh Quan,hung4975@hotmail.com,0966857563,1987
FAN04976,Hoang Thi Vy,bach4976@yahoo.com,0939727488,1994
FAN04977,Tran Thi Dung,bach4977@fpt.edu.vn,0932058977,2003
FAN04978,Do Minh Vy,nam4978@yahoo.com,0954733716,1986
FAN04979,Bui Tuan Quan,mai4979@fpt.edu.vn,0996443551,1988
FAN04980,Do Thi Hung,mai4980@yahoo.com,0977239067,2003
FAN04981,Le Gia Hung,linh4981@hotmail.com,0926742092,2004
FAN04982,Dang Thi Hung,lan4982@hotmail.com,0954726567,1987
FAN04983,Do Xuan Dung,linh4983@yahoo.com,0989972924,1992
FAN04984,Tran Quoc Bach,linh4984@hotmail.com,0998143448,1998
FAN04985,Le Tuan Bach,vy4985@fpt.edu.vn,0972046784,2006
FAN04986,Do Van Bach,dung4986@yahoo.com,0949184057,2006
FAN04987,Do Van Quan,linh4987@fpt.edu.vn,0955044921,1991
FAN04988,Pham Quoc Mai,mai4988@gmail.com,0922336527,2003
FAN04989,Do Quoc Phong,linh4989@yahoo.com,0950413577,1998
FAN04990,Dang Duc Quan,vy4990@hotmail.com,0914619362,2008
FAN04991,Tran Quoc Lan,quan4991@gmail.com,0947096325,2001
FAN04992,Tran Hai Lan,dung4992@yahoo.com,0979690462,1986
FAN04993,Le Minh Phong,dung4993@fpt.edu.vn,0957895773,1986
FAN04994,Do Duc Lan,lan4994@gmail.com,0954839537,1985
FAN04995,Phan Tuan Nam,nam4995@hotmail.com,0954061679,1985
FAN04996,Nguyen Xuan Vy,quan4996@gmail.com,0990210631,1987
FAN04997,Bui Gia Hung,lan4997@hotmail.com,0947074359,1985
FAN04998,Phan Tuan Linh,linh4998@gmail.com,0953590639,1995
FAN04999,Hoang Xuan Quan,hung4999@gmail.com,0952595801,1995
FAN05000,Do Gia Bach,lan5000@fpt.edu.vn,0914541654,1996
FAN05001,Bui Gia Linh,nam5001@yahoo.com,0940722637,1991
FAN05002,Phan Quoc Phong,phong5002@hotmail.com,0996584917,2001
FAN05003,Bui Duc Linh,phong5003@hotmail.com,0959322080,2008
FAN05004,Hoang Thi Mai,lan5004@fpt.edu.vn,0912141469,1994
FAN05005,Do Duc Mai,phong5005@yahoo.com,0993224527,1989
FAN05006,Pham Van Phong,quan5006@gmail.com,0994933875,2007
FAN05007,Tran Hai Lan,linh5007@yahoo.com,0975315435,1999
FAN05008,Pham Gia Lan,hung5008@yahoo.com,0963693666,1993
FAN05009,Nguyen Tuan Quan,phong5009@hotmail.com,0983323310,1986
FAN05010,Pham Xuan Vy,phong5010@fpt.edu.vn,0932377620,2005
FAN05011,Nguyen Van Hung,hung5011@yahoo.com,0937340433,2008
FAN05012,Hoang Thi Nam,mai5012@yahoo.com,0936931194,1996
FAN05013,Pham Hai Phong,linh5013@hotmail.com,0957531697,1988
FAN05014,Hoang Minh Hung,mai5014@yahoo.com,0982939153,1992
FAN05015,Pham Tuan Bach,hung5015@hotmail.com,0960858397,1985
FAN05016,Do Anh Quan,linh5016@hotmail.com,0978460856,2006
FAN05017,Hoang Hai Linh,quan5017@hotmail.com,0920902670,1995
FAN05018,Bui Quoc Linh,quan5018@hotmail.com,0924477193,1988
FAN05019,Tran Tuan Dung,dung5019@gmail.com,0933103553,2004
FAN05020,Bui Tuan Dung,quan5020@hotmail.com,0958325804,1995
FAN05021,Phan Duc Vy,dung5021@yahoo.com,0948725293,1994
FAN05022,Pham Minh Lan,lan5022@gmail.com,0994269213,2005
FAN05023,Bui Tuan Linh,phong5023@hotmail.com,0963979681,2006
FAN05024,Le Xuan Quan,bach5024@yahoo.com,0949476109,1999
FAN05025,Le Thi Phong,hung5025@hotmail.com,0929808077,1988
FAN05026,Hoang Hai Dung,hung5026@gmail.com,0990375903,2000
FAN05027,Pham Hai Lan,hung5027@gmail.com,0914780907,1997
FAN05028,Pham Anh Mai,vy5028@fpt.edu.vn,0911068889,1986
FAN05029,Nguyen Tuan Bach,hung5029@gmail.com,0938407581,1988
FAN05030,Do Gia Phong,hung5030@hotmail.com,0960038855,1989
FAN05031,Nguyen Hai Quan,dung5031@fpt.edu.vn,0994597121,2006
FAN05032,Hoang Thi Vy,phong5032@gmail.com,0993287694,2007
FAN05033,Phan Duc Linh,nam5033@fpt.edu.vn,0980760098,1993
FAN05034,Dang Anh Mai,linh5034@hotmail.com,0913836739,2004
FAN05035,Bui Tuan Dung,hung5035@hotmail.com,0928465683,2001
FAN05036,Bui Anh Lan,lan5036@yahoo.com,0972802459,1994
FAN05037,Dang Tuan Lan,hung5037@yahoo.com,0939923318,1994
FAN05038,Bui Minh Vy,bach5038@gmail.com,0923003116,2007
FAN05039,Bui Minh Linh,quan5039@fpt.edu.vn,0933433371,1990
FAN05040,Hoang Quoc Hung,dung5040@yahoo.com,0912998314,2002
FAN05041,Hoang Duc Linh,hung5041@hotmail.com,0959928652,1989
FAN05042,Le Hai Mai,quan5042@gmail.com,0999532999,2007
FAN05043,Hoang Tuan Quan,vy5043@hotmail.com,0932029945,2002
FAN05044,Pham Gia Vy,vy5044@yahoo.com,0912843875,1987
FAN05045,Phan Duc Mai,mai5045@hotmail.com,0972238987,1985
FAN05046,Phan Minh Nam,mai5046@hotmail.com,0954553273,2006
FAN05047,Le Xuan Lan,linh5047@fpt.edu.vn,0939716353,1989
FAN05048,Tran Thi Vy,phong5048@gmail.com,0999041688,1992
FAN05049,Pham Xuan Mai,bach5049@yahoo.com,0944886615,1991
FAN05050,Dang Gia Nam,phong5050@yahoo.com,0974728410,1994
FAN05051,Bui Anh Nam,nam5051@yahoo.com,0948877920,1995
FAN05052,Do Xuan Quan,dung5052@hotmail.com,0910064113,1992
FAN05053,Bui Tuan Mai,hung5053@fpt.edu.vn,0930251038,1988
FAN05054,Nguyen Minh Quan,bach5054@hotmail.com,0959302297,1985
FAN05055,Vu Tuan Phong,phong5055@gmail.com,0954292791,1999
FAN05056,Vu Gia Phong,mai5056@hotmail.com,0949695558,1991
FAN05057,Hoang Quoc Linh,nam5057@gmail.com,0930952424,1990
FAN05058,Le Hai Bach,quan5058@yahoo.com,0955208399,1997
FAN05059,Tran Duc Linh,quan5059@fpt.edu.vn,0998915802,1989
FAN05060,Hoang Xuan Vy,lan5060@fpt.edu.vn,0975973424,2000
FAN05061,Phan Anh Bach,mai5061@yahoo.com,0911938059,2008
FAN05062,Nguyen Anh Nam,nam5062@fpt.edu.vn,0946434696,2000
FAN05063,Do Thi Dung,nam5063@yahoo.com,0947407949,2006
FAN05064,Vu Duc Linh,nam5064@gmail.com,0918002357,2007
FAN05065,Nguyen Hai Quan,dung5065@fpt.edu.vn,0924386795,2001
FAN05066,Hoang Quoc Nam,vy5066@fpt.edu.vn,0911406805,2006
FAN05067,Dang Van Linh,vy5067@fpt.edu.vn,0915868151,2001
FAN05068,Phan Minh Lan,mai5068@yahoo.com,0992156468,1998
FAN05069,Le Anh Nam,hung5069@gmail.com,0911663304,1993
FAN05070,Vu Minh Mai,vy5070@hotmail.com,0913792860,1997
FAN05071,Phan Van Bach,nam5071@yahoo.com,0918857618,1985
FAN05072,Vu Van Nam,vy5072@fpt.edu.vn,0985760473,1991
FAN05073,Phan Tuan Lan,mai5073@hotmail.com,0971768969,2003
FAN05074,Vu Duc Quan,bach5074@gmail.com,0910636278,2004
FAN05075,Hoang Tuan Vy,phong5075@gmail.com,0923281728,1991
FAN05076,Vu Xuan Quan,quan5076@yahoo.com,0964920062,2006
FAN05077,Nguyen Xuan Mai,mai5077@yahoo.com,0924343976,1999
FAN05078,Pham Quoc Dung,lan5078@yahoo.com,0975146718,1999
FAN05079,Bui Tuan Nam,quan5079@gmail.com,0994807765,2001
FAN05080,Dang Minh Lan,nam5080@fpt.edu.vn,0988421049,1995
FAN05081,Bui Duc Lan,mai5081@yahoo.com,0937101378,1998
FAN05082,Phan Quoc Linh,phong5082@hotmail.com,0941560498,1985
FAN05083,Nguyen Hai Mai,quan5083@hotmail.com,0944441572,1996
FAN05084,Tran Minh Bach,linh5084@fpt.edu.vn,0927518505,1994
FAN05085,Bui Anh Hung,mai5085@fpt.edu.vn,0955329179,2003
FAN05086,Dang Hai Phong,mai5086@hotmail.com,0921391341,1989
FAN05087,Tran Anh Lan,bach5087@gmail.com,0944912692,1986
FAN05088,Pham Tuan Lan,lan5088@gmail.com,0946486919,1997
FAN05089,Dang Thi Phong,quan5089@hotmail.com,0978159749,1997
FAN05090,Phan Anh Nam,quan5090@yahoo.com,0996672090,1989
FAN05091,Bui Xuan Vy,lan5091@gmail.com,0941388932,1997
FAN05092,Bui Anh Mai,quan5092@hotmail.com,0930519706,2001
FAN05093,Nguyen Gia Nam,linh5093@hotmail.com,0949196773,2005
FAN05094,Nguyen Thi Linh,lan5094@fpt.edu.vn,0939290171,1999
FAN05095,Nguyen Minh Linh,mai5095@gmail.com,0924764852,1992
FAN05096,Dang Duc Bach,phong5096@fpt.edu.vn,0963613749,2006
FAN05097,Le Duc Mai,lan5097@hotmail.com,0950920259,2007
FAN05098,Do Xuan Phong,bach5098@fpt.edu.vn,0974338968,1999
FAN05099,Vu Thi Quan,dung5099@hotmail.com,0917160778,1991
FAN05100,Tran Hai Lan,dung5100@fpt.edu.vn,0929103789,1993
FAN05101,Phan Quoc Linh,dung5101@gmail.com,0960872376,2006
FAN05102,Bui Thi Phong,hung5102@yahoo.com,0924157244,1999
FAN05103,Bui Xuan Hung,linh5103@gmail.com,0996241490,2003
FAN05104,Tran Quoc Hung,nam5104@hotmail.com,0951924287,2000
FAN05105,Hoang Quoc Dung,hung5105@yahoo.com,0981258952,2005
FAN05106,Nguyen Gia Dung,hung5106@yahoo.com,0967817316,2004
FAN05107,Le Quoc Quan,bach5107@yahoo.com,0990753384,1996
FAN05108,Nguyen Anh Bach,vy5108@yahoo.com,0911859652,1985
FAN05109,Le Gia Nam,nam5109@yahoo.com,0919989644,2006
FAN05110,Pham Minh Hung,nam5110@fpt.edu.vn,0997053782,1988
FAN05111,Pham Minh Nam,mai5111@yahoo.com,0963317364,1992
FAN05112,Vu Duc Linh,quan5112@yahoo.com,0970619002,1985
FAN05113,Vu Van Nam,lan5113@hotmail.com,0961649258,1987
FAN05114,Le Van Nam,linh5114@gmail.com,0971519252,1998
FAN05115,Do Tuan Hung,mai5115@yahoo.com,0991958638,1994
FAN05116,Hoang Hai Nam,hung5116@yahoo.com,0938158822,2000
FAN05117,Le Anh Bach,linh5117@yahoo.com,0981873018,1989
FAN05118,Tran Gia Hung,dung5118@hotmail.com,0930829757,2002
FAN05119,Do Tuan Vy,lan5119@fpt.edu.vn,0940326914,2002
FAN05120,Tran Hai Lan,lan5120@yahoo.com,0910571878,1993
FAN05121,Do Tuan Linh,quan5121@yahoo.com,0977137461,1986
FAN05122,Tran Anh Quan,vy5122@hotmail.com,0966110458,1996
FAN05123,Bui Duc Dung,hung5123@fpt.edu.vn,0993580297,1989
FAN05124,Le Tuan Quan,nam5124@gmail.com,0987399530,2008
FAN05125,Do Thi Dung,bach5125@gmail.com,0982455674,1999
FAN05126,Bui Thi Mai,linh5126@gmail.com,0963220447,1985
FAN05127,Do Tuan Mai,hung5127@hotmail.com,0925877337,1987
FAN05128,Hoang Xuan Quan,hung5128@fpt.edu.vn,0978741990,1991
FAN05129,Vu Thi Vy,phong5129@hotmail.com,0985958368,1999
FAN05130,Bui Minh Dung,nam5130@gmail.com,0929799902,2000
FAN05131,Hoang Xuan Lan,phong5131@fpt.edu.vn,0926284273,1993
FAN05132,Bui Anh Hung,phong5132@gmail.com,0945981617,1993
FAN05133,Phan Quoc Quan,linh5133@yahoo.com,0991900949,1994
FAN05134,Tran Xuan Linh,linh5134@gmail.com,0940440863,1987
FAN05135,Le Tuan Lan,linh5135@gmail.com,0916836578,1998
FAN05136,Dang Xuan Phong,dung5136@fpt.edu.vn,0984190102,2000
FAN05137,Tran Minh Phong,vy5137@gmail.com,0921912248,1986
FAN05138,Nguyen Tuan Bach,dung5138@hotmail.com,0959903220,1997
FAN05139,Vu Tuan Quan,vy5139@hotmail.com,0958544516,1992
FAN05140,Bui Thi Dung,phong5140@hotmail.com,0970175760,1998
FAN05141,Dang Minh Dung,hung5141@gmail.com,0923756914,2003
FAN05142,Vu Minh Hung,quan5142@hotmail.com,0911758530,2004
FAN05143,Bui Tuan Dung,lan5143@hotmail.com,0992406709,1997
FAN05144,Hoang Van Phong,nam5144@yahoo.com,0926595927,1996
FAN05145,Nguyen Quoc Vy,bach5145@hotmail.com,0965323276,1994
FAN05146,Do Thi Linh,linh5146@yahoo.com,0925075136,2006
FAN05147,Vu Anh Hung,quan5147@yahoo.com,0969773549,1994
FAN05148,Pham Minh Bach,lan5148@yahoo.com,0912189142,1987
FAN05149,Hoang Hai Mai,quan5149@hotmail.com,0955263841,2005
FAN05150,Tran Minh Phong,nam5150@yahoo.com,0963134202,2007
FAN05151,Hoang Duc Nam,vy5151@gmail.com,0928071108,1994
FAN05152,Dang Gia Phong,mai5152@gmail.com,0928513210,1985
FAN05153,Do Minh Quan,nam5153@hotmail.com,0990882554,1999
FAN05154,Vu Van Dung,dung5154@gmail.com,0950761546,1998
FAN05155,Hoang Tuan Lan,hung5155@yahoo.com,0911389663,2000
FAN05156,Do Hai Phong,bach5156@gmail.com,0944939684,2003
FAN05157,Bui Tuan Mai,lan5157@yahoo.com,0991523815,1988
FAN05158,Vu Hai Lan,hung5158@gmail.com,0990446577,1986
FAN05159,Hoang Xuan Hung,linh5159@fpt.edu.vn,0967660684,2000
FAN05160,Nguyen Duc Lan,quan5160@hotmail.com,0974024806,1986
FAN05161,Phan Quoc Vy,hung5161@fpt.edu.vn,0962974415,1993
FAN05162,Nguyen Van Lan,dung5162@fpt.edu.vn,0947813684,1990
FAN05163,Pham Quoc Nam,phong5163@hotmail.com,0962009027,1989
FAN05164,Phan Duc Lan,lan5164@fpt.edu.vn,0957231683,2008
FAN05165,Nguyen Quoc Mai,hung5165@hotmail.com,0943963615,1987
FAN05166,Vu Tuan Lan,vy5166@hotmail.com,0988127578,1994
FAN05167,Phan Anh Phong,lan5167@hotmail.com,0964683471,2005
FAN05168,Tran Van Mai,quan5168@gmail.com,0964410498,2006
FAN05169,Le Gia Vy,linh5169@hotmail.com,0914734901,2006
FAN05170,Bui Quoc Phong,hung5170@fpt.edu.vn,0933811826,2003
FAN05171,Bui Hai Bach,lan5171@yahoo.com,0994469385,1989
FAN05172,Do Tuan Phong,hung5172@yahoo.com,0989171958,2005
FAN05173,Tran Van Quan,bach5173@fpt.edu.vn,0945555010,1992
FAN05174,Vu Duc Bach,quan5174@fpt.edu.vn,0976030378,1991
FAN05175,Tran Hai Bach,quan5175@yahoo.com,0930417784,1994
FAN05176,Nguyen Gia Lan,dung5176@gmail.com,0935943605,1988
FAN05177,Phan Thi Phong,dung5177@hotmail.com,0976737852,1994
FAN05178,Le Gia Vy,dung5178@gmail.com,0915347643,1998
FAN05179,Pham Xuan Mai,bach5179@yahoo.com,0916491574,1987
FAN05180,Le Tuan Linh,quan5180@gmail.com,0929664302,1991
FAN05181,Hoang Anh Dung,phong5181@fpt.edu.vn,0955531267,2004
FAN05182,Hoang Hai Dung,dung5182@yahoo.com,0946530021,1991
FAN05183,Vu Van Quan,hung5183@fpt.edu.vn,0973198134,2007
FAN05184,Tran Anh Dung,mai5184@gmail.com,0943832486,1991
FAN05185,Dang Quoc Mai,lan5185@hotmail.com,0967802873,2008
FAN05186,Pham Anh Linh,lan5186@hotmail.com,0992217969,1990
FAN05187,Vu Quoc Linh,phong5187@gmail.com,0937363405,1987
FAN05188,Phan Thi Hung,mai5188@gmail.com,0910364547,2008
FAN05189,Dang Quoc Linh,lan5189@gmail.com,0915619992,1985
FAN05190,Dang Anh Lan,linh5190@yahoo.com,0941791021,2008
FAN05191,Hoang Minh Hung,mai5191@gmail.com,0993072435,1995
FAN05192,Tran Minh Nam,linh5192@hotmail.com,0921708008,2006
FAN05193,Le Tuan Phong,nam5193@yahoo.com,0963497215,1996
FAN05194,Hoang Minh Quan,bach5194@hotmail.com,0955252626,1985
FAN05195,Bui Anh Linh,mai5195@fpt.edu.vn,0966939631,2004
FAN05196,Bui Xuan Phong,quan5196@gmail.com,0986624966,1990
FAN05197,Hoang Tuan Nam,hung5197@gmail.com,0912960457,1986
FAN05198,Hoang Minh Lan,hung5198@yahoo.com,0926028439,1995
FAN05199,Bui Hai Mai,quan5199@hotmail.com,0945122819,1993
FAN05200,Pham Hai Bach,lan5200@fpt.edu.vn,0958195503,1992
FAN05201,Do Tuan Quan,nam5201@yahoo.com,0928865105,2006
FAN05202,Pham Duc Dung,linh5202@hotmail.com,0935730322,2003
FAN05203,Dang Thi Dung,quan5203@gmail.com,0924071043,2008
FAN05204,Hoang Anh Mai,bach5204@yahoo.com,0997763200,1987
FAN05205,Hoang Anh Nam,mai5205@yahoo.com,0994145438,2001
FAN05206,Bui Hai Mai,nam5206@yahoo.com,0966234741,1991
FAN05207,Nguyen Thi Phong,linh5207@fpt.edu.vn,0987953326,1993
FAN05208,Nguyen Xuan Hung,phong5208@fpt.edu.vn,0990046769,1985
FAN05209,Pham Tuan Dung,mai5209@gmail.com,0973261357,1997
FAN05210,Bui Anh Vy,nam5210@gmail.com,0928192545,2007
FAN05211,Pham Quoc Dung,dung5211@gmail.com,0938246720,1998
FAN05212,Do Tuan Bach,mai5212@gmail.com,0962780122,2008
FAN05213,Tran Xuan Hung,dung5213@hotmail.com,0956637832,1989
FAN05214,Phan Quoc Nam,bach5214@fpt.edu.vn,0968436620,2000
FAN05215,Hoang Gia Vy,phong5215@hotmail.com,0943935908,1989
FAN05216,Tran Anh Dung,linh5216@gmail.com,0959079697,2006
FAN05217,Bui Xuan Phong,mai5217@fpt.edu.vn,0968101740,1994
FAN05218,Phan Tuan Linh,quan5218@yahoo.com,0941389391,1986
FAN05219,Phan Van Mai,hung5219@hotmail.com,0924942967,1986
FAN05220,Nguyen Van Dung,hung5220@yahoo.com,0952742800,1991
FAN05221,Le Hai Vy,dung5221@yahoo.com,0991912060,1998
FAN05222,Pham Anh Dung,linh5222@fpt.edu.vn,0966122452,1992
FAN05223,Pham Thi Hung,linh5223@gmail.com,0999738854,1994
FAN05224,Vu Gia Mai,vy5224@gmail.com,0987201520,1985
FAN05225,Le Hai Nam,nam5225@yahoo.com,0916776899,1997
FAN05226,Le Thi Linh,mai5226@yahoo.com,0933169892,1992
FAN05227,Nguyen Quoc Phong,dung5227@fpt.edu.vn,0971480776,2003
FAN05228,Le Duc Dung,dung5228@fpt.edu.vn,0916720028,2008
FAN05229,Pham Gia Nam,vy5229@fpt.edu.vn,0995583082,2001
FAN05230,Tran Tuan Nam,linh5230@gmail.com,0945564766,1995
FAN05231,Le Hai Lan,hung5231@yahoo.com,0923283018,2003
FAN05232,Pham Duc Dung,mai5232@hotmail.com,0979403488,1988
FAN05233,Bui Gia Hung,dung5233@fpt.edu.vn,0961032992,1993
FAN05234,Dang Thi Linh,bach5234@hotmail.com,0944841259,1986
FAN05235,Phan Xuan Dung,nam5235@fpt.edu.vn,0937321108,1996
FAN05236,Phan Hai Lan,lan5236@yahoo.com,0934659495,1999
FAN05237,Hoang Minh Phong,mai5237@yahoo.com,0948161808,1989
FAN05238,Le Anh Lan,hung5238@fpt.edu.vn,0989076489,1986
FAN05239,Vu Gia Quan,hung5239@gmail.com,0980512082,2007
FAN05240,Phan Van Bach,hung5240@yahoo.com,0912054221,1988
FAN05241,Bui Quoc Lan,hung5241@yahoo.com,0980865032,1994
FAN05242,Tran Gia Phong,nam5242@yahoo.com,0979291787,1988
FAN05243,Tran Gia Vy,linh5243@yahoo.com,0964960439,2004
FAN05244,Do Minh Linh,quan5244@fpt.edu.vn,0931027315,1997
FAN05245,Hoang Xuan Nam,hung5245@yahoo.com,0964058023,2003
FAN05246,Phan Quoc Mai,mai5246@fpt.edu.vn,0996206373,1988
FAN05247,Hoang Duc Dung,dung5247@hotmail.com,0966753125,1996
FAN05248,Do Anh Hung,hung5248@hotmail.com,0933672955,2008
FAN05249,Pham Anh Vy,nam5249@hotmail.com,0942073407,2001
FAN05250,Do Quoc Mai,mai5250@hotmail.com,0981722998,1988
FAN05251,Hoang Thi Quan,linh5251@fpt.edu.vn,0948109208,1996
FAN05252,Nguyen Tuan Vy,quan5252@hotmail.com,0916434451,2004
FAN05253,Dang Tuan Linh,linh5253@fpt.edu.vn,0946261713,2000
FAN05254,Tran Duc Lan,lan5254@fpt.edu.vn,0999112885,1990
FAN05255,Hoang Duc Bach,dung5255@gmail.com,0993013694,2002
FAN05256,Le Quoc Lan,mai5256@gmail.com,0977709677,1988
FAN05257,Pham Quoc Phong,bach5257@hotmail.com,0965972155,2007
FAN05258,Dang Hai Linh,mai5258@hotmail.com,0948290800,1986
FAN05259,Do Minh Linh,hung5259@hotmail.com,0926085896,1993
FAN05260,Tran Tuan Dung,quan5260@gmail.com,0942040850,1989
FAN05261,Hoang Xuan Hung,quan5261@gmail.com,0974965786,1986
FAN05262,Nguyen Minh Nam,lan5262@hotmail.com,0953634050,2004
FAN05263,Bui Xuan Nam,linh5263@hotmail.com,0913020562,2007
FAN05264,Vu Anh Dung,phong5264@fpt.edu.vn,0927563107,2001
FAN05265,Phan Anh Lan,mai5265@yahoo.com,0921205124,2003
FAN05266,Tran Quoc Nam,nam5266@fpt.edu.vn,0974585841,2008
FAN05267,Dang Quoc Bach,vy5267@yahoo.com,0990765489,1989
FAN05268,Hoang Van Quan,phong5268@hotmail.com,0932527016,1988
FAN05269,Le Van Lan,vy5269@hotmail.com,0942436050,1991
FAN05270,Pham Gia Hung,mai5270@yahoo.com,0945475512,2006
FAN05271,Hoang Minh Phong,nam5271@fpt.edu.vn,0962439399,1989
FAN05272,Do Xuan Bach,linh5272@yahoo.com,0924850510,1997
FAN05273,Vu Minh Lan,nam5273@hotmail.com,0979566957,2008
FAN05274,Vu Van Nam,vy5274@hotmail.com,0975785972,1999
FAN05275,Bui Duc Hung,vy5275@hotmail.com,0941098127,1995
FAN05276,Tran Thi Hung,bach5276@yahoo.com,0989625604,1995
FAN05277,Do Gia Bach,phong5277@fpt.edu.vn,0976351395,2008
FAN05278,Do Minh Lan,linh5278@gmail.com,0988543909,2005
FAN05279,Nguyen Gia Quan,quan5279@gmail.com,0916798355,1996
FAN05280,Hoang Van Linh,phong5280@fpt.edu.vn,0967208597,2008
FAN05281,Le Tuan Bach,quan5281@gmail.com,0925228369,1990
FAN05282,Bui Quoc Bach,lan5282@yahoo.com,0933634685,1990
FAN05283,Nguyen Tuan Nam,lan5283@yahoo.com,0953670495,2000
FAN05284,Dang Gia Bach,vy5284@yahoo.com,0974065747,1998
FAN05285,Dang Tuan Hung,linh5285@hotmail.com,0915560397,1998
FAN05286,Bui Thi Linh,nam5286@gmail.com,0961549651,1992
FAN05287,Bui Hai Phong,lan5287@hotmail.com,0951989060,1990
FAN05288,Hoang Thi Nam,dung5288@gmail.com,0972384704,1999
FAN05289,Nguyen Hai Bach,dung5289@yahoo.com,0966194593,1988
FAN05290,Bui Hai Quan,lan5290@gmail.com,0922492776,2002
FAN05291,Vu Thi Dung,nam5291@hotmail.com,0925705194,2008
FAN05292,Vu Tuan Lan,quan5292@yahoo.com,0965706457,1996
FAN05293,Do Quoc Dung,quan5293@yahoo.com,0952101256,1986
FAN05294,Le Anh Lan,mai5294@gmail.com,0945060889,1990
FAN05295,Le Anh Phong,nam5295@gmail.com,0996047527,2006
FAN05296,Tran Duc Bach,quan5296@gmail.com,0989115970,1988
FAN05297,Hoang Duc Linh,vy5297@hotmail.com,0939252416,2001
FAN05298,Nguyen Hai Linh,bach5298@hotmail.com,0918737131,2008
FAN05299,Tran Anh Mai,lan5299@yahoo.com,0946038095,2002
FAN05300,Hoang Thi Hung,bach5300@yahoo.com,0967331420,1987
FAN05301,Bui Duc Vy,lan5301@gmail.com,0926322099,2002
FAN05302,Phan Quoc Phong,nam5302@hotmail.com,0938817419,1994
FAN05303,Le Quoc Lan,phong5303@fpt.edu.vn,0910106775,2008
FAN05304,Pham Duc Quan,lan5304@yahoo.com,0946664670,1994
FAN05305,Vu Quoc Vy,mai5305@gmail.com,0927828363,2005
FAN05306,Tran Thi Mai,quan5306@yahoo.com,0926262632,1993
FAN05307,Le Tuan Linh,mai5307@hotmail.com,0989106351,1988
FAN05308,Nguyen Hai Mai,nam5308@yahoo.com,0922229650,1991
FAN05309,Le Xuan Bach,linh5309@yahoo.com,0967921483,2006
FAN05310,Dang Xuan Mai,nam5310@fpt.edu.vn,0983777956,1987
FAN05311,Hoang Hai Bach,mai5311@gmail.com,0915941571,1985
FAN05312,Le Minh Bach,vy5312@yahoo.com,0989293905,1997
FAN05313,Nguyen Quoc Phong,dung5313@gmail.com,0943536177,1992
FAN05314,Bui Minh Lan,nam5314@hotmail.com,0990221162,1989
FAN05315,Hoang Duc Lan,nam5315@gmail.com,0985953325,2001
FAN05316,Hoang Quoc Mai,quan5316@yahoo.com,0973907586,2005
FAN05317,Phan Quoc Lan,quan5317@gmail.com,0934205879,1988
FAN05318,Pham Quoc Lan,dung5318@gmail.com,0975993091,2002
FAN05319,Vu Duc Mai,nam5319@hotmail.com,0972969760,2008
FAN05320,Dang Minh Vy,linh5320@hotmail.com,0994108849,1989
FAN05321,Le Gia Linh,mai5321@fpt.edu.vn,0936333855,2007
FAN05322,Dang Xuan Lan,mai5322@gmail.com,0926659303,1991
FAN05323,Dang Quoc Vy,vy5323@hotmail.com,0984704369,1989
FAN05324,Le Minh Phong,mai5324@hotmail.com,0928890349,1991
FAN05325,Vu Duc Nam,quan5325@gmail.com,0996587695,2006
FAN05326,Tran Thi Mai,lan5326@yahoo.com,0953663765,1985
FAN05327,Le Thi Mai,phong5327@gmail.com,0928312315,1994
FAN05328,Bui Hai Bach,bach5328@gmail.com,0933445478,1999
FAN05329,Pham Quoc Linh,quan5329@fpt.edu.vn,0914026969,2002
FAN05330,Vu Xuan Nam,lan5330@gmail.com,0961799392,2002
FAN05331,Nguyen Minh Vy,lan5331@fpt.edu.vn,0922262592,1985
FAN05332,Phan Anh Hung,mai5332@gmail.com,0962114887,1995
FAN05333,Pham Xuan Mai,mai5333@gmail.com,0933219685,1987
FAN05334,Vu Xuan Dung,mai5334@hotmail.com,0936416899,1990
FAN05335,Nguyen Gia Vy,vy5335@hotmail.com,0958989005,2000
FAN05336,Do Duc Linh,hung5336@fpt.edu.vn,0969163415,1985
FAN05337,Phan Van Hung,quan5337@fpt.edu.vn,0933458667,1999
FAN05338,Pham Tuan Phong,lan5338@gmail.com,0989169847,1986
FAN05339,Vu Duc Dung,mai5339@fpt.edu.vn,0975730953,2005
FAN05340,Do Tuan Phong,nam5340@gmail.com,0957719426,1991
FAN05341,Tran Xuan Nam,hung5341@fpt.edu.vn,0972007126,2003
FAN05342,Hoang Xuan Phong,bach5342@yahoo.com,0964064770,2001
FAN05343,Le Duc Mai,nam5343@yahoo.com,0923878248,2001
FAN05344,Nguyen Minh Dung,mai5344@gmail.com,0998500122,2003
FAN05345,Le Hai Quan,quan5345@fpt.edu.vn,0942179688,1988
FAN05346,Dang Duc Nam,mai5346@fpt.edu.vn,0916142237,2000
FAN05347,Pham Van Mai,dung5347@fpt.edu.vn,0941095858,2003
FAN05348,Phan Xuan Dung,dung5348@fpt.edu.vn,0921647011,2001
FAN05349,Hoang Gia Mai,mai5349@yahoo.com,0976901027,2003
FAN05350,Pham Van Linh,vy5350@yahoo.com,0915848975,1986
FAN05351,Vu Quoc Phong,mai5351@yahoo.com,0959364689,1997
FAN05352,Dang Minh Lan,nam5352@yahoo.com,0981595759,1991
FAN05353,Do Gia Vy,bach5353@yahoo.com,0944640406,1986
FAN05354,Do Thi Dung,dung5354@fpt.edu.vn,0912086444,2004
FAN05355,Tran Duc Phong,mai5355@gmail.com,0993165875,2003
FAN05356,Vu Hai Nam,mai5356@gmail.com,0970773818,1995
FAN05357,Pham Van Phong,linh5357@fpt.edu.vn,0961374693,2004
FAN05358,Bui Hai Hung,hung5358@gmail.com,0971829149,1991
FAN05359,Phan Xuan Hung,hung5359@fpt.edu.vn,0950720400,1986
FAN05360,Tran Minh Mai,quan5360@fpt.edu.vn,0961053962,1994
FAN05361,Do Minh Linh,phong5361@yahoo.com,0916192145,1998
FAN05362,Pham Quoc Quan,dung5362@fpt.edu.vn,0920273762,2001
FAN05363,Dang Gia Bach,nam5363@fpt.edu.vn,0956520247,1990
FAN05364,Do Xuan Hung,nam5364@yahoo.com,0966967406,2007
FAN05365,Dang Gia Lan,hung5365@fpt.edu.vn,0921228643,1999
FAN05366,Phan Quoc Bach,vy5366@fpt.edu.vn,0980289359,1998
FAN05367,Pham Quoc Linh,hung5367@fpt.edu.vn,0930110139,1994
FAN05368,Tran Anh Mai,nam5368@hotmail.com,0997090536,1995
FAN05369,Pham Tuan Quan,hung5369@fpt.edu.vn,0973258887,1995
FAN05370,Phan Quoc Lan,lan5370@yahoo.com,0938045903,2000
FAN05371,Phan Minh Linh,linh5371@fpt.edu.vn,0952280289,2001
FAN05372,Bui Tuan Hung,quan5372@hotmail.com,0951684362,2004
FAN05373,Tran Anh Lan,hung5373@yahoo.com,0939522409,2000
FAN05374,Phan Hai Vy,linh5374@fpt.edu.vn,0971434763,1997
FAN05375,Nguyen Thi Linh,lan5375@gmail.com,0992511361,2002
FAN05376,Le Thi Bach,vy5376@yahoo.com,0992476753,1998
FAN05377,Le Thi Quan,phong5377@fpt.edu.vn,0965727393,2001
FAN05378,Bui Xuan Vy,vy5378@yahoo.com,0999875223,1992
FAN05379,Dang Hai Linh,quan5379@gmail.com,0924570106,2001
FAN05380,Le Thi Hung,phong5380@fpt.edu.vn,0978057217,1987
FAN05381,Phan Anh Vy,lan5381@hotmail.com,0952384037,1992
FAN05382,Hoang Quoc Dung,quan5382@hotmail.com,0914449848,1986
FAN05383,Phan Duc Hung,lan5383@hotmail.com,0928759744,1985
FAN05384,Hoang Hai Linh,bach5384@hotmail.com,0971223775,2006
FAN05385,Hoang Gia Dung,quan5385@yahoo.com,0963155079,1988
FAN05386,Dang Minh Bach,quan5386@fpt.edu.vn,0919781847,1999
FAN05387,Bui Duc Phong,nam5387@yahoo.com,0992989141,2007
FAN05388,Hoang Duc Nam,linh5388@fpt.edu.vn,0928488093,1993
FAN05389,Pham Anh Phong,nam5389@hotmail.com,0979406445,1994
FAN05390,Hoang Minh Mai,bach5390@gmail.com,0927850118,2002
FAN05391,Dang Xuan Vy,phong5391@yahoo.com,0965594908,2006
FAN05392,Dang Anh Quan,bach5392@yahoo.com,0991905217,1994
FAN05393,Le Xuan Vy,bach5393@fpt.edu.vn,0919922240,1992
FAN05394,Hoang Van Mai,mai5394@hotmail.com,0992129602,2000
FAN05395,Bui Minh Bach,vy5395@hotmail.com,0934336842,2000
FAN05396,Phan Hai Linh,dung5396@hotmail.com,0992086512,1997
FAN05397,Le Van Lan,bach5397@yahoo.com,0954598697,2003
FAN05398,Bui Anh Nam,quan5398@fpt.edu.vn,0949390846,2002
FAN05399,Bui Hai Dung,mai5399@yahoo.com,0916188000,2006
FAN05400,Le Tuan Lan,vy5400@fpt.edu.vn,0911409487,1989
FAN05401,Dang Tuan Mai,hung5401@hotmail.com,0950287446,1998
FAN05402,Pham Xuan Bach,bach5402@gmail.com,0966833228,1987
FAN05403,Do Van Phong,vy5403@gmail.com,0926731014,1991
FAN05404,Pham Tuan Bach,linh5404@hotmail.com,0940380543,1985
FAN05405,Tran Van Nam,mai5405@gmail.com,0978493550,2007
FAN05406,Do Thi Lan,hung5406@gmail.com,0988153377,1985
FAN05407,Bui Gia Mai,linh5407@hotmail.com,0986284044,1999
FAN05408,Nguyen Minh Quan,mai5408@hotmail.com,0996420620,1991
FAN05409,Dang Thi Linh,linh5409@hotmail.com,0916833369,1988
FAN05410,Pham Xuan Quan,mai5410@fpt.edu.vn,0972988461,1989
FAN05411,Hoang Gia Quan,phong5411@gmail.com,0999986903,1999
FAN05412,Pham Quoc Mai,quan5412@gmail.com,0994960560,1993
FAN05413,Nguyen Tuan Lan,phong5413@yahoo.com,0943891540,2005
FAN05414,Nguyen Gia Lan,nam5414@gmail.com,0965311236,2003
FAN05415,Do Hai Dung,phong5415@yahoo.com,0956323655,1992
FAN05416,Pham Gia Nam,nam5416@fpt.edu.vn,0951838256,1988
FAN05417,Pham Gia Nam,dung5417@fpt.edu.vn,0997283410,2000
FAN05418,Hoang Thi Dung,vy5418@hotmail.com,0934123226,2006
FAN05419,Bui Tuan Linh,mai5419@yahoo.com,0948030388,2001
FAN05420,Dang Tuan Phong,mai5420@yahoo.com,0913739808,2004
FAN05421,Nguyen Van Linh,dung5421@fpt.edu.vn,0983373790,1987
FAN05422,Hoang Tuan Dung,vy5422@hotmail.com,0914262190,2000
FAN05423,Dang Anh Nam,bach5423@gmail.com,0928346907,2006
FAN05424,Phan Van Quan,lan5424@fpt.edu.vn,0937125581,1999
FAN05425,Nguyen Quoc Vy,phong5425@hotmail.com,0912804346,1995
FAN05426,Hoang Duc Nam,phong5426@hotmail.com,0937453343,1999
FAN05427,Pham Thi Mai,mai5427@yahoo.com,0928851066,2001
FAN05428,Do Duc Dung,lan5428@fpt.edu.vn,0965290538,1996
FAN05429,Pham Hai Nam,linh5429@hotmail.com,0978263443,2002
FAN05430,Hoang Tuan Hung,vy5430@yahoo.com,0922224473,2006
FAN05431,Dang Tuan Quan,lan5431@yahoo.com,0998655643,2000
FAN05432,Tran Hai Vy,dung5432@gmail.com,0997112939,1988
FAN05433,Le Tuan Linh,dung5433@gmail.com,0974187350,1986
FAN05434,Do Hai Linh,dung5434@hotmail.com,0961081747,1990
FAN05435,Bui Thi Dung,dung5435@fpt.edu.vn,0986512353,1997
FAN05436,Tran Xuan Lan,hung5436@hotmail.com,0912562963,1987
FAN05437,Nguyen Minh Quan,nam5437@yahoo.com,0991617465,1988
FAN05438,Phan Quoc Phong,hung5438@fpt.edu.vn,0917638470,1999
FAN05439,Do Tuan Linh,nam5439@hotmail.com,0949852175,1995
FAN05440,Nguyen Thi Linh,hung5440@fpt.edu.vn,0996814971,2005
FAN05441,Phan Xuan Mai,nam5441@hotmail.com,0997907721,1997
FAN05442,Bui Minh Linh,linh5442@fpt.edu.vn,0958684073,1993
FAN05443,Phan Thi Vy,mai5443@gmail.com,0971213798,2004
FAN05444,Pham Quoc Phong,dung5444@yahoo.com,0974747204,2006
FAN05445,Do Xuan Nam,vy5445@hotmail.com,0950994684,1994
FAN05446,Vu Minh Phong,phong5446@fpt.edu.vn,0998533614,1991
FAN05447,Phan Quoc Phong,phong5447@yahoo.com,0948008824,1991
FAN05448,Nguyen Hai Lan,hung5448@fpt.edu.vn,0996169162,2000
FAN05449,Pham Anh Linh,mai5449@yahoo.com,0980146006,2001
FAN05450,Vu Minh Dung,dung5450@gmail.com,0955422443,1996
FAN05451,Vu Xuan Dung,phong5451@yahoo.com,0950469380,1993
FAN05452,Hoang Duc Linh,hung5452@yahoo.com,0936743833,2006
FAN05453,Dang Anh Hung,phong5453@yahoo.com,0931480949,1989
FAN05454,Phan Minh Mai,nam5454@gmail.com,0941960144,1995
FAN05455,Nguyen Hai Quan,vy5455@yahoo.com,0964850089,2005
FAN05456,Pham Minh Vy,lan5456@gmail.com,0971621896,1985
FAN05457,Vu Tuan Lan,hung5457@gmail.com,0912512633,1999
FAN05458,Bui Thi Quan,dung5458@gmail.com,0999972295,2006
FAN05459,Nguyen Xuan Nam,vy5459@yahoo.com,0972915615,1985
FAN05460,Le Xuan Phong,lan5460@gmail.com,0927255798,1990
FAN05461,Tran Hai Bach,lan5461@gmail.com,0947217592,1997
FAN05462,Phan Hai Vy,lan5462@fpt.edu.vn,0965535723,1990
FAN05463,Do Xuan Nam,linh5463@gmail.com,0939705334,1987
FAN05464,Pham Minh Vy,lan5464@yahoo.com,0990009084,1989
FAN05465,Hoang Van Bach,vy5465@hotmail.com,0925359794,1993
FAN05466,Pham Thi Quan,nam5466@gmail.com,0942655610,2007
FAN05467,Hoang Duc Hung,nam5467@fpt.edu.vn,0936457267,1993
FAN05468,Tran Gia Quan,bach5468@fpt.edu.vn,0964674866,2000
FAN05469,Vu Anh Nam,nam5469@hotmail.com,0933803789,2002
FAN05470,Nguyen Gia Phong,linh5470@hotmail.com,0922598020,2008
FAN05471,Le Duc Linh,quan5471@fpt.edu.vn,0919154961,2005
FAN05472,Pham Xuan Dung,phong5472@gmail.com,0996231390,2007
FAN05473,Dang Quoc Lan,bach5473@hotmail.com,0960401526,1992
FAN05474,Vu Tuan Linh,lan5474@fpt.edu.vn,0932447374,1989
FAN05475,Do Minh Quan,nam5475@fpt.edu.vn,0979670144,1991
FAN05476,Nguyen Gia Phong,hung5476@fpt.edu.vn,0969272122,1989
FAN05477,Nguyen Xuan Hung,dung5477@gmail.com,0989856132,1988
FAN05478,Pham Anh Linh,nam5478@yahoo.com,0988155465,2003
FAN05479,Le Duc Vy,mai5479@gmail.com,0934737200,2008
FAN05480,Tran Van Vy,linh5480@fpt.edu.vn,0910260443,1994
FAN05481,Hoang Gia Phong,phong5481@fpt.edu.vn,0999383962,1997
FAN05482,Pham Anh Mai,vy5482@fpt.edu.vn,0946529840,1998
FAN05483,Do Xuan Dung,bach5483@yahoo.com,0914122456,1991
FAN05484,Tran Hai Vy,nam5484@yahoo.com,0955669968,1998
FAN05485,Tran Duc Lan,bach5485@yahoo.com,0984244034,1992
FAN05486,Tran Thi Phong,bach5486@yahoo.com,0947386586,2000
FAN05487,Nguyen Thi Phong,bach5487@gmail.com,0997413541,1999
FAN05488,Le Gia Phong,nam5488@fpt.edu.vn,0980105987,2004
FAN05489,Hoang Thi Hung,bach5489@fpt.edu.vn,0976207197,1989
FAN05490,Do Tuan Dung,mai5490@gmail.com,0963152715,2005
FAN05491,Vu Quoc Linh,bach5491@gmail.com,0933230805,1998
FAN05492,Dang Hai Bach,bach5492@yahoo.com,0931086990,2004
FAN05493,Dang Thi Quan,hung5493@fpt.edu.vn,0970422366,1997
FAN05494,Bui Quoc Phong,nam5494@fpt.edu.vn,0965419797,1989
FAN05495,Do Xuan Vy,dung5495@gmail.com,0954288926,2007
FAN05496,Bui Minh Quan,bach5496@yahoo.com,0949078704,1991
FAN05497,Do Anh Phong,bach5497@hotmail.com,0921473588,1986
FAN05498,Do Van Vy,mai5498@fpt.edu.vn,0975961018,1999
FAN05499,Phan Hai Linh,bach5499@yahoo.com,0999502175,2003
FAN05500,Vu Gia Mai,mai5500@gmail.com,0999082026,2008
FAN05501,Do Anh Mai,phong5501@yahoo.com,0933150293,2003
FAN05502,Vu Thi Hung,bach5502@gmail.com,0994024900,2007
FAN05503,Dang Hai Mai,mai5503@fpt.edu.vn,0937135062,2007
FAN05504,Bui Xuan Bach,mai5504@gmail.com,0997188419,2001
FAN05505,Le Tuan Quan,nam5505@gmail.com,0934909985,2000
FAN05506,Dang Gia Dung,phong5506@fpt.edu.vn,0956818339,2003
FAN05507,Le Van Bach,vy5507@hotmail.com,0994885472,1990
FAN05508,Nguyen Minh Linh,bach5508@gmail.com,0933594488,1991
FAN05509,Le Xuan Quan,dung5509@yahoo.com,0953375966,1987
FAN05510,Nguyen Anh Dung,quan5510@fpt.edu.vn,0913485471,2002
FAN05511,Vu Thi Vy,bach5511@gmail.com,0973914650,2005
FAN05512,Bui Tuan Linh,dung5512@hotmail.com,0982536614,2002
FAN05513,Vu Quoc Dung,phong5513@hotmail.com,0958512303,1996
FAN05514,Nguyen Hai Bach,phong5514@hotmail.com,0913634680,1987
FAN05515,Dang Quoc Phong,linh5515@hotmail.com,0994952232,2004
FAN05516,Vu Xuan Bach,linh5516@yahoo.com,0961529196,2001
FAN05517,Dang Minh Vy,linh5517@fpt.edu.vn,0946095845,1997
FAN05518,Hoang Anh Hung,linh5518@gmail.com,0982543460,2003
FAN05519,Hoang Van Phong,quan5519@fpt.edu.vn,0964747105,1993
FAN05520,Dang Tuan Dung,bach5520@fpt.edu.vn,0922300626,1995
FAN05521,Tran Anh Mai,phong5521@hotmail.com,0962755573,2000
FAN05522,Phan Quoc Lan,phong5522@hotmail.com,0929330733,2001
FAN05523,Dang Hai Lan,vy5523@fpt.edu.vn,0978868557,2000
FAN05524,Hoang Tuan Mai,lan5524@fpt.edu.vn,0945324224,1991
FAN05525,Phan Anh Nam,linh5525@gmail.com,0942020209,2000
FAN05526,Do Thi Phong,dung5526@gmail.com,0934637295,1994
FAN05527,Vu Anh Phong,mai5527@gmail.com,0943877579,2007
FAN05528,Dang Van Nam,lan5528@hotmail.com,0985743010,2004
FAN05529,Pham Thi Linh,vy5529@gmail.com,0910350195,1988
FAN05530,Pham Anh Vy,dung5530@hotmail.com,0991483733,1987
FAN05531,Nguyen Quoc Quan,vy5531@hotmail.com,0948577798,2007
FAN05532,Bui Thi Dung,linh5532@gmail.com,0969904973,1989
FAN05533,Nguyen Minh Bach,lan5533@fpt.edu.vn,0994681989,2006
FAN05534,Phan Xuan Quan,hung5534@yahoo.com,0948404163,1996
FAN05535,Nguyen Anh Vy,bach5535@hotmail.com,0934918401,1986
FAN05536,Dang Gia Dung,lan5536@fpt.edu.vn,0947288907,1992
FAN05537,Pham Hai Linh,hung5537@hotmail.com,0923605372,2002
FAN05538,Do Thi Phong,linh5538@yahoo.com,0942550324,1988
FAN05539,Do Anh Linh,lan5539@gmail.com,0971463766,1986
FAN05540,Phan Gia Dung,hung5540@gmail.com,0967176447,2005
FAN05541,Hoang Thi Vy,phong5541@gmail.com,0940312186,2007
FAN05542,Pham Minh Hung,lan5542@yahoo.com,0973372132,2001
FAN05543,Vu Anh Hung,dung5543@hotmail.com,0934013821,2008
FAN05544,Tran Thi Linh,linh5544@yahoo.com,0946064199,2007
FAN05545,Bui Gia Nam,bach5545@hotmail.com,0946515058,1985
FAN05546,Do Gia Hung,linh5546@gmail.com,0955917567,1990
FAN05547,Hoang Thi Hung,phong5547@gmail.com,0944059870,1999
FAN05548,Hoang Duc Dung,hung5548@fpt.edu.vn,0955584865,1985
FAN05549,Do Minh Hung,quan5549@fpt.edu.vn,0916633044,1999
FAN05550,Phan Minh Linh,linh5550@fpt.edu.vn,0928206079,1985
FAN05551,Nguyen Xuan Hung,hung5551@yahoo.com,0961496625,1998
FAN05552,Bui Van Lan,linh5552@hotmail.com,0995865527,1997
FAN05553,Hoang Duc Bach,dung5553@fpt.edu.vn,0966981394,1989
FAN05554,Dang Hai Quan,dung5554@yahoo.com,0980035492,1993
FAN05555,Hoang Quoc Mai,linh5555@fpt.edu.vn,0961002236,2002
FAN05556,Bui Quoc Mai,bach5556@gmail.com,0920765291,1990
FAN05557,Tran Duc Nam,linh5557@fpt.edu.vn,0959517398,1990
FAN05558,Nguyen Duc Linh,nam5558@fpt.edu.vn,0916924062,1992
FAN05559,Le Duc Lan,quan5559@hotmail.com,0947506884,2008
FAN05560,Bui Tuan Quan,bach5560@fpt.edu.vn,0947412452,2000
FAN05561,Vu Gia Mai,quan5561@yahoo.com,0966293295,1994
FAN05562,Tran Duc Dung,lan5562@hotmail.com,0968058207,1999
FAN05563,Vu Hai Mai,phong5563@yahoo.com,0980401217,2003
FAN05564,Do Van Lan,phong5564@hotmail.com,0918089531,1993
FAN05565,Pham Tuan Vy,bach5565@hotmail.com,0934786565,1985
FAN05566,Dang Quoc Hung,nam5566@fpt.edu.vn,0979966985,2006
FAN05567,Pham Quoc Lan,quan5567@fpt.edu.vn,0946079020,2005
FAN05568,Phan Hai Mai,quan5568@yahoo.com,0925732038,2001
FAN05569,Le Duc Lan,phong5569@gmail.com,0958859205,1995
FAN05570,Le Quoc Dung,dung5570@hotmail.com,0937166910,2008
FAN05571,Pham Xuan Linh,lan5571@hotmail.com,0960089849,1990
FAN05572,Do Van Quan,hung5572@fpt.edu.vn,0993480399,2000
FAN05573,Le Hai Vy,lan5573@fpt.edu.vn,0940546166,1993
FAN05574,Nguyen Van Bach,phong5574@hotmail.com,0919437950,1996
FAN05575,Nguyen Xuan Dung,mai5575@gmail.com,0982798527,1989
FAN05576,Nguyen Gia Dung,mai5576@gmail.com,0954289479,1993
FAN05577,Vu Hai Nam,lan5577@yahoo.com,0967654433,2004
FAN05578,Phan Tuan Phong,quan5578@hotmail.com,0974400276,1995
FAN05579,Do Quoc Nam,bach5579@hotmail.com,0915681304,1987
FAN05580,Bui Hai Mai,vy5580@fpt.edu.vn,0937317905,2000
FAN05581,Vu Anh Linh,bach5581@fpt.edu.vn,0953171886,2001
FAN05582,Dang Anh Phong,lan5582@fpt.edu.vn,0991000004,1994
FAN05583,Nguyen Xuan Linh,hung5583@gmail.com,0982592552,1991
FAN05584,Vu Minh Linh,phong5584@hotmail.com,0936512210,1994
FAN05585,Phan Anh Bach,linh5585@yahoo.com,0969956049,2000
FAN05586,Do Xuan Phong,vy5586@yahoo.com,0942392318,2006
FAN05587,Dang Minh Quan,dung5587@hotmail.com,0963178455,2003
FAN05588,Dang Gia Dung,nam5588@fpt.edu.vn,0943240142,1999
FAN05589,Nguyen Tuan Mai,dung5589@hotmail.com,0913339483,1997
FAN05590,Tran Gia Lan,hung5590@gmail.com,0981468340,2003
FAN05591,Le Duc Lan,linh5591@fpt.edu.vn,0972153605,2002
FAN05592,Tran Thi Linh,mai5592@fpt.edu.vn,0919558730,2007
FAN05593,Le Anh Vy,mai5593@gmail.com,0979153339,1985
FAN05594,Bui Van Nam,quan5594@gmail.com,0993367046,2005
FAN05595,Do Van Phong,hung5595@hotmail.com,0937931376,2008
FAN05596,Vu Quoc Nam,lan5596@fpt.edu.vn,0975838407,1993
FAN05597,Le Thi Phong,lan5597@yahoo.com,0987601296,2003
FAN05598,Phan Tuan Lan,dung5598@fpt.edu.vn,0916810450,1987
FAN05599,Bui Van Lan,dung5599@gmail.com,0981545389,2006
FAN05600,Tran Anh Phong,nam5600@yahoo.com,0997940444,1991
FAN05601,Vu Anh Hung,dung5601@fpt.edu.vn,0943714206,1989
FAN05602,Phan Xuan Vy,mai5602@hotmail.com,0932429647,2000
FAN05603,Dang Hai Quan,mai5603@fpt.edu.vn,0955442720,1994
FAN05604,Nguyen Quoc Vy,lan5604@hotmail.com,0966120545,1992
FAN05605,Hoang Hai Nam,phong5605@fpt.edu.vn,0952763423,1987
FAN05606,Hoang Quoc Vy,lan5606@fpt.edu.vn,0954217525,2001
FAN05607,Phan Anh Mai,nam5607@hotmail.com,0997608622,1988
FAN05608,Le Hai Linh,linh5608@gmail.com,0923357683,2003
FAN05609,Do Anh Linh,hung5609@fpt.edu.vn,0945553160,2005
FAN05610,Nguyen Minh Phong,bach5610@fpt.edu.vn,0973697861,1986
FAN05611,Vu Hai Hung,vy5611@hotmail.com,0985518418,2006
FAN05612,Bui Hai Bach,nam5612@gmail.com,0985305912,1987
FAN05613,Hoang Hai Lan,linh5613@yahoo.com,0919691286,2002
FAN05614,Le Duc Mai,vy5614@yahoo.com,0995476722,1993
FAN05615,Phan Duc Lan,dung5615@gmail.com,0967364778,1993
FAN05616,Hoang Quoc Vy,dung5616@fpt.edu.vn,0933474378,1997
FAN05617,Pham Anh Bach,dung5617@yahoo.com,0964031248,1995
FAN05618,Dang Gia Phong,lan5618@hotmail.com,0936765842,2005
FAN05619,Tran Minh Nam,hung5619@gmail.com,0922290950,1988
FAN05620,Dang Thi Nam,vy5620@fpt.edu.vn,0929484094,2004
FAN05621,Le Tuan Quan,dung5621@yahoo.com,0969102170,2000
FAN05622,Phan Xuan Vy,vy5622@fpt.edu.vn,0951412889,1989
FAN05623,Le Anh Dung,lan5623@yahoo.com,0965248383,1999
FAN05624,Phan Quoc Bach,linh5624@yahoo.com,0924476757,1997
FAN05625,Pham Tuan Bach,dung5625@hotmail.com,0917001605,1988
FAN05626,Le Tuan Vy,nam5626@gmail.com,0915021568,2007
FAN05627,Hoang Quoc Linh,bach5627@hotmail.com,0959213348,1998
FAN05628,Pham Thi Mai,phong5628@gmail.com,0990668299,1987
FAN05629,Pham Minh Mai,quan5629@hotmail.com,0932960386,1986
FAN05630,Dang Minh Nam,hung5630@fpt.edu.vn,0945047196,2003
FAN05631,Dang Quoc Nam,linh5631@fpt.edu.vn,0940506992,2005
FAN05632,Tran Thi Linh,dung5632@yahoo.com,0955561327,1987
FAN05633,Bui Thi Dung,bach5633@fpt.edu.vn,0967728770,2002
FAN05634,Do Xuan Dung,vy5634@fpt.edu.vn,0928159910,2008
FAN05635,Hoang Anh Dung,mai5635@fpt.edu.vn,0933003378,1988
FAN05636,Vu Tuan Linh,dung5636@hotmail.com,0916785771,2007
FAN05637,Nguyen Xuan Lan,dung5637@gmail.com,0912027276,1987
FAN05638,Do Anh Vy,mai5638@hotmail.com,0996987737,1993
FAN05639,Le Anh Vy,bach5639@fpt.edu.vn,0973232007,1988
FAN05640,Hoang Minh Phong,nam5640@fpt.edu.vn,0916953083,2005
FAN05641,Do Quoc Linh,quan5641@gmail.com,0985426674,2001
FAN05642,Vu Gia Hung,dung5642@gmail.com,0912946826,1999
FAN05643,Pham Tuan Bach,bach5643@fpt.edu.vn,0946201750,2003
FAN05644,Tran Minh Nam,phong5644@fpt.edu.vn,0985120465,2004
FAN05645,Bui Minh Vy,quan5645@yahoo.com,0981710406,1999
FAN05646,Do Hai Quan,mai5646@yahoo.com,0993871147,1992
FAN05647,Do Xuan Hung,phong5647@gmail.com,0927903388,1987
FAN05648,Tran Duc Bach,lan5648@yahoo.com,0947109885,1989
FAN05649,Do Xuan Vy,dung5649@gmail.com,0985690441,2005
FAN05650,Hoang Duc Dung,lan5650@hotmail.com,0972071485,1990
FAN05651,Nguyen Quoc Lan,hung5651@hotmail.com,0998763891,1990
FAN05652,Phan Thi Linh,nam5652@hotmail.com,0946104468,2007
FAN05653,Vu Anh Quan,vy5653@yahoo.com,0945589632,2008
FAN05654,Hoang Hai Lan,quan5654@fpt.edu.vn,0978003585,2002
FAN05655,Do Hai Phong,mai5655@yahoo.com,0941090354,1994
FAN05656,Le Minh Phong,mai5656@yahoo.com,0918286109,1993
FAN05657,Tran Tuan Vy,vy5657@gmail.com,0911516169,1996
FAN05658,Le Duc Bach,hung5658@hotmail.com,0938410345,2006
FAN05659,Do Duc Linh,bach5659@yahoo.com,0984180665,2002
FAN05660,Vu Gia Nam,phong5660@fpt.edu.vn,0977114654,2007
FAN05661,Dang Duc Lan,bach5661@gmail.com,0924824453,2006
FAN05662,Hoang Gia Dung,mai5662@fpt.edu.vn,0930222564,2004
FAN05663,Pham Minh Bach,hung5663@gmail.com,0997040647,2000
FAN05664,Le Thi Mai,linh5664@fpt.edu.vn,0914215853,2006
FAN05665,Pham Thi Mai,bach5665@gmail.com,0963619444,2000
FAN05666,Pham Duc Mai,phong5666@gmail.com,0984714215,1986
FAN05667,Hoang Duc Vy,linh5667@hotmail.com,0926636392,2001
FAN05668,Vu Hai Lan,hung5668@yahoo.com,0955282052,2002
FAN05669,Tran Xuan Lan,lan5669@yahoo.com,0963284987,2006
FAN05670,Bui Gia Hung,vy5670@hotmail.com,0982247437,1993
FAN05671,Nguyen Hai Quan,hung5671@fpt.edu.vn,0979736991,1997
FAN05672,Hoang Minh Mai,nam5672@yahoo.com,0942254557,1991
FAN05673,Phan Gia Quan,quan5673@fpt.edu.vn,0948443145,1993
FAN05674,Pham Thi Nam,dung5674@gmail.com,0987381751,1995
FAN05675,Bui Xuan Quan,quan5675@fpt.edu.vn,0960425333,1997
FAN05676,Vu Duc Dung,mai5676@fpt.edu.vn,0973189433,2000
FAN05677,Le Quoc Vy,lan5677@yahoo.com,0995988683,1992
FAN05678,Dang Minh Nam,hung5678@fpt.edu.vn,0954035797,2007
FAN05679,Phan Xuan Quan,linh5679@yahoo.com,0970049156,1997
FAN05680,Do Thi Bach,lan5680@yahoo.com,0989328598,2004
FAN05681,Phan Duc Lan,vy5681@gmail.com,0989614846,2001
FAN05682,Bui Anh Linh,bach5682@fpt.edu.vn,0979891770,2008
FAN05683,Phan Duc Phong,phong5683@gmail.com,0990811280,1990
FAN05684,Le Anh Hung,quan5684@yahoo.com,0966301659,1986
FAN05685,Hoang Thi Nam,nam5685@yahoo.com,0915769823,1986
FAN05686,Hoang Anh Phong,linh5686@yahoo.com,0985872954,1990
FAN05687,Phan Anh Quan,mai5687@yahoo.com,0931179939,2001
FAN05688,Vu Minh Vy,vy5688@hotmail.com,0981771781,1995
FAN05689,Pham Duc Bach,nam5689@hotmail.com,0921850833,1991
FAN05690,Phan Minh Bach,quan5690@fpt.edu.vn,0946891954,2005
FAN05691,Tran Duc Quan,linh5691@hotmail.com,0924465697,1988
FAN05692,Bui Thi Phong,quan5692@fpt.edu.vn,0925051530,1995
FAN05693,Pham Duc Nam,dung5693@hotmail.com,0942325073,2004
FAN05694,Do Tuan Lan,bach5694@yahoo.com,0952712859,1997
FAN05695,Dang Quoc Vy,nam5695@gmail.com,0937309623,2008
FAN05696,Dang Thi Nam,dung5696@fpt.edu.vn,0985890259,2007
FAN05697,Nguyen Tuan Mai,nam5697@fpt.edu.vn,0929281443,1992
FAN05698,Pham Gia Vy,vy5698@fpt.edu.vn,0915802492,1994
FAN05699,Nguyen Quoc Dung,hung5699@yahoo.com,0991009430,2008
FAN05700,Bui Minh Dung,linh5700@fpt.edu.vn,0974770948,2006
FAN05701,Vu Xuan Phong,quan5701@hotmail.com,0943921961,2007
FAN05702,Dang Xuan Mai,bach5702@fpt.edu.vn,0913228619,1997
FAN05703,Pham Hai Quan,quan5703@gmail.com,0965116506,2005
FAN05704,Hoang Van Nam,dung5704@hotmail.com,0938923931,1998
FAN05705,Phan Xuan Hung,nam5705@gmail.com,0973705692,2004
FAN05706,Tran Hai Nam,lan5706@hotmail.com,0918592043,2001
FAN05707,Do Tuan Dung,nam5707@fpt.edu.vn,0972673757,2007
FAN05708,Dang Xuan Lan,bach5708@fpt.edu.vn,0920457968,1992
FAN05709,Tran Anh Linh,dung5709@gmail.com,0986230623,1988
FAN05710,Nguyen Tuan Phong,quan5710@yahoo.com,0945840156,1990
FAN05711,Dang Hai Hung,lan5711@hotmail.com,0989662039,2002
FAN05712,Dang Van Lan,hung5712@hotmail.com,0981028573,2005
FAN05713,Le Tuan Bach,mai5713@hotmail.com,0965597014,1995
FAN05714,Vu Duc Dung,lan5714@yahoo.com,0922106641,1997
FAN05715,Phan Anh Mai,quan5715@yahoo.com,0916517366,2004
FAN05716,Phan Tuan Vy,phong5716@hotmail.com,0923673736,1992
FAN05717,Bui Gia Linh,hung5717@yahoo.com,0915876224,1995
FAN05718,Pham Anh Mai,vy5718@gmail.com,0926815410,2008
FAN05719,Tran Van Nam,bach5719@hotmail.com,0911530315,1992
FAN05720,Le Duc Vy,bach5720@gmail.com,0917135918,1995
FAN05721,Vu Minh Phong,quan5721@gmail.com,0930999102,1985
FAN05722,Do Tuan Mai,mai5722@yahoo.com,0918806775,1999
FAN05723,Hoang Van Quan,phong5723@fpt.edu.vn,0955940373,1998
FAN05724,Tran Quoc Linh,mai5724@yahoo.com,0933466601,1999
FAN05725,Tran Hai Nam,vy5725@hotmail.com,0925400096,1987
FAN05726,Pham Van Lan,mai5726@yahoo.com,0929746803,2004
FAN05727,Phan Xuan Lan,linh5727@gmail.com,0993312375,1988
FAN05728,Tran Hai Phong,dung5728@yahoo.com,0956370492,1986
FAN05729,Do Xuan Dung,linh5729@gmail.com,0958552390,1998
FAN05730,Dang Xuan Phong,dung5730@fpt.edu.vn,0942800896,1996
FAN05731,Do Minh Linh,lan5731@hotmail.com,0973012940,2007
FAN05732,Pham Thi Hung,hung5732@hotmail.com,0953663460,2008
FAN05733,Nguyen Anh Nam,bach5733@gmail.com,0931238988,2001
FAN05734,Nguyen Xuan Bach,phong5734@fpt.edu.vn,0969239568,1991
FAN05735,Vu Minh Quan,dung5735@fpt.edu.vn,0922229754,2005
FAN05736,Do Anh Dung,phong5736@gmail.com,0966756877,2005
FAN05737,Vu Duc Hung,quan5737@hotmail.com,0921599333,2006
FAN05738,Pham Anh Quan,linh5738@fpt.edu.vn,0934524692,2006
FAN05739,Dang Duc Mai,phong5739@gmail.com,0921469533,1992
FAN05740,Tran Xuan Hung,quan5740@yahoo.com,0946864439,1994
FAN05741,Nguyen Duc Mai,linh5741@yahoo.com,0982349155,1988
FAN05742,Dang Gia Mai,linh5742@yahoo.com,0969581522,2005
FAN05743,Nguyen Duc Nam,linh5743@yahoo.com,0997139448,1988
FAN05744,Nguyen Thi Nam,bach5744@yahoo.com,0984974122,1985
FAN05745,Nguyen Gia Bach,hung5745@fpt.edu.vn,0965330586,1985
FAN05746,Vu Hai Linh,hung5746@hotmail.com,0924653666,2007
FAN05747,Pham Quoc Dung,hung5747@hotmail.com,0993392996,2005
FAN05748,Nguyen Minh Vy,hung5748@yahoo.com,0945726433,1986
FAN05749,Tran Xuan Phong,dung5749@hotmail.com,0979108025,2004
FAN05750,Tran Xuan Nam,quan5750@fpt.edu.vn,0986629502,1997
FAN05751,Phan Van Quan,mai5751@fpt.edu.vn,0982842530,2003
FAN05752,Phan Minh Phong,lan5752@fpt.edu.vn,0962011998,2004
FAN05753,Dang Minh Dung,hung5753@fpt.edu.vn,0998578542,1996
FAN05754,Hoang Anh Quan,lan5754@hotmail.com,0973523012,1991
FAN05755,Hoang Hai Hung,nam5755@gmail.com,0917948393,1992
FAN05756,Le Xuan Mai,nam5756@yahoo.com,0940293903,1991
FAN05757,Phan Hai Dung,bach5757@fpt.edu.vn,0967823947,2002
FAN05758,Dang Anh Phong,hung5758@yahoo.com,0952252727,2001
FAN05759,Tran Hai Phong,mai5759@hotmail.com,0950871871,2005
FAN05760,Phan Gia Linh,linh5760@gmail.com,0917650925,1993
FAN05761,Hoang Xuan Linh,bach5761@hotmail.com,0985822064,2005
FAN05762,Le Minh Phong,phong5762@hotmail.com,0936305506,1989
FAN05763,Do Van Vy,bach5763@fpt.edu.vn,0961584782,2004
FAN05764,Nguyen Thi Lan,phong5764@gmail.com,0968636619,1985
FAN05765,Phan Hai Nam,phong5765@fpt.edu.vn,0946330394,1997
FAN05766,Phan Hai Vy,vy5766@fpt.edu.vn,0970874802,2003
FAN05767,Dang Gia Linh,bach5767@hotmail.com,0986673614,1991
FAN05768,Hoang Xuan Lan,hung5768@fpt.edu.vn,0979066467,1989
FAN05769,Hoang Xuan Hung,nam5769@yahoo.com,0948704689,2003
FAN05770,Pham Hai Hung,lan5770@yahoo.com,0982284037,1985
FAN05771,Do Quoc Nam,dung5771@fpt.edu.vn,0941649036,1997
FAN05772,Dang Anh Linh,linh5772@yahoo.com,0956970563,1994
FAN05773,Bui Xuan Mai,hung5773@fpt.edu.vn,0912537052,2004
FAN05774,Nguyen Van Nam,bach5774@gmail.com,0933192656,1993
FAN05775,Tran Minh Vy,hung5775@hotmail.com,0984943104,2005
FAN05776,Do Hai Linh,vy5776@yahoo.com,0926460622,1997
FAN05777,Do Tuan Bach,lan5777@yahoo.com,0943138458,1985
FAN05778,Dang Hai Lan,quan5778@hotmail.com,0978052875,1989
FAN05779,Le Gia Hung,quan5779@hotmail.com,0931526371,1985
FAN05780,Hoang Anh Mai,quan5780@yahoo.com,0928822062,1988
FAN05781,Hoang Xuan Nam,hung5781@fpt.edu.vn,0989330710,2002
FAN05782,Bui Anh Phong,lan5782@gmail.com,0913218617,2006
FAN05783,Dang Gia Quan,vy5783@fpt.edu.vn,0934120429,1986
FAN05784,Pham Minh Dung,nam5784@yahoo.com,0958382046,2005
FAN05785,Phan Hai Dung,bach5785@yahoo.com,0927079743,1987
FAN05786,Vu Tuan Lan,quan5786@yahoo.com,0999367759,1989
FAN05787,Phan Van Mai,lan5787@hotmail.com,0913396244,2000
FAN05788,Le Tuan Dung,vy5788@gmail.com,0989071951,2001
FAN05789,Hoang Quoc Bach,bach5789@fpt.edu.vn,0990309326,1991
FAN05790,Do Gia Lan,vy5790@gmail.com,0932350048,1995
FAN05791,Vu Minh Quan,lan5791@yahoo.com,0969470794,1997
FAN05792,Le Xuan Quan,phong5792@hotmail.com,0980347833,1987
FAN05793,Dang Duc Lan,nam5793@hotmail.com,0925590277,1997
FAN05794,Phan Gia Quan,mai5794@hotmail.com,0946526236,2008
FAN05795,Dang Gia Mai,lan5795@fpt.edu.vn,0932823542,1993
FAN05796,Do Xuan Dung,nam5796@hotmail.com,0935782926,1986
FAN05797,Tran Duc Mai,vy5797@fpt.edu.vn,0966066406,1992
FAN05798,Vu Duc Linh,quan5798@hotmail.com,0942247709,2003
FAN05799,Nguyen Hai Linh,nam5799@hotmail.com,0956334622,2003
FAN05800,Le Anh Mai,mai5800@fpt.edu.vn,0943776961,2008
FAN05801,Tran Xuan Hung,bach5801@yahoo.com,0971328234,1985
FAN05802,Pham Van Phong,hung5802@gmail.com,0915386665,1997
FAN05803,Tran Thi Lan,vy5803@hotmail.com,0922713547,1997
FAN05804,Do Tuan Vy,dung5804@fpt.edu.vn,0978222696,1998
FAN05805,Hoang Tuan Lan,hung5805@gmail.com,0971542215,1989
FAN05806,Le Minh Mai,dung5806@hotmail.com,0960732729,2001
FAN05807,Dang Duc Lan,mai5807@yahoo.com,0982971600,1988
FAN05808,Le Gia Mai,dung5808@hotmail.com,0949766757,1995
FAN05809,Vu Xuan Nam,lan5809@hotmail.com,0977832956,1990
FAN05810,Le Quoc Nam,bach5810@fpt.edu.vn,0920004345,1985
FAN05811,Dang Thi Nam,lan5811@gmail.com,0972750288,2005
FAN05812,Tran Gia Dung,phong5812@yahoo.com,0918315849,2007
FAN05813,Do Duc Dung,vy5813@gmail.com,0978896292,1993
FAN05814,Dang Gia Quan,lan5814@gmail.com,0978343104,1985
FAN05815,Pham Hai Mai,hung5815@fpt.edu.vn,0982952450,1990
FAN05816,Phan Tuan Phong,mai5816@yahoo.com,0968528256,1995
FAN05817,Bui Gia Bach,quan5817@fpt.edu.vn,0930436363,1988
FAN05818,Do Van Dung,dung5818@hotmail.com,0931604655,2000
FAN05819,Hoang Tuan Bach,bach5819@fpt.edu.vn,0941135449,2008
FAN05820,Dang Quoc Hung,lan5820@hotmail.com,0986376324,1991
FAN05821,Le Gia Lan,vy5821@gmail.com,0983101421,1995
FAN05822,Dang Duc Nam,mai5822@gmail.com,0948288407,2003
FAN05823,Tran Hai Quan,hung5823@fpt.edu.vn,0933702752,1995
FAN05824,Dang Hai Phong,hung5824@hotmail.com,0943924369,1987
FAN05825,Nguyen Duc Phong,lan5825@hotmail.com,0929592861,1999
FAN05826,Bui Duc Vy,dung5826@yahoo.com,0978827511,2008
FAN05827,Phan Hai Nam,phong5827@yahoo.com,0944733862,2008
FAN05828,Do Xuan Linh,lan5828@yahoo.com,0974787205,1999
FAN05829,Do Xuan Phong,nam5829@yahoo.com,0914705202,1989
FAN05830,Phan Xuan Nam,bach5830@hotmail.com,0957851290,1999
FAN05831,Le Anh Lan,phong5831@hotmail.com,0910057992,2005
FAN05832,Do Tuan Phong,mai5832@yahoo.com,0950958992,2008
FAN05833,Le Duc Bach,nam5833@yahoo.com,0910267683,2005
FAN05834,Do Quoc Lan,phong5834@fpt.edu.vn,0976847522,2005
FAN05835,Pham Hai Lan,nam5835@gmail.com,0937793005,2005
FAN05836,Tran Hai Bach,vy5836@fpt.edu.vn,0960483466,1998
FAN05837,Dang Duc Quan,bach5837@gmail.com,0986108470,1998
FAN05838,Vu Anh Linh,mai5838@yahoo.com,0978587722,2001
FAN05839,Bui Quoc Lan,phong5839@hotmail.com,0927734347,2006
FAN05840,Nguyen Minh Mai,nam5840@yahoo.com,0951550165,1994
FAN05841,Le Minh Bach,bach5841@gmail.com,0971218640,1989
FAN05842,Hoang Duc Hung,dung5842@hotmail.com,0976955556,1989
FAN05843,Le Minh Lan,nam5843@yahoo.com,0994579487,1985
FAN05844,Hoang Hai Bach,vy5844@gmail.com,0981941203,1988
FAN05845,Phan Van Nam,bach5845@fpt.edu.vn,0998090418,2002
FAN05846,Tran Anh Nam,quan5846@gmail.com,0982994044,1995
FAN05847,Dang Minh Nam,vy5847@fpt.edu.vn,0933309200,1992
FAN05848,Do Gia Phong,linh5848@hotmail.com,0932638665,1985
FAN05849,Tran Quoc Mai,dung5849@hotmail.com,0988698662,2003
FAN05850,Tran Van Hung,quan5850@hotmail.com,0939591136,2006
FAN05851,Bui Thi Quan,linh5851@hotmail.com,0931509938,2002
FAN05852,Do Tuan Linh,linh5852@hotmail.com,0957556343,1988
FAN05853,Nguyen Van Linh,nam5853@fpt.edu.vn,0923095965,1997
FAN05854,Hoang Tuan Hung,mai5854@hotmail.com,0918626696,1994
FAN05855,Le Duc Linh,bach5855@yahoo.com,0991181036,1996
FAN05856,Vu Thi Bach,quan5856@fpt.edu.vn,0975529627,1995
FAN05857,Phan Xuan Nam,bach5857@hotmail.com,0983001095,1991
FAN05858,Pham Xuan Hung,bach5858@gmail.com,0945867736,1992
FAN05859,Pham Thi Vy,linh5859@hotmail.com,0936927182,1995
FAN05860,Dang Van Lan,lan5860@fpt.edu.vn,0968723071,2001
FAN05861,Le Duc Nam,mai5861@hotmail.com,0970185443,1985
FAN05862,Vu Tuan Nam,linh5862@gmail.com,0968371663,2004
FAN05863,Phan Quoc Vy,quan5863@gmail.com,0922853314,2000
FAN05864,Dang Gia Phong,hung5864@fpt.edu.vn,0976705503,1993
FAN05865,Le Thi Phong,quan5865@fpt.edu.vn,0942815796,2004
FAN05866,Bui Hai Lan,quan5866@gmail.com,0982117016,1990
FAN05867,Pham Van Hung,linh5867@hotmail.com,0961703441,2008
FAN05868,Le Xuan Lan,quan5868@hotmail.com,0911190391,2007
FAN05869,Vu Thi Nam,lan5869@hotmail.com,0929997435,1988
FAN05870,Hoang Quoc Quan,phong5870@gmail.com,0983323924,2002
FAN05871,Le Minh Lan,lan5871@fpt.edu.vn,0919454173,1996
FAN05872,Dang Quoc Bach,quan5872@gmail.com,0948396520,2007
FAN05873,Do Hai Lan,lan5873@hotmail.com,0945122515,1988
FAN05874,Dang Van Bach,nam5874@gmail.com,0985140530,1993
FAN05875,Pham Minh Mai,linh5875@hotmail.com,0935057164,2006
FAN05876,Pham Thi Bach,phong5876@yahoo.com,0924158209,2004
FAN05877,Le Thi Hung,quan5877@hotmail.com,0935039923,2006
FAN05878,Vu Hai Vy,dung5878@fpt.edu.vn,0925873286,2005
FAN05879,Do Tuan Linh,bach5879@gmail.com,0959110858,2007
FAN05880,Pham Van Nam,mai5880@gmail.com,0913507551,1993
FAN05881,Tran Thi Bach,phong5881@fpt.edu.vn,0991475487,1995
FAN05882,Bui Van Quan,phong5882@yahoo.com,0965614139,1999
FAN05883,Hoang Xuan Linh,quan5883@gmail.com,0937744582,2006
FAN05884,Hoang Thi Quan,quan5884@fpt.edu.vn,0927484823,1986
FAN05885,Tran Tuan Hung,linh5885@fpt.edu.vn,0914275486,2007
FAN05886,Tran Tuan Lan,nam5886@gmail.com,0915436746,1990
FAN05887,Bui Hai Quan,mai5887@gmail.com,0968833244,1988
FAN05888,Pham Duc Quan,vy5888@yahoo.com,0954676527,2001
FAN05889,Nguyen Thi Bach,nam5889@gmail.com,0966061009,2007
FAN05890,Vu Tuan Linh,lan5890@gmail.com,0960202542,2005
FAN05891,Do Anh Vy,hung5891@yahoo.com,0914338815,2000
FAN05892,Vu Thi Phong,quan5892@gmail.com,0921401479,2000
FAN05893,Vu Hai Nam,quan5893@yahoo.com,0911794779,1993
FAN05894,Hoang Gia Mai,vy5894@hotmail.com,0976816875,1985
FAN05895,Tran Thi Phong,nam5895@gmail.com,0995611677,2005
FAN05896,Bui Gia Dung,phong5896@hotmail.com,0970186506,2002
FAN05897,Nguyen Van Mai,mai5897@hotmail.com,0930016920,2001
FAN05898,Nguyen Duc Quan,phong5898@fpt.edu.vn,0945794934,2007
FAN05899,Nguyen Xuan Nam,hung5899@hotmail.com,0933059982,1990
FAN05900,Le Duc Quan,lan5900@fpt.edu.vn,0928381300,1995
FAN05901,Le Quoc Linh,phong5901@yahoo.com,0951729527,2005
FAN05902,Do Van Vy,quan5902@gmail.com,0919744431,1992
FAN05903,Dang Duc Lan,vy5903@fpt.edu.vn,0916978652,1987
FAN05904,Tran Gia Bach,bach5904@fpt.edu.vn,0924563687,2003
FAN05905,Nguyen Tuan Dung,bach5905@fpt.edu.vn,0987426370,2006
FAN05906,Tran Duc Hung,vy5906@hotmail.com,0943261361,1997
FAN05907,Hoang Hai Phong,hung5907@fpt.edu.vn,0939205382,2008
FAN05908,Le Xuan Vy,dung5908@fpt.edu.vn,0949638321,1987
FAN05909,Dang Anh Dung,lan5909@fpt.edu.vn,0949861491,1992
FAN05910,Do Gia Dung,hung5910@gmail.com,0951889726,1986
FAN05911,Hoang Van Bach,linh5911@yahoo.com,0923066708,1986
FAN05912,Tran Thi Nam,vy5912@hotmail.com,0932091710,1993
FAN05913,Vu Xuan Hung,dung5913@yahoo.com,0918238580,1991
FAN05914,Do Anh Mai,phong5914@yahoo.com,0950578326,1987
FAN05915,Le Van Linh,nam5915@gmail.com,0922947618,1991
FAN05916,Le Gia Nam,lan5916@fpt.edu.vn,0943692432,1989
FAN05917,Nguyen Van Bach,phong5917@yahoo.com,0993854397,1997
FAN05918,Do Minh Hung,quan5918@yahoo.com,0973095651,1995
FAN05919,Pham Duc Vy,dung5919@yahoo.com,0950374548,2008
FAN05920,Nguyen Duc Vy,phong5920@hotmail.com,0959061344,1996
FAN05921,Nguyen Minh Phong,linh5921@gmail.com,0973309606,2008
FAN05922,Vu Van Dung,nam5922@fpt.edu.vn,0929646541,1987
FAN05923,Hoang Duc Phong,quan5923@fpt.edu.vn,0988671380,1987
FAN05924,Phan Xuan Dung,nam5924@gmail.com,0950540702,2003
FAN05925,Le Gia Quan,linh5925@hotmail.com,0915413955,1986
FAN05926,Vu Minh Phong,nam5926@hotmail.com,0928167636,1996
FAN05927,Pham Thi Lan,dung5927@yahoo.com,0920447957,2003
FAN05928,Do Quoc Nam,mai5928@yahoo.com,0973027022,2002
FAN05929,Bui Thi Lan,vy5929@gmail.com,0960641447,2003
FAN05930,Nguyen Duc Phong,nam5930@hotmail.com,0991500039,2007
FAN05931,Le Van Vy,vy5931@gmail.com,0984169114,1993
FAN05932,Vu Tuan Nam,nam5932@hotmail.com,0991044678,2002
FAN05933,Hoang Thi Hung,linh5933@fpt.edu.vn,0984181642,1998
FAN05934,Nguyen Gia Bach,quan5934@gmail.com,0961816850,2008
FAN05935,Vu Quoc Quan,mai5935@yahoo.com,0915501904,1997
FAN05936,Vu Hai Bach,phong5936@fpt.edu.vn,0990146080,1985
FAN05937,Vu Hai Lan,linh5937@hotmail.com,0940184493,2001
FAN05938,Pham Quoc Mai,phong5938@hotmail.com,0987343883,2004
FAN05939,Bui Van Quan,quan5939@fpt.edu.vn,0994555792,2004
FAN05940,Pham Quoc Dung,hung5940@gmail.com,0922414783,1999
FAN05941,Tran Minh Phong,hung5941@fpt.edu.vn,0960678005,2007
FAN05942,Nguyen Tuan Lan,vy5942@fpt.edu.vn,0954792602,2007
FAN05943,Dang Hai Nam,vy5943@yahoo.com,0995232427,1985
FAN05944,Hoang Duc Mai,bach5944@fpt.edu.vn,0947800155,2007
FAN05945,Tran Hai Dung,nam5945@yahoo.com,0954213036,1997
FAN05946,Le Thi Bach,hung5946@yahoo.com,0948660210,1994
FAN05947,Le Quoc Dung,linh5947@hotmail.com,0944867640,1989
FAN05948,Bui Gia Lan,linh5948@fpt.edu.vn,0997965688,1987
FAN05949,Pham Thi Linh,phong5949@gmail.com,0995460209,2003
FAN05950,Nguyen Gia Hung,hung5950@fpt.edu.vn,0914573982,1985
FAN05951,Phan Van Hung,lan5951@fpt.edu.vn,0992879858,1993
FAN05952,Pham Anh Dung,mai5952@yahoo.com,0934911607,1995
FAN05953,Phan Tuan Hung,quan5953@hotmail.com,0916253212,2003
FAN05954,Hoang Van Bach,nam5954@hotmail.com,0951711565,2000
FAN05955,Do Minh Quan,nam5955@hotmail.com,0995997124,2001
FAN05956,Pham Gia Mai,hung5956@yahoo.com,0939779716,1997
FAN05957,Tran Xuan Lan,phong5957@gmail.com,0989325582,1988
FAN05958,Dang Hai Quan,nam5958@yahoo.com,0995929445,1988
FAN05959,Vu Minh Bach,nam5959@yahoo.com,0937930932,2001
FAN05960,Le Duc Mai,hung5960@yahoo.com,0965638453,1992
FAN05961,Do Minh Nam,quan5961@hotmail.com,0986653534,1991
FAN05962,Pham Xuan Bach,mai5962@hotmail.com,0990489006,1990
FAN05963,Phan Gia Vy,linh5963@gmail.com,0925740308,1993
FAN05964,Nguyen Tuan Mai,vy5964@fpt.edu.vn,0978760521,2005
FAN05965,Nguyen Xuan Linh,dung5965@yahoo.com,0926058794,1999
FAN05966,Hoang Tuan Bach,dung5966@hotmail.com,0979544395,1997
FAN05967,Do Xuan Quan,hung5967@gmail.com,0973708485,1987
FAN05968,Do Duc Quan,dung5968@fpt.edu.vn,0936754581,1989
FAN05969,Vu Xuan Vy,linh5969@fpt.edu.vn,0965339987,2006
FAN05970,Hoang Xuan Dung,lan5970@fpt.edu.vn,0994598095,1986
FAN05971,Hoang Duc Mai,lan5971@hotmail.com,0966437359,2003
FAN05972,Hoang Duc Linh,hung5972@yahoo.com,0979149717,2002
FAN05973,Dang Hai Vy,hung5973@gmail.com,0923318406,1993
FAN05974,Hoang Tuan Quan,lan5974@yahoo.com,0943198832,2002
FAN05975,Tran Xuan Mai,linh5975@fpt.edu.vn,0958008156,1985
FAN05976,Bui Duc Vy,hung5976@gmail.com,0993240308,2001
FAN05977,Phan Gia Bach,nam5977@hotmail.com,0991916419,1986
FAN05978,Do Anh Phong,bach5978@fpt.edu.vn,0929866097,1990
FAN05979,Bui Hai Nam,hung5979@fpt.edu.vn,0973305730,2002
FAN05980,Le Quoc Mai,linh5980@yahoo.com,0997528604,1995
FAN05981,Le Tuan Mai,nam5981@yahoo.com,0939639995,1993
FAN05982,Dang Minh Phong,phong5982@fpt.edu.vn,0995218884,1986
FAN05983,Pham Van Lan,hung5983@gmail.com,0956701452,1997
FAN05984,Bui Van Lan,vy5984@hotmail.com,0937556896,1993
FAN05985,Dang Thi Linh,nam5985@hotmail.com,0949408309,1994
FAN05986,Do Thi Lan,vy5986@hotmail.com,0914251836,1994
FAN05987,Nguyen Quoc Dung,vy5987@gmail.com,0947918136,1999
FAN05988,Tran Tuan Vy,quan5988@gmail.com,0958157191,1997
FAN05989,Pham Duc Nam,lan5989@hotmail.com,0946623691,1985
FAN05990,Vu Van Nam,mai5990@fpt.edu.vn,0981698024,1989
FAN05991,Le Thi Linh,dung5991@fpt.edu.vn,0931666303,1988
FAN05992,Do Anh Hung,phong5992@gmail.com,0964347499,1999
FAN05993,Phan Xuan Lan,phong5993@fpt.edu.vn,0968177505,1999
FAN05994,Pham Duc Bach,hung5994@gmail.com,0912520719,1993
FAN05995,Dang Tuan Bach,nam5995@gmail.com,0962955628,2006
FAN05996,Do Quoc Linh,quan5996@fpt.edu.vn,0982169010,1988
FAN05997,Dang Quoc Linh,nam5997@fpt.edu.vn,0966975590,1999
FAN05998,Do Tuan Quan,vy5998@gmail.com,0994317142,1994
FAN05999,Pham Quoc Linh,mai5999@fpt.edu.vn,0942929377,1991
FAN06000,Pham Anh Nam,dung6000@yahoo.com,0913198661,2004
FAN06001,Tran Duc Nam,vy6001@fpt.edu.vn,0960120865,2003
FAN06002,Bui Tuan Dung,dung6002@hotmail.com,0917313818,1985
FAN06003,Nguyen Minh Linh,phong6003@hotmail.com,0923303066,2006
FAN06004,Bui Tuan Mai,hung6004@hotmail.com,0959655806,2005
FAN06005,Bui Duc Quan,phong6005@yahoo.com,0979437791,1997
FAN06006,Phan Thi Phong,vy6006@hotmail.com,0926264850,2008
FAN06007,Do Hai Phong,dung6007@hotmail.com,0923256901,1999
FAN06008,Le Van Dung,mai6008@hotmail.com,0941708553,1986
FAN06009,Bui Van Linh,dung6009@yahoo.com,0923781917,1992
FAN06010,Nguyen Xuan Nam,quan6010@yahoo.com,0964385466,2004
FAN06011,Vu Minh Hung,dung6011@yahoo.com,0911427507,1989
FAN06012,Bui Minh Phong,hung6012@gmail.com,0955535125,2006
FAN06013,Nguyen Hai Phong,bach6013@fpt.edu.vn,0988298484,1999
FAN06014,Pham Tuan Nam,lan6014@gmail.com,0963432888,1999
FAN06015,Pham Hai Dung,lan6015@fpt.edu.vn,0965798500,2007
FAN06016,Tran Minh Vy,quan6016@yahoo.com,0953347376,1987
FAN06017,Vu Thi Nam,hung6017@hotmail.com,0957311377,1998
FAN06018,Bui Duc Lan,bach6018@fpt.edu.vn,0934765861,2001
FAN06019,Pham Hai Phong,phong6019@hotmail.com,0954810764,1992
FAN06020,Phan Hai Mai,bach6020@fpt.edu.vn,0989377122,2006
FAN06021,Dang Tuan Lan,mai6021@yahoo.com,0962115696,1994
FAN06022,Tran Gia Dung,vy6022@yahoo.com,0946027566,2005
FAN06023,Dang Van Hung,lan6023@hotmail.com,0936184320,2003
FAN06024,Hoang Quoc Vy,bach6024@hotmail.com,0997681360,2003
FAN06025,Vu Van Vy,bach6025@hotmail.com,0935471537,2002
FAN06026,Dang Tuan Lan,lan6026@hotmail.com,0933397992,2002
FAN06027,Bui Duc Hung,linh6027@gmail.com,0977486028,1985
FAN06028,Tran Quoc Nam,vy6028@fpt.edu.vn,0996182812,1997
FAN06029,Tran Hai Hung,linh6029@yahoo.com,0960002173,2001
FAN06030,Do Tuan Linh,nam6030@gmail.com,0948216859,2007
FAN06031,Pham Xuan Quan,vy6031@hotmail.com,0997310308,1999
FAN06032,Nguyen Anh Dung,dung6032@gmail.com,0940826813,1985
FAN06033,Do Thi Vy,nam6033@hotmail.com,0919438187,1993
FAN06034,Pham Van Bach,dung6034@yahoo.com,0981106750,1997
FAN06035,Do Minh Vy,linh6035@fpt.edu.vn,0998767633,1988
FAN06036,Hoang Hai Mai,phong6036@gmail.com,0958357207,2005
FAN06037,Phan Van Nam,lan6037@hotmail.com,0962593972,1987
FAN06038,Dang Gia Vy,lan6038@fpt.edu.vn,0998689699,2006
FAN06039,Do Quoc Hung,lan6039@fpt.edu.vn,0992989087,1999
FAN06040,Vu Anh Quan,quan6040@fpt.edu.vn,0930938358,1991
FAN06041,Dang Duc Linh,vy6041@hotmail.com,0935741285,1989
FAN06042,Dang Minh Quan,linh6042@gmail.com,0925197736,1996
FAN06043,Do Gia Bach,hung6043@yahoo.com,0910790296,2008
FAN06044,Tran Anh Quan,phong6044@hotmail.com,0982538187,2001
FAN06045,Pham Hai Bach,dung6045@hotmail.com,0987515345,2005
FAN06046,Vu Anh Hung,vy6046@hotmail.com,0968722936,2007
FAN06047,Bui Tuan Dung,mai6047@hotmail.com,0999265804,2005
FAN06048,Nguyen Hai Phong,lan6048@gmail.com,0974737388,1986
FAN06049,Pham Van Hung,phong6049@hotmail.com,0983467695,1991
FAN06050,Nguyen Anh Hung,phong6050@yahoo.com,0997470482,1991
FAN06051,Le Quoc Mai,phong6051@fpt.edu.vn,0949178622,1994
FAN06052,Pham Anh Quan,linh6052@gmail.com,0918243436,1988
FAN06053,Do Hai Dung,nam6053@gmail.com,0983310107,1993
FAN06054,Bui Thi Lan,nam6054@yahoo.com,0920575513,1989
FAN06055,Dang Hai Phong,linh6055@hotmail.com,0963555035,2008
FAN06056,Dang Xuan Mai,linh6056@fpt.edu.vn,0917003989,1997
FAN06057,Vu Quoc Dung,lan6057@fpt.edu.vn,0986775909,2006
FAN06058,Bui Tuan Bach,bach6058@hotmail.com,0936308548,1991
FAN06059,Bui Hai Nam,phong6059@hotmail.com,0953857279,2007
FAN06060,Dang Xuan Quan,phong6060@gmail.com,0949624870,2003
FAN06061,Hoang Quoc Vy,hung6061@gmail.com,0911438798,1993
FAN06062,Vu Tuan Nam,phong6062@fpt.edu.vn,0976743346,1987
FAN06063,Do Thi Bach,mai6063@yahoo.com,0977249529,1991
FAN06064,Tran Gia Mai,nam6064@hotmail.com,0984068496,1997
FAN06065,Vu Anh Vy,vy6065@gmail.com,0952825425,1985
FAN06066,Pham Tuan Vy,phong6066@hotmail.com,0975032817,1992
FAN06067,Bui Duc Phong,nam6067@yahoo.com,0923544015,1986
FAN06068,Phan Quoc Quan,quan6068@yahoo.com,0950890212,1989
FAN06069,Le Tuan Nam,dung6069@fpt.edu.vn,0963628081,2007
FAN06070,Le Van Vy,dung6070@yahoo.com,0913066897,2006
FAN06071,Phan Tuan Vy,phong6071@hotmail.com,0929161286,1990
FAN06072,Le Duc Lan,phong6072@gmail.com,0920706578,2005
FAN06073,Pham Duc Bach,vy6073@fpt.edu.vn,0964613567,2007
FAN06074,Pham Minh Lan,vy6074@fpt.edu.vn,0955736260,1989
FAN06075,Nguyen Duc Dung,mai6075@fpt.edu.vn,0969555276,2003
FAN06076,Phan Van Mai,hung6076@hotmail.com,0997186333,2007
FAN06077,Tran Van Phong,hung6077@hotmail.com,0985799748,2000
FAN06078,Dang Minh Phong,nam6078@gmail.com,0929239938,2008
FAN06079,Do Xuan Vy,lan6079@yahoo.com,0979505366,2006
FAN06080,Le Anh Lan,hung6080@hotmail.com,0925158273,1994
FAN06081,Phan Xuan Dung,hung6081@yahoo.com,0970216829,1993
FAN06082,Bui Xuan Linh,phong6082@yahoo.com,0951465402,1991
FAN06083,Vu Thi Quan,bach6083@fpt.edu.vn,0968268716,1989
FAN06084,Bui Xuan Hung,quan6084@fpt.edu.vn,0977463502,1992
FAN06085,Tran Anh Hung,bach6085@fpt.edu.vn,0981744124,1998
FAN06086,Le Tuan Bach,lan6086@yahoo.com,0918393370,1991
FAN06087,Nguyen Thi Linh,lan6087@yahoo.com,0973346828,2005
FAN06088,Pham Xuan Nam,mai6088@hotmail.com,0994540465,1990
FAN06089,Tran Minh Hung,quan6089@yahoo.com,0995851562,1995
FAN06090,Phan Minh Vy,hung6090@gmail.com,0983701039,1990
FAN06091,Le Tuan Dung,hung6091@gmail.com,0952460196,2008
FAN06092,Phan Duc Nam,bach6092@gmail.com,0945716468,1988
FAN06093,Pham Tuan Bach,vy6093@yahoo.com,0971429904,1994
FAN06094,Le Tuan Bach,dung6094@hotmail.com,0939698685,2008
FAN06095,Pham Hai Mai,hung6095@yahoo.com,0938934550,1993
FAN06096,Do Xuan Quan,quan6096@gmail.com,0982932340,2000
FAN06097,Phan Quoc Quan,lan6097@hotmail.com,0957142253,1998
FAN06098,Tran Gia Hung,lan6098@gmail.com,0953396009,2002
FAN06099,Pham Xuan Hung,nam6099@hotmail.com,0989933394,2007
FAN06100,Do Minh Linh,vy6100@yahoo.com,0998887785,2006
FAN06101,Bui Anh Dung,quan6101@gmail.com,0932920020,2005
FAN06102,Hoang Duc Vy,linh6102@hotmail.com,0921779512,1987
FAN06103,Tran Quoc Linh,bach6103@fpt.edu.vn,0957638489,1990
FAN06104,Hoang Anh Lan,quan6104@hotmail.com,0945748454,2007
FAN06105,Pham Duc Quan,linh6105@hotmail.com,0913906265,1987
FAN06106,Pham Duc Lan,vy6106@fpt.edu.vn,0933167474,2008
FAN06107,Le Thi Lan,lan6107@fpt.edu.vn,0918793537,1988
FAN06108,Le Anh Vy,nam6108@fpt.edu.vn,0966204915,2004
FAN06109,Do Xuan Hung,dung6109@yahoo.com,0999570631,2000
FAN06110,Hoang Tuan Bach,mai6110@yahoo.com,0945558957,1991
FAN06111,Phan Minh Mai,nam6111@fpt.edu.vn,0934824667,2005
FAN06112,Do Tuan Linh,mai6112@hotmail.com,0970272338,1994
FAN06113,Do Minh Vy,phong6113@gmail.com,0965771585,1991
FAN06114,Vu Van Quan,vy6114@yahoo.com,0985154961,1990
FAN06115,Nguyen Hai Mai,lan6115@yahoo.com,0968501182,1996
FAN06116,Dang Tuan Quan,hung6116@fpt.edu.vn,0986170831,2008
FAN06117,Vu Duc Vy,linh6117@yahoo.com,0936611028,1994
FAN06118,Do Minh Bach,dung6118@yahoo.com,0978379745,2004
FAN06119,Hoang Thi Bach,bach6119@hotmail.com,0930561220,2002
FAN06120,Bui Tuan Hung,lan6120@fpt.edu.vn,0977261441,1997
FAN06121,Phan Hai Linh,hung6121@gmail.com,0974758348,1994
FAN06122,Tran Xuan Quan,dung6122@hotmail.com,0995850939,1986
FAN06123,Hoang Hai Hung,mai6123@fpt.edu.vn,0931244749,1994
FAN06124,Dang Hai Nam,vy6124@yahoo.com,0913750092,1997
FAN06125,Tran Minh Phong,mai6125@yahoo.com,0949460821,1986
FAN06126,Dang Duc Mai,quan6126@gmail.com,0953693827,2001
FAN06127,Hoang Hai Quan,nam6127@fpt.edu.vn,0938671358,2000
FAN06128,Tran Tuan Lan,quan6128@fpt.edu.vn,0981444715,2001
FAN06129,Dang Van Quan,linh6129@gmail.com,0975953690,1985
FAN06130,Pham Xuan Mai,hung6130@fpt.edu.vn,0967539297,1989
FAN06131,Dang Duc Linh,quan6131@hotmail.com,0974108729,1994
FAN06132,Tran Thi Hung,lan6132@gmail.com,0984493376,1997
FAN06133,Tran Anh Vy,mai6133@yahoo.com,0942903268,2003
FAN06134,Phan Tuan Vy,lan6134@hotmail.com,0914526545,1991
FAN06135,Nguyen Anh Mai,linh6135@yahoo.com,0959395066,2000
FAN06136,Bui Duc Hung,bach6136@gmail.com,0929274509,1997
FAN06137,Pham Gia Hung,hung6137@gmail.com,0997755145,1987
FAN06138,Pham Tuan Hung,vy6138@gmail.com,0975863389,2003
FAN06139,Bui Thi Bach,hung6139@gmail.com,0925274663,1994
FAN06140,Le Duc Mai,dung6140@fpt.edu.vn,0939845412,1993
FAN06141,Nguyen Gia Bach,dung6141@fpt.edu.vn,0945233873,1995
FAN06142,Do Thi Vy,phong6142@fpt.edu.vn,0994187768,1993
FAN06143,Hoang Gia Lan,dung6143@hotmail.com,0974640778,1993
FAN06144,Bui Duc Dung,lan6144@yahoo.com,0979026742,1985
FAN06145,Hoang Minh Linh,lan6145@gmail.com,0952006211,1985
FAN06146,Do Thi Nam,lan6146@yahoo.com,0940327837,1998
FAN06147,Tran Quoc Mai,quan6147@hotmail.com,0943037240,1995
FAN06148,Tran Hai Mai,quan6148@yahoo.com,0934536426,1987
FAN06149,Tran Hai Lan,hung6149@yahoo.com,0971806625,1994
FAN06150,Bui Thi Hung,nam6150@hotmail.com,0939433690,2008
FAN06151,Nguyen Xuan Nam,linh6151@hotmail.com,0999663935,1996
FAN06152,Tran Xuan Vy,nam6152@hotmail.com,0928282562,1995
FAN06153,Bui Duc Lan,linh6153@hotmail.com,0978552665,1988
FAN06154,Hoang Xuan Dung,dung6154@fpt.edu.vn,0920470556,1995
FAN06155,Do Xuan Mai,vy6155@fpt.edu.vn,0946733651,1998
FAN06156,Vu Anh Quan,quan6156@yahoo.com,0937770305,2002
FAN06157,Phan Anh Nam,hung6157@yahoo.com,0920731301,2002
FAN06158,Dang Anh Linh,quan6158@yahoo.com,0954055815,1985
FAN06159,Le Anh Linh,dung6159@fpt.edu.vn,0994776021,2002
FAN06160,Le Thi Linh,nam6160@hotmail.com,0937861062,1991
FAN06161,Tran Duc Phong,mai6161@yahoo.com,0921892757,1996
FAN06162,Bui Van Vy,dung6162@hotmail.com,0983109417,1991
FAN06163,Le Van Lan,bach6163@fpt.edu.vn,0992437508,2000
FAN06164,Bui Duc Lan,quan6164@gmail.com,0990640538,1986
FAN06165,Vu Minh Hung,dung6165@yahoo.com,0936336339,2007
FAN06166,Phan Tuan Linh,phong6166@gmail.com,0922251960,1997
FAN06167,Hoang Xuan Mai,quan6167@yahoo.com,0987163105,2008
FAN06168,Le Quoc Vy,phong6168@yahoo.com,0937136109,1994
FAN06169,Pham Van Hung,vy6169@fpt.edu.vn,0942772086,1987
FAN06170,Le Gia Hung,linh6170@yahoo.com,0974396165,1987
FAN06171,Vu Gia Mai,phong6171@gmail.com,0930213294,2004
FAN06172,Do Tuan Dung,quan6172@fpt.edu.vn,0921687731,1994
FAN06173,Hoang Duc Phong,phong6173@gmail.com,0959475413,1997
FAN06174,Tran Tuan Hung,phong6174@fpt.edu.vn,0944264162,1985
FAN06175,Vu Gia Lan,vy6175@fpt.edu.vn,0971419703,1986
FAN06176,Nguyen Quoc Lan,quan6176@yahoo.com,0958909444,1997
FAN06177,Nguyen Thi Mai,hung6177@fpt.edu.vn,0950334324,1997
FAN06178,Dang Gia Vy,linh6178@hotmail.com,0929987269,1989
FAN06179,Hoang Minh Nam,lan6179@hotmail.com,0939809567,1993
FAN06180,Bui Quoc Quan,bach6180@fpt.edu.vn,0983901297,1987
FAN06181,Tran Gia Linh,phong6181@gmail.com,0983356950,1988
FAN06182,Vu Tuan Linh,bach6182@hotmail.com,0922601527,1991
FAN06183,Pham Minh Nam,phong6183@yahoo.com,0992995939,2008
FAN06184,Phan Anh Mai,lan6184@gmail.com,0932085112,2004
FAN06185,Tran Xuan Bach,vy6185@gmail.com,0943180599,2002
FAN06186,Phan Minh Phong,phong6186@gmail.com,0919083801,1998
FAN06187,Nguyen Tuan Quan,nam6187@fpt.edu.vn,0920759568,1999
FAN06188,Pham Anh Lan,mai6188@fpt.edu.vn,0977312233,1996
FAN06189,Tran Hai Dung,quan6189@hotmail.com,0990000805,2006
FAN06190,Le Van Dung,hung6190@hotmail.com,0993150427,2006
FAN06191,Tran Minh Dung,hung6191@hotmail.com,0946522945,2000
FAN06192,Vu Gia Mai,vy6192@hotmail.com,0983508817,1986
FAN06193,Phan Xuan Hung,bach6193@yahoo.com,0940521325,1994
FAN06194,Le Tuan Dung,hung6194@hotmail.com,0916376961,2003
FAN06195,Nguyen Gia Bach,linh6195@gmail.com,0971348575,1987
FAN06196,Pham Hai Quan,lan6196@fpt.edu.vn,0954617379,1994
FAN06197,Le Duc Mai,dung6197@fpt.edu.vn,0943386798,1989
FAN06198,Phan Duc Hung,nam6198@yahoo.com,0994416827,1997
FAN06199,Phan Thi Dung,lan6199@yahoo.com,0977400808,1999
FAN06200,Nguyen Thi Phong,hung6200@yahoo.com,0944009866,1992
FAN06201,Hoang Van Quan,linh6201@fpt.edu.vn,0993085950,2006
FAN06202,Tran Gia Phong,nam6202@yahoo.com,0982907172,2006
FAN06203,Tran Thi Phong,hung6203@fpt.edu.vn,0948919100,2008
FAN06204,Le Van Bach,dung6204@hotmail.com,0922321624,2008
FAN06205,Bui Xuan Quan,phong6205@yahoo.com,0935847022,1998
FAN06206,Do Quoc Mai,hung6206@hotmail.com,0970345299,1997
FAN06207,Pham Anh Bach,vy6207@hotmail.com,0983292008,1992
FAN06208,Hoang Van Linh,phong6208@fpt.edu.vn,0961926315,1988
FAN06209,Pham Thi Mai,linh6209@hotmail.com,0941759624,1990
FAN06210,Vu Van Hung,mai6210@hotmail.com,0928706495,2003
FAN06211,Le Gia Quan,dung6211@hotmail.com,0989550375,1990
FAN06212,Do Thi Linh,phong6212@yahoo.com,0993703043,2002
FAN06213,Do Quoc Bach,quan6213@gmail.com,0995835955,2001
FAN06214,Phan Van Lan,vy6214@fpt.edu.vn,0911783795,1991
FAN06215,Pham Tuan Mai,quan6215@yahoo.com,0965160601,1995
FAN06216,Le Hai Bach,nam6216@fpt.edu.vn,0993349490,1998
FAN06217,Nguyen Anh Mai,dung6217@hotmail.com,0916431260,2004
FAN06218,Hoang Duc Hung,mai6218@fpt.edu.vn,0996298936,2006
FAN06219,Bui Duc Dung,bach6219@yahoo.com,0941139918,1994
FAN06220,Pham Gia Phong,quan6220@yahoo.com,0987065058,1986
FAN06221,Dang Hai Lan,phong6221@gmail.com,0940070736,2000
FAN06222,Dang Tuan Quan,phong6222@hotmail.com,0910999939,2005
FAN06223,Pham Anh Quan,quan6223@fpt.edu.vn,0952308700,1991
FAN06224,Bui Duc Nam,lan6224@fpt.edu.vn,0995203148,2005
FAN06225,Le Thi Phong,nam6225@yahoo.com,0984825983,1995
FAN06226,Pham Van Nam,dung6226@fpt.edu.vn,0920259004,1988
FAN06227,Dang Van Lan,mai6227@yahoo.com,0989107305,2007
FAN06228,Le Thi Vy,phong6228@yahoo.com,0973250841,2007
FAN06229,Nguyen Anh Hung,linh6229@hotmail.com,0931022029,1999
FAN06230,Le Minh Vy,vy6230@gmail.com,0991235317,2005
FAN06231,Vu Gia Hung,linh6231@hotmail.com,0986812274,1991
FAN06232,Bui Anh Bach,lan6232@fpt.edu.vn,0937881603,1990
FAN06233,Phan Van Mai,vy6233@fpt.edu.vn,0981717657,2005
FAN06234,Le Tuan Quan,hung6234@yahoo.com,0992501132,2001
FAN06235,Nguyen Anh Nam,bach6235@hotmail.com,0927024449,1986
FAN06236,Phan Tuan Mai,quan6236@hotmail.com,0974568151,2000
FAN06237,Tran Hai Hung,lan6237@fpt.edu.vn,0939720869,1990
FAN06238,Le Minh Nam,mai6238@gmail.com,0993581314,1994
FAN06239,Phan Gia Dung,hung6239@hotmail.com,0980051585,1996
FAN06240,Bui Minh Phong,mai6240@hotmail.com,0973244549,2001
FAN06241,Bui Thi Vy,nam6241@fpt.edu.vn,0984385944,1994
FAN06242,Do Xuan Mai,quan6242@yahoo.com,0970824462,1998
FAN06243,Le Quoc Phong,hung6243@fpt.edu.vn,0964665357,1993
FAN06244,Do Anh Bach,linh6244@yahoo.com,0939319128,2003
FAN06245,Nguyen Minh Linh,hung6245@hotmail.com,0980186035,2007
FAN06246,Phan Duc Phong,nam6246@gmail.com,0945361843,2004
FAN06247,Tran Thi Quan,vy6247@fpt.edu.vn,0967801109,2001
FAN06248,Pham Van Nam,hung6248@hotmail.com,0995762602,2004
FAN06249,Phan Hai Vy,mai6249@gmail.com,0985783986,1989
FAN06250,Do Minh Linh,mai6250@gmail.com,0929447340,2004
FAN06251,Hoang Hai Linh,vy6251@hotmail.com,0992420980,1992
FAN06252,Nguyen Xuan Nam,lan6252@gmail.com,0962382339,1996
FAN06253,Do Anh Dung,phong6253@yahoo.com,0989944222,2004
FAN06254,Nguyen Van Hung,vy6254@gmail.com,0924126259,2006
FAN06255,Do Tuan Linh,quan6255@hotmail.com,0916137369,1999
FAN06256,Tran Xuan Linh,nam6256@fpt.edu.vn,0996830598,1990
FAN06257,Do Duc Lan,bach6257@yahoo.com,0921222469,2000
FAN06258,Phan Xuan Hung,mai6258@gmail.com,0926577964,1991
FAN06259,Bui Duc Dung,lan6259@hotmail.com,0952976561,2008
FAN06260,Pham Tuan Mai,lan6260@fpt.edu.vn,0937160774,2000
FAN06261,Dang Anh Nam,mai6261@gmail.com,0936341785,1995
FAN06262,Hoang Duc Nam,mai6262@fpt.edu.vn,0976349711,1995
FAN06263,Phan Duc Mai,linh6263@gmail.com,0963206512,2003
FAN06264,Phan Duc Phong,bach6264@hotmail.com,0989745972,1998
FAN06265,Tran Thi Nam,nam6265@hotmail.com,0911550119,1985
FAN06266,Vu Van Hung,hung6266@yahoo.com,0926948280,1996
FAN06267,Bui Hai Quan,quan6267@hotmail.com,0965186031,1985
FAN06268,Pham Minh Vy,linh6268@fpt.edu.vn,0911111688,1995
FAN06269,Vu Duc Phong,lan6269@fpt.edu.vn,0999486950,1999
FAN06270,Bui Minh Nam,bach6270@hotmail.com,0998584342,1992
FAN06271,Hoang Gia Vy,dung6271@fpt.edu.vn,0952087573,1989
FAN06272,Bui Van Linh,linh6272@yahoo.com,0950951083,1995
FAN06273,Tran Anh Hung,lan6273@hotmail.com,0964713862,1989
FAN06274,Vu Van Vy,mai6274@hotmail.com,0993599023,1991
FAN06275,Do Xuan Nam,nam6275@gmail.com,0990527711,2000
FAN06276,Le Tuan Bach,nam6276@fpt.edu.vn,0983994217,2007
FAN06277,Hoang Xuan Phong,mai6277@yahoo.com,0918295910,1986
FAN06278,Phan Van Quan,vy6278@yahoo.com,0962890006,1988
FAN06279,Vu Anh Phong,bach6279@yahoo.com,0927296908,1990
FAN06280,Dang Tuan Linh,linh6280@hotmail.com,0972833908,1997
FAN06281,Pham Quoc Hung,dung6281@fpt.edu.vn,0928306438,2007
FAN06282,Bui Thi Lan,bach6282@fpt.edu.vn,0923772509,1992
FAN06283,Phan Tuan Bach,bach6283@fpt.edu.vn,0947530652,1985
FAN06284,Nguyen Quoc Mai,mai6284@hotmail.com,0960046299,1999
FAN06285,Bui Hai Hung,mai6285@hotmail.com,0947877684,2008
FAN06286,Do Xuan Dung,lan6286@fpt.edu.vn,0921602756,1986
FAN06287,Le Hai Nam,vy6287@hotmail.com,0972501090,1995
FAN06288,Le Minh Linh,dung6288@hotmail.com,0925287306,2007
FAN06289,Bui Quoc Dung,bach6289@hotmail.com,0995162436,2008
FAN06290,Dang Thi Nam,dung6290@hotmail.com,0972441119,2003
FAN06291,Hoang Hai Mai,nam6291@yahoo.com,0922659538,1989
FAN06292,Pham Van Lan,lan6292@gmail.com,0959511611,1988
FAN06293,Dang Hai Dung,mai6293@hotmail.com,0988207538,1989
FAN06294,Hoang Quoc Vy,dung6294@yahoo.com,0917798925,2003
FAN06295,Phan Minh Hung,phong6295@gmail.com,0995983738,1999
FAN06296,Bui Duc Lan,vy6296@hotmail.com,0977576555,2000
FAN06297,Do Quoc Phong,phong6297@hotmail.com,0985405088,1994
FAN06298,Dang Thi Mai,mai6298@fpt.edu.vn,0924829663,1992
FAN06299,Do Thi Dung,phong6299@hotmail.com,0973929927,1997
FAN06300,Pham Van Quan,phong6300@fpt.edu.vn,0911419621,1991
FAN06301,Le Quoc Dung,bach6301@gmail.com,0963220956,1999
FAN06302,Pham Gia Quan,quan6302@yahoo.com,0934154425,1998
FAN06303,Do Minh Vy,hung6303@fpt.edu.vn,0929240922,1990
FAN06304,Le Xuan Vy,dung6304@yahoo.com,0948001610,2007
FAN06305,Bui Xuan Nam,nam6305@gmail.com,0960210023,1992
FAN06306,Phan Anh Quan,hung6306@hotmail.com,0997828325,2001
FAN06307,Phan Hai Quan,linh6307@yahoo.com,0990400510,1996
FAN06308,Pham Gia Linh,nam6308@fpt.edu.vn,0943861861,1993
FAN06309,Tran Thi Mai,mai6309@fpt.edu.vn,0936453347,1998
FAN06310,Do Thi Dung,linh6310@hotmail.com,0959502392,1999
FAN06311,Hoang Minh Dung,linh6311@yahoo.com,0995003119,1986
FAN06312,Bui Van Quan,vy6312@fpt.edu.vn,0947830724,1986
FAN06313,Pham Hai Quan,mai6313@gmail.com,0994272733,2000
FAN06314,Dang Anh Bach,lan6314@hotmail.com,0969204441,1997
FAN06315,Phan Minh Phong,mai6315@fpt.edu.vn,0936189702,1985
FAN06316,Vu Anh Dung,phong6316@yahoo.com,0994910877,2003
FAN06317,Le Thi Hung,dung6317@fpt.edu.vn,0943454676,2008
FAN06318,Dang Xuan Dung,phong6318@fpt.edu.vn,0948572183,2001
FAN06319,Bui Minh Phong,bach6319@yahoo.com,0963542411,2007
FAN06320,Pham Minh Vy,hung6320@hotmail.com,0999927035,1989
FAN06321,Phan Tuan Lan,lan6321@yahoo.com,0978032190,1995
FAN06322,Tran Anh Lan,vy6322@hotmail.com,0942394123,1992
FAN06323,Dang Xuan Quan,lan6323@fpt.edu.vn,0972035411,2007
FAN06324,Tran Minh Linh,linh6324@yahoo.com,0936557021,1989
FAN06325,Pham Minh Dung,quan6325@fpt.edu.vn,0982404277,2000
FAN06326,Dang Quoc Bach,bach6326@gmail.com,0932356021,1987
FAN06327,Nguyen Tuan Nam,phong6327@hotmail.com,0922734196,1994
FAN06328,Pham Xuan Phong,dung6328@fpt.edu.vn,0949435406,1998
FAN06329,Pham Tuan Lan,bach6329@gmail.com,0989651226,2006
FAN06330,Do Minh Hung,dung6330@fpt.edu.vn,0958872985,2001
FAN06331,Le Quoc Dung,hung6331@hotmail.com,0963999990,1997
FAN06332,Le Gia Mai,hung6332@fpt.edu.vn,0938769948,1992
FAN06333,Bui Duc Linh,phong6333@hotmail.com,0994329574,2006
FAN06334,Nguyen Quoc Dung,vy6334@yahoo.com,0957275288,1989
FAN06335,Bui Minh Lan,phong6335@yahoo.com,0978600079,1989
FAN06336,Tran Hai Dung,vy6336@yahoo.com,0923780909,1986
FAN06337,Hoang Duc Lan,mai6337@hotmail.com,0990451222,1992
FAN06338,Tran Duc Vy,nam6338@gmail.com,0974756385,1995
FAN06339,Do Van Mai,nam6339@hotmail.com,0968165026,1999
FAN06340,Le Thi Lan,nam6340@fpt.edu.vn,0986739949,1985
FAN06341,Tran Tuan Dung,nam6341@yahoo.com,0982340563,1996
FAN06342,Do Tuan Dung,phong6342@fpt.edu.vn,0986598853,2002
FAN06343,Hoang Duc Vy,dung6343@yahoo.com,0912881987,1994
FAN06344,Pham Thi Bach,vy6344@gmail.com,0988217117,2003
FAN06345,Pham Tuan Phong,vy6345@hotmail.com,0958347359,1989
FAN06346,Pham Tuan Mai,quan6346@gmail.com,0995486220,2002
FAN06347,Nguyen Minh Nam,lan6347@gmail.com,0938807506,2000
FAN06348,Le Anh Lan,dung6348@gmail.com,0938477340,2006
FAN06349,Tran Thi Mai,bach6349@hotmail.com,0958790861,1989
FAN06350,Vu Hai Lan,phong6350@hotmail.com,0918349537,2001
FAN06351,Dang Minh Linh,mai6351@hotmail.com,0919236122,1997
FAN06352,Bui Tuan Mai,hung6352@yahoo.com,0920540759,1990
FAN06353,Le Xuan Lan,lan6353@hotmail.com,0976259374,1996
FAN06354,Phan Hai Lan,dung6354@hotmail.com,0987599977,1999
FAN06355,Bui Anh Vy,phong6355@hotmail.com,0956289759,1985
FAN06356,Bui Quoc Mai,linh6356@fpt.edu.vn,0969511691,2004
FAN06357,Vu Xuan Nam,dung6357@gmail.com,0937786377,2004
FAN06358,Pham Xuan Mai,vy6358@gmail.com,0937491129,2001
FAN06359,Nguyen Minh Lan,hung6359@fpt.edu.vn,0946648354,2003
FAN06360,Pham Minh Hung,hung6360@hotmail.com,0942331250,2006
FAN06361,Phan Thi Nam,bach6361@hotmail.com,0932428151,1989
FAN06362,Bui Xuan Dung,dung6362@gmail.com,0930281495,2007
FAN06363,Le Van Linh,bach6363@gmail.com,0973181471,2001
FAN06364,Pham Duc Linh,mai6364@fpt.edu.vn,0946231548,1998
FAN06365,Le Hai Linh,quan6365@yahoo.com,0935045219,1989
FAN06366,Le Gia Hung,linh6366@hotmail.com,0917378001,1990
FAN06367,Le Duc Quan,phong6367@yahoo.com,0965209741,2002
FAN06368,Tran Anh Lan,nam6368@fpt.edu.vn,0986147721,2000
FAN06369,Hoang Gia Quan,vy6369@hotmail.com,0956174669,1993
FAN06370,Do Gia Mai,vy6370@hotmail.com,0985607695,1999
FAN06371,Nguyen Van Lan,phong6371@yahoo.com,0967937072,1999
FAN06372,Phan Tuan Mai,dung6372@yahoo.com,0996882574,1992
FAN06373,Phan Duc Bach,lan6373@fpt.edu.vn,0921324635,1996
FAN06374,Le Anh Mai,quan6374@gmail.com,0989836043,1991
FAN06375,Vu Gia Dung,nam6375@hotmail.com,0946128957,2005
FAN06376,Do Thi Lan,mai6376@hotmail.com,0942606480,1992
FAN06377,Phan Tuan Bach,quan6377@gmail.com,0994484899,1990
FAN06378,Le Tuan Phong,dung6378@yahoo.com,0947245550,1995
FAN06379,Pham Duc Hung,nam6379@yahoo.com,0927100784,1997
FAN06380,Tran Hai Phong,hung6380@fpt.edu.vn,0963136306,2005
FAN06381,Tran Minh Vy,nam6381@yahoo.com,0975342985,1992
FAN06382,Le Thi Phong,linh6382@gmail.com,0965014131,1989
FAN06383,Tran Quoc Bach,bach6383@yahoo.com,0941682644,2006
FAN06384,Vu Van Vy,nam6384@yahoo.com,0924099669,2000
FAN06385,Nguyen Anh Nam,quan6385@fpt.edu.vn,0952975515,2007
FAN06386,Le Van Lan,bach6386@fpt.edu.vn,0922420744,2000
FAN06387,Do Minh Linh,mai6387@fpt.edu.vn,0923475040,2007
FAN06388,Le Anh Bach,dung6388@yahoo.com,0914336190,1994
FAN06389,Pham Thi Dung,lan6389@yahoo.com,0995453705,2003
FAN06390,Tran Gia Phong,nam6390@fpt.edu.vn,0995085768,2002
FAN06391,Pham Tuan Phong,dung6391@hotmail.com,0998506368,1992
FAN06392,Dang Tuan Linh,dung6392@yahoo.com,0920971285,1997
FAN06393,Hoang Van Linh,nam6393@hotmail.com,0981917606,1998
FAN06394,Le Tuan Hung,dung6394@yahoo.com,0967626179,2008
FAN06395,Bui Van Quan,dung6395@yahoo.com,0940396078,1997
FAN06396,Phan Hai Hung,linh6396@hotmail.com,0918555490,2006
FAN06397,Vu Van Nam,mai6397@fpt.edu.vn,0929689665,1995
FAN06398,Pham Minh Vy,mai6398@yahoo.com,0959898841,1999
FAN06399,Nguyen Minh Mai,quan6399@yahoo.com,0935858779,2002
FAN06400,Phan Xuan Bach,dung6400@fpt.edu.vn,0972686156,1989
FAN06401,Do Xuan Vy,bach6401@hotmail.com,0971639457,2008
FAN06402,Phan Quoc Lan,bach6402@yahoo.com,0974710483,1989
FAN06403,Tran Thi Dung,mai6403@gmail.com,0944913264,1994
FAN06404,Bui Van Nam,lan6404@fpt.edu.vn,0941013608,1993
FAN06405,Bui Thi Nam,lan6405@gmail.com,0924349732,1992
FAN06406,Hoang Gia Mai,mai6406@hotmail.com,0961409506,1988
FAN06407,Do Thi Lan,vy6407@gmail.com,0998534985,2006
FAN06408,Do Quoc Nam,vy6408@gmail.com,0935045134,1985
FAN06409,Nguyen Van Mai,mai6409@yahoo.com,0929478817,1986
FAN06410,Vu Van Vy,linh6410@hotmail.com,0933373463,1992
FAN06411,Pham Thi Nam,hung6411@yahoo.com,0987332454,1986
FAN06412,Tran Xuan Vy,dung6412@hotmail.com,0964186667,2006
FAN06413,Vu Hai Nam,vy6413@gmail.com,0989139182,2000
FAN06414,Phan Xuan Bach,mai6414@hotmail.com,0923532542,1998
FAN06415,Le Gia Quan,dung6415@hotmail.com,0924206369,1987
FAN06416,Le Minh Phong,dung6416@gmail.com,0954073097,1996
FAN06417,Bui Hai Vy,linh6417@yahoo.com,0940058242,1996
FAN06418,Le Gia Hung,nam6418@fpt.edu.vn,0959264953,2007
FAN06419,Dang Hai Lan,dung6419@fpt.edu.vn,0938239416,2002
FAN06420,Hoang Thi Mai,dung6420@fpt.edu.vn,0960265172,1990
FAN06421,Do Van Quan,linh6421@fpt.edu.vn,0913285812,1988
FAN06422,Bui Thi Linh,vy6422@hotmail.com,0936731295,1986
FAN06423,Nguyen Gia Dung,nam6423@fpt.edu.vn,0937709152,1997
FAN06424,Phan Hai Vy,bach6424@hotmail.com,0914477650,2008
FAN06425,Dang Minh Nam,quan6425@fpt.edu.vn,0938753525,1992
FAN06426,Bui Xuan Mai,quan6426@yahoo.com,0941186954,2007
FAN06427,Pham Duc Nam,mai6427@hotmail.com,0950906265,2006
FAN06428,Pham Gia Bach,mai6428@hotmail.com,0950999970,2002
FAN06429,Le Anh Phong,quan6429@hotmail.com,0966063979,1990
FAN06430,Phan Duc Mai,nam6430@gmail.com,0916108523,2007
FAN06431,Nguyen Quoc Vy,lan6431@hotmail.com,0996501837,2006
FAN06432,Nguyen Hai Bach,dung6432@yahoo.com,0955980182,2008
FAN06433,Bui Thi Hung,linh6433@gmail.com,0964491894,1989
FAN06434,Dang Hai Lan,nam6434@hotmail.com,0914158883,1985
FAN06435,Dang Xuan Linh,bach6435@gmail.com,0931064874,1987
FAN06436,Phan Anh Nam,lan6436@gmail.com,0954669380,1987
FAN06437,Do Xuan Quan,lan6437@hotmail.com,0949804438,1997
FAN06438,Le Quoc Lan,linh6438@fpt.edu.vn,0994154822,2006
FAN06439,Hoang Gia Nam,mai6439@hotmail.com,0910063168,2008
FAN06440,Do Thi Lan,quan6440@gmail.com,0994355381,1987
FAN06441,Tran Van Vy,quan6441@gmail.com,0999540514,1998
FAN06442,Dang Xuan Mai,lan6442@gmail.com,0936795085,1997
FAN06443,Bui Anh Hung,quan6443@gmail.com,0939427599,1998
FAN06444,Hoang Gia Mai,quan6444@fpt.edu.vn,0982593663,1996
FAN06445,Vu Minh Lan,hung6445@yahoo.com,0914472365,2003
FAN06446,Bui Hai Phong,linh6446@hotmail.com,0967502001,2001
FAN06447,Do Xuan Quan,hung6447@hotmail.com,0957729283,1998
FAN06448,Dang Minh Lan,bach6448@yahoo.com,0950598642,2008
FAN06449,Do Tuan Vy,bach6449@hotmail.com,0934454803,1994
FAN06450,Bui Van Hung,dung6450@gmail.com,0955714673,1988
FAN06451,Bui Van Lan,mai6451@fpt.edu.vn,0962343380,2008
FAN06452,Tran Hai Nam,hung6452@gmail.com,0975703064,1997
FAN06453,Nguyen Thi Mai,dung6453@yahoo.com,0949907228,2000
FAN06454,Do Tuan Phong,mai6454@yahoo.com,0976184899,1995
FAN06455,Bui Minh Bach,linh6455@fpt.edu.vn,0911464807,1989
FAN06456,Le Xuan Nam,hung6456@hotmail.com,0980844771,1992
FAN06457,Le Thi Phong,lan6457@hotmail.com,0998468356,2005
FAN06458,Phan Duc Phong,quan6458@fpt.edu.vn,0960139130,1987
FAN06459,Le Van Dung,quan6459@yahoo.com,0938431743,2006
FAN06460,Do Anh Phong,bach6460@fpt.edu.vn,0935319415,2005
FAN06461,Hoang Hai Vy,dung6461@yahoo.com,0965340899,2006
FAN06462,Do Thi Linh,nam6462@gmail.com,0911548078,2000
FAN06463,Hoang Hai Hung,hung6463@hotmail.com,0920049937,2008
FAN06464,Tran Xuan Hung,nam6464@yahoo.com,0984236760,1995
FAN06465,Dang Van Nam,nam6465@yahoo.com,0918414797,1999
FAN06466,Nguyen Gia Phong,dung6466@hotmail.com,0958917946,1986
FAN06467,Vu Van Phong,mai6467@gmail.com,0916807593,1986
FAN06468,Pham Van Dung,nam6468@hotmail.com,0934836264,2006
FAN06469,Le Duc Nam,dung6469@hotmail.com,0933242522,1995
FAN06470,Phan Thi Phong,mai6470@fpt.edu.vn,0959232334,2000
FAN06471,Tran Anh Quan,phong6471@fpt.edu.vn,0968933924,1997
FAN06472,Vu Quoc Quan,hung6472@gmail.com,0958491718,2004
FAN06473,Hoang Quoc Vy,bach6473@yahoo.com,0923707920,2002
FAN06474,Hoang Quoc Vy,hung6474@hotmail.com,0966676582,1993
FAN06475,Vu Duc Dung,bach6475@fpt.edu.vn,0920619855,2000
FAN06476,Dang Minh Quan,lan6476@gmail.com,0973245134,2007
FAN06477,Hoang Thi Lan,mai6477@gmail.com,0949092038,2005
FAN06478,Le Duc Bach,linh6478@fpt.edu.vn,0985905613,1987
FAN06479,Hoang Thi Dung,bach6479@fpt.edu.vn,0916341980,2000
FAN06480,Bui Minh Dung,hung6480@yahoo.com,0924050069,1986
FAN06481,Bui Gia Dung,nam6481@hotmail.com,0980687874,2003
FAN06482,Bui Minh Dung,linh6482@gmail.com,0942067875,2000
FAN06483,Dang Duc Nam,mai6483@gmail.com,0910746536,1996
FAN06484,Le Van Lan,bach6484@yahoo.com,0929542066,1998
FAN06485,Phan Hai Vy,dung6485@gmail.com,0961031177,1997
FAN06486,Do Minh Dung,vy6486@fpt.edu.vn,0943523016,1989
FAN06487,Tran Anh Vy,lan6487@fpt.edu.vn,0973572499,1988
FAN06488,Phan Anh Phong,phong6488@yahoo.com,0996489825,1988
FAN06489,Pham Xuan Quan,lan6489@hotmail.com,0952820192,2006
FAN06490,Bui Thi Nam,nam6490@gmail.com,0985404934,1995
FAN06491,Le Duc Lan,vy6491@yahoo.com,0966128660,2004
FAN06492,Le Gia Mai,hung6492@hotmail.com,0940272519,2000
FAN06493,Tran Minh Bach,mai6493@hotmail.com,0921909909,1993
FAN06494,Phan Hai Nam,hung6494@hotmail.com,0921793557,1990
FAN06495,Do Minh Mai,bach6495@gmail.com,0991493638,1985
FAN06496,Bui Thi Linh,bach6496@hotmail.com,0914849852,2007
FAN06497,Pham Thi Quan,hung6497@hotmail.com,0977704063,2001
FAN06498,Vu Duc Linh,quan6498@hotmail.com,0972492666,1989
FAN06499,Do Hai Lan,linh6499@yahoo.com,0987288223,1987
FAN06500,Nguyen Thi Vy,vy6500@fpt.edu.vn,0995953967,1987
FAN06501,Vu Minh Quan,vy6501@hotmail.com,0984214698,2005
FAN06502,Le Hai Hung,linh6502@yahoo.com,0994275238,2006
FAN06503,Phan Van Vy,nam6503@hotmail.com,0973024021,1988
FAN06504,Dang Thi Linh,linh6504@gmail.com,0974610948,1994
FAN06505,Bui Thi Linh,lan6505@gmail.com,0971007785,1986
FAN06506,Do Thi Lan,hung6506@gmail.com,0918404135,1990
FAN06507,Nguyen Minh Vy,phong6507@fpt.edu.vn,0947328214,1999
FAN06508,Nguyen Anh Mai,phong6508@gmail.com,0912001736,1990
FAN06509,Do Tuan Vy,bach6509@fpt.edu.vn,0990260539,1989
FAN06510,Bui Duc Bach,bach6510@fpt.edu.vn,0935271890,1993
FAN06511,Vu Anh Vy,dung6511@yahoo.com,0991200772,1999
FAN06512,Pham Anh Quan,mai6512@fpt.edu.vn,0998771094,1991
FAN06513,Tran Hai Nam,nam6513@gmail.com,0940932711,1985
FAN06514,Vu Xuan Quan,quan6514@fpt.edu.vn,0958461199,2008
FAN06515,Le Duc Quan,phong6515@gmail.com,0915703822,2005
FAN06516,Do Xuan Lan,hung6516@yahoo.com,0928933017,1985
FAN06517,Le Hai Phong,vy6517@fpt.edu.vn,0977837141,1997
FAN06518,Phan Van Mai,lan6518@hotmail.com,0949372085,2007
FAN06519,Do Quoc Linh,lan6519@fpt.edu.vn,0977187061,1999
FAN06520,Dang Minh Hung,quan6520@fpt.edu.vn,0960998902,1989
FAN06521,Dang Hai Phong,nam6521@hotmail.com,0982900326,1996
FAN06522,Do Minh Nam,linh6522@fpt.edu.vn,0979227204,1994
FAN06523,Le Gia Vy,hung6523@yahoo.com,0999233544,2005
FAN06524,Bui Xuan Phong,linh6524@yahoo.com,0922245448,1992
FAN06525,Vu Minh Lan,bach6525@hotmail.com,0992641402,1996
FAN06526,Do Thi Nam,dung6526@hotmail.com,0941016780,1998
FAN06527,Pham Anh Linh,linh6527@hotmail.com,0935805548,1991
FAN06528,Pham Duc Mai,linh6528@gmail.com,0950667015,1986
FAN06529,Pham Gia Hung,dung6529@gmail.com,0945938681,2008
FAN06530,Pham Quoc Bach,phong6530@yahoo.com,0919770488,1988
FAN06531,Phan Gia Vy,bach6531@fpt.edu.vn,0917247382,2002
FAN06532,Do Van Bach,quan6532@fpt.edu.vn,0994241157,2000
FAN06533,Vu Anh Quan,mai6533@fpt.edu.vn,0929704216,1995
FAN06534,Tran Quoc Quan,hung6534@gmail.com,0967573934,1993
FAN06535,Le Xuan Lan,linh6535@yahoo.com,0931251628,1989
FAN06536,Nguyen Quoc Lan,linh6536@hotmail.com,0933636890,1985
FAN06537,Dang Quoc Bach,phong6537@yahoo.com,0987502200,1985
FAN06538,Nguyen Xuan Hung,dung6538@yahoo.com,0948802767,1991
FAN06539,Hoang Tuan Quan,linh6539@fpt.edu.vn,0976669533,1990
FAN06540,Bui Tuan Mai,bach6540@hotmail.com,0944504543,2000
FAN06541,Nguyen Duc Nam,vy6541@yahoo.com,0984247446,1985
FAN06542,Dang Anh Quan,lan6542@yahoo.com,0982120991,2003
FAN06543,Nguyen Thi Nam,phong6543@hotmail.com,0974146663,1993
FAN06544,Pham Minh Bach,vy6544@fpt.edu.vn,0932131968,1987
FAN06545,Le Van Vy,mai6545@gmail.com,0939289790,1999
FAN06546,Nguyen Van Phong,quan6546@hotmail.com,0936110511,1992
FAN06547,Le Gia Nam,lan6547@yahoo.com,0997177207,1990
FAN06548,Tran Quoc Lan,bach6548@gmail.com,0997367133,1985
FAN06549,Hoang Thi Hung,lan6549@yahoo.com,0999901234,2008
FAN06550,Tran Anh Phong,quan6550@gmail.com,0982101711,1999
FAN06551,Pham Van Phong,mai6551@yahoo.com,0995736018,2004
FAN06552,Nguyen Anh Lan,linh6552@hotmail.com,0967723115,1990
FAN06553,Vu Tuan Mai,mai6553@yahoo.com,0968509839,1995
FAN06554,Do Minh Mai,bach6554@gmail.com,0980041478,1990
FAN06555,Tran Gia Hung,linh6555@hotmail.com,0923110054,1986
FAN06556,Nguyen Minh Hung,bach6556@hotmail.com,0934888737,1996
FAN06557,Bui Duc Vy,linh6557@yahoo.com,0912844418,1995
FAN06558,Dang Minh Nam,linh6558@gmail.com,0984143558,1989
FAN06559,Dang Quoc Vy,quan6559@yahoo.com,0921926595,1994
FAN06560,Nguyen Anh Vy,hung6560@gmail.com,0999621146,2000
FAN06561,Vu Anh Phong,phong6561@hotmail.com,0977588910,2003
FAN06562,Hoang Tuan Bach,quan6562@fpt.edu.vn,0948419214,1988
FAN06563,Hoang Hai Linh,dung6563@gmail.com,0929606521,2008
FAN06564,Vu Van Vy,linh6564@fpt.edu.vn,0915461022,1990
FAN06565,Do Gia Bach,dung6565@hotmail.com,0910928801,1992
FAN06566,Pham Quoc Nam,linh6566@gmail.com,0976903508,1987
FAN06567,Dang Thi Phong,hung6567@gmail.com,0930866121,2001
FAN06568,Nguyen Hai Linh,mai6568@gmail.com,0999678412,1989
FAN06569,Bui Hai Hung,dung6569@yahoo.com,0983334000,1993
FAN06570,Dang Thi Lan,dung6570@fpt.edu.vn,0949331335,1989
FAN06571,Hoang Duc Lan,hung6571@hotmail.com,0972406139,1985
FAN06572,Le Anh Linh,phong6572@fpt.edu.vn,0927538844,1986
FAN06573,Tran Van Mai,vy6573@hotmail.com,0922175068,2001
FAN06574,Pham Tuan Vy,bach6574@gmail.com,0967637902,1995
FAN06575,Phan Thi Quan,nam6575@hotmail.com,0940098953,2007
FAN06576,Hoang Tuan Nam,bach6576@hotmail.com,0922099291,2008
FAN06577,Phan Quoc Linh,mai6577@hotmail.com,0949267780,1990
FAN06578,Dang Tuan Mai,mai6578@yahoo.com,0958069716,1992
FAN06579,Le Van Mai,linh6579@yahoo.com,0946380619,2002
FAN06580,Bui Duc Dung,nam6580@fpt.edu.vn,0992600266,1993
FAN06581,Vu Xuan Lan,quan6581@hotmail.com,0927130101,1997
FAN06582,Le Gia Bach,nam6582@yahoo.com,0977555996,2007
FAN06583,Le Van Mai,lan6583@yahoo.com,0944054004,1991
FAN06584,Hoang Anh Phong,vy6584@gmail.com,0967180692,1995
FAN06585,Le Minh Vy,bach6585@hotmail.com,0986869017,1989
FAN06586,Dang Minh Mai,bach6586@fpt.edu.vn,0973575302,1989
FAN06587,Hoang Duc Quan,hung6587@gmail.com,0948720234,1986
FAN06588,Hoang Hai Vy,bach6588@fpt.edu.vn,0951920430,1999
FAN06589,Nguyen Xuan Vy,dung6589@fpt.edu.vn,0914376047,1992
FAN06590,Dang Duc Bach,hung6590@gmail.com,0953990477,1986
FAN06591,Vu Minh Dung,quan6591@gmail.com,0919778998,1999
FAN06592,Phan Thi Quan,mai6592@yahoo.com,0911197413,2000
FAN06593,Pham Duc Lan,lan6593@hotmail.com,0941602342,1998
FAN06594,Hoang Minh Hung,linh6594@yahoo.com,0967821572,1992
FAN06595,Bui Hai Quan,quan6595@fpt.edu.vn,0977213931,1993
FAN06596,Bui Anh Quan,mai6596@gmail.com,0915830676,1985
FAN06597,Phan Xuan Dung,vy6597@fpt.edu.vn,0978427002,2006
FAN06598,Nguyen Hai Bach,quan6598@fpt.edu.vn,0985833849,1998
FAN06599,Le Thi Dung,linh6599@yahoo.com,0953339199,1988
FAN06600,Phan Tuan Quan,nam6600@yahoo.com,0953145132,1996
FAN06601,Hoang Tuan Quan,nam6601@gmail.com,0996992275,1987
FAN06602,Tran Quoc Mai,hung6602@yahoo.com,0998994319,1991
FAN06603,Hoang Hai Dung,mai6603@hotmail.com,0941618277,1988
FAN06604,Tran Hai Hung,hung6604@gmail.com,0977744641,1988
FAN06605,Bui Van Phong,bach6605@gmail.com,0917078683,2000
FAN06606,Nguyen Minh Mai,linh6606@hotmail.com,0945144673,1994
FAN06607,Pham Gia Linh,phong6607@yahoo.com,0967053452,1988
FAN06608,Tran Xuan Dung,hung6608@yahoo.com,0984498727,2001
FAN06609,Do Van Hung,lan6609@gmail.com,0990818256,2000
FAN06610,Dang Hai Bach,bach6610@yahoo.com,0943288899,2005
FAN06611,Nguyen Anh Hung,dung6611@yahoo.com,0956101474,1990
FAN06612,Do Quoc Nam,nam6612@fpt.edu.vn,0945686998,1988
FAN06613,Bui Hai Linh,linh6613@yahoo.com,0991071273,1990
FAN06614,Nguyen Duc Bach,mai6614@gmail.com,0943652059,2007
FAN06615,Dang Van Nam,lan6615@yahoo.com,0955612979,1999
FAN06616,Bui Gia Dung,phong6616@gmail.com,0932459536,1988
FAN06617,Le Thi Quan,lan6617@gmail.com,0921330901,1998
FAN06618,Do Quoc Linh,phong6618@yahoo.com,0945244360,1993
FAN06619,Dang Hai Quan,dung6619@hotmail.com,0938063742,2007
FAN06620,Tran Tuan Lan,mai6620@fpt.edu.vn,0921045052,1993
FAN06621,Vu Hai Mai,vy6621@yahoo.com,0912110154,2006
FAN06622,Pham Xuan Lan,vy6622@yahoo.com,0963581828,2001
FAN06623,Tran Duc Hung,nam6623@gmail.com,0992819965,1998
FAN06624,Pham Gia Vy,mai6624@gmail.com,0915204379,1991
FAN06625,Bui Hai Linh,phong6625@fpt.edu.vn,0958329360,1989
FAN06626,Dang Quoc Mai,nam6626@fpt.edu.vn,0970328549,2006
FAN06627,Bui Van Mai,lan6627@fpt.edu.vn,0961525837,2000
FAN06628,Hoang Duc Nam,linh6628@hotmail.com,0929630394,2000
FAN06629,Tran Thi Mai,hung6629@yahoo.com,0975074686,2004
FAN06630,Tran Hai Nam,mai6630@gmail.com,0925645608,1995
FAN06631,Bui Xuan Hung,vy6631@fpt.edu.vn,0949444045,1988
FAN06632,Tran Quoc Dung,mai6632@hotmail.com,0958102962,1997
FAN06633,Nguyen Anh Dung,linh6633@gmail.com,0940360429,1999
FAN06634,Vu Van Lan,lan6634@gmail.com,0933997574,2008
FAN06635,Hoang Van Phong,quan6635@hotmail.com,0996479197,1998
FAN06636,Hoang Anh Mai,mai6636@hotmail.com,0989236480,2004
FAN06637,Phan Hai Mai,linh6637@yahoo.com,0920261964,1985
FAN06638,Le Thi Nam,phong6638@gmail.com,0982383008,1997
FAN06639,Phan Quoc Mai,phong6639@yahoo.com,0917633842,1994
FAN06640,Vu Minh Mai,mai6640@gmail.com,0967702303,1994
FAN06641,Le Minh Hung,linh6641@hotmail.com,0950328967,2001
FAN06642,Hoang Anh Linh,phong6642@fpt.edu.vn,0993692482,1989
FAN06643,Bui Gia Vy,quan6643@yahoo.com,0939016704,1994
FAN06644,Phan Hai Linh,phong6644@hotmail.com,0923080729,2001
FAN06645,Dang Xuan Phong,quan6645@gmail.com,0935886350,2003
FAN06646,Nguyen Van Hung,linh6646@fpt.edu.vn,0948244762,2001
FAN06647,Nguyen Minh Vy,dung6647@yahoo.com,0959262202,1996
FAN06648,Tran Van Vy,mai6648@yahoo.com,0929157704,2000
FAN06649,Phan Minh Lan,lan6649@hotmail.com,0914360587,2005
FAN06650,Hoang Quoc Mai,dung6650@hotmail.com,0974675282,1995
FAN06651,Hoang Anh Quan,linh6651@gmail.com,0998161155,1987
FAN06652,Tran Tuan Quan,hung6652@yahoo.com,0924145682,1999
FAN06653,Nguyen Quoc Hung,bach6653@gmail.com,0980495490,2002
FAN06654,Do Gia Linh,nam6654@yahoo.com,0989941603,1995
FAN06655,Bui Duc Dung,vy6655@hotmail.com,0945626585,2002
FAN06656,Dang Gia Dung,quan6656@hotmail.com,0975520900,1988
FAN06657,Nguyen Quoc Dung,lan6657@hotmail.com,0934883308,1994
FAN06658,Tran Tuan Vy,nam6658@hotmail.com,0916764596,1994
FAN06659,Pham Xuan Nam,bach6659@gmail.com,0945027117,1990
FAN06660,Do Thi Quan,linh6660@yahoo.com,0928185594,1993
FAN06661,Hoang Duc Lan,vy6661@hotmail.com,0911208746,2004
FAN06662,Phan Xuan Quan,quan6662@gmail.com,0966767467,2004
FAN06663,Nguyen Gia Nam,quan6663@fpt.edu.vn,0918837688,1990
FAN06664,Bui Duc Nam,quan6664@gmail.com,0911940229,1998
FAN06665,Nguyen Hai Lan,quan6665@yahoo.com,0918092579,1997
FAN06666,Do Gia Phong,dung6666@yahoo.com,0949887447,1998
FAN06667,Bui Duc Linh,mai6667@fpt.edu.vn,0914078042,2006
FAN06668,Phan Gia Dung,linh6668@yahoo.com,0924599939,1992
FAN06669,Le Anh Quan,hung6669@yahoo.com,0922609101,1988
FAN06670,Do Van Dung,lan6670@gmail.com,0984774416,2000
FAN06671,Hoang Thi Quan,linh6671@fpt.edu.vn,0936585463,2007
FAN06672,Bui Thi Lan,dung6672@yahoo.com,0915520046,1987
FAN06673,Vu Xuan Mai,bach6673@fpt.edu.vn,0969978611,2004
FAN06674,Nguyen Minh Hung,mai6674@hotmail.com,0999847771,2006
FAN06675,Vu Anh Linh,bach6675@gmail.com,0957419961,1989
FAN06676,Do Quoc Vy,linh6676@fpt.edu.vn,0915953302,1988
FAN06677,Dang Xuan Mai,dung6677@hotmail.com,0968681395,2007
FAN06678,Le Van Linh,dung6678@fpt.edu.vn,0947892596,2008
FAN06679,Phan Quoc Mai,linh6679@yahoo.com,0992515636,1997
FAN06680,Hoang Quoc Mai,phong6680@hotmail.com,0996346023,2006
FAN06681,Dang Xuan Hung,bach6681@yahoo.com,0940504891,2004
FAN06682,Pham Thi Bach,hung6682@gmail.com,0947855222,2006
FAN06683,Pham Quoc Bach,quan6683@hotmail.com,0955905407,1993
FAN06684,Nguyen Van Quan,linh6684@gmail.com,0919176941,2008
FAN06685,Do Quoc Bach,quan6685@fpt.edu.vn,0946007252,2002
FAN06686,Phan Minh Phong,quan6686@fpt.edu.vn,0935208823,1992
FAN06687,Do Thi Dung,bach6687@fpt.edu.vn,0966540635,2005
FAN06688,Do Xuan Nam,phong6688@fpt.edu.vn,0962089859,1990
FAN06689,Phan Minh Bach,lan6689@gmail.com,0922047329,2002
FAN06690,Pham Quoc Lan,linh6690@yahoo.com,0910908851,1999
FAN06691,Le Thi Linh,bach6691@hotmail.com,0970820933,1994
FAN06692,Le Hai Phong,bach6692@gmail.com,0929232116,1993
FAN06693,Bui Anh Hung,lan6693@yahoo.com,0940571146,1991
FAN06694,Phan Anh Quan,vy6694@yahoo.com,0980182115,2006
FAN06695,Phan Anh Nam,lan6695@hotmail.com,0997640699,1994
FAN06696,Phan Hai Dung,lan6696@fpt.edu.vn,0946658394,2001
FAN06697,Vu Thi Bach,dung6697@fpt.edu.vn,0998795056,1987
FAN06698,Pham Quoc Quan,nam6698@gmail.com,0918172062,1991
FAN06699,Vu Van Hung,mai6699@gmail.com,0959213279,1993
FAN06700,Bui Duc Dung,nam6700@hotmail.com,0951831591,2002
FAN06701,Tran Gia Vy,nam6701@fpt.edu.vn,0946200401,1996
FAN06702,Tran Tuan Quan,bach6702@hotmail.com,0977227472,1996
FAN06703,Dang Van Vy,linh6703@gmail.com,0976188173,1995
FAN06704,Dang Xuan Lan,linh6704@gmail.com,0936932481,1985
FAN06705,Bui Duc Nam,bach6705@gmail.com,0986670946,2000
FAN06706,Vu Van Vy,phong6706@gmail.com,0986448143,1990
FAN06707,Vu Anh Quan,quan6707@yahoo.com,0936433636,1994
FAN06708,Vu Gia Vy,mai6708@yahoo.com,0959328759,1994
FAN06709,Phan Minh Mai,phong6709@fpt.edu.vn,0952556512,1993
FAN06710,Dang Hai Bach,linh6710@hotmail.com,0981049815,2001
FAN06711,Hoang Anh Quan,bach6711@fpt.edu.vn,0935952686,2001
FAN06712,Le Quoc Vy,linh6712@fpt.edu.vn,0962018352,2002
FAN06713,Do Minh Phong,nam6713@yahoo.com,0986354446,1989
FAN06714,Phan Tuan Linh,mai6714@hotmail.com,0922525513,1985
FAN06715,Do Duc Quan,phong6715@hotmail.com,0928495499,1994
FAN06716,Dang Anh Hung,nam6716@gmail.com,0997700742,2000
FAN06717,Hoang Xuan Linh,linh6717@yahoo.com,0956322758,1998
FAN06718,Vu Gia Dung,linh6718@gmail.com,0938545431,2003
FAN06719,Do Xuan Linh,vy6719@fpt.edu.vn,0959780565,1995
FAN06720,Vu Anh Vy,hung6720@hotmail.com,0922763833,1997
FAN06721,Hoang Thi Hung,dung6721@hotmail.com,0981784388,1994
FAN06722,Hoang Duc Bach,bach6722@yahoo.com,0924507324,2002
FAN06723,Do Quoc Vy,mai6723@gmail.com,0929896161,1988
FAN06724,Do Thi Nam,quan6724@hotmail.com,0966474517,1997
FAN06725,Dang Duc Linh,dung6725@fpt.edu.vn,0989149927,1997
FAN06726,Nguyen Tuan Hung,phong6726@gmail.com,0918631218,2002
FAN06727,Bui Van Lan,mai6727@yahoo.com,0955407593,2003
FAN06728,Dang Anh Quan,quan6728@fpt.edu.vn,0956281919,1995
FAN06729,Phan Quoc Linh,dung6729@gmail.com,0990780392,1990
FAN06730,Dang Anh Lan,nam6730@gmail.com,0949168193,1990
FAN06731,Hoang Thi Quan,mai6731@hotmail.com,0995684463,1992
FAN06732,Hoang Hai Linh,linh6732@hotmail.com,0963770060,1992
FAN06733,Bui Thi Vy,dung6733@yahoo.com,0996074596,1985
FAN06734,Le Hai Phong,nam6734@fpt.edu.vn,0945675032,2005
FAN06735,Vu Hai Hung,mai6735@yahoo.com,0998620130,1994
FAN06736,Bui Thi Vy,lan6736@gmail.com,0937713610,2003
FAN06737,Dang Anh Phong,nam6737@gmail.com,0914545952,2007
FAN06738,Phan Duc Mai,phong6738@yahoo.com,0975277419,2007
FAN06739,Do Minh Bach,bach6739@fpt.edu.vn,0958569087,1986
FAN06740,Pham Minh Nam,nam6740@fpt.edu.vn,0957683675,2007
FAN06741,Tran Quoc Mai,hung6741@gmail.com,0982637162,1991
FAN06742,Bui Tuan Vy,nam6742@yahoo.com,0930667346,1989
FAN06743,Pham Hai Bach,nam6743@yahoo.com,0929710976,1988
FAN06744,Nguyen Gia Hung,vy6744@yahoo.com,0996674450,2003
FAN06745,Pham Gia Linh,hung6745@yahoo.com,0948355807,1988
FAN06746,Do Quoc Lan,dung6746@yahoo.com,0912145442,1997
FAN06747,Pham Thi Nam,lan6747@gmail.com,0958842289,1994
FAN06748,Tran Van Phong,bach6748@yahoo.com,0979810010,1993
FAN06749,Bui Tuan Bach,hung6749@gmail.com,0965409896,2002
FAN06750,Le Minh Bach,hung6750@hotmail.com,0960731473,2004
FAN06751,Do Hai Mai,bach6751@fpt.edu.vn,0991051731,2002
FAN06752,Nguyen Xuan Hung,vy6752@hotmail.com,0999954004,1996
FAN06753,Vu Minh Dung,dung6753@yahoo.com,0951298367,1998
FAN06754,Tran Minh Dung,phong6754@hotmail.com,0935002505,1985
FAN06755,Do Gia Nam,nam6755@hotmail.com,0911944971,1993
FAN06756,Tran Anh Dung,phong6756@fpt.edu.vn,0915967707,2004
FAN06757,Tran Anh Dung,vy6757@yahoo.com,0952940442,2008
FAN06758,Phan Thi Dung,hung6758@yahoo.com,0948747153,2004
FAN06759,Do Gia Phong,dung6759@gmail.com,0928904735,1987
FAN06760,Bui Minh Dung,quan6760@gmail.com,0978103862,2000
FAN06761,Do Xuan Bach,bach6761@fpt.edu.vn,0978101220,1985
FAN06762,Pham Minh Nam,phong6762@yahoo.com,0962373312,2004
FAN06763,Bui Gia Bach,lan6763@gmail.com,0959193888,2004
FAN06764,Hoang Minh Mai,linh6764@fpt.edu.vn,0937120223,1990
FAN06765,Do Quoc Nam,dung6765@yahoo.com,0958773740,1997
FAN06766,Phan Anh Hung,nam6766@yahoo.com,0952018532,2006
FAN06767,Le Tuan Mai,dung6767@hotmail.com,0982823861,2002
FAN06768,Vu Thi Bach,hung6768@hotmail.com,0953317075,1989
FAN06769,Pham Quoc Phong,quan6769@fpt.edu.vn,0971325416,2001
FAN06770,Tran Xuan Nam,linh6770@hotmail.com,0946689647,2000
FAN06771,Pham Anh Quan,quan6771@yahoo.com,0955888586,2005
FAN06772,Dang Minh Hung,bach6772@hotmail.com,0946635319,2003
FAN06773,Hoang Van Bach,nam6773@yahoo.com,0927916714,1997
FAN06774,Tran Quoc Dung,dung6774@gmail.com,0940287678,1999
FAN06775,Vu Xuan Lan,mai6775@gmail.com,0935395392,2007
FAN06776,Hoang Xuan Hung,phong6776@hotmail.com,0924027503,1985
FAN06777,Bui Xuan Lan,vy6777@yahoo.com,0928540167,1997
FAN06778,Pham Minh Vy,hung6778@hotmail.com,0982383658,1995
FAN06779,Phan Hai Dung,bach6779@fpt.edu.vn,0923114169,2000
FAN06780,Dang Anh Bach,phong6780@hotmail.com,0921546754,1999
FAN06781,Vu Quoc Mai,lan6781@hotmail.com,0969905295,2008
FAN06782,Dang Minh Quan,bach6782@hotmail.com,0956488045,2006
FAN06783,Pham Minh Vy,nam6783@hotmail.com,0974427643,1989
FAN06784,Do Anh Bach,quan6784@gmail.com,0981648547,1992
FAN06785,Phan Duc Bach,hung6785@fpt.edu.vn,0992948235,2004
FAN06786,Pham Anh Quan,vy6786@hotmail.com,0953172828,1997
FAN06787,Tran Duc Lan,hung6787@hotmail.com,0941280238,1992
FAN06788,Hoang Van Vy,quan6788@yahoo.com,0988080888,1992
FAN06789,Bui Anh Bach,vy6789@yahoo.com,0953553982,1985
FAN06790,Phan Hai Phong,hung6790@gmail.com,0937710385,2006
FAN06791,Pham Anh Hung,lan6791@fpt.edu.vn,0939422992,2007
FAN06792,Do Duc Bach,quan6792@hotmail.com,0953404010,2007
FAN06793,Dang Thi Lan,quan6793@hotmail.com,0939609827,1986
FAN06794,Tran Hai Hung,mai6794@yahoo.com,0946168022,1992
FAN06795,Tran Duc Mai,bach6795@hotmail.com,0967971684,1988
FAN06796,Do Hai Bach,vy6796@fpt.edu.vn,0937169814,1993
FAN06797,Phan Minh Quan,lan6797@yahoo.com,0995402815,2006
FAN06798,Tran Van Quan,mai6798@gmail.com,0974677370,1987
FAN06799,Hoang Hai Nam,vy6799@fpt.edu.vn,0968312733,1989
FAN06800,Vu Duc Nam,linh6800@fpt.edu.vn,0979338459,2006
FAN06801,Dang Duc Linh,phong6801@fpt.edu.vn,0976260569,1989
FAN06802,Vu Xuan Quan,vy6802@gmail.com,0918116867,1993
FAN06803,Pham Anh Linh,nam6803@fpt.edu.vn,0937356245,2000
FAN06804,Bui Thi Nam,hung6804@yahoo.com,0985483877,2006
FAN06805,Nguyen Anh Dung,bach6805@fpt.edu.vn,0971761252,2002
FAN06806,Hoang Duc Nam,quan6806@hotmail.com,0963548337,2003
FAN06807,Tran Anh Linh,lan6807@fpt.edu.vn,0959535606,2008
FAN06808,Vu Duc Quan,dung6808@hotmail.com,0994953792,2006
FAN06809,Nguyen Duc Quan,quan6809@gmail.com,0948026427,1995
FAN06810,Phan Thi Nam,vy6810@gmail.com,0958919144,1994
FAN06811,Do Quoc Dung,hung6811@yahoo.com,0964722166,2004
FAN06812,Dang Tuan Quan,vy6812@yahoo.com,0962887483,2002
FAN06813,Do Hai Phong,mai6813@yahoo.com,0995141246,2004
FAN06814,Le Gia Quan,dung6814@yahoo.com,0976505216,1987
FAN06815,Pham Duc Mai,quan6815@yahoo.com,0980750778,1996
FAN06816,Vu Duc Bach,mai6816@gmail.com,0961474411,1991
FAN06817,Dang Van Linh,nam6817@hotmail.com,0982124528,1991
FAN06818,Phan Gia Dung,dung6818@hotmail.com,0956802514,1990
FAN06819,Hoang Van Quan,bach6819@yahoo.com,0995325147,1987
FAN06820,Tran Tuan Quan,quan6820@hotmail.com,0946908743,1995
FAN06821,Nguyen Hai Lan,lan6821@gmail.com,0957273278,1999
FAN06822,Hoang Duc Nam,mai6822@gmail.com,0937259093,2001
FAN06823,Nguyen Van Phong,dung6823@yahoo.com,0951282203,1993
FAN06824,Bui Anh Vy,nam6824@yahoo.com,0944311184,2000
FAN06825,Le Duc Lan,linh6825@gmail.com,0921523628,1987
FAN06826,Dang Thi Mai,phong6826@hotmail.com,0982750787,2006
FAN06827,Vu Gia Quan,dung6827@hotmail.com,0910512966,2004
FAN06828,Vu Duc Bach,bach6828@hotmail.com,0994608787,2008
FAN06829,Nguyen Hai Nam,mai6829@hotmail.com,0990478765,1994
FAN06830,Tran Van Mai,phong6830@hotmail.com,0982141161,1998
FAN06831,Le Hai Phong,lan6831@yahoo.com,0966458727,1990
FAN06832,Vu Thi Quan,nam6832@fpt.edu.vn,0978688471,2006
FAN06833,Phan Xuan Quan,mai6833@gmail.com,0960371039,1999
FAN06834,Vu Quoc Lan,linh6834@gmail.com,0931106706,1990
FAN06835,Vu Van Quan,linh6835@yahoo.com,0984184788,1992
FAN06836,Pham Gia Dung,phong6836@hotmail.com,0922825589,1989
FAN06837,Pham Duc Nam,lan6837@fpt.edu.vn,0943206780,1986
FAN06838,Nguyen Gia Lan,vy6838@yahoo.com,0990674043,1995
FAN06839,Bui Thi Mai,hung6839@fpt.edu.vn,0952640296,1985
FAN06840,Hoang Van Linh,mai6840@gmail.com,0923251720,2002
FAN06841,Vu Anh Dung,nam6841@fpt.edu.vn,0924411747,1996
FAN06842,Bui Xuan Lan,quan6842@fpt.edu.vn,0914344003,2006
FAN06843,Do Van Hung,hung6843@yahoo.com,0941705650,2000
FAN06844,Pham Gia Phong,linh6844@gmail.com,0932954866,2006
FAN06845,Bui Van Dung,lan6845@gmail.com,0934542259,1994
FAN06846,Vu Anh Bach,vy6846@hotmail.com,0981781139,2000
FAN06847,Pham Tuan Vy,lan6847@yahoo.com,0976486489,2001
FAN06848,Nguyen Thi Quan,dung6848@gmail.com,0965034095,1989
FAN06849,Tran Thi Dung,phong6849@fpt.edu.vn,0975037469,1994
FAN06850,Pham Van Phong,phong6850@gmail.com,0921520108,1993
FAN06851,Vu Anh Quan,phong6851@gmail.com,0920793923,2003
FAN06852,Tran Quoc Quan,linh6852@gmail.com,0948128788,1985
FAN06853,Pham Quoc Nam,hung6853@fpt.edu.vn,0933432053,1994
FAN06854,Dang Van Lan,quan6854@fpt.edu.vn,0979293924,1988
FAN06855,Nguyen Anh Dung,nam6855@hotmail.com,0985944840,2008
FAN06856,Vu Gia Quan,phong6856@fpt.edu.vn,0972828300,1986
FAN06857,Nguyen Duc Lan,lan6857@hotmail.com,0981926225,1991
FAN06858,Vu Gia Mai,dung6858@hotmail.com,0937273475,2003
FAN06859,Le Thi Linh,vy6859@yahoo.com,0911638440,1995
FAN06860,Phan Gia Linh,quan6860@yahoo.com,0922562531,1992
FAN06861,Pham Gia Mai,lan6861@fpt.edu.vn,0936941156,1988
FAN06862,Do Quoc Phong,linh6862@yahoo.com,0935961345,1989
FAN06863,Pham Hai Dung,dung6863@hotmail.com,0966481239,1991
FAN06864,Hoang Duc Linh,nam6864@fpt.edu.vn,0992641957,1997
FAN06865,Tran Duc Hung,lan6865@gmail.com,0982086838,1995
FAN06866,Dang Gia Vy,lan6866@yahoo.com,0997366235,1994
FAN06867,Hoang Gia Vy,mai6867@fpt.edu.vn,0956841407,2007
FAN06868,Tran Gia Phong,linh6868@fpt.edu.vn,0973404424,1999
FAN06869,Dang Duc Nam,dung6869@fpt.edu.vn,0930291847,2002
FAN06870,Bui Xuan Phong,vy6870@fpt.edu.vn,0998970573,2006
FAN06871,Nguyen Duc Linh,nam6871@fpt.edu.vn,0925692894,2006
FAN06872,Le Duc Vy,mai6872@hotmail.com,0948387233,1996
FAN06873,Le Thi Dung,bach6873@hotmail.com,0938185698,1995
FAN06874,Dang Gia Hung,mai6874@gmail.com,0993501030,1986
FAN06875,Vu Gia Lan,lan6875@gmail.com,0970283970,1996
FAN06876,Bui Duc Nam,nam6876@yahoo.com,0918466971,1996
FAN06877,Pham Duc Phong,mai6877@hotmail.com,0956467244,1990
FAN06878,Hoang Xuan Bach,quan6878@yahoo.com,0911934151,1995
FAN06879,Phan Quoc Dung,hung6879@yahoo.com,0973318628,2004
FAN06880,Dang Quoc Lan,bach6880@hotmail.com,0965497913,1997
FAN06881,Tran Hai Bach,hung6881@hotmail.com,0930535184,1993
FAN06882,Hoang Hai Quan,lan6882@yahoo.com,0974080432,1992
FAN06883,Bui Van Quan,nam6883@hotmail.com,0923233225,1989
FAN06884,Le Hai Nam,nam6884@fpt.edu.vn,0917355955,1997
FAN06885,Pham Duc Quan,mai6885@gmail.com,0982402792,1989
FAN06886,Do Van Bach,hung6886@hotmail.com,0979531579,1990
FAN06887,Do Thi Linh,mai6887@gmail.com,0947068293,1991
FAN06888,Vu Hai Hung,mai6888@hotmail.com,0911217692,1994
FAN06889,Do Quoc Bach,lan6889@hotmail.com,0926851336,2001
FAN06890,Vu Quoc Phong,phong6890@gmail.com,0971096712,1991
FAN06891,Dang Hai Nam,linh6891@fpt.edu.vn,0997562192,1985
FAN06892,Pham Gia Mai,hung6892@hotmail.com,0955077968,1997
FAN06893,Vu Hai Mai,mai6893@gmail.com,0922443638,2007
FAN06894,Do Thi Lan,bach6894@yahoo.com,0982277961,1996
FAN06895,Pham Minh Hung,vy6895@gmail.com,0927729967,1987
FAN06896,Pham Thi Phong,mai6896@fpt.edu.vn,0953891880,1988
FAN06897,Bui Gia Bach,bach6897@gmail.com,0947690743,1996
FAN06898,Tran Minh Dung,hung6898@gmail.com,0946073776,1987
FAN06899,Vu Tuan Bach,hung6899@hotmail.com,0959536876,1996
FAN06900,Nguyen Tuan Bach,hung6900@hotmail.com,0991064021,2000
FAN06901,Pham Tuan Bach,dung6901@yahoo.com,0943277226,1987
FAN06902,Nguyen Van Mai,bach6902@fpt.edu.vn,0942937322,1998
FAN06903,Tran Van Nam,mai6903@hotmail.com,0920008374,1997
FAN06904,Vu Tuan Phong,phong6904@yahoo.com,0967388678,1992
FAN06905,Pham Minh Mai,linh6905@gmail.com,0983850796,1995
FAN06906,Vu Quoc Lan,quan6906@fpt.edu.vn,0914434529,1996
FAN06907,Tran Xuan Lan,mai6907@hotmail.com,0973616399,1997
FAN06908,Pham Minh Mai,vy6908@hotmail.com,0912792813,2003
FAN06909,Do Xuan Quan,nam6909@yahoo.com,0979503081,1985
FAN06910,Bui Hai Mai,dung6910@fpt.edu.vn,0990345912,1999
FAN06911,Le Hai Bach,mai6911@yahoo.com,0941637247,2002
FAN06912,Tran Quoc Vy,hung6912@yahoo.com,0954784619,1995
FAN06913,Dang Xuan Hung,mai6913@gmail.com,0915956996,2000
FAN06914,Pham Gia Phong,lan6914@gmail.com,0939233127,2001
FAN06915,Pham Duc Dung,linh6915@yahoo.com,0954308951,2000
FAN06916,Bui Minh Hung,lan6916@fpt.edu.vn,0983060852,2008
FAN06917,Nguyen Xuan Quan,vy6917@yahoo.com,0940906595,2006
FAN06918,Do Tuan Vy,linh6918@hotmail.com,0972737775,2000
FAN06919,Le Anh Phong,dung6919@hotmail.com,0961763301,1999
FAN06920,Hoang Quoc Quan,nam6920@fpt.edu.vn,0912772173,1987
FAN06921,Dang Van Quan,mai6921@gmail.com,0991575940,1992
FAN06922,Vu Van Nam,quan6922@gmail.com,0925841604,1985
FAN06923,Le Thi Linh,nam6923@hotmail.com,0992509719,2005
FAN06924,Dang Xuan Phong,bach6924@hotmail.com,0995945368,2005
FAN06925,Nguyen Hai Dung,lan6925@yahoo.com,0910035138,1992
FAN06926,Pham Hai Lan,phong6926@gmail.com,0920760781,2006
FAN06927,Hoang Hai Phong,hung6927@yahoo.com,0936326644,2003
FAN06928,Bui Hai Vy,lan6928@hotmail.com,0947765430,2001
FAN06929,Phan Quoc Nam,hung6929@gmail.com,0919328232,1994
FAN06930,Tran Gia Phong,vy6930@fpt.edu.vn,0918521713,1995
FAN06931,Dang Van Bach,dung6931@gmail.com,0939202127,1988
FAN06932,Do Xuan Vy,mai6932@gmail.com,0982190985,2008
FAN06933,Le Tuan Linh,lan6933@yahoo.com,0938292361,2008
FAN06934,Pham Thi Mai,phong6934@fpt.edu.vn,0936271909,1990
FAN06935,Hoang Quoc Bach,quan6935@hotmail.com,0975741874,1996
FAN06936,Pham Van Nam,vy6936@gmail.com,0999060444,1986
FAN06937,Hoang Thi Nam,quan6937@fpt.edu.vn,0918272623,1988
FAN06938,Nguyen Xuan Hung,dung6938@fpt.edu.vn,0915123307,2004
FAN06939,Pham Hai Dung,vy6939@hotmail.com,0933797709,2000
FAN06940,Bui Tuan Phong,hung6940@hotmail.com,0935639442,2004
FAN06941,Tran Duc Vy,vy6941@hotmail.com,0967448161,2000
FAN06942,Le Tuan Quan,hung6942@gmail.com,0932871002,1989
FAN06943,Nguyen Xuan Quan,phong6943@yahoo.com,0986335216,1992
FAN06944,Do Tuan Lan,nam6944@yahoo.com,0958511921,2005
FAN06945,Vu Minh Vy,nam6945@yahoo.com,0970920928,2002
FAN06946,Dang Duc Linh,linh6946@hotmail.com,0957881891,1997
FAN06947,Vu Gia Dung,nam6947@fpt.edu.vn,0921072641,1999
FAN06948,Nguyen Duc Vy,phong6948@hotmail.com,0938736127,2006
FAN06949,Phan Thi Dung,phong6949@fpt.edu.vn,0990870468,1988
FAN06950,Vu Minh Linh,phong6950@yahoo.com,0996879566,1985
FAN06951,Hoang Minh Phong,vy6951@hotmail.com,0958885168,1989
FAN06952,Tran Duc Bach,linh6952@fpt.edu.vn,0976264467,2005
FAN06953,Le Quoc Mai,lan6953@fpt.edu.vn,0921190573,2004
FAN06954,Do Tuan Hung,dung6954@yahoo.com,0953729334,1993
FAN06955,Tran Quoc Lan,linh6955@yahoo.com,0924968394,1988
FAN06956,Hoang Gia Vy,hung6956@yahoo.com,0944849912,1986
FAN06957,Tran Gia Phong,phong6957@yahoo.com,0986971058,2000
FAN06958,Do Hai Nam,phong6958@hotmail.com,0916901341,2005
FAN06959,Dang Hai Vy,vy6959@yahoo.com,0969186259,1997
FAN06960,Pham Van Vy,phong6960@gmail.com,0915294592,2005
FAN06961,Dang Xuan Vy,hung6961@hotmail.com,0935386506,1988
FAN06962,Hoang Hai Nam,bach6962@hotmail.com,0959197444,2007
FAN06963,Phan Van Dung,linh6963@gmail.com,0929150231,1996
FAN06964,Dang Xuan Mai,vy6964@hotmail.com,0991682781,1999
FAN06965,Tran Minh Hung,mai6965@fpt.edu.vn,0967047840,1991
FAN06966,Vu Tuan Hung,mai6966@fpt.edu.vn,0991471693,1998
FAN06967,Pham Duc Linh,mai6967@fpt.edu.vn,0997845494,1999
FAN06968,Hoang Minh Bach,phong6968@gmail.com,0965371701,1998
FAN06969,Bui Van Quan,quan6969@fpt.edu.vn,0992357645,2001
FAN06970,Bui Thi Bach,vy6970@gmail.com,0982856866,2002
FAN06971,Hoang Hai Dung,phong6971@hotmail.com,0938815916,1999
FAN06972,Hoang Van Hung,linh6972@fpt.edu.vn,0998496705,2005
FAN06973,Phan Gia Mai,nam6973@gmail.com,0937331969,2005
FAN06974,Vu Anh Nam,bach6974@gmail.com,0929453484,1986
FAN06975,Do Gia Linh,quan6975@hotmail.com,0921527239,2001
FAN06976,Le Hai Nam,dung6976@hotmail.com,0922134001,1996
FAN06977,Vu Gia Dung,bach6977@gmail.com,0948602513,1990
FAN06978,Hoang Anh Vy,nam6978@hotmail.com,0979464840,1996
FAN06979,Bui Gia Quan,vy6979@fpt.edu.vn,0937295997,1991
FAN06980,Nguyen Anh Linh,lan6980@yahoo.com,0919959949,2002
FAN06981,Le Van Mai,lan6981@yahoo.com,0936798248,2006
FAN06982,Dang Thi Nam,lan6982@fpt.edu.vn,0969776488,1994
FAN06983,Bui Gia Dung,quan6983@yahoo.com,0917235842,2003
FAN06984,Nguyen Minh Linh,mai6984@hotmail.com,0959838962,2008
FAN06985,Bui Hai Nam,dung6985@yahoo.com,0998589028,1987
FAN06986,Nguyen Thi Quan,dung6986@fpt.edu.vn,0979041143,2005
FAN06987,Dang Quoc Nam,mai6987@fpt.edu.vn,0941855869,2003
FAN06988,Tran Gia Nam,bach6988@hotmail.com,0952988670,1998
FAN06989,Bui Xuan Bach,vy6989@hotmail.com,0970639738,2005
FAN06990,Do Xuan Phong,nam6990@yahoo.com,0990385568,1989
FAN06991,Tran Gia Quan,hung6991@hotmail.com,0935990885,1989
FAN06992,Hoang Hai Vy,lan6992@fpt.edu.vn,0977779295,1993
FAN06993,Bui Van Phong,nam6993@yahoo.com,0957659415,2008
FAN06994,Tran Hai Hung,dung6994@gmail.com,0936935370,1990
FAN06995,Dang Xuan Lan,vy6995@yahoo.com,0958010616,1987
FAN06996,Le Hai Dung,linh6996@yahoo.com,0981114725,1991
FAN06997,Pham Hai Linh,vy6997@hotmail.com,0934611069,1994
FAN06998,Bui Tuan Dung,phong6998@gmail.com,0967478311,2008
FAN06999,Tran Tuan Dung,nam6999@yahoo.com,0985908932,2000
FAN07000,Nguyen Hai Lan,mai7000@gmail.com,0952754602,1997
FAN07001,Pham Quoc Lan,quan7001@hotmail.com,0953660304,1995
FAN07002,Do Minh Mai,bach7002@gmail.com,0942433924,1998
FAN07003,Phan Xuan Hung,nam7003@hotmail.com,0951985554,2001
FAN07004,Dang Gia Bach,bach7004@hotmail.com,0953638819,1989
FAN07005,Le Hai Quan,dung7005@gmail.com,0995540124,2000
FAN07006,Do Tuan Lan,nam7006@fpt.edu.vn,0999916557,2001
FAN07007,Do Gia Nam,dung7007@hotmail.com,0975834977,1994
FAN07008,Dang Minh Quan,bach7008@gmail.com,0981616696,2006
FAN07009,Le Minh Hung,dung7009@yahoo.com,0969281440,1986
FAN07010,Le Xuan Linh,linh7010@hotmail.com,0968269876,1988
FAN07011,Nguyen Minh Quan,phong7011@fpt.edu.vn,0930240842,1986
FAN07012,Hoang Gia Lan,lan7012@fpt.edu.vn,0993555335,2003
FAN07013,Nguyen Anh Dung,linh7013@fpt.edu.vn,0987899651,1988
FAN07014,Do Xuan Nam,dung7014@yahoo.com,0986377170,1995
FAN07015,Vu Van Vy,quan7015@fpt.edu.vn,0956792461,1991
FAN07016,Vu Minh Dung,hung7016@fpt.edu.vn,0913911598,1996
FAN07017,Vu Thi Linh,hung7017@fpt.edu.vn,0988600917,1988
FAN07018,Dang Anh Nam,linh7018@fpt.edu.vn,0927500673,1992
FAN07019,Do Hai Bach,nam7019@yahoo.com,0983789025,2004
FAN07020,Hoang Van Phong,dung7020@fpt.edu.vn,0982556908,1994
FAN07021,Pham Duc Linh,quan7021@fpt.edu.vn,0931672519,2002
FAN07022,Bui Tuan Dung,nam7022@gmail.com,0984957963,2006
FAN07023,Vu Minh Quan,quan7023@gmail.com,0968536849,2002
FAN07024,Vu Duc Mai,hung7024@gmail.com,0956171825,1993
FAN07025,Le Anh Mai,mai7025@fpt.edu.vn,0969075106,1996
FAN07026,Pham Tuan Bach,linh7026@gmail.com,0956034113,1992
FAN07027,Vu Minh Bach,hung7027@fpt.edu.vn,0971042117,1991
FAN07028,Nguyen Hai Lan,lan7028@gmail.com,0967575078,2002
FAN07029,Do Duc Lan,linh7029@fpt.edu.vn,0986127681,1995
FAN07030,Vu Anh Phong,nam7030@fpt.edu.vn,0963565934,1993
FAN07031,Nguyen Duc Nam,mai7031@yahoo.com,0938503076,2007
FAN07032,Dang Xuan Lan,nam7032@hotmail.com,0971023511,1993
FAN07033,Do Duc Bach,lan7033@gmail.com,0928072718,2006
FAN07034,Vu Thi Nam,nam7034@gmail.com,0958770123,1987
FAN07035,Do Van Mai,quan7035@hotmail.com,0944515898,2005
FAN07036,Le Thi Linh,nam7036@fpt.edu.vn,0914292554,1986
FAN07037,Hoang Quoc Lan,nam7037@yahoo.com,0992103203,1990
FAN07038,Do Tuan Vy,linh7038@fpt.edu.vn,0986691587,1991
FAN07039,Do Thi Lan,linh7039@yahoo.com,0997967771,2003
FAN07040,Do Gia Mai,mai7040@fpt.edu.vn,0924018841,1995
FAN07041,Vu Tuan Mai,bach7041@fpt.edu.vn,0985242079,2000
FAN07042,Bui Quoc Dung,phong7042@gmail.com,0912802300,2004
FAN07043,Tran Gia Lan,phong7043@fpt.edu.vn,0921639892,1990
FAN07044,Bui Minh Bach,phong7044@hotmail.com,0957837543,1987
FAN07045,Le Thi Quan,bach7045@gmail.com,0997309095,1998
FAN07046,Dang Anh Linh,dung7046@fpt.edu.vn,0959400919,1994
FAN07047,Phan Quoc Bach,linh7047@fpt.edu.vn,0998855666,2000
FAN07048,Nguyen Xuan Mai,vy7048@yahoo.com,0917540758,2008
FAN07049,Le Van Linh,dung7049@yahoo.com,0956357524,1992
FAN07050,Hoang Hai Vy,bach7050@hotmail.com,0975164152,2006
FAN07051,Do Tuan Vy,mai7051@fpt.edu.vn,0910941591,2001
FAN07052,Le Hai Quan,hung7052@gmail.com,0996242070,1997
FAN07053,Le Van Dung,hung7053@hotmail.com,0962771458,1997
FAN07054,Pham Tuan Bach,bach7054@gmail.com,0960382331,2007
FAN07055,Phan Van Phong,nam7055@gmail.com,0964416707,1988
FAN07056,Vu Gia Nam,dung7056@gmail.com,0939367858,1991
FAN07057,Dang Gia Vy,hung7057@gmail.com,0946202317,1986
FAN07058,Nguyen Duc Linh,quan7058@hotmail.com,0985320247,1990
FAN07059,Le Van Lan,linh7059@hotmail.com,0929538694,1991
FAN07060,Dang Tuan Vy,hung7060@gmail.com,0925752705,2003
FAN07061,Dang Gia Bach,quan7061@hotmail.com,0977429995,2007
FAN07062,Bui Tuan Lan,dung7062@yahoo.com,0913990052,1996
FAN07063,Dang Anh Linh,bach7063@gmail.com,0991047135,1986
FAN07064,Phan Xuan Quan,dung7064@gmail.com,0979913322,2005
FAN07065,Do Anh Linh,hung7065@hotmail.com,0966567757,1995
FAN07066,Pham Gia Linh,mai7066@fpt.edu.vn,0944964516,2000
FAN07067,Hoang Gia Bach,dung7067@fpt.edu.vn,0917542762,1998
FAN07068,Dang Hai Phong,mai7068@yahoo.com,0950686602,2007
FAN07069,Dang Xuan Vy,mai7069@gmail.com,0994867015,1985
FAN07070,Phan Quoc Nam,hung7070@gmail.com,0934643577,2004
FAN07071,Dang Minh Linh,linh7071@gmail.com,0921981867,2008
FAN07072,Do Minh Bach,linh7072@fpt.edu.vn,0922005166,1997
FAN07073,Phan Duc Quan,mai7073@hotmail.com,0958115222,1986
FAN07074,Pham Gia Nam,lan7074@hotmail.com,0972750055,2007
FAN07075,Do Quoc Phong,lan7075@fpt.edu.vn,0912107706,1999
FAN07076,Bui Thi Mai,lan7076@fpt.edu.vn,0976743676,2007
FAN07077,Phan Tuan Quan,bach7077@yahoo.com,0924525088,1993
FAN07078,Vu Quoc Hung,nam7078@hotmail.com,0915290380,2004
FAN07079,Vu Duc Quan,quan7079@yahoo.com,0966814266,2007
FAN07080,Bui Quoc Phong,dung7080@fpt.edu.vn,0938909919,2001
FAN07081,Tran Gia Linh,mai7081@gmail.com,0926315714,1991
FAN07082,Bui Quoc Hung,mai7082@fpt.edu.vn,0991587147,2005
FAN07083,Hoang Duc Mai,linh7083@fpt.edu.vn,0967716446,1989
FAN07084,Vu Xuan Vy,bach7084@fpt.edu.vn,0970395978,2007
FAN07085,Le Minh Bach,quan7085@hotmail.com,0912871224,2006
FAN07086,Hoang Gia Vy,phong7086@fpt.edu.vn,0983931658,2007
FAN07087,Vu Quoc Lan,nam7087@gmail.com,0933979953,1987
FAN07088,Pham Duc Hung,nam7088@hotmail.com,0945650434,1994
FAN07089,Phan Duc Phong,linh7089@gmail.com,0951842437,2007
FAN07090,Nguyen Gia Mai,quan7090@hotmail.com,0997444132,1991
FAN07091,Dang Minh Lan,vy7091@gmail.com,0920404929,1997
FAN07092,Hoang Xuan Mai,phong7092@gmail.com,0933157953,1993
FAN07093,Tran Duc Linh,quan7093@yahoo.com,0950208179,1987
FAN07094,Do Van Vy,lan7094@fpt.edu.vn,0999670033,2001
FAN07095,Le Gia Hung,phong7095@hotmail.com,0991189967,2008
FAN07096,Le Van Quan,lan7096@hotmail.com,0991746160,1989
FAN07097,Tran Duc Vy,dung7097@gmail.com,0916820402,2005
FAN07098,Hoang Anh Mai,lan7098@fpt.edu.vn,0955920933,1991
FAN07099,Tran Gia Bach,quan7099@hotmail.com,0972086287,1987
FAN07100,Phan Duc Vy,dung7100@yahoo.com,0952455050,1998
FAN07101,Le Gia Hung,vy7101@gmail.com,0999210272,1987
FAN07102,Hoang Minh Phong,dung7102@hotmail.com,0937764712,1989
FAN07103,Hoang Duc Lan,nam7103@fpt.edu.vn,0998885405,2008
FAN07104,Le Hai Quan,bach7104@yahoo.com,0966853202,2004
FAN07105,Bui Tuan Hung,dung7105@gmail.com,0979532676,1994
FAN07106,Nguyen Duc Vy,lan7106@gmail.com,0989519913,2005
FAN07107,Pham Van Nam,mai7107@hotmail.com,0998990412,1989
FAN07108,Tran Anh Phong,quan7108@hotmail.com,0935814253,1997
FAN07109,Dang Hai Vy,lan7109@yahoo.com,0992782041,1999
FAN07110,Bui Gia Mai,phong7110@fpt.edu.vn,0960831870,1988
FAN07111,Hoang Van Dung,linh7111@yahoo.com,0955869745,1987
FAN07112,Le Quoc Bach,phong7112@gmail.com,0941371788,1996
FAN07113,Nguyen Duc Linh,nam7113@gmail.com,0979922794,1991
FAN07114,Nguyen Gia Dung,dung7114@gmail.com,0936841516,2008
FAN07115,Le Duc Dung,dung7115@hotmail.com,0986530610,1993
FAN07116,Do Minh Dung,linh7116@hotmail.com,0955829084,2003
FAN07117,Hoang Minh Hung,phong7117@gmail.com,0994838055,2007
FAN07118,Tran Quoc Vy,nam7118@gmail.com,0964908577,1990
FAN07119,Nguyen Quoc Mai,phong7119@fpt.edu.vn,0922810970,2007
FAN07120,Bui Quoc Dung,dung7120@gmail.com,0969846841,2004
FAN07121,Hoang Minh Dung,hung7121@gmail.com,0958484025,2007
FAN07122,Vu Duc Nam,hung7122@yahoo.com,0921803218,2007
FAN07123,Do Duc Quan,linh7123@fpt.edu.vn,0993626007,2001
FAN07124,Vu Thi Dung,phong7124@gmail.com,0946030095,1985
FAN07125,Bui Van Nam,dung7125@yahoo.com,0969227641,1996
FAN07126,Hoang Duc Lan,mai7126@yahoo.com,0919627152,2005
FAN07127,Tran Duc Mai,lan7127@hotmail.com,0938758707,1985
FAN07128,Dang Anh Phong,lan7128@hotmail.com,0918758886,1993
FAN07129,Tran Hai Mai,hung7129@fpt.edu.vn,0983298173,2008
FAN07130,Pham Van Hung,mai7130@gmail.com,0960249848,2000
FAN07131,Do Thi Hung,mai7131@fpt.edu.vn,0919444538,2007
FAN07132,Bui Minh Nam,mai7132@fpt.edu.vn,0968305127,1988
FAN07133,Hoang Thi Mai,hung7133@hotmail.com,0966766030,1987
FAN07134,Tran Tuan Lan,mai7134@gmail.com,0946706451,1997
FAN07135,Bui Van Dung,phong7135@fpt.edu.vn,0944977090,2003
FAN07136,Hoang Thi Linh,quan7136@gmail.com,0922228898,1998
FAN07137,Phan Duc Hung,linh7137@fpt.edu.vn,0960955086,1987
FAN07138,Phan Duc Nam,bach7138@yahoo.com,0940702584,1985
FAN07139,Pham Xuan Lan,mai7139@yahoo.com,0922125254,1999
FAN07140,Phan Thi Linh,phong7140@yahoo.com,0947969546,1986
FAN07141,Dang Van Dung,vy7141@yahoo.com,0971301862,1998
FAN07142,Nguyen Xuan Phong,nam7142@gmail.com,0916641697,1998
FAN07143,Phan Tuan Bach,dung7143@yahoo.com,0930235524,1996
FAN07144,Nguyen Duc Nam,quan7144@gmail.com,0954654927,1993
FAN07145,Hoang Minh Bach,quan7145@yahoo.com,0959080045,2001
FAN07146,Nguyen Gia Phong,linh7146@fpt.edu.vn,0977763126,1990
FAN07147,Vu Gia Bach,linh7147@yahoo.com,0923007460,1990
FAN07148,Do Hai Vy,hung7148@yahoo.com,0924772222,1992
FAN07149,Do Hai Bach,bach7149@gmail.com,0917618875,1994
FAN07150,Bui Tuan Quan,phong7150@yahoo.com,0910989724,1991
FAN07151,Hoang Tuan Phong,phong7151@gmail.com,0999474787,2007
FAN07152,Dang Minh Mai,hung7152@yahoo.com,0913491714,1988
FAN07153,Bui Van Mai,linh7153@fpt.edu.vn,0923532045,2001
FAN07154,Dang Gia Dung,bach7154@hotmail.com,0962628703,1998
FAN07155,Hoang Quoc Quan,linh7155@gmail.com,0937071039,2002
FAN07156,Nguyen Thi Dung,nam7156@gmail.com,0943672936,1988
FAN07157,Do Minh Quan,hung7157@yahoo.com,0974481361,2001
FAN07158,Le Tuan Phong,quan7158@gmail.com,0977523211,1992
FAN07159,Do Thi Linh,bach7159@yahoo.com,0931698843,2000
FAN07160,Dang Quoc Lan,vy7160@yahoo.com,0958058114,1993
FAN07161,Do Tuan Bach,dung7161@fpt.edu.vn,0925017294,2007
FAN07162,Nguyen Quoc Nam,phong7162@gmail.com,0997732857,1991
FAN07163,Nguyen Duc Linh,linh7163@gmail.com,0968719974,1998
FAN07164,Vu Minh Phong,vy7164@yahoo.com,0941713491,2006
FAN07165,Do Anh Hung,mai7165@fpt.edu.vn,0958739422,1991
FAN07166,Phan Hai Lan,phong7166@hotmail.com,0969467006,1996
FAN07167,Nguyen Xuan Mai,quan7167@yahoo.com,0961318906,2007
FAN07168,Do Duc Hung,vy7168@gmail.com,0930866419,1996
FAN07169,Tran Duc Mai,mai7169@yahoo.com,0919483336,1987
FAN07170,Tran Van Bach,dung7170@hotmail.com,0976058739,1988
FAN07171,Nguyen Anh Hung,hung7171@gmail.com,0917677970,1988
FAN07172,Bui Van Linh,quan7172@hotmail.com,0995626826,1989
FAN07173,Phan Van Vy,hung7173@hotmail.com,0997583096,2007
FAN07174,Tran Minh Hung,vy7174@gmail.com,0987811096,1985
FAN07175,Dang Tuan Quan,hung7175@yahoo.com,0978382590,1996
FAN07176,Nguyen Hai Phong,phong7176@gmail.com,0988139046,1987
FAN07177,Bui Quoc Lan,lan7177@yahoo.com,0927932026,2003
FAN07178,Hoang Quoc Linh,quan7178@fpt.edu.vn,0999303314,2001
FAN07179,Dang Duc Bach,quan7179@gmail.com,0957604476,1993
FAN07180,Nguyen Hai Linh,lan7180@yahoo.com,0974045574,1994
FAN07181,Bui Hai Mai,dung7181@yahoo.com,0911889305,2006
FAN07182,Bui Van Mai,mai7182@hotmail.com,0979069097,2005
FAN07183,Pham Anh Mai,vy7183@yahoo.com,0920622795,2000
FAN07184,Dang Thi Mai,linh7184@hotmail.com,0990357201,2001
FAN07185,Tran Van Quan,mai7185@hotmail.com,0931873938,1990
FAN07186,Pham Gia Nam,vy7186@fpt.edu.vn,0910775324,2002
FAN07187,Do Thi Lan,linh7187@gmail.com,0964938341,1986
FAN07188,Nguyen Anh Hung,nam7188@fpt.edu.vn,0947630330,1991
FAN07189,Do Thi Vy,mai7189@fpt.edu.vn,0912433278,1997
FAN07190,Dang Minh Phong,phong7190@hotmail.com,0985241987,1987
FAN07191,Hoang Gia Dung,hung7191@gmail.com,0923596947,1990
FAN07192,Do Gia Dung,phong7192@gmail.com,0933728848,2003
FAN07193,Do Gia Hung,nam7193@yahoo.com,0990406892,2007
FAN07194,Hoang Hai Quan,lan7194@gmail.com,0985429549,2006
FAN07195,Le Tuan Quan,lan7195@hotmail.com,0940519120,2006
FAN07196,Hoang Van Nam,phong7196@yahoo.com,0950304196,1994
FAN07197,Vu Thi Dung,lan7197@fpt.edu.vn,0977786501,2003
FAN07198,Phan Quoc Linh,phong7198@yahoo.com,0983994583,1995
FAN07199,Do Thi Bach,dung7199@yahoo.com,0979430368,1986
FAN07200,Bui Thi Quan,hung7200@gmail.com,0937483798,1994
FAN07201,Dang Duc Quan,nam7201@yahoo.com,0996122518,2003
FAN07202,Nguyen Anh Phong,hung7202@hotmail.com,0987721785,1999
FAN07203,Pham Gia Nam,vy7203@gmail.com,0935936710,2007
FAN07204,Le Thi Quan,lan7204@gmail.com,0959009104,2008
FAN07205,Do Tuan Phong,bach7205@gmail.com,0936497081,2007
FAN07206,Pham Van Lan,nam7206@yahoo.com,0938857313,2003
FAN07207,Tran Van Bach,bach7207@yahoo.com,0973232487,1993
FAN07208,Bui Tuan Dung,hung7208@hotmail.com,0977414133,2008
FAN07209,Phan Quoc Hung,quan7209@hotmail.com,0961997755,1997
FAN07210,Dang Anh Dung,vy7210@gmail.com,0991741119,1987
FAN07211,Le Quoc Lan,lan7211@gmail.com,0945223955,1996
FAN07212,Le Duc Phong,mai7212@yahoo.com,0950283648,1993
FAN07213,Hoang Thi Bach,hung7213@fpt.edu.vn,0953373507,1998
FAN07214,Phan Tuan Nam,mai7214@yahoo.com,0926667257,2003
FAN07215,Nguyen Quoc Bach,hung7215@gmail.com,0962566368,1988
FAN07216,Hoang Anh Vy,hung7216@fpt.edu.vn,0922774897,1987
FAN07217,Bui Duc Linh,dung7217@gmail.com,0973880915,1986
FAN07218,Phan Duc Lan,mai7218@gmail.com,0939038976,2008
FAN07219,Dang Duc Mai,lan7219@fpt.edu.vn,0955824085,1992
FAN07220,Tran Tuan Dung,linh7220@gmail.com,0956742756,1991
FAN07221,Dang Thi Nam,vy7221@fpt.edu.vn,0948241715,1989
FAN07222,Dang Van Quan,phong7222@hotmail.com,0923442520,2008
FAN07223,Nguyen Gia Quan,phong7223@hotmail.com,0975136189,2008
FAN07224,Tran Hai Mai,bach7224@hotmail.com,0930172127,1998
FAN07225,Hoang Xuan Mai,mai7225@gmail.com,0963073083,1997
FAN07226,Tran Tuan Nam,dung7226@hotmail.com,0992391271,2006
FAN07227,Do Minh Nam,quan7227@hotmail.com,0969648549,1987
FAN07228,Le Thi Lan,mai7228@yahoo.com,0966839846,1998
FAN07229,Le Van Dung,linh7229@gmail.com,0981234282,1986
FAN07230,Do Thi Bach,mai7230@yahoo.com,0954947019,1987
FAN07231,Vu Gia Bach,linh7231@fpt.edu.vn,0930517407,1999
FAN07232,Hoang Gia Lan,dung7232@yahoo.com,0916402118,1994
FAN07233,Pham Thi Linh,vy7233@fpt.edu.vn,0930766931,1985
FAN07234,Vu Quoc Dung,lan7234@fpt.edu.vn,0984580559,1988
FAN07235,Tran Anh Linh,quan7235@fpt.edu.vn,0941668824,1988
FAN07236,Dang Xuan Mai,mai7236@hotmail.com,0996250764,2004
FAN07237,Phan Van Mai,linh7237@hotmail.com,0943889906,1999
FAN07238,Vu Gia Phong,bach7238@gmail.com,0923798788,1993
FAN07239,Bui Duc Phong,lan7239@gmail.com,0968413301,1998
FAN07240,Tran Minh Lan,mai7240@yahoo.com,0965041249,2002
FAN07241,Dang Gia Quan,lan7241@yahoo.com,0917909658,1998
FAN07242,Tran Duc Dung,mai7242@gmail.com,0966650264,1994
FAN07243,Le Minh Hung,quan7243@gmail.com,0975818666,1988
FAN07244,Tran Van Quan,mai7244@gmail.com,0943927522,1985
FAN07245,Dang Xuan Quan,mai7245@hotmail.com,0985027802,1992
FAN07246,Bui Xuan Vy,mai7246@yahoo.com,0937761604,1994
FAN07247,Tran Gia Linh,phong7247@gmail.com,0948321054,1991
FAN07248,Phan Tuan Dung,nam7248@gmail.com,0926080047,2000
FAN07249,Pham Thi Hung,linh7249@yahoo.com,0914734386,1993
FAN07250,Tran Duc Quan,bach7250@yahoo.com,0991288831,2004
FAN07251,Le Duc Nam,hung7251@gmail.com,0962556350,2005
FAN07252,Dang Duc Dung,lan7252@yahoo.com,0946301108,2007
FAN07253,Bui Quoc Nam,hung7253@yahoo.com,0989194215,1993
FAN07254,Le Hai Dung,linh7254@hotmail.com,0939710120,1990
FAN07255,Nguyen Duc Linh,quan7255@yahoo.com,0946865645,1996
FAN07256,Phan Tuan Mai,vy7256@fpt.edu.vn,0948237496,1989
FAN07257,Tran Tuan Phong,hung7257@gmail.com,0956707691,2006
FAN07258,Vu Gia Bach,quan7258@fpt.edu.vn,0995805195,2000
FAN07259,Le Duc Bach,vy7259@gmail.com,0963396147,1991
FAN07260,Do Anh Linh,bach7260@fpt.edu.vn,0947460253,1996
FAN07261,Vu Duc Dung,lan7261@gmail.com,0931660067,1992
FAN07262,Bui Xuan Bach,linh7262@gmail.com,0992184376,2002
FAN07263,Bui Tuan Hung,mai7263@hotmail.com,0949349146,2001
FAN07264,Pham Tuan Dung,dung7264@fpt.edu.vn,0992424685,1995
FAN07265,Do Duc Dung,mai7265@yahoo.com,0969418839,2008
FAN07266,Pham Van Bach,mai7266@yahoo.com,0964003686,1987
FAN07267,Tran Duc Linh,bach7267@hotmail.com,0955223803,2004
FAN07268,Phan Hai Bach,nam7268@gmail.com,0978501393,1993
FAN07269,Tran Gia Dung,hung7269@fpt.edu.vn,0910114665,2006
FAN07270,Nguyen Thi Mai,dung7270@yahoo.com,0963899630,1986
FAN07271,Dang Anh Nam,nam7271@yahoo.com,0926575798,2007
FAN07272,Le Thi Dung,phong7272@fpt.edu.vn,0979533898,1998
FAN07273,Bui Anh Vy,phong7273@gmail.com,0989976830,1987
FAN07274,Phan Gia Dung,quan7274@gmail.com,0967621659,1991
FAN07275,Vu Van Linh,linh7275@fpt.edu.vn,0940219622,2007
FAN07276,Hoang Gia Lan,lan7276@gmail.com,0994268537,1994
FAN07277,Vu Tuan Hung,nam7277@hotmail.com,0944212358,2005
FAN07278,Hoang Duc Hung,vy7278@hotmail.com,0981496013,1996
FAN07279,Dang Tuan Vy,lan7279@fpt.edu.vn,0935198665,1995
FAN07280,Pham Thi Quan,lan7280@hotmail.com,0913748201,1999
FAN07281,Pham Hai Quan,hung7281@fpt.edu.vn,0957484920,2003
FAN07282,Dang Minh Vy,vy7282@hotmail.com,0990025229,1999
FAN07283,Pham Gia Quan,vy7283@yahoo.com,0944755298,1996
FAN07284,Hoang Gia Lan,linh7284@yahoo.com,0918722823,1990
FAN07285,Phan Minh Linh,linh7285@gmail.com,0911042447,1992
FAN07286,Do Gia Hung,hung7286@gmail.com,0964258971,2006
FAN07287,Le Minh Phong,mai7287@hotmail.com,0938143466,1986
FAN07288,Pham Hai Nam,phong7288@fpt.edu.vn,0987311378,2005
FAN07289,Hoang Xuan Nam,lan7289@hotmail.com,0927416272,1990
FAN07290,Phan Gia Vy,linh7290@yahoo.com,0927952097,1998
FAN07291,Phan Duc Hung,vy7291@fpt.edu.vn,0916718780,2002
FAN07292,Hoang Xuan Lan,phong7292@gmail.com,0952008306,2002
FAN07293,Do Gia Hung,quan7293@yahoo.com,0935456407,2002
FAN07294,Hoang Gia Mai,dung7294@yahoo.com,0934433386,1987
FAN07295,Vu Van Vy,lan7295@fpt.edu.vn,0958448631,2007
FAN07296,Vu Gia Dung,mai7296@hotmail.com,0923390713,2004
FAN07297,Nguyen Quoc Bach,mai7297@gmail.com,0972525050,2000
FAN07298,Bui Xuan Hung,phong7298@fpt.edu.vn,0914127199,1988
FAN07299,Le Tuan Hung,vy7299@gmail.com,0976199589,2003
FAN07300,Vu Duc Dung,bach7300@yahoo.com,0916642951,2002
FAN07301,Phan Thi Nam,hung7301@fpt.edu.vn,0912869445,1987
FAN07302,Phan Van Lan,vy7302@yahoo.com,0956636431,2007
FAN07303,Dang Thi Hung,hung7303@gmail.com,0969952531,2001
FAN07304,Dang Minh Lan,linh7304@yahoo.com,0984233370,2004
FAN07305,Do Gia Linh,mai7305@hotmail.com,0925709192,2003
FAN07306,Do Tuan Linh,nam7306@fpt.edu.vn,0937639392,2000
FAN07307,Do Thi Nam,bach7307@yahoo.com,0911954402,2006
FAN07308,Le Tuan Mai,lan7308@yahoo.com,0990475466,1989
FAN07309,Pham Xuan Nam,quan7309@yahoo.com,0910429993,2008
FAN07310,Bui Anh Vy,quan7310@gmail.com,0943882708,2008
FAN07311,Le Xuan Hung,hung7311@gmail.com,0963927541,1994
FAN07312,Dang Gia Quan,hung7312@hotmail.com,0958258643,1996
FAN07313,Pham Hai Mai,hung7313@yahoo.com,0945055084,1991
FAN07314,Le Duc Lan,bach7314@hotmail.com,0982054348,1987
FAN07315,Dang Hai Bach,linh7315@hotmail.com,0959018670,1996
FAN07316,Pham Gia Mai,mai7316@gmail.com,0985000220,2001
FAN07317,Dang Tuan Mai,dung7317@hotmail.com,0926078622,1990
FAN07318,Hoang Xuan Hung,nam7318@yahoo.com,0950127166,2004
FAN07319,Dang Duc Mai,hung7319@fpt.edu.vn,0973777185,2005
FAN07320,Nguyen Gia Linh,dung7320@hotmail.com,0959153936,2004
FAN07321,Do Duc Mai,vy7321@yahoo.com,0980785879,1995
FAN07322,Do Van Hung,vy7322@fpt.edu.vn,0919757786,1987
FAN07323,Phan Thi Quan,nam7323@hotmail.com,0927468357,1985
FAN07324,Bui Anh Phong,bach7324@gmail.com,0980329799,2000
FAN07325,Do Gia Phong,hung7325@yahoo.com,0919632385,1988
FAN07326,Nguyen Xuan Hung,bach7326@yahoo.com,0992089028,1989
FAN07327,Le Duc Quan,mai7327@hotmail.com,0911493492,1986
FAN07328,Nguyen Quoc Hung,bach7328@hotmail.com,0937646700,1998
FAN07329,Pham Minh Phong,lan7329@gmail.com,0992384165,1993
FAN07330,Do Gia Lan,mai7330@fpt.edu.vn,0936855132,1994
FAN07331,Le Tuan Linh,quan7331@yahoo.com,0974551479,1986
FAN07332,Dang Quoc Linh,linh7332@hotmail.com,0932492083,1998
FAN07333,Bui Duc Vy,linh7333@gmail.com,0944368695,2002
FAN07334,Dang Van Mai,nam7334@hotmail.com,0929960127,1989
FAN07335,Hoang Thi Nam,hung7335@yahoo.com,0919525708,1992
FAN07336,Hoang Hai Mai,vy7336@gmail.com,0945788910,2005
FAN07337,Dang Anh Mai,linh7337@fpt.edu.vn,0967933361,2000
FAN07338,Hoang Tuan Quan,linh7338@yahoo.com,0972418262,1992
FAN07339,Phan Thi Hung,linh7339@gmail.com,0983776674,1993
FAN07340,Nguyen Xuan Phong,lan7340@hotmail.com,0967964623,2004
FAN07341,Nguyen Minh Nam,nam7341@fpt.edu.vn,0919917059,2007
FAN07342,Hoang Quoc Phong,lan7342@gmail.com,0933493174,1987
FAN07343,Bui Thi Quan,vy7343@hotmail.com,0997659293,1999
FAN07344,Pham Minh Nam,lan7344@fpt.edu.vn,0984885163,1998
FAN07345,Do Thi Quan,mai7345@yahoo.com,0961723831,1995
FAN07346,Phan Minh Quan,vy7346@yahoo.com,0942736493,1999
FAN07347,Hoang Tuan Lan,dung7347@yahoo.com,0924415076,1998
FAN07348,Phan Anh Linh,hung7348@yahoo.com,0997767472,1986
FAN07349,Bui Tuan Quan,phong7349@yahoo.com,0994825240,1998
FAN07350,Hoang Hai Quan,hung7350@gmail.com,0918628325,1995
FAN07351,Le Quoc Nam,quan7351@hotmail.com,0925323208,1994
FAN07352,Do Gia Bach,vy7352@hotmail.com,0912554745,1990
FAN07353,Pham Duc Vy,bach7353@hotmail.com,0924237477,1995
FAN07354,Nguyen Duc Nam,lan7354@fpt.edu.vn,0917619883,1989
FAN07355,Nguyen Tuan Quan,hung7355@yahoo.com,0918554668,2003
FAN07356,Pham Thi Mai,nam7356@hotmail.com,0974441535,1992
FAN07357,Tran Quoc Hung,linh7357@hotmail.com,0910287159,2002
FAN07358,Nguyen Xuan Mai,quan7358@hotmail.com,0977765206,2000
FAN07359,Nguyen Hai Quan,nam7359@hotmail.com,0966407233,1997
FAN07360,Le Gia Quan,vy7360@gmail.com,0911709881,1994
FAN07361,Nguyen Gia Quan,nam7361@hotmail.com,0943319131,2002
FAN07362,Bui Thi Dung,lan7362@fpt.edu.vn,0928790434,2002
FAN07363,Bui Tuan Phong,mai7363@fpt.edu.vn,0928028642,1990
FAN07364,Do Xuan Linh,linh7364@fpt.edu.vn,0969027836,2007
FAN07365,Bui Duc Bach,dung7365@yahoo.com,0966329211,1986
FAN07366,Le Minh Bach,bach7366@fpt.edu.vn,0920577526,1991
FAN07367,Do Tuan Dung,lan7367@gmail.com,0921633027,1997
FAN07368,Hoang Minh Vy,dung7368@gmail.com,0924683752,1993
FAN07369,Hoang Tuan Mai,vy7369@hotmail.com,0981681019,1991
FAN07370,Pham Minh Quan,bach7370@yahoo.com,0995550168,1992
FAN07371,Tran Hai Dung,nam7371@gmail.com,0964804662,1994
FAN07372,Do Gia Nam,vy7372@gmail.com,0968434721,1987
FAN07373,Hoang Duc Nam,nam7373@gmail.com,0952855237,2006
FAN07374,Do Tuan Nam,linh7374@fpt.edu.vn,0978014559,1990
FAN07375,Le Minh Hung,dung7375@gmail.com,0926794934,1999
FAN07376,Nguyen Minh Bach,nam7376@hotmail.com,0934937897,1999
FAN07377,Vu Thi Hung,quan7377@fpt.edu.vn,0993264809,1999
FAN07378,Hoang Gia Dung,phong7378@fpt.edu.vn,0959022703,1993
FAN07379,Nguyen Anh Linh,nam7379@yahoo.com,0977333064,1990
FAN07380,Phan Xuan Bach,phong7380@gmail.com,0986311761,2008
FAN07381,Dang Minh Lan,linh7381@hotmail.com,0939184589,1989
FAN07382,Vu Thi Vy,phong7382@yahoo.com,0964196625,1991
FAN07383,Hoang Duc Phong,quan7383@fpt.edu.vn,0924587936,2001
FAN07384,Le Van Quan,hung7384@gmail.com,0976995952,1994
FAN07385,Bui Quoc Bach,linh7385@gmail.com,0928632905,2005
FAN07386,Vu Tuan Lan,dung7386@hotmail.com,0960666097,1986
FAN07387,Do Van Linh,dung7387@gmail.com,0980824600,1994
FAN07388,Phan Tuan Vy,bach7388@gmail.com,0951324888,1986
FAN07389,Dang Duc Hung,quan7389@fpt.edu.vn,0999091683,1996
FAN07390,Vu Gia Linh,mai7390@fpt.edu.vn,0949239127,2007
FAN07391,Nguyen Xuan Phong,bach7391@gmail.com,0943649882,2001
FAN07392,Do Anh Vy,mai7392@yahoo.com,0928774279,1993
FAN07393,Do Tuan Mai,linh7393@fpt.edu.vn,0985148189,1990
FAN07394,Le Tuan Quan,quan7394@hotmail.com,0961936381,2000
FAN07395,Dang Tuan Bach,lan7395@gmail.com,0929133206,2002
FAN07396,Phan Anh Lan,phong7396@gmail.com,0935403663,2005
FAN07397,Do Duc Nam,hung7397@gmail.com,0916840013,1999
FAN07398,Nguyen Duc Hung,phong7398@gmail.com,0969516628,2000
FAN07399,Nguyen Xuan Hung,dung7399@yahoo.com,0972013041,2002
FAN07400,Phan Van Vy,linh7400@fpt.edu.vn,0982044401,1990
FAN07401,Le Xuan Linh,dung7401@yahoo.com,0911843079,1992
FAN07402,Nguyen Minh Mai,mai7402@hotmail.com,0983252813,1985
FAN07403,Dang Tuan Linh,phong7403@fpt.edu.vn,0949408403,1987
FAN07404,Tran Minh Mai,hung7404@hotmail.com,0972088878,2006
FAN07405,Dang Gia Quan,quan7405@fpt.edu.vn,0962745390,2006
FAN07406,Do Anh Lan,bach7406@hotmail.com,0943889483,1986
FAN07407,Vu Gia Lan,vy7407@yahoo.com,0916445526,1993
FAN07408,Tran Hai Dung,linh7408@yahoo.com,0945594800,1995
FAN07409,Bui Anh Vy,hung7409@yahoo.com,0975231931,2002
FAN07410,Hoang Xuan Lan,dung7410@hotmail.com,0943163044,1985
FAN07411,Vu Quoc Bach,nam7411@yahoo.com,0986439222,1995
FAN07412,Le Thi Phong,phong7412@gmail.com,0978748807,1986
FAN07413,Le Xuan Phong,quan7413@fpt.edu.vn,0928983431,2001
FAN07414,Pham Tuan Nam,hung7414@gmail.com,0966314006,1994
FAN07415,Tran Tuan Vy,bach7415@gmail.com,0962660677,1998
FAN07416,Bui Van Lan,nam7416@yahoo.com,0945666999,1990
FAN07417,Bui Van Mai,vy7417@fpt.edu.vn,0922765933,1998
FAN07418,Dang Xuan Linh,hung7418@gmail.com,0925135442,1998
FAN07419,Do Van Quan,vy7419@hotmail.com,0951902304,2006
FAN07420,Bui Quoc Linh,dung7420@yahoo.com,0998587194,1997
FAN07421,Dang Xuan Lan,linh7421@gmail.com,0948094439,1992
FAN07422,Do Tuan Dung,quan7422@yahoo.com,0942163586,1994
FAN07423,Dang Anh Dung,hung7423@gmail.com,0942041978,2008
FAN07424,Bui Anh Phong,lan7424@hotmail.com,0932393158,1985
FAN07425,Do Gia Quan,lan7425@yahoo.com,0992563624,1997
FAN07426,Dang Thi Quan,linh7426@hotmail.com,0989557384,1986
FAN07427,Pham Quoc Vy,linh7427@hotmail.com,0995340222,1997
FAN07428,Nguyen Xuan Phong,dung7428@fpt.edu.vn,0938178352,2002
FAN07429,Le Minh Phong,bach7429@hotmail.com,0938111144,2006
FAN07430,Vu Anh Lan,vy7430@fpt.edu.vn,0989156523,2004
FAN07431,Do Xuan Mai,bach7431@hotmail.com,0949103519,2007
FAN07432,Nguyen Thi Lan,linh7432@yahoo.com,0912031457,1996
FAN07433,Hoang Hai Hung,lan7433@yahoo.com,0968570844,1988
FAN07434,Hoang Tuan Linh,mai7434@hotmail.com,0948923283,1995
FAN07435,Dang Thi Phong,mai7435@hotmail.com,0952278542,2001
FAN07436,Le Thi Lan,bach7436@gmail.com,0965058623,1992
FAN07437,Nguyen Tuan Lan,lan7437@gmail.com,0952090453,1997
FAN07438,Do Minh Lan,mai7438@gmail.com,0915099562,2008
FAN07439,Pham Hai Nam,phong7439@hotmail.com,0925341784,1989
FAN07440,Pham Van Hung,quan7440@hotmail.com,0926112992,1988
FAN07441,Bui Thi Dung,hung7441@yahoo.com,0938915417,2001
FAN07442,Do Gia Lan,vy7442@yahoo.com,0933659475,1991
FAN07443,Dang Hai Mai,mai7443@hotmail.com,0942473058,1987
FAN07444,Pham Minh Dung,quan7444@yahoo.com,0989584929,1992
FAN07445,Vu Minh Nam,phong7445@gmail.com,0995813741,1988
FAN07446,Nguyen Minh Linh,dung7446@hotmail.com,0920097006,1998
FAN07447,Hoang Tuan Phong,dung7447@fpt.edu.vn,0924160307,2001
FAN07448,Le Tuan Vy,phong7448@fpt.edu.vn,0938559398,1989
FAN07449,Do Duc Vy,vy7449@hotmail.com,0987323990,2002
FAN07450,Hoang Hai Mai,vy7450@gmail.com,0929412334,2007
FAN07451,Nguyen Hai Vy,hung7451@gmail.com,0962454474,1994
FAN07452,Nguyen Van Lan,hung7452@fpt.edu.vn,0911667924,1991
FAN07453,Tran Van Vy,bach7453@gmail.com,0911570484,1985
FAN07454,Vu Anh Nam,phong7454@gmail.com,0944083089,1994
FAN07455,Le Hai Vy,lan7455@yahoo.com,0929597390,1995
FAN07456,Phan Hai Quan,lan7456@hotmail.com,0951430975,1985
FAN07457,Dang Hai Vy,nam7457@hotmail.com,0976846861,2001
FAN07458,Le Thi Mai,linh7458@gmail.com,0940794811,2004
FAN07459,Le Van Lan,nam7459@yahoo.com,0921464300,1988
FAN07460,Do Thi Quan,hung7460@gmail.com,0950937214,2000
FAN07461,Nguyen Duc Bach,quan7461@yahoo.com,0966357972,2002
FAN07462,Hoang Thi Phong,dung7462@gmail.com,0998957725,1995
FAN07463,Nguyen Duc Quan,vy7463@yahoo.com,0976342488,1997
FAN07464,Phan Anh Nam,nam7464@fpt.edu.vn,0994200862,1991
FAN07465,Vu Anh Bach,dung7465@gmail.com,0953637015,1991
FAN07466,Dang Duc Bach,linh7466@yahoo.com,0980904847,2004
FAN07467,Dang Gia Dung,quan7467@hotmail.com,0968912287,2008
FAN07468,Le Tuan Mai,dung7468@gmail.com,0950836799,2003
FAN07469,Pham Quoc Nam,vy7469@fpt.edu.vn,0969570430,2003
FAN07470,Hoang Quoc Linh,mai7470@hotmail.com,0962459125,1988
FAN07471,Le Gia Phong,vy7471@gmail.com,0926693044,1991
FAN07472,Dang Anh Nam,dung7472@gmail.com,0960902443,1989
FAN07473,Phan Van Nam,mai7473@gmail.com,0988700706,1985
FAN07474,Do Xuan Linh,nam7474@yahoo.com,0938887468,1998
FAN07475,Vu Thi Lan,quan7475@hotmail.com,0924234775,1997
FAN07476,Phan Hai Mai,lan7476@gmail.com,0934077208,1987
FAN07477,Vu Xuan Mai,nam7477@hotmail.com,0957632156,1997
FAN07478,Hoang Gia Quan,linh7478@fpt.edu.vn,0927485952,1992
FAN07479,Bui Quoc Quan,lan7479@hotmail.com,0947934080,1996
FAN07480,Le Minh Bach,bach7480@fpt.edu.vn,0915991315,1987
FAN07481,Le Gia Phong,phong7481@yahoo.com,0981748598,1997
FAN07482,Tran Xuan Lan,linh7482@fpt.edu.vn,0935027090,1991
FAN07483,Pham Tuan Bach,bach7483@hotmail.com,0916840349,2001
FAN07484,Do Gia Bach,vy7484@yahoo.com,0940055761,1995
FAN07485,Le Quoc Vy,hung7485@hotmail.com,0915935558,1987
FAN07486,Do Anh Vy,linh7486@hotmail.com,0962115482,1998
FAN07487,Le Gia Phong,bach7487@yahoo.com,0948922103,1986
FAN07488,Le Anh Mai,quan7488@gmail.com,0973088768,1999
FAN07489,Le Quoc Mai,bach7489@fpt.edu.vn,0941948450,1997
FAN07490,Phan Gia Lan,mai7490@fpt.edu.vn,0995016960,2006
FAN07491,Phan Duc Linh,mai7491@gmail.com,0971814511,1993
FAN07492,Le Duc Lan,lan7492@hotmail.com,0970201181,1999
FAN07493,Bui Hai Bach,dung7493@yahoo.com,0928944776,1993
FAN07494,Tran Anh Bach,bach7494@hotmail.com,0928244705,1996
FAN07495,Tran Hai Dung,dung7495@hotmail.com,0913239725,1994
FAN07496,Pham Van Hung,hung7496@hotmail.com,0924351424,2000
FAN07497,Do Anh Phong,lan7497@gmail.com,0924916833,1989
FAN07498,Pham Tuan Linh,vy7498@hotmail.com,0949669942,2001
FAN07499,Do Hai Lan,vy7499@fpt.edu.vn,0934909265,2006
FAN07500,Le Van Mai,phong7500@gmail.com,0950683554,1985
FAN07501,Nguyen Duc Bach,lan7501@yahoo.com,0934705971,1997
FAN07502,Dang Thi Linh,linh7502@yahoo.com,0914146364,2004
FAN07503,Tran Minh Phong,bach7503@fpt.edu.vn,0957292840,1988
FAN07504,Bui Gia Lan,mai7504@fpt.edu.vn,0989168476,1991
FAN07505,Dang Xuan Mai,bach7505@fpt.edu.vn,0959907680,1988
FAN07506,Nguyen Tuan Vy,mai7506@gmail.com,0965827271,1989
FAN07507,Pham Xuan Nam,quan7507@fpt.edu.vn,0926185213,2004
FAN07508,Phan Minh Quan,dung7508@yahoo.com,0931475855,1996
FAN07509,Pham Thi Vy,mai7509@fpt.edu.vn,0980051697,2004
FAN07510,Nguyen Duc Quan,lan7510@fpt.edu.vn,0916224680,1998
FAN07511,Tran Anh Lan,lan7511@gmail.com,0943838843,1985
FAN07512,Nguyen Tuan Dung,vy7512@hotmail.com,0978430478,1997
FAN07513,Tran Hai Bach,bach7513@fpt.edu.vn,0936003792,1999
FAN07514,Nguyen Quoc Quan,mai7514@yahoo.com,0989861806,1990
FAN07515,Bui Tuan Dung,hung7515@hotmail.com,0935010572,1997
FAN07516,Nguyen Quoc Dung,hung7516@hotmail.com,0973127923,2008
FAN07517,Le Quoc Vy,phong7517@yahoo.com,0945262581,1988
FAN07518,Pham Anh Lan,linh7518@fpt.edu.vn,0917193675,2006
FAN07519,Phan Quoc Quan,lan7519@fpt.edu.vn,0974319844,2008
FAN07520,Tran Duc Vy,linh7520@hotmail.com,0948608702,2008
FAN07521,Pham Xuan Bach,vy7521@gmail.com,0947499468,2005
FAN07522,Vu Quoc Mai,mai7522@fpt.edu.vn,0997986472,1998
FAN07523,Pham Van Bach,phong7523@yahoo.com,0914537479,1999
FAN07524,Do Quoc Bach,mai7524@yahoo.com,0925411289,1995
FAN07525,Hoang Thi Quan,nam7525@gmail.com,0979906866,2008
FAN07526,Phan Xuan Vy,vy7526@gmail.com,0994931591,1997
FAN07527,Do Xuan Bach,nam7527@fpt.edu.vn,0918146040,1997
FAN07528,Nguyen Duc Bach,hung7528@yahoo.com,0918982979,1996
FAN07529,Pham Anh Hung,linh7529@yahoo.com,0976703233,1997
FAN07530,Do Tuan Quan,vy7530@hotmail.com,0955619034,2008
FAN07531,Nguyen Thi Quan,dung7531@fpt.edu.vn,0998370728,1997
FAN07532,Do Xuan Bach,vy7532@fpt.edu.vn,0918276909,1998
FAN07533,Le Xuan Hung,quan7533@yahoo.com,0981685633,1999
FAN07534,Hoang Tuan Mai,quan7534@hotmail.com,0913209271,1993
FAN07535,Dang Hai Vy,hung7535@fpt.edu.vn,0949865697,1992
FAN07536,Tran Gia Hung,bach7536@gmail.com,0941540705,1990
FAN07537,Pham Tuan Nam,mai7537@yahoo.com,0995646976,1999
FAN07538,Nguyen Thi Phong,linh7538@yahoo.com,0934864986,1998
FAN07539,Le Quoc Nam,hung7539@fpt.edu.vn,0997370828,1990
FAN07540,Hoang Xuan Nam,phong7540@yahoo.com,0920219597,1997
FAN07541,Hoang Hai Hung,dung7541@yahoo.com,0928609044,2000
FAN07542,Nguyen Van Nam,mai7542@fpt.edu.vn,0973715928,2005
FAN07543,Nguyen Duc Linh,nam7543@yahoo.com,0998219914,2006
FAN07544,Dang Quoc Lan,quan7544@hotmail.com,0975209843,2006
FAN07545,Tran Hai Bach,lan7545@hotmail.com,0928369219,1998
FAN07546,Do Van Mai,hung7546@gmail.com,0910653221,2001
FAN07547,Hoang Xuan Nam,nam7547@hotmail.com,0929515832,1989
FAN07548,Hoang Thi Nam,mai7548@hotmail.com,0945002577,2005
FAN07549,Nguyen Hai Phong,quan7549@gmail.com,0974511038,2005
FAN07550,Bui Gia Nam,phong7550@yahoo.com,0923332417,2006
FAN07551,Le Anh Mai,bach7551@hotmail.com,0926557138,2002
FAN07552,Bui Duc Quan,nam7552@yahoo.com,0998880509,1988
FAN07553,Tran Van Dung,bach7553@fpt.edu.vn,0979160866,1992
FAN07554,Bui Van Bach,dung7554@hotmail.com,0930242315,1991
FAN07555,Dang Duc Mai,lan7555@yahoo.com,0935630608,1992
FAN07556,Nguyen Gia Linh,lan7556@hotmail.com,0970639338,1990
FAN07557,Tran Duc Phong,hung7557@fpt.edu.vn,0923241001,2000
FAN07558,Hoang Tuan Bach,quan7558@hotmail.com,0937454441,1991
FAN07559,Bui Gia Hung,vy7559@yahoo.com,0978502742,1991
FAN07560,Tran Van Mai,quan7560@fpt.edu.vn,0924590170,1992
FAN07561,Vu Xuan Vy,lan7561@fpt.edu.vn,0979194105,1992
FAN07562,Dang Xuan Bach,phong7562@yahoo.com,0974547771,2002
FAN07563,Nguyen Xuan Mai,dung7563@yahoo.com,0950642173,1990
FAN07564,Le Van Phong,hung7564@hotmail.com,0967583690,1986
FAN07565,Tran Tuan Quan,lan7565@fpt.edu.vn,0976288321,1997
FAN07566,Phan Tuan Hung,lan7566@hotmail.com,0940488132,1985
FAN07567,Nguyen Minh Bach,lan7567@yahoo.com,0930665358,1988
FAN07568,Hoang Hai Mai,mai7568@hotmail.com,0957964254,1985
FAN07569,Do Duc Bach,bach7569@yahoo.com,0953521780,1999
FAN07570,Le Tuan Linh,quan7570@yahoo.com,0943893680,2000
FAN07571,Tran Quoc Bach,quan7571@gmail.com,0938961419,1986
FAN07572,Hoang Minh Quan,hung7572@fpt.edu.vn,0936112984,1996
FAN07573,Do Anh Vy,nam7573@gmail.com,0968407507,1992
FAN07574,Do Hai Nam,lan7574@hotmail.com,0914797768,2003
FAN07575,Le Tuan Nam,mai7575@gmail.com,0912201238,1997
FAN07576,Pham Xuan Linh,hung7576@gmail.com,0979129855,1995
FAN07577,Nguyen Quoc Vy,hung7577@yahoo.com,0916855111,2001
FAN07578,Tran Hai Dung,phong7578@fpt.edu.vn,0935893933,2005
FAN07579,Le Hai Phong,nam7579@gmail.com,0981487882,1985
FAN07580,Do Anh Linh,quan7580@fpt.edu.vn,0963760428,1999
FAN07581,Bui Quoc Phong,dung7581@hotmail.com,0921058859,2005
FAN07582,Do Thi Quan,dung7582@fpt.edu.vn,0932712346,2008
FAN07583,Do Duc Hung,phong7583@yahoo.com,0935437449,2005
FAN07584,Do Gia Quan,linh7584@fpt.edu.vn,0950885582,2002
FAN07585,Bui Tuan Phong,quan7585@gmail.com,0925069957,1991
FAN07586,Vu Duc Hung,dung7586@fpt.edu.vn,0925570989,1998
FAN07587,Le Hai Hung,lan7587@gmail.com,0971903987,1994
FAN07588,Bui Quoc Dung,hung7588@yahoo.com,0916332219,1986
FAN07589,Hoang Tuan Dung,linh7589@hotmail.com,0955190370,2001
FAN07590,Nguyen Quoc Dung,dung7590@hotmail.com,0910614040,1992
FAN07591,Bui Hai Vy,nam7591@fpt.edu.vn,0979462821,1993
FAN07592,Pham Gia Dung,dung7592@gmail.com,0910532608,1996
FAN07593,Pham Hai Dung,dung7593@gmail.com,0962350226,1996
FAN07594,Vu Quoc Linh,phong7594@fpt.edu.vn,0976101766,2006
FAN07595,Do Hai Vy,vy7595@hotmail.com,0942342464,1985
FAN07596,Do Quoc Lan,hung7596@fpt.edu.vn,0930953807,1990
FAN07597,Dang Van Vy,nam7597@yahoo.com,0915891615,1995
FAN07598,Le Quoc Hung,nam7598@yahoo.com,0980071112,1985
FAN07599,Vu Thi Vy,dung7599@hotmail.com,0990610372,1991
FAN07600,Vu Anh Dung,lan7600@hotmail.com,0982659170,2002
FAN07601,Vu Gia Mai,mai7601@gmail.com,0968566858,1998
FAN07602,Pham Hai Bach,hung7602@fpt.edu.vn,0932215354,2006
FAN07603,Phan Xuan Lan,nam7603@hotmail.com,0945231260,1989
FAN07604,Dang Van Bach,quan7604@fpt.edu.vn,0999324504,2006
FAN07605,Bui Xuan Lan,lan7605@yahoo.com,0976603912,1991
FAN07606,Tran Minh Linh,bach7606@gmail.com,0958950844,1997
FAN07607,Vu Minh Bach,mai7607@hotmail.com,0992251613,1992
FAN07608,Tran Xuan Hung,quan7608@gmail.com,0937343917,2008
FAN07609,Bui Anh Quan,mai7609@fpt.edu.vn,0957957472,1986
FAN07610,Hoang Hai Lan,quan7610@gmail.com,0995595114,2001
FAN07611,Le Minh Vy,quan7611@yahoo.com,0969869964,2001
FAN07612,Hoang Anh Phong,nam7612@fpt.edu.vn,0962728459,2007
FAN07613,Le Quoc Mai,bach7613@hotmail.com,0967538136,2004
FAN07614,Tran Tuan Bach,hung7614@hotmail.com,0918025320,1994
FAN07615,Dang Minh Linh,hung7615@fpt.edu.vn,0930513879,1988
FAN07616,Tran Quoc Lan,lan7616@fpt.edu.vn,0982059562,2001
FAN07617,Pham Anh Mai,linh7617@hotmail.com,0916830831,1988
FAN07618,Do Anh Linh,vy7618@fpt.edu.vn,0976139490,1986
FAN07619,Pham Minh Lan,quan7619@hotmail.com,0967826551,2006
FAN07620,Tran Thi Lan,linh7620@hotmail.com,0912146838,1997
FAN07621,Tran Hai Bach,nam7621@fpt.edu.vn,0997582134,1987
FAN07622,Bui Hai Vy,linh7622@fpt.edu.vn,0959509939,1991
FAN07623,Hoang Quoc Bach,linh7623@fpt.edu.vn,0948089756,1987
FAN07624,Tran Duc Mai,linh7624@hotmail.com,0981876195,1987
FAN07625,Phan Anh Mai,linh7625@hotmail.com,0959900495,1986
FAN07626,Hoang Minh Mai,linh7626@fpt.edu.vn,0993841371,2008
FAN07627,Do Hai Bach,vy7627@hotmail.com,0990983597,1985
FAN07628,Nguyen Xuan Mai,hung7628@gmail.com,0928445655,2007
FAN07629,Tran Tuan Phong,hung7629@yahoo.com,0957008094,1990
FAN07630,Tran Van Lan,lan7630@hotmail.com,0998417115,1989
FAN07631,Nguyen Thi Nam,bach7631@fpt.edu.vn,0952676078,1996
FAN07632,Dang Anh Quan,phong7632@gmail.com,0943152855,2007
FAN07633,Bui Gia Bach,vy7633@hotmail.com,0979293263,1992
FAN07634,Bui Tuan Hung,mai7634@hotmail.com,0970249133,1994
FAN07635,Tran Anh Nam,linh7635@yahoo.com,0953066192,1986
FAN07636,Do Gia Quan,dung7636@yahoo.com,0916922383,2000
FAN07637,Hoang Tuan Mai,linh7637@gmail.com,0935082822,1994
FAN07638,Nguyen Hai Mai,mai7638@gmail.com,0958142000,1994
FAN07639,Vu Xuan Phong,mai7639@fpt.edu.vn,0949702982,1988
FAN07640,Le Anh Linh,quan7640@yahoo.com,0956414223,2005
FAN07641,Le Xuan Mai,quan7641@hotmail.com,0955720134,1998
FAN07642,Do Hai Vy,bach7642@hotmail.com,0935011400,1994
FAN07643,Vu Minh Hung,bach7643@fpt.edu.vn,0940737787,1989
FAN07644,Dang Hai Vy,lan7644@hotmail.com,0926290701,1993
FAN07645,Pham Duc Dung,quan7645@yahoo.com,0939798279,1995
FAN07646,Nguyen Thi Vy,vy7646@yahoo.com,0967052175,1985
FAN07647,Phan Van Phong,mai7647@hotmail.com,0971354474,1992
FAN07648,Vu Xuan Quan,vy7648@fpt.edu.vn,0932839386,2000
FAN07649,Hoang Tuan Phong,vy7649@hotmail.com,0977523823,2000
FAN07650,Vu Thi Dung,lan7650@fpt.edu.vn,0993262109,1994
FAN07651,Pham Minh Phong,phong7651@hotmail.com,0951723712,1985
FAN07652,Hoang Xuan Lan,quan7652@gmail.com,0938821663,1994
FAN07653,Hoang Gia Mai,vy7653@fpt.edu.vn,0921241192,2000
FAN07654,Vu Van Lan,linh7654@yahoo.com,0958289004,1988
FAN07655,Vu Duc Dung,mai7655@gmail.com,0972386339,2006
FAN07656,Tran Thi Dung,vy7656@hotmail.com,0999687685,2007
FAN07657,Phan Thi Nam,quan7657@yahoo.com,0931054302,2003
FAN07658,Tran Duc Quan,mai7658@fpt.edu.vn,0928575376,1987
FAN07659,Pham Van Phong,phong7659@fpt.edu.vn,0978394590,1990
FAN07660,Vu Minh Bach,linh7660@hotmail.com,0991365081,2002
FAN07661,Dang Xuan Quan,dung7661@yahoo.com,0922704270,1995
FAN07662,Vu Minh Dung,nam7662@fpt.edu.vn,0954944034,2000
FAN07663,Hoang Xuan Bach,lan7663@hotmail.com,0961768521,1986
FAN07664,Pham Tuan Phong,dung7664@hotmail.com,0931885820,1986
FAN07665,Bui Hai Bach,quan7665@fpt.edu.vn,0938882574,2004
FAN07666,Bui Hai Lan,quan7666@fpt.edu.vn,0948559138,1991
FAN07667,Tran Duc Quan,bach7667@gmail.com,0940997295,1998
FAN07668,Phan Gia Nam,nam7668@hotmail.com,0942923629,1996
FAN07669,Bui Gia Phong,bach7669@gmail.com,0996125296,2000
FAN07670,Tran Minh Mai,quan7670@gmail.com,0987204374,2001
FAN07671,Phan Gia Dung,mai7671@yahoo.com,0942505523,2007
FAN07672,Hoang Xuan Mai,lan7672@yahoo.com,0992582026,1986
FAN07673,Vu Van Vy,hung7673@gmail.com,0990064923,1998
FAN07674,Hoang Xuan Phong,nam7674@fpt.edu.vn,0943336697,2001
FAN07675,Le Minh Dung,mai7675@fpt.edu.vn,0921036307,1987
FAN07676,Do Xuan Vy,hung7676@gmail.com,0994285875,1994
FAN07677,Tran Duc Bach,bach7677@gmail.com,0974492611,2000
FAN07678,Bui Quoc Hung,mai7678@yahoo.com,0935301835,2000
FAN07679,Vu Thi Mai,quan7679@fpt.edu.vn,0991619963,1988
FAN07680,Phan Van Vy,mai7680@yahoo.com,0926212207,1994
FAN07681,Pham Thi Hung,linh7681@hotmail.com,0939544813,2008
FAN07682,Do Hai Linh,linh7682@hotmail.com,0985166807,1999
FAN07683,Phan Hai Vy,phong7683@yahoo.com,0957386567,2008
FAN07684,Do Gia Lan,mai7684@fpt.edu.vn,0970293442,1989
FAN07685,Tran Duc Bach,hung7685@yahoo.com,0918269572,1991
FAN07686,Bui Minh Vy,vy7686@fpt.edu.vn,0921341937,1990
FAN07687,Hoang Minh Dung,quan7687@hotmail.com,0958298174,1987
FAN07688,Tran Quoc Lan,vy7688@gmail.com,0916070646,2003
FAN07689,Phan Quoc Linh,nam7689@gmail.com,0998477755,1994
FAN07690,Le Duc Nam,mai7690@gmail.com,0942768864,1994
FAN07691,Dang Xuan Phong,phong7691@gmail.com,0939006553,2005
FAN07692,Tran Minh Dung,hung7692@gmail.com,0913203136,2001
FAN07693,Le Van Linh,nam7693@hotmail.com,0914561907,1999
FAN07694,Dang Quoc Lan,dung7694@fpt.edu.vn,0964510224,1996
FAN07695,Tran Tuan Nam,linh7695@hotmail.com,0973324687,1996
FAN07696,Tran Xuan Linh,linh7696@yahoo.com,0956507292,1990
FAN07697,Le Hai Lan,vy7697@gmail.com,0942660297,1995
FAN07698,Tran Anh Mai,hung7698@gmail.com,0958153782,1995
FAN07699,Tran Quoc Nam,dung7699@yahoo.com,0969318625,1992
FAN07700,Pham Anh Nam,quan7700@gmail.com,0937937841,2006
FAN07701,Vu Xuan Bach,lan7701@yahoo.com,0988573067,1985
FAN07702,Vu Hai Phong,linh7702@gmail.com,0910402587,2000
FAN07703,Vu Xuan Dung,phong7703@hotmail.com,0986420227,1991
FAN07704,Tran Tuan Nam,vy7704@fpt.edu.vn,0980440477,2005
FAN07705,Hoang Van Phong,lan7705@fpt.edu.vn,0945009089,1986
FAN07706,Nguyen Hai Phong,lan7706@hotmail.com,0918214562,2006
FAN07707,Pham Thi Hung,bach7707@fpt.edu.vn,0952199521,1987
FAN07708,Dang Minh Phong,linh7708@yahoo.com,0984683966,1991
FAN07709,Vu Xuan Nam,bach7709@fpt.edu.vn,0998206389,1998
FAN07710,Phan Minh Nam,hung7710@yahoo.com,0946816199,2006
FAN07711,Dang Anh Linh,phong7711@yahoo.com,0963485674,2001
FAN07712,Pham Tuan Lan,hung7712@hotmail.com,0926789223,1996
FAN07713,Tran Thi Vy,lan7713@gmail.com,0994390547,2003
FAN07714,Tran Van Phong,linh7714@yahoo.com,0996724661,1994
FAN07715,Tran Gia Linh,linh7715@hotmail.com,0965849393,1993
FAN07716,Tran Thi Bach,linh7716@fpt.edu.vn,0921835953,1992
FAN07717,Hoang Duc Vy,mai7717@hotmail.com,0924926276,2008
FAN07718,Bui Anh Nam,linh7718@yahoo.com,0913697380,2004
FAN07719,Nguyen Van Lan,vy7719@yahoo.com,0931196696,1994
FAN07720,Nguyen Hai Dung,quan7720@hotmail.com,0989066149,1999
FAN07721,Vu Duc Lan,hung7721@yahoo.com,0973018100,1990
FAN07722,Le Hai Nam,hung7722@fpt.edu.vn,0986278196,1995
FAN07723,Phan Tuan Dung,linh7723@hotmail.com,0964712417,2002
FAN07724,Dang Gia Linh,linh7724@gmail.com,0940202395,2004
FAN07725,Hoang Thi Dung,phong7725@yahoo.com,0949685117,1989
FAN07726,Tran Minh Lan,bach7726@fpt.edu.vn,0953222735,1985
FAN07727,Phan Xuan Bach,dung7727@yahoo.com,0919137552,1996
FAN07728,Pham Xuan Linh,bach7728@yahoo.com,0990440785,2007
FAN07729,Hoang Duc Vy,mai7729@yahoo.com,0941128852,1999
FAN07730,Dang Duc Linh,lan7730@hotmail.com,0965401378,1988
FAN07731,Hoang Gia Dung,quan7731@yahoo.com,0975715793,1988
FAN07732,Tran Anh Nam,phong7732@hotmail.com,0946433276,2001
FAN07733,Nguyen Tuan Mai,hung7733@gmail.com,0914576379,1994
FAN07734,Bui Tuan Quan,phong7734@fpt.edu.vn,0915486233,1995
FAN07735,Pham Hai Quan,mai7735@yahoo.com,0953448931,1989
FAN07736,Phan Thi Dung,vy7736@fpt.edu.vn,0920803312,1997
FAN07737,Phan Van Dung,vy7737@yahoo.com,0969457378,1995
FAN07738,Hoang Van Hung,linh7738@hotmail.com,0943403573,1992
FAN07739,Tran Anh Hung,mai7739@fpt.edu.vn,0985701635,1988
FAN07740,Bui Xuan Dung,phong7740@hotmail.com,0981527607,1988
FAN07741,Le Xuan Linh,vy7741@hotmail.com,0979778090,1999
FAN07742,Do Hai Bach,linh7742@gmail.com,0950462201,1995
FAN07743,Le Quoc Hung,linh7743@hotmail.com,0913524694,2008
FAN07744,Phan Gia Hung,dung7744@hotmail.com,0927875751,2001
FAN07745,Pham Anh Dung,dung7745@fpt.edu.vn,0910722718,2004
FAN07746,Nguyen Xuan Dung,quan7746@yahoo.com,0998432487,2001
FAN07747,Phan Van Hung,hung7747@gmail.com,0970652879,1994
FAN07748,Vu Hai Nam,quan7748@yahoo.com,0928542314,2000
FAN07749,Phan Van Hung,bach7749@fpt.edu.vn,0956731008,2000
FAN07750,Phan Van Bach,quan7750@gmail.com,0964628394,2001
FAN07751,Phan Quoc Nam,lan7751@hotmail.com,0938829263,1997
FAN07752,Dang Hai Quan,bach7752@hotmail.com,0916397607,2004
FAN07753,Vu Van Dung,quan7753@yahoo.com,0920382383,1999
FAN07754,Pham Quoc Lan,mai7754@fpt.edu.vn,0937805411,1996
FAN07755,Do Thi Bach,hung7755@yahoo.com,0961172451,1998
FAN07756,Nguyen Gia Mai,vy7756@fpt.edu.vn,0994102570,1998
FAN07757,Le Gia Nam,quan7757@fpt.edu.vn,0915052199,2006
FAN07758,Bui Van Lan,bach7758@fpt.edu.vn,0976686122,2005
FAN07759,Vu Minh Lan,quan7759@yahoo.com,0955957491,2000
FAN07760,Dang Minh Quan,phong7760@gmail.com,0924353306,2006
FAN07761,Vu Hai Bach,linh7761@hotmail.com,0917300714,1986
FAN07762,Pham Duc Nam,phong7762@gmail.com,0993188728,1987
FAN07763,Phan Anh Dung,vy7763@fpt.edu.vn,0952707493,2003
FAN07764,Vu Van Lan,bach7764@hotmail.com,0991899646,2007
FAN07765,Hoang Quoc Phong,quan7765@fpt.edu.vn,0912043974,1990
FAN07766,Pham Anh Phong,hung7766@fpt.edu.vn,0953671590,1995
FAN07767,Dang Quoc Dung,phong7767@gmail.com,0964828880,1989
FAN07768,Phan Hai Quan,phong7768@yahoo.com,0977617424,2004
FAN07769,Nguyen Van Nam,phong7769@yahoo.com,0989275185,2003
FAN07770,Tran Tuan Quan,lan7770@fpt.edu.vn,0932326280,1993
FAN07771,Nguyen Thi Bach,phong7771@fpt.edu.vn,0974569360,1985
FAN07772,Le Duc Nam,hung7772@hotmail.com,0976306519,2007
FAN07773,Le Xuan Bach,quan7773@fpt.edu.vn,0927466576,2008
FAN07774,Pham Tuan Nam,dung7774@gmail.com,0962133467,1990
FAN07775,Dang Quoc Bach,hung7775@hotmail.com,0966605127,1985
FAN07776,Nguyen Xuan Mai,phong7776@hotmail.com,0966666063,2007
FAN07777,Dang Tuan Phong,dung7777@yahoo.com,0988073812,2004
FAN07778,Tran Van Phong,hung7778@yahoo.com,0916343732,2002
FAN07779,Phan Van Hung,bach7779@fpt.edu.vn,0993664481,1988
FAN07780,Dang Gia Hung,lan7780@gmail.com,0996430668,1988
FAN07781,Dang Gia Vy,nam7781@fpt.edu.vn,0956626752,1985
FAN07782,Dang Xuan Mai,mai7782@gmail.com,0963501738,2005
FAN07783,Dang Quoc Nam,dung7783@hotmail.com,0972675396,1986
FAN07784,Do Anh Hung,quan7784@fpt.edu.vn,0968157725,2001
FAN07785,Hoang Hai Linh,linh7785@gmail.com,0986796788,1990
FAN07786,Do Thi Quan,lan7786@hotmail.com,0996008233,1997
FAN07787,Do Minh Linh,mai7787@hotmail.com,0944611372,1999
FAN07788,Le Xuan Mai,lan7788@fpt.edu.vn,0967925912,1986
FAN07789,Bui Duc Phong,phong7789@hotmail.com,0946325316,1991
FAN07790,Le Van Phong,nam7790@fpt.edu.vn,0974532995,1986
FAN07791,Pham Gia Linh,hung7791@fpt.edu.vn,0982608424,2001
FAN07792,Le Xuan Vy,phong7792@fpt.edu.vn,0962004092,1993
FAN07793,Hoang Van Mai,dung7793@hotmail.com,0965669806,1991
FAN07794,Do Quoc Quan,hung7794@yahoo.com,0995285744,1998
FAN07795,Pham Thi Linh,nam7795@yahoo.com,0953422479,1986
FAN07796,Dang Thi Lan,bach7796@yahoo.com,0961318937,2006
FAN07797,Vu Tuan Mai,lan7797@fpt.edu.vn,0921749375,1994
FAN07798,Phan Xuan Hung,dung7798@gmail.com,0946383229,2004
FAN07799,Le Duc Linh,quan7799@yahoo.com,0912003167,2003
FAN07800,Dang Xuan Hung,hung7800@fpt.edu.vn,0940015347,2007
FAN07801,Do Minh Vy,bach7801@fpt.edu.vn,0990331816,2006
FAN07802,Le Minh Linh,hung7802@gmail.com,0984775830,2000
FAN07803,Hoang Thi Linh,lan7803@fpt.edu.vn,0918782936,2004
FAN07804,Hoang Van Quan,bach7804@gmail.com,0995174266,2007
FAN07805,Phan Minh Phong,bach7805@fpt.edu.vn,0986765667,1993
FAN07806,Phan Duc Mai,linh7806@hotmail.com,0964989244,1997
FAN07807,Dang Gia Quan,mai7807@gmail.com,0931838091,1985
FAN07808,Hoang Gia Bach,linh7808@fpt.edu.vn,0977939857,2000
FAN07809,Phan Duc Linh,mai7809@yahoo.com,0992038097,2007
FAN07810,Nguyen Anh Linh,vy7810@hotmail.com,0947660398,1987
FAN07811,Tran Quoc Dung,dung7811@yahoo.com,0917104892,1998
FAN07812,Dang Hai Dung,lan7812@gmail.com,0981611945,2004
FAN07813,Hoang Anh Vy,nam7813@fpt.edu.vn,0912218537,1989
FAN07814,Hoang Quoc Hung,dung7814@yahoo.com,0959805149,1992
FAN07815,Hoang Hai Lan,bach7815@hotmail.com,0992639069,2000
FAN07816,Phan Xuan Mai,hung7816@gmail.com,0943458507,2007
FAN07817,Vu Anh Vy,hung7817@yahoo.com,0987433605,1989
FAN07818,Dang Tuan Quan,dung7818@gmail.com,0917659695,1989
FAN07819,Vu Van Nam,bach7819@fpt.edu.vn,0961311157,2003
FAN07820,Hoang Duc Quan,phong7820@fpt.edu.vn,0955129055,1992
FAN07821,Dang Thi Hung,vy7821@fpt.edu.vn,0947307161,2006
FAN07822,Le Duc Nam,mai7822@hotmail.com,0954259860,2007
FAN07823,Bui Hai Linh,dung7823@fpt.edu.vn,0993739905,1993
FAN07824,Phan Minh Vy,vy7824@yahoo.com,0920056140,1986
FAN07825,Bui Hai Mai,bach7825@yahoo.com,0925081633,2008
FAN07826,Vu Quoc Dung,dung7826@gmail.com,0924519410,1985
FAN07827,Pham Gia Lan,lan7827@hotmail.com,0977115524,1998
FAN07828,Phan Van Quan,vy7828@gmail.com,0919799195,1992
FAN07829,Do Thi Phong,dung7829@gmail.com,0926218485,1986
FAN07830,Tran Tuan Phong,vy7830@hotmail.com,0961714459,1989
FAN07831,Vu Anh Bach,linh7831@gmail.com,0934186655,1993
FAN07832,Phan Gia Linh,phong7832@hotmail.com,0973062794,1997
FAN07833,Do Minh Linh,dung7833@hotmail.com,0944090942,1994
FAN07834,Nguyen Van Dung,bach7834@yahoo.com,0971726119,1987
FAN07835,Tran Quoc Nam,vy7835@hotmail.com,0922111989,1993
FAN07836,Tran Tuan Linh,dung7836@fpt.edu.vn,0935530737,2002
FAN07837,Phan Minh Bach,lan7837@fpt.edu.vn,0914077710,2006
FAN07838,Phan Quoc Dung,hung7838@fpt.edu.vn,0951840795,2006
FAN07839,Le Xuan Dung,bach7839@yahoo.com,0940514800,1998
FAN07840,Hoang Hai Hung,quan7840@gmail.com,0932669352,1995
FAN07841,Bui Gia Dung,hung7841@fpt.edu.vn,0968203356,2006
FAN07842,Do Xuan Dung,linh7842@gmail.com,0912296692,1998
FAN07843,Le Gia Lan,dung7843@fpt.edu.vn,0971525934,1990
FAN07844,Do Duc Phong,hung7844@yahoo.com,0966430117,2006
FAN07845,Do Gia Bach,vy7845@yahoo.com,0953322359,1990
FAN07846,Do Minh Linh,mai7846@gmail.com,0939179883,1992
FAN07847,Phan Xuan Vy,vy7847@fpt.edu.vn,0935408618,1994
FAN07848,Le Gia Phong,vy7848@gmail.com,0910402574,1988
FAN07849,Do Thi Nam,linh7849@fpt.edu.vn,0986168682,1998
FAN07850,Le Gia Bach,mai7850@gmail.com,0994638750,1994
FAN07851,Pham Van Vy,mai7851@yahoo.com,0977667494,1997
FAN07852,Hoang Minh Dung,nam7852@yahoo.com,0966045974,2005
FAN07853,Pham Xuan Phong,dung7853@fpt.edu.vn,0955324844,2007
FAN07854,Vu Anh Hung,lan7854@yahoo.com,0926962481,1994
FAN07855,Pham Xuan Nam,linh7855@gmail.com,0997940495,2000
FAN07856,Le Gia Quan,lan7856@hotmail.com,0923890404,1994
FAN07857,Tran Duc Dung,hung7857@yahoo.com,0965533850,1990
FAN07858,Bui Xuan Vy,vy7858@gmail.com,0924804178,1997
FAN07859,Dang Van Hung,linh7859@fpt.edu.vn,0982514396,1994
FAN07860,Tran Hai Mai,quan7860@hotmail.com,0948798886,1996
FAN07861,Nguyen Tuan Hung,dung7861@hotmail.com,0954209868,1998
FAN07862,Tran Van Bach,lan7862@hotmail.com,0958032527,2007
FAN07863,Tran Duc Quan,dung7863@yahoo.com,0977510566,2004
FAN07864,Nguyen Van Quan,hung7864@hotmail.com,0957705422,1992
FAN07865,Hoang Van Vy,mai7865@hotmail.com,0993550212,1999
FAN07866,Dang Hai Hung,linh7866@yahoo.com,0959165205,1997
FAN07867,Bui Duc Vy,dung7867@yahoo.com,0949221576,2008
FAN07868,Phan Xuan Linh,lan7868@fpt.edu.vn,0954721649,2008
FAN07869,Le Anh Nam,mai7869@yahoo.com,0994775525,1996
FAN07870,Hoang Duc Bach,mai7870@gmail.com,0973807859,1995
FAN07871,Nguyen Gia Mai,dung7871@yahoo.com,0968230939,1990
FAN07872,Pham Van Bach,linh7872@fpt.edu.vn,0916698659,1997
FAN07873,Do Minh Nam,lan7873@fpt.edu.vn,0985686961,1987
FAN07874,Do Minh Phong,dung7874@hotmail.com,0955162851,2005
FAN07875,Bui Minh Vy,dung7875@hotmail.com,0958751455,1996
FAN07876,Dang Minh Hung,quan7876@yahoo.com,0982867138,2008
FAN07877,Nguyen Tuan Mai,vy7877@fpt.edu.vn,0929087065,1987
FAN07878,Phan Minh Nam,linh7878@yahoo.com,0979240667,1996
FAN07879,Tran Minh Bach,bach7879@hotmail.com,0915847727,1987
FAN07880,Tran Duc Quan,linh7880@gmail.com,0948903535,1994
FAN07881,Pham Duc Lan,phong7881@fpt.edu.vn,0915185039,1987
FAN07882,Phan Minh Bach,quan7882@fpt.edu.vn,0981722932,1987
FAN07883,Do Anh Mai,lan7883@fpt.edu.vn,0942478715,2005
FAN07884,Tran Van Hung,dung7884@fpt.edu.vn,0992688552,1993
FAN07885,Nguyen Thi Vy,nam7885@fpt.edu.vn,0980405687,2001
FAN07886,Pham Hai Mai,quan7886@hotmail.com,0979073076,2002
FAN07887,Bui Tuan Quan,mai7887@yahoo.com,0913763431,1995
FAN07888,Le Quoc Vy,phong7888@yahoo.com,0967228659,1999
FAN07889,Do Thi Mai,hung7889@hotmail.com,0966161672,1994
FAN07890,Do Tuan Phong,quan7890@fpt.edu.vn,0923222916,1988
FAN07891,Dang Hai Dung,phong7891@yahoo.com,0982014493,1989
FAN07892,Le Van Nam,dung7892@hotmail.com,0979721313,2006
FAN07893,Tran Tuan Phong,quan7893@gmail.com,0993231750,1988
FAN07894,Bui Xuan Nam,linh7894@fpt.edu.vn,0968550303,1992
FAN07895,Tran Minh Vy,phong7895@gmail.com,0962433688,2008
FAN07896,Le Duc Mai,vy7896@yahoo.com,0933926072,2003
FAN07897,Vu Gia Lan,phong7897@yahoo.com,0933043187,2005
FAN07898,Vu Quoc Phong,nam7898@gmail.com,0946129937,2007
FAN07899,Bui Duc Nam,nam7899@yahoo.com,0952263765,1991
FAN07900,Hoang Hai Nam,hung7900@fpt.edu.vn,0923818316,2007
FAN07901,Pham Minh Hung,bach7901@hotmail.com,0919218905,1987
FAN07902,Dang Quoc Lan,mai7902@yahoo.com,0918096374,2004
FAN07903,Nguyen Gia Linh,vy7903@gmail.com,0976360032,1995
FAN07904,Bui Gia Dung,phong7904@fpt.edu.vn,0998129325,2004
FAN07905,Do Tuan Quan,hung7905@hotmail.com,0928776524,1986
FAN07906,Nguyen Duc Quan,dung7906@fpt.edu.vn,0999908751,2000
FAN07907,Vu Quoc Vy,phong7907@hotmail.com,0932656595,2006
FAN07908,Phan Hai Dung,vy7908@yahoo.com,0925316885,1992
FAN07909,Tran Gia Nam,dung7909@fpt.edu.vn,0982951463,2007
FAN07910,Pham Anh Linh,hung7910@fpt.edu.vn,0966473751,2008
FAN07911,Tran Thi Phong,nam7911@gmail.com,0927652960,1992
FAN07912,Tran Gia Mai,vy7912@gmail.com,0950734476,2001
FAN07913,Phan Duc Linh,hung7913@gmail.com,0931901549,2002
FAN07914,Hoang Gia Linh,vy7914@fpt.edu.vn,0971208562,1995
FAN07915,Bui Thi Lan,vy7915@gmail.com,0919272121,1992
FAN07916,Dang Duc Mai,linh7916@fpt.edu.vn,0922524710,1995
FAN07917,Hoang Thi Dung,hung7917@hotmail.com,0992187799,1989
FAN07918,Vu Tuan Linh,lan7918@gmail.com,0934670419,1998
FAN07919,Pham Quoc Lan,mai7919@hotmail.com,0933731512,1999
FAN07920,Vu Tuan Nam,dung7920@yahoo.com,0938563440,2003
FAN07921,Dang Gia Mai,lan7921@fpt.edu.vn,0965979931,1985
FAN07922,Nguyen Xuan Lan,linh7922@hotmail.com,0958167091,2003
FAN07923,Hoang Quoc Linh,lan7923@fpt.edu.vn,0994798901,1999
FAN07924,Dang Van Vy,phong7924@fpt.edu.vn,0914283276,2000
FAN07925,Hoang Tuan Vy,hung7925@fpt.edu.vn,0973396399,1990
FAN07926,Do Hai Nam,phong7926@yahoo.com,0947481791,1987
FAN07927,Bui Xuan Hung,quan7927@hotmail.com,0977269370,2007
FAN07928,Hoang Thi Vy,dung7928@fpt.edu.vn,0948678965,1991
FAN07929,Hoang Minh Mai,bach7929@hotmail.com,0949097207,1996
FAN07930,Pham Minh Nam,lan7930@fpt.edu.vn,0919911214,2004
FAN07931,Vu Van Phong,lan7931@yahoo.com,0957737109,1987
FAN07932,Do Thi Dung,hung7932@fpt.edu.vn,0919741652,2008
FAN07933,Dang Van Mai,quan7933@hotmail.com,0937696071,2006
FAN07934,Hoang Van Lan,linh7934@hotmail.com,0927635399,1987
FAN07935,Dang Xuan Phong,phong7935@yahoo.com,0955688192,1990
FAN07936,Le Thi Vy,lan7936@yahoo.com,0912498455,1985
FAN07937,Pham Quoc Vy,lan7937@fpt.edu.vn,0989719127,1996
FAN07938,Tran Anh Nam,mai7938@fpt.edu.vn,0959040496,1986
FAN07939,Pham Tuan Quan,bach7939@gmail.com,0969892337,2007
FAN07940,Vu Gia Linh,lan7940@yahoo.com,0981891460,1996
FAN07941,Vu Thi Mai,lan7941@hotmail.com,0914128729,1988
FAN07942,Hoang Thi Hung,vy7942@gmail.com,0960586098,2007
FAN07943,Le Thi Bach,linh7943@gmail.com,0981082274,2004
FAN07944,Pham Gia Mai,vy7944@yahoo.com,0985510883,2002
FAN07945,Le Tuan Nam,mai7945@yahoo.com,0994364266,1991
FAN07946,Pham Van Linh,hung7946@gmail.com,0955995121,1990
FAN07947,Nguyen Duc Linh,linh7947@fpt.edu.vn,0931434844,1988
FAN07948,Vu Xuan Mai,dung7948@gmail.com,0929612787,2001
FAN07949,Phan Tuan Mai,vy7949@fpt.edu.vn,0947963146,1992
FAN07950,Tran Duc Bach,hung7950@yahoo.com,0966201723,1992
FAN07951,Tran Tuan Vy,lan7951@yahoo.com,0924590084,1991
FAN07952,Le Gia Vy,quan7952@yahoo.com,0993270060,1989
FAN07953,Dang Gia Dung,phong7953@yahoo.com,0951996945,1998
FAN07954,Dang Xuan Lan,phong7954@fpt.edu.vn,0983143210,2007
FAN07955,Dang Duc Bach,dung7955@hotmail.com,0988731758,2005
FAN07956,Do Anh Bach,hung7956@hotmail.com,0930934622,1985
FAN07957,Vu Van Dung,hung7957@fpt.edu.vn,0994436303,1993
FAN07958,Do Anh Phong,nam7958@fpt.edu.vn,0988789464,2005
FAN07959,Pham Quoc Mai,quan7959@gmail.com,0992030992,1999
FAN07960,Do Van Vy,mai7960@fpt.edu.vn,0941566030,1987
FAN07961,Vu Van Vy,nam7961@gmail.com,0943246584,1993
FAN07962,Phan Xuan Bach,vy7962@fpt.edu.vn,0956865924,2007
FAN07963,Vu Duc Nam,nam7963@hotmail.com,0980917120,1991
FAN07964,Hoang Van Phong,bach7964@fpt.edu.vn,0972639945,2003
FAN07965,Nguyen Minh Hung,bach7965@yahoo.com,0941309206,1991
FAN07966,Hoang Quoc Vy,nam7966@yahoo.com,0970316642,1990
FAN07967,Nguyen Quoc Bach,phong7967@fpt.edu.vn,0910033365,1988
FAN07968,Tran Thi Dung,quan7968@hotmail.com,0945296054,2008
FAN07969,Nguyen Tuan Nam,phong7969@fpt.edu.vn,0942098737,2007
FAN07970,Bui Thi Quan,mai7970@fpt.edu.vn,0965276617,2005
FAN07971,Pham Minh Phong,quan7971@fpt.edu.vn,0920292350,2003
FAN07972,Bui Gia Nam,linh7972@gmail.com,0930006828,2007
FAN07973,Nguyen Tuan Quan,quan7973@hotmail.com,0985424174,2004
FAN07974,Hoang Hai Quan,lan7974@gmail.com,0968994369,1994
FAN07975,Bui Thi Bach,quan7975@yahoo.com,0975197798,1985
FAN07976,Phan Quoc Quan,quan7976@fpt.edu.vn,0918854918,1990
FAN07977,Dang Quoc Nam,quan7977@hotmail.com,0999964180,2007
FAN07978,Tran Xuan Dung,linh7978@fpt.edu.vn,0973053120,1999
FAN07979,Do Quoc Hung,linh7979@gmail.com,0950594723,1987
FAN07980,Pham Hai Linh,lan7980@yahoo.com,0988699070,2000
FAN07981,Le Hai Vy,linh7981@fpt.edu.vn,0917487653,2005
FAN07982,Dang Minh Nam,linh7982@fpt.edu.vn,0984221451,1999
FAN07983,Do Anh Vy,mai7983@gmail.com,0915744759,2008
FAN07984,Dang Tuan Mai,dung7984@gmail.com,0947273773,2003
FAN07985,Vu Van Quan,quan7985@gmail.com,0991675239,1991
FAN07986,Hoang Xuan Nam,hung7986@gmail.com,0926451676,1994
FAN07987,Dang Xuan Lan,linh7987@yahoo.com,0939089862,1996
FAN07988,Dang Tuan Quan,mai7988@yahoo.com,0939553805,2005
FAN07989,Tran Quoc Dung,nam7989@gmail.com,0990235631,1985
FAN07990,Pham Quoc Linh,dung7990@fpt.edu.vn,0916133132,1989
FAN07991,Do Anh Bach,phong7991@hotmail.com,0937295212,1991
FAN07992,Le Hai Dung,linh7992@yahoo.com,0919880831,2006
FAN07993,Pham Quoc Phong,hung7993@hotmail.com,0954236036,1986
FAN07994,Do Van Phong,hung7994@fpt.edu.vn,0978955064,2004
FAN07995,Le Xuan Quan,nam7995@fpt.edu.vn,0924654708,2004
FAN07996,Tran Hai Dung,lan7996@gmail.com,0913589941,1985
FAN07997,Nguyen Gia Linh,lan7997@gmail.com,0917945696,1989
FAN07998,Do Xuan Linh,mai7998@yahoo.com,0926112632,1997
FAN07999,Vu Xuan Bach,vy7999@hotmail.com,0960887022,1985
FAN08000,Phan Duc Dung,vy8000@hotmail.com,0988257159,1996
FAN08001,Bui Xuan Nam,vy8001@yahoo.com,0957343003,1990
FAN08002,Vu Xuan Hung,lan8002@yahoo.com,0955610600,2006
FAN08003,Phan Hai Nam,phong8003@gmail.com,0929348920,1997
FAN08004,Nguyen Anh Hung,linh8004@gmail.com,0965766444,2006
FAN08005,Phan Xuan Mai,hung8005@gmail.com,0977395825,1994
FAN08006,Pham Duc Nam,lan8006@hotmail.com,0994026565,2007
FAN08007,Le Thi Phong,mai8007@yahoo.com,0935607708,2002
FAN08008,Phan Anh Lan,linh8008@hotmail.com,0980905331,1998
FAN08009,Phan Hai Bach,dung8009@hotmail.com,0981064572,2000
FAN08010,Dang Duc Mai,quan8010@gmail.com,0917916370,2005
FAN08011,Tran Thi Mai,vy8011@hotmail.com,0950217525,2005
FAN08012,Dang Gia Vy,mai8012@fpt.edu.vn,0958800828,1993
FAN08013,Phan Quoc Nam,bach8013@fpt.edu.vn,0954563130,2000
FAN08014,Dang Quoc Phong,linh8014@yahoo.com,0944526430,2008
FAN08015,Do Anh Bach,phong8015@fpt.edu.vn,0975834913,2004
FAN08016,Do Tuan Dung,nam8016@gmail.com,0914365604,1992
FAN08017,Bui Quoc Linh,dung8017@yahoo.com,0952428579,1999
FAN08018,Le Anh Nam,vy8018@fpt.edu.vn,0967643192,1987
FAN08019,Hoang Duc Linh,mai8019@gmail.com,0945686206,2000
FAN08020,Tran Tuan Lan,phong8020@hotmail.com,0992815965,1994
FAN08021,Pham Minh Mai,bach8021@gmail.com,0980359771,1996
FAN08022,Dang Minh Phong,linh8022@hotmail.com,0977335812,1989
FAN08023,Le Gia Lan,dung8023@fpt.edu.vn,0995256682,2001
FAN08024,Le Minh Vy,mai8024@gmail.com,0929488008,2007
FAN08025,Hoang Minh Bach,hung8025@gmail.com,0995762369,1995
FAN08026,Bui Anh Vy,dung8026@hotmail.com,0940894148,2003
FAN08027,Pham Duc Quan,quan8027@gmail.com,0998925005,2002
FAN08028,Pham Thi Bach,nam8028@fpt.edu.vn,0953997881,2000
FAN08029,Dang Gia Phong,dung8029@yahoo.com,0918926008,1987
FAN08030,Pham Xuan Vy,nam8030@gmail.com,0949054205,2007
FAN08031,Tran Thi Bach,linh8031@fpt.edu.vn,0923754115,1997
FAN08032,Bui Van Hung,quan8032@hotmail.com,0930003171,1988
FAN08033,Le Van Dung,lan8033@hotmail.com,0915173801,1996
FAN08034,Phan Van Quan,hung8034@gmail.com,0996257027,1997
FAN08035,Phan Quoc Dung,lan8035@fpt.edu.vn,0916862362,1996
FAN08036,Bui Duc Dung,phong8036@hotmail.com,0951303796,2005
FAN08037,Bui Gia Bach,vy8037@yahoo.com,0986621346,2003
FAN08038,Pham Minh Nam,phong8038@fpt.edu.vn,0989188032,2002
FAN08039,Hoang Van Phong,hung8039@hotmail.com,0964995736,2003
FAN08040,Hoang Duc Mai,phong8040@fpt.edu.vn,0937575800,2006
FAN08041,Phan Quoc Quan,dung8041@fpt.edu.vn,0985038118,2003
FAN08042,Phan Quoc Quan,linh8042@gmail.com,0979482214,1989
FAN08043,Bui Gia Lan,mai8043@gmail.com,0952896318,1985
FAN08044,Hoang Quoc Mai,quan8044@gmail.com,0957537066,2007
FAN08045,Bui Gia Quan,phong8045@fpt.edu.vn,0929322853,2000
FAN08046,Vu Tuan Hung,vy8046@gmail.com,0953237392,1990
FAN08047,Tran Thi Phong,hung8047@fpt.edu.vn,0941959845,1989
FAN08048,Hoang Xuan Linh,nam8048@hotmail.com,0917319798,1994
FAN08049,Phan Minh Quan,phong8049@gmail.com,0934361613,2003
FAN08050,Nguyen Anh Mai,lan8050@fpt.edu.vn,0981560028,2006
FAN08051,Phan Tuan Phong,vy8051@hotmail.com,0993566381,1999
FAN08052,Nguyen Duc Nam,nam8052@gmail.com,0942825822,1995
FAN08053,Le Xuan Phong,vy8053@fpt.edu.vn,0974340185,1993
FAN08054,Phan Tuan Hung,vy8054@hotmail.com,0937710164,1991
FAN08055,Nguyen Thi Vy,lan8055@hotmail.com,0996767956,2005
FAN08056,Do Hai Vy,quan8056@hotmail.com,0988339899,2001
FAN08057,Hoang Tuan Lan,mai8057@gmail.com,0910662136,2003
FAN08058,Bui Quoc Linh,quan8058@fpt.edu.vn,0993112168,1988
FAN08059,Nguyen Minh Linh,nam8059@hotmail.com,0912218623,1997
FAN08060,Phan Van Mai,mai8060@yahoo.com,0975089410,1996
FAN08061,Tran Duc Phong,mai8061@gmail.com,0942895154,2000
FAN08062,Tran Duc Nam,lan8062@fpt.edu.vn,0980350038,1993
FAN08063,Nguyen Minh Linh,vy8063@fpt.edu.vn,0983606583,1987
FAN08064,Le Quoc Nam,bach8064@gmail.com,0962856964,1998
FAN08065,Nguyen Anh Dung,linh8065@hotmail.com,0928545926,1992
FAN08066,Hoang Minh Linh,linh8066@fpt.edu.vn,0942231343,1991
FAN08067,Dang Xuan Lan,lan8067@yahoo.com,0926860180,1995
FAN08068,Tran Minh Vy,phong8068@hotmail.com,0959795128,2004
FAN08069,Phan Minh Dung,vy8069@yahoo.com,0972259550,1990
FAN08070,Tran Van Linh,lan8070@yahoo.com,0922691154,2004
FAN08071,Do Hai Bach,nam8071@fpt.edu.vn,0987987233,2005
FAN08072,Nguyen Xuan Mai,hung8072@gmail.com,0998628842,1990
FAN08073,Le Xuan Hung,bach8073@fpt.edu.vn,0989923374,1993
FAN08074,Do Xuan Hung,hung8074@gmail.com,0976326265,1993
FAN08075,Do Anh Hung,bach8075@yahoo.com,0951444353,1994
FAN08076,Pham Anh Quan,mai8076@yahoo.com,0942192327,1994
FAN08077,Phan Gia Dung,dung8077@fpt.edu.vn,0914278406,2002
FAN08078,Tran Anh Lan,vy8078@gmail.com,0955027373,1999
FAN08079,Tran Gia Quan,dung8079@gmail.com,0988427467,1997
FAN08080,Pham Duc Lan,vy8080@hotmail.com,0922302232,1998
FAN08081,Tran Minh Quan,bach8081@fpt.edu.vn,0942122429,1990
FAN08082,Dang Tuan Quan,bach8082@fpt.edu.vn,0939452414,1991
FAN08083,Dang Xuan Phong,mai8083@hotmail.com,0915405604,1997
FAN08084,Vu Gia Dung,quan8084@hotmail.com,0985495534,2008
FAN08085,Hoang Gia Dung,linh8085@yahoo.com,0918614785,1996
FAN08086,Bui Hai Lan,phong8086@yahoo.com,0914714664,2002
FAN08087,Dang Hai Bach,mai8087@gmail.com,0916671264,1989
FAN08088,Do Thi Lan,dung8088@yahoo.com,0996432322,2000
FAN08089,Do Hai Hung,nam8089@fpt.edu.vn,0976412687,1990
FAN08090,Do Thi Hung,bach8090@hotmail.com,0991164028,1998
FAN08091,Phan Quoc Linh,hung8091@yahoo.com,0937006166,2006
FAN08092,Do Hai Linh,phong8092@hotmail.com,0963282849,1989
FAN08093,Tran Quoc Lan,nam8093@hotmail.com,0981665407,1992
FAN08094,Phan Xuan Hung,nam8094@gmail.com,0947028704,1994
FAN08095,Hoang Gia Hung,lan8095@yahoo.com,0939518883,2004
FAN08096,Vu Xuan Nam,dung8096@yahoo.com,0916916695,1985
FAN08097,Phan Tuan Vy,linh8097@fpt.edu.vn,0970530128,1997
FAN08098,Tran Duc Bach,bach8098@fpt.edu.vn,0918796693,1997
FAN08099,Phan Thi Quan,mai8099@gmail.com,0919453007,1995
FAN08100,Phan Hai Mai,hung8100@hotmail.com,0961457026,2002
FAN08101,Nguyen Van Nam,hung8101@gmail.com,0945933992,1989
FAN08102,Hoang Gia Dung,lan8102@gmail.com,0912713337,2000
FAN08103,Bui Quoc Phong,phong8103@gmail.com,0937391108,1994
FAN08104,Hoang Hai Mai,quan8104@hotmail.com,0957208775,2008
FAN08105,Tran Quoc Quan,phong8105@hotmail.com,0963638118,1989
FAN08106,Phan Thi Phong,phong8106@fpt.edu.vn,0970058148,1999
FAN08107,Vu Minh Quan,vy8107@hotmail.com,0945197188,1985
FAN08108,Phan Gia Nam,vy8108@gmail.com,0945803717,1990
FAN08109,Nguyen Duc Quan,phong8109@gmail.com,0925179424,2008
FAN08110,Bui Van Linh,linh8110@yahoo.com,0956702430,1986
FAN08111,Hoang Hai Bach,vy8111@fpt.edu.vn,0995952594,2007
FAN08112,Pham Hai Bach,dung8112@gmail.com,0945561711,2005
FAN08113,Vu Van Hung,hung8113@yahoo.com,0961980387,1990
FAN08114,Dang Thi Mai,hung8114@yahoo.com,0973395648,1993
FAN08115,Tran Duc Hung,quan8115@yahoo.com,0918440476,1987
FAN08116,Le Quoc Phong,hung8116@gmail.com,0955186526,1999
FAN08117,Hoang Quoc Hung,linh8117@gmail.com,0989921752,1987
FAN08118,Dang Minh Linh,linh8118@gmail.com,0977000367,1989
FAN08119,Hoang Minh Vy,dung8119@yahoo.com,0955963010,1999
FAN08120,Do Duc Hung,quan8120@gmail.com,0984120628,2003
FAN08121,Tran Anh Dung,vy8121@yahoo.com,0972522269,1991
FAN08122,Hoang Thi Mai,lan8122@fpt.edu.vn,0980547127,1996
FAN08123,Le Thi Linh,hung8123@gmail.com,0991250332,1998
FAN08124,Pham Gia Linh,nam8124@hotmail.com,0976605297,1987
FAN08125,Nguyen Tuan Nam,linh8125@hotmail.com,0927144347,2008
FAN08126,Pham Tuan Linh,bach8126@fpt.edu.vn,0970248773,1998
FAN08127,Vu Tuan Lan,linh8127@yahoo.com,0934631401,1997
FAN08128,Vu Anh Lan,hung8128@yahoo.com,0970086277,2000
FAN08129,Pham Duc Linh,phong8129@hotmail.com,0923062181,1990
FAN08130,Vu Minh Lan,linh8130@fpt.edu.vn,0921942967,2000
FAN08131,Tran Van Quan,phong8131@fpt.edu.vn,0973414055,1994
FAN08132,Bui Duc Phong,hung8132@gmail.com,0969477645,1987
FAN08133,Pham Hai Linh,quan8133@gmail.com,0996750896,1999
FAN08134,Hoang Gia Bach,dung8134@gmail.com,0914688574,1989
FAN08135,Pham Quoc Vy,hung8135@fpt.edu.vn,0984803918,1998
FAN08136,Le Xuan Bach,linh8136@fpt.edu.vn,0922123894,1995
FAN08137,Dang Duc Mai,phong8137@fpt.edu.vn,0927826748,1994
FAN08138,Tran Xuan Hung,hung8138@hotmail.com,0932223648,1988
FAN08139,Nguyen Duc Phong,hung8139@fpt.edu.vn,0974039365,2008
FAN08140,Hoang Hai Vy,lan8140@fpt.edu.vn,0947313633,1990
FAN08141,Do Duc Phong,linh8141@yahoo.com,0990407678,1990
FAN08142,Dang Hai Vy,lan8142@gmail.com,0929807281,1994
FAN08143,Tran Van Hung,quan8143@yahoo.com,0954018984,2005
FAN08144,Le Duc Nam,vy8144@yahoo.com,0998002442,2005
FAN08145,Dang Anh Linh,dung8145@gmail.com,0958171833,2007
FAN08146,Le Gia Mai,linh8146@hotmail.com,0972166955,1996
FAN08147,Tran Tuan Quan,bach8147@hotmail.com,0922950664,1999
FAN08148,Nguyen Minh Dung,quan8148@hotmail.com,0954538652,2007
FAN08149,Hoang Tuan Mai,nam8149@hotmail.com,0952689547,2007
FAN08150,Le Gia Phong,mai8150@yahoo.com,0962921533,2003
FAN08151,Pham Duc Dung,vy8151@hotmail.com,0973781302,1985
FAN08152,Vu Quoc Mai,nam8152@hotmail.com,0982262642,1996
FAN08153,Tran Quoc Mai,vy8153@gmail.com,0946669067,1985
FAN08154,Dang Van Linh,bach8154@yahoo.com,0965834380,2003
FAN08155,Phan Minh Nam,lan8155@hotmail.com,0922721382,2007
FAN08156,Tran Anh Dung,quan8156@gmail.com,0995119012,1996
FAN08157,Le Xuan Bach,vy8157@yahoo.com,0961973739,1990
FAN08158,Phan Van Quan,linh8158@fpt.edu.vn,0953601272,1996
FAN08159,Nguyen Anh Mai,nam8159@fpt.edu.vn,0993834135,1993
FAN08160,Bui Thi Vy,mai8160@hotmail.com,0928234762,1997
FAN08161,Dang Gia Hung,hung8161@yahoo.com,0912895371,1998
FAN08162,Nguyen Minh Bach,hung8162@gmail.com,0953402867,2002
FAN08163,Bui Minh Bach,hung8163@yahoo.com,0976122765,1994
FAN08164,Do Duc Hung,hung8164@yahoo.com,0922473197,1996
FAN08165,Tran Minh Linh,lan8165@hotmail.com,0928912348,1996
FAN08166,Pham Duc Quan,linh8166@yahoo.com,0941748527,2002
FAN08167,Hoang Hai Phong,bach8167@gmail.com,0952742180,2001
FAN08168,Le Xuan Lan,nam8168@gmail.com,0976489714,1998
FAN08169,Hoang Duc Lan,nam8169@hotmail.com,0954172434,1996
FAN08170,Do Thi Hung,mai8170@hotmail.com,0981823938,2001
FAN08171,Vu Anh Dung,phong8171@gmail.com,0962017068,1989
FAN08172,Vu Quoc Quan,mai8172@yahoo.com,0962034365,1988
FAN08173,Tran Tuan Lan,lan8173@gmail.com,0976532001,2002
FAN08174,Vu Anh Dung,dung8174@yahoo.com,0998866618,2008
FAN08175,Nguyen Thi Dung,lan8175@fpt.edu.vn,0916657724,1991
FAN08176,Le Minh Hung,quan8176@yahoo.com,0982239226,1999
FAN08177,Pham Tuan Lan,hung8177@hotmail.com,0965815664,2008
FAN08178,Hoang Tuan Phong,bach8178@yahoo.com,0936429628,2008
FAN08179,Tran Xuan Quan,dung8179@gmail.com,0995798953,1999
FAN08180,Vu Gia Hung,dung8180@yahoo.com,0935360577,1995
FAN08181,Phan Xuan Lan,quan8181@gmail.com,0952348572,1988
FAN08182,Tran Anh Linh,mai8182@gmail.com,0972663848,1999
FAN08183,Nguyen Thi Phong,linh8183@fpt.edu.vn,0927750042,2005
FAN08184,Bui Minh Linh,lan8184@gmail.com,0912294465,2008
FAN08185,Hoang Xuan Lan,hung8185@fpt.edu.vn,0919606879,1995
FAN08186,Do Hai Dung,linh8186@gmail.com,0975714380,2007
FAN08187,Dang Thi Vy,dung8187@fpt.edu.vn,0950854949,1992
FAN08188,Phan Gia Vy,bach8188@gmail.com,0925177263,2000
FAN08189,Phan Gia Hung,lan8189@fpt.edu.vn,0951389159,1993
FAN08190,Vu Gia Vy,lan8190@gmail.com,0953726759,2003
FAN08191,Nguyen Tuan Vy,mai8191@yahoo.com,0994837703,2004
FAN08192,Do Xuan Nam,mai8192@hotmail.com,0993203100,2008
FAN08193,Vu Hai Dung,phong8193@yahoo.com,0938012950,1999
FAN08194,Le Tuan Dung,mai8194@yahoo.com,0995550790,1999
FAN08195,Tran Duc Linh,linh8195@fpt.edu.vn,0973102857,1988
FAN08196,Nguyen Anh Linh,phong8196@gmail.com,0997394436,2006
FAN08197,Vu Xuan Bach,quan8197@gmail.com,0986402776,1992
FAN08198,Bui Van Linh,vy8198@yahoo.com,0968109359,1993
FAN08199,Do Quoc Dung,lan8199@gmail.com,0974932981,2001
FAN08200,Phan Xuan Linh,phong8200@hotmail.com,0937343186,1993
FAN08201,Bui Van Bach,lan8201@gmail.com,0985414797,1998
FAN08202,Hoang Hai Quan,phong8202@hotmail.com,0928885933,1995
FAN08203,Le Quoc Vy,lan8203@gmail.com,0930370828,1988
FAN08204,Bui Quoc Mai,hung8204@gmail.com,0963682805,1996
FAN08205,Dang Quoc Lan,lan8205@hotmail.com,0937816561,1987
FAN08206,Hoang Tuan Quan,quan8206@fpt.edu.vn,0911385065,2004
FAN08207,Vu Hai Bach,linh8207@hotmail.com,0983469895,1992
FAN08208,Phan Gia Quan,linh8208@fpt.edu.vn,0932434400,2003
FAN08209,Dang Anh Hung,bach8209@fpt.edu.vn,0948891001,1993
FAN08210,Do Thi Linh,dung8210@hotmail.com,0992614498,1997
FAN08211,Tran Gia Phong,nam8211@gmail.com,0954566462,1994
FAN08212,Vu Xuan Dung,dung8212@yahoo.com,0931687716,2005
FAN08213,Pham Tuan Phong,nam8213@hotmail.com,0980605401,1993
FAN08214,Nguyen Hai Vy,quan8214@hotmail.com,0958281214,2005
FAN08215,Dang Hai Mai,lan8215@fpt.edu.vn,0926843671,1995
FAN08216,Bui Tuan Bach,phong8216@fpt.edu.vn,0992434077,2007
FAN08217,Le Van Nam,phong8217@yahoo.com,0929308398,1990
FAN08218,Dang Tuan Bach,nam8218@fpt.edu.vn,0952657073,2003
FAN08219,Bui Xuan Nam,nam8219@yahoo.com,0999610163,2006
FAN08220,Vu Quoc Nam,lan8220@hotmail.com,0928009422,1988
FAN08221,Hoang Hai Nam,dung8221@yahoo.com,0986519333,2007
FAN08222,Hoang Gia Bach,quan8222@yahoo.com,0993083357,2005
FAN08223,Hoang Anh Quan,dung8223@gmail.com,0968294552,1992
FAN08224,Dang Hai Vy,linh8224@yahoo.com,0983229792,1997
FAN08225,Pham Gia Lan,phong8225@yahoo.com,0961239050,1988
FAN08226,Do Quoc Vy,linh8226@hotmail.com,0979368174,2003
FAN08227,Dang Hai Linh,mai8227@gmail.com,0927523295,1991
FAN08228,Pham Gia Nam,mai8228@fpt.edu.vn,0976617908,1994
FAN08229,Do Duc Bach,hung8229@fpt.edu.vn,0980804934,2006
FAN08230,Hoang Xuan Lan,dung8230@gmail.com,0921380382,2005
FAN08231,Phan Xuan Linh,quan8231@yahoo.com,0993640176,1992
FAN08232,Pham Tuan Lan,vy8232@hotmail.com,0940790713,1996
FAN08233,Dang Quoc Vy,vy8233@yahoo.com,0953691238,1996
FAN08234,Bui Tuan Bach,bach8234@gmail.com,0960067215,1999
FAN08235,Dang Xuan Mai,hung8235@fpt.edu.vn,0963913819,2008
FAN08236,Nguyen Minh Bach,phong8236@yahoo.com,0995950073,1999
FAN08237,Phan Van Lan,hung8237@gmail.com,0968241583,1987
FAN08238,Nguyen Quoc Bach,hung8238@fpt.edu.vn,0921301471,1995
FAN08239,Do Hai Nam,dung8239@yahoo.com,0983772528,2004
FAN08240,Phan Quoc Quan,linh8240@fpt.edu.vn,0976509445,1989
FAN08241,Nguyen Minh Lan,quan8241@hotmail.com,0991991039,2004
FAN08242,Vu Tuan Hung,dung8242@fpt.edu.vn,0926993006,2007
FAN08243,Hoang Anh Linh,quan8243@gmail.com,0954747623,1986
FAN08244,Le Duc Nam,quan8244@yahoo.com,0941539625,1998
FAN08245,Vu Gia Linh,bach8245@hotmail.com,0960122597,2007
FAN08246,Dang Hai Nam,mai8246@fpt.edu.vn,0915130701,1994
FAN08247,Nguyen Quoc Mai,linh8247@yahoo.com,0956090951,1994
FAN08248,Tran Thi Lan,phong8248@hotmail.com,0935778549,1997
FAN08249,Tran Minh Mai,dung8249@yahoo.com,0961975037,2007
FAN08250,Pham Quoc Quan,vy8250@yahoo.com,0959205845,1990
FAN08251,Bui Anh Quan,hung8251@fpt.edu.vn,0983159724,1994
FAN08252,Pham Anh Nam,nam8252@gmail.com,0960159791,1997
FAN08253,Bui Tuan Hung,phong8253@fpt.edu.vn,0953143063,1993
FAN08254,Dang Thi Dung,linh8254@fpt.edu.vn,0991901335,2000
FAN08255,Pham Tuan Dung,mai8255@gmail.com,0949621974,2004
FAN08256,Phan Thi Hung,nam8256@yahoo.com,0913595871,2001
FAN08257,Do Quoc Lan,bach8257@yahoo.com,0985124663,1999
FAN08258,Nguyen Gia Dung,vy8258@hotmail.com,0979142405,2007
FAN08259,Pham Hai Dung,mai8259@fpt.edu.vn,0949478083,1988
FAN08260,Phan Thi Linh,linh8260@yahoo.com,0968849462,2006
FAN08261,Do Xuan Linh,lan8261@yahoo.com,0979232707,2008
FAN08262,Le Thi Bach,vy8262@yahoo.com,0975759246,1997
FAN08263,Do Duc Quan,mai8263@yahoo.com,0957421349,1989
FAN08264,Phan Duc Nam,mai8264@gmail.com,0987206241,1990
FAN08265,Vu Gia Nam,linh8265@yahoo.com,0917736835,2000
FAN08266,Hoang Gia Mai,lan8266@hotmail.com,0991079047,2000
FAN08267,Do Anh Lan,linh8267@yahoo.com,0978506830,2006
FAN08268,Do Tuan Hung,lan8268@yahoo.com,0958516207,1997
FAN08269,Phan Xuan Bach,mai8269@fpt.edu.vn,0956184601,2003
FAN08270,Phan Thi Bach,lan8270@hotmail.com,0943622616,1996
FAN08271,Phan Quoc Dung,mai8271@yahoo.com,0984214915,1996
FAN08272,Hoang Thi Mai,bach8272@hotmail.com,0996410748,1988
FAN08273,Vu Van Quan,lan8273@gmail.com,0997723090,1988
FAN08274,Le Tuan Phong,hung8274@hotmail.com,0947859190,1999
FAN08275,Bui Van Mai,vy8275@fpt.edu.vn,0951460864,1991
FAN08276,Pham Xuan Phong,linh8276@gmail.com,0963795126,2001
FAN08277,Nguyen Duc Nam,hung8277@hotmail.com,0964413917,2004
FAN08278,Tran Anh Dung,bach8278@gmail.com,0996024157,1987
FAN08279,Phan Van Lan,phong8279@yahoo.com,0924976272,2004
FAN08280,Tran Duc Linh,nam8280@yahoo.com,0996585729,1988
FAN08281,Hoang Tuan Mai,dung8281@fpt.edu.vn,0992641767,1993
FAN08282,Phan Tuan Hung,phong8282@hotmail.com,0998969984,1999
FAN08283,Pham Quoc Phong,mai8283@gmail.com,0955967360,1997
FAN08284,Do Minh Mai,nam8284@yahoo.com,0961212030,2005
FAN08285,Vu Quoc Quan,dung8285@hotmail.com,0926960518,2001
FAN08286,Nguyen Minh Nam,quan8286@gmail.com,0932456730,1995
FAN08287,Bui Hai Quan,quan8287@gmail.com,0999242261,1994
FAN08288,Vu Xuan Bach,nam8288@hotmail.com,0948425360,1990
FAN08289,Pham Hai Bach,phong8289@yahoo.com,0961192021,2007
FAN08290,Dang Xuan Quan,phong8290@hotmail.com,0917953706,2008
FAN08291,Bui Hai Dung,phong8291@hotmail.com,0957656863,1998
FAN08292,Phan Minh Hung,hung8292@hotmail.com,0962666850,2001
FAN08293,Bui Gia Vy,quan8293@fpt.edu.vn,0923165319,2008
FAN08294,Pham Gia Hung,vy8294@gmail.com,0979898283,1990
FAN08295,Pham Gia Mai,nam8295@gmail.com,0977642874,2007
FAN08296,Bui Tuan Quan,dung8296@yahoo.com,0950154515,1994
FAN08297,Pham Anh Hung,mai8297@gmail.com,0990518370,2002
FAN08298,Pham Tuan Quan,dung8298@fpt.edu.vn,0945088284,1991
FAN08299,Phan Gia Dung,phong8299@fpt.edu.vn,0976760934,2002
FAN08300,Hoang Hai Phong,mai8300@gmail.com,0989569374,2003
FAN08301,Hoang Hai Linh,quan8301@gmail.com,0923478394,1987
FAN08302,Phan Tuan Bach,quan8302@yahoo.com,0939571116,1995
FAN08303,Nguyen Thi Mai,vy8303@gmail.com,0941144719,2004
FAN08304,Nguyen Quoc Vy,quan8304@yahoo.com,0951260629,2006
FAN08305,Phan Xuan Lan,vy8305@hotmail.com,0969604008,1992
FAN08306,Tran Anh Nam,nam8306@fpt.edu.vn,0918852314,1993
FAN08307,Nguyen Tuan Vy,quan8307@fpt.edu.vn,0931268010,1997
FAN08308,Dang Van Linh,phong8308@hotmail.com,0917493787,2006
FAN08309,Tran Van Phong,nam8309@gmail.com,0997731062,1987
FAN08310,Nguyen Duc Bach,hung8310@yahoo.com,0987530324,2007
FAN08311,Hoang Quoc Hung,phong8311@fpt.edu.vn,0934971436,2006
FAN08312,Do Duc Hung,hung8312@gmail.com,0928432707,1995
FAN08313,Hoang Anh Vy,quan8313@hotmail.com,0958646911,1985
FAN08314,Dang Hai Hung,bach8314@fpt.edu.vn,0970710190,1993
FAN08315,Pham Minh Quan,nam8315@fpt.edu.vn,0989898359,2004
FAN08316,Hoang Anh Linh,phong8316@yahoo.com,0911744952,2008
FAN08317,Nguyen Hai Phong,quan8317@fpt.edu.vn,0928079325,2007
FAN08318,Dang Duc Quan,lan8318@hotmail.com,0922693180,1990
FAN08319,Phan Anh Hung,nam8319@fpt.edu.vn,0968244321,1986
FAN08320,Le Thi Lan,linh8320@hotmail.com,0972484197,2005
FAN08321,Hoang Anh Dung,hung8321@gmail.com,0911730827,1990
FAN08322,Bui Gia Mai,phong8322@hotmail.com,0913793234,2004
FAN08323,Le Xuan Linh,phong8323@yahoo.com,0994320137,1999
FAN08324,Vu Thi Mai,mai8324@yahoo.com,0943558180,2002
FAN08325,Dang Quoc Quan,vy8325@gmail.com,0974257518,1986
FAN08326,Nguyen Tuan Nam,hung8326@fpt.edu.vn,0969456765,1993
FAN08327,Vu Anh Nam,linh8327@gmail.com,0962608166,2007
FAN08328,Vu Quoc Lan,phong8328@gmail.com,0975476963,2001
FAN08329,Vu Minh Lan,vy8329@yahoo.com,0911041359,2008
FAN08330,Dang Quoc Mai,linh8330@hotmail.com,0919613992,1990
FAN08331,Tran Tuan Quan,dung8331@fpt.edu.vn,0957256200,2001
FAN08332,Bui Xuan Phong,nam8332@yahoo.com,0914928793,1987
FAN08333,Tran Quoc Quan,hung8333@gmail.com,0945242625,1991
FAN08334,Do Hai Phong,linh8334@gmail.com,0934847942,1985
FAN08335,Tran Van Hung,dung8335@fpt.edu.vn,0944747540,2001
FAN08336,Pham Anh Dung,bach8336@gmail.com,0967742228,2006
FAN08337,Do Quoc Dung,vy8337@hotmail.com,0948995643,2004
FAN08338,Pham Thi Vy,dung8338@gmail.com,0915383852,1998
FAN08339,Phan Quoc Vy,quan8339@yahoo.com,0919745387,1996
FAN08340,Pham Hai Phong,lan8340@hotmail.com,0958718456,1990
FAN08341,Do Van Quan,bach8341@yahoo.com,0967323414,1987
FAN08342,Pham Anh Quan,dung8342@hotmail.com,0940630519,2004
FAN08343,Tran Anh Linh,lan8343@hotmail.com,0949486360,1987
FAN08344,Vu Van Vy,nam8344@yahoo.com,0910728768,1994
FAN08345,Tran Van Linh,bach8345@hotmail.com,0932998643,1996
FAN08346,Do Gia Quan,phong8346@hotmail.com,0925236192,2006
FAN08347,Dang Gia Phong,quan8347@gmail.com,0947456741,2002
FAN08348,Phan Hai Vy,quan8348@fpt.edu.vn,0985630554,1989
FAN08349,Do Thi Mai,vy8349@hotmail.com,0992343665,2007
FAN08350,Le Van Nam,mai8350@hotmail.com,0942067627,1986
FAN08351,Do Quoc Hung,linh8351@yahoo.com,0932411552,2002
FAN08352,Phan Xuan Dung,linh8352@fpt.edu.vn,0956268257,1991
FAN08353,Le Xuan Mai,bach8353@hotmail.com,0942559545,1985
FAN08354,Pham Minh Dung,hung8354@fpt.edu.vn,0995306443,2004
FAN08355,Bui Gia Hung,hung8355@gmail.com,0989301967,1985
FAN08356,Tran Tuan Dung,phong8356@gmail.com,0936536966,1996
FAN08357,Do Tuan Linh,linh8357@gmail.com,0915481888,1997
FAN08358,Nguyen Duc Lan,quan8358@fpt.edu.vn,0972386626,1997
FAN08359,Tran Tuan Dung,bach8359@yahoo.com,0950311936,2008
FAN08360,Nguyen Van Lan,bach8360@yahoo.com,0943069157,1994
FAN08361,Le Hai Mai,lan8361@yahoo.com,0944546808,2007
FAN08362,Hoang Gia Mai,vy8362@fpt.edu.vn,0966913540,1987
FAN08363,Vu Duc Phong,linh8363@gmail.com,0921100188,1995
FAN08364,Bui Gia Bach,bach8364@yahoo.com,0952440004,2007
FAN08365,Do Anh Hung,vy8365@fpt.edu.vn,0927059904,1999
FAN08366,Hoang Quoc Dung,nam8366@yahoo.com,0929824076,1993
FAN08367,Dang Tuan Nam,quan8367@gmail.com,0936706394,1988
FAN08368,Nguyen Van Bach,linh8368@fpt.edu.vn,0966497262,1996
FAN08369,Nguyen Tuan Linh,phong8369@hotmail.com,0918102663,1990
FAN08370,Bui Minh Dung,bach8370@gmail.com,0917050240,1996
FAN08371,Tran Anh Lan,linh8371@hotmail.com,0997480375,2001
FAN08372,Hoang Hai Dung,linh8372@fpt.edu.vn,0929118330,1993
FAN08373,Nguyen Gia Linh,quan8373@fpt.edu.vn,0965523019,1998
FAN08374,Tran Gia Hung,phong8374@fpt.edu.vn,0941532709,1995
FAN08375,Dang Quoc Bach,lan8375@gmail.com,0962827517,1989
FAN08376,Hoang Hai Vy,hung8376@fpt.edu.vn,0952465560,2005
FAN08377,Pham Thi Nam,lan8377@fpt.edu.vn,0956718838,1989
FAN08378,Dang Quoc Phong,lan8378@gmail.com,0960231246,1987
FAN08379,Nguyen Xuan Quan,vy8379@yahoo.com,0961658917,2000
FAN08380,Bui Gia Dung,lan8380@fpt.edu.vn,0961352747,1994
FAN08381,Hoang Anh Dung,quan8381@hotmail.com,0940372751,1989
FAN08382,Vu Thi Mai,bach8382@gmail.com,0999240965,1996
FAN08383,Vu Quoc Quan,phong8383@fpt.edu.vn,0910558137,1985
FAN08384,Bui Quoc Dung,hung8384@hotmail.com,0928626850,2004
FAN08385,Le Van Lan,linh8385@hotmail.com,0941432269,2001
FAN08386,Dang Thi Linh,bach8386@yahoo.com,0970447123,1988
FAN08387,Phan Thi Lan,phong8387@gmail.com,0917352566,1996
FAN08388,Nguyen Xuan Linh,dung8388@fpt.edu.vn,0947012485,2004
FAN08389,Tran Xuan Linh,hung8389@fpt.edu.vn,0999364133,1992
FAN08390,Le Van Nam,bach8390@yahoo.com,0932937301,2002
FAN08391,Pham Hai Bach,nam8391@fpt.edu.vn,0927834699,2004
FAN08392,Hoang Xuan Hung,nam8392@gmail.com,0979136728,1991
FAN08393,Phan Quoc Bach,vy8393@gmail.com,0976360509,2007
FAN08394,Le Van Linh,linh8394@gmail.com,0982881627,2002
FAN08395,Le Van Lan,linh8395@hotmail.com,0937386922,1993
FAN08396,Bui Tuan Lan,quan8396@fpt.edu.vn,0914651367,1993
FAN08397,Bui Quoc Vy,quan8397@gmail.com,0922667091,1998
FAN08398,Do Thi Hung,mai8398@yahoo.com,0918169800,2004
FAN08399,Do Hai Bach,bach8399@yahoo.com,0973209294,2002
FAN08400,Tran Quoc Bach,quan8400@fpt.edu.vn,0983558794,2002
FAN08401,Le Van Lan,dung8401@gmail.com,0951026090,1994
FAN08402,Vu Duc Dung,lan8402@fpt.edu.vn,0942893775,1996
FAN08403,Hoang Duc Mai,quan8403@gmail.com,0991722236,1994
FAN08404,Nguyen Quoc Mai,hung8404@fpt.edu.vn,0955539581,2004
FAN08405,Le Thi Linh,hung8405@fpt.edu.vn,0955970257,2002
FAN08406,Vu Anh Lan,quan8406@hotmail.com,0968413182,1998
FAN08407,Vu Minh Vy,lan8407@gmail.com,0945606234,1997
FAN08408,Nguyen Hai Lan,bach8408@fpt.edu.vn,0999066992,1992
FAN08409,Do Minh Bach,lan8409@gmail.com,0929591131,1996
FAN08410,Pham Anh Dung,dung8410@fpt.edu.vn,0988062560,2006
FAN08411,Vu Hai Nam,phong8411@fpt.edu.vn,0917300752,1995
FAN08412,Phan Quoc Bach,hung8412@yahoo.com,0970037700,1992
FAN08413,Tran Duc Vy,hung8413@gmail.com,0976210515,2008
FAN08414,Pham Duc Quan,linh8414@fpt.edu.vn,0980317490,2006
FAN08415,Le Gia Phong,bach8415@gmail.com,0955649780,1997
FAN08416,Phan Xuan Linh,mai8416@gmail.com,0981602422,2006
FAN08417,Vu Tuan Quan,mai8417@yahoo.com,0994111168,1996
FAN08418,Le Minh Phong,hung8418@hotmail.com,0965395799,2003
FAN08419,Do Quoc Vy,linh8419@yahoo.com,0974509497,2004
FAN08420,Dang Gia Mai,mai8420@hotmail.com,0947363531,2000
FAN08421,Phan Tuan Lan,bach8421@yahoo.com,0994713235,1985
FAN08422,Vu Hai Linh,quan8422@yahoo.com,0920118434,2000
FAN08423,Le Hai Quan,linh8423@hotmail.com,0912775029,1991
FAN08424,Hoang Anh Quan,lan8424@hotmail.com,0975724742,1985
FAN08425,Dang Gia Phong,lan8425@hotmail.com,0941361720,1991
FAN08426,Bui Van Phong,mai8426@hotmail.com,0966189032,1988
FAN08427,Tran Anh Hung,lan8427@hotmail.com,0990645105,1987
FAN08428,Phan Hai Nam,lan8428@gmail.com,0921512114,1990
FAN08429,Tran Quoc Bach,phong8429@fpt.edu.vn,0969062698,1991
FAN08430,Phan Van Linh,vy8430@fpt.edu.vn,0943135083,2003
FAN08431,Nguyen Anh Linh,vy8431@fpt.edu.vn,0931111259,2002
FAN08432,Bui Tuan Vy,lan8432@yahoo.com,0983511858,2008
FAN08433,Pham Minh Dung,bach8433@fpt.edu.vn,0967170513,1998
FAN08434,Vu Minh Bach,nam8434@gmail.com,0976528841,1993
FAN08435,Le Minh Vy,mai8435@gmail.com,0930548315,1993
FAN08436,Phan Quoc Mai,lan8436@fpt.edu.vn,0935477733,2005
FAN08437,Pham Quoc Lan,quan8437@gmail.com,0957915213,2002
FAN08438,Phan Duc Nam,hung8438@fpt.edu.vn,0974839346,2003
FAN08439,Hoang Xuan Dung,dung8439@fpt.edu.vn,0934388969,1986
FAN08440,Hoang Quoc Mai,nam8440@fpt.edu.vn,0954004318,1986
FAN08441,Nguyen Tuan Dung,dung8441@yahoo.com,0954227526,1996
FAN08442,Tran Minh Hung,nam8442@hotmail.com,0967208615,1994
FAN08443,Nguyen Van Phong,hung8443@fpt.edu.vn,0999902946,1986
FAN08444,Le Van Lan,lan8444@hotmail.com,0929587078,1994
FAN08445,Pham Anh Vy,lan8445@fpt.edu.vn,0932426380,1985
FAN08446,Dang Minh Nam,dung8446@fpt.edu.vn,0943490115,1992
FAN08447,Do Thi Lan,mai8447@hotmail.com,0982807475,2004
FAN08448,Tran Hai Hung,lan8448@gmail.com,0985809235,1988
FAN08449,Phan Gia Hung,phong8449@fpt.edu.vn,0913706850,2006
FAN08450,Tran Hai Bach,mai8450@hotmail.com,0974579978,1997
FAN08451,Do Duc Mai,vy8451@hotmail.com,0968091494,2007
FAN08452,Tran Gia Hung,quan8452@gmail.com,0999795236,2005
FAN08453,Dang Anh Mai,hung8453@fpt.edu.vn,0930528845,1986
FAN08454,Vu Tuan Hung,bach8454@fpt.edu.vn,0957351433,1994
FAN08455,Tran Minh Lan,mai8455@gmail.com,0935243939,2004
FAN08456,Hoang Quoc Hung,linh8456@fpt.edu.vn,0936271527,1993
FAN08457,Phan Xuan Phong,phong8457@fpt.edu.vn,0930406211,1985
FAN08458,Tran Thi Mai,hung8458@hotmail.com,0926945829,2005
FAN08459,Hoang Duc Hung,linh8459@fpt.edu.vn,0948062975,1998
FAN08460,Bui Xuan Lan,quan8460@yahoo.com,0982871643,1986
FAN08461,Tran Hai Phong,quan8461@hotmail.com,0964018203,1987
FAN08462,Hoang Tuan Phong,phong8462@hotmail.com,0954521361,2004
FAN08463,Bui Anh Bach,linh8463@yahoo.com,0991496813,2005
FAN08464,Nguyen Gia Quan,nam8464@hotmail.com,0917332356,1985
FAN08465,Do Anh Quan,linh8465@gmail.com,0939321940,1986
FAN08466,Vu Thi Quan,dung8466@hotmail.com,0928284617,1992
FAN08467,Vu Quoc Nam,mai8467@fpt.edu.vn,0928528344,2001
FAN08468,Do Duc Vy,nam8468@gmail.com,0997678934,2005
FAN08469,Le Anh Nam,hung8469@yahoo.com,0942726236,2006
FAN08470,Pham Minh Nam,lan8470@fpt.edu.vn,0954472972,1993
FAN08471,Vu Thi Lan,phong8471@fpt.edu.vn,0993065954,2006
FAN08472,Phan Anh Mai,phong8472@gmail.com,0977041560,1985
FAN08473,Bui Quoc Phong,nam8473@hotmail.com,0955314926,1991
FAN08474,Nguyen Duc Lan,lan8474@gmail.com,0952935241,1997
FAN08475,Vu Xuan Linh,bach8475@fpt.edu.vn,0958194248,1986
FAN08476,Tran Minh Dung,dung8476@yahoo.com,0993028195,1987
FAN08477,Phan Xuan Vy,linh8477@yahoo.com,0922605178,1996
FAN08478,Nguyen Van Bach,hung8478@hotmail.com,0945535268,1989
FAN08479,Phan Hai Linh,lan8479@hotmail.com,0996189980,1988
FAN08480,Phan Gia Bach,lan8480@fpt.edu.vn,0921761450,1990
FAN08481,Phan Xuan Linh,lan8481@fpt.edu.vn,0980062174,1985
FAN08482,Hoang Thi Hung,hung8482@gmail.com,0970982621,1996
FAN08483,Le Thi Quan,hung8483@hotmail.com,0911208782,2007
FAN08484,Phan Hai Dung,quan8484@gmail.com,0911017019,1992
FAN08485,Phan Minh Lan,vy8485@yahoo.com,0958660888,2002
FAN08486,Vu Minh Vy,bach8486@gmail.com,0916343786,1998
FAN08487,Dang Minh Dung,phong8487@fpt.edu.vn,0960577589,1990
FAN08488,Bui Tuan Dung,linh8488@gmail.com,0997701966,2006
FAN08489,Le Xuan Bach,mai8489@fpt.edu.vn,0988107655,1987
FAN08490,Pham Xuan Nam,nam8490@hotmail.com,0973781817,2001
FAN08491,Tran Hai Linh,linh8491@hotmail.com,0975661445,1990
FAN08492,Pham Xuan Bach,lan8492@fpt.edu.vn,0992450831,1998
FAN08493,Tran Thi Quan,linh8493@gmail.com,0922967869,2002
FAN08494,Do Minh Bach,lan8494@fpt.edu.vn,0964656354,1999
FAN08495,Pham Xuan Mai,bach8495@yahoo.com,0964301180,1993
FAN08496,Do Gia Phong,bach8496@gmail.com,0934334332,1992
FAN08497,Vu Tuan Bach,nam8497@hotmail.com,0924080302,1993
FAN08498,Pham Anh Phong,phong8498@yahoo.com,0935596023,1991
FAN08499,Nguyen Van Dung,mai8499@fpt.edu.vn,0926310140,2004
FAN08500,Nguyen Quoc Phong,linh8500@yahoo.com,0941101036,1999
FAN08501,Nguyen Anh Linh,phong8501@hotmail.com,0915039981,1990
FAN08502,Bui Anh Vy,bach8502@yahoo.com,0971904258,2002
FAN08503,Le Hai Dung,vy8503@hotmail.com,0996372242,1988
FAN08504,Hoang Van Quan,nam8504@yahoo.com,0981720612,1990
FAN08505,Vu Gia Dung,quan8505@gmail.com,0995674793,2007
FAN08506,Vu Quoc Quan,lan8506@hotmail.com,0992381123,2001
FAN08507,Pham Xuan Lan,phong8507@yahoo.com,0997111404,1993
FAN08508,Tran Duc Vy,mai8508@gmail.com,0917483716,1992
FAN08509,Tran Minh Bach,phong8509@yahoo.com,0922236636,1993
FAN08510,Do Quoc Nam,phong8510@hotmail.com,0940471395,2003
FAN08511,Dang Anh Vy,nam8511@fpt.edu.vn,0911418503,1996
FAN08512,Do Tuan Dung,quan8512@fpt.edu.vn,0955775664,1992
FAN08513,Do Duc Linh,nam8513@fpt.edu.vn,0990579137,1994
FAN08514,Phan Xuan Bach,mai8514@hotmail.com,0934154824,1992
FAN08515,Hoang Hai Bach,mai8515@gmail.com,0946526233,1987
FAN08516,Pham Xuan Quan,lan8516@gmail.com,0961041116,1998
FAN08517,Tran Gia Dung,mai8517@fpt.edu.vn,0927946931,1991
FAN08518,Tran Xuan Quan,hung8518@gmail.com,0982121032,2001
FAN08519,Tran Xuan Mai,bach8519@fpt.edu.vn,0951661610,1986
FAN08520,Tran Thi Nam,hung8520@yahoo.com,0915279993,1991
FAN08521,Nguyen Quoc Hung,quan8521@fpt.edu.vn,0998016891,2008
FAN08522,Nguyen Anh Lan,linh8522@fpt.edu.vn,0990095031,1985
FAN08523,Hoang Gia Bach,bach8523@hotmail.com,0925042263,2007
FAN08524,Pham Van Mai,linh8524@fpt.edu.vn,0974512118,2000
FAN08525,Dang Xuan Lan,hung8525@gmail.com,0969258719,1995
FAN08526,Nguyen Anh Vy,phong8526@yahoo.com,0984258257,2003
FAN08527,Pham Thi Quan,phong8527@gmail.com,0968307131,1996
FAN08528,Pham Tuan Phong,vy8528@fpt.edu.vn,0914458936,2008
FAN08529,Bui Duc Phong,dung8529@fpt.edu.vn,0922001898,1992
FAN08530,Tran Anh Linh,lan8530@hotmail.com,0990741915,1986
FAN08531,Le Quoc Phong,mai8531@hotmail.com,0983086968,2008
FAN08532,Bui Thi Vy,phong8532@fpt.edu.vn,0920584804,1986
FAN08533,Dang Gia Bach,phong8533@yahoo.com,0918483006,2002
FAN08534,Phan Hai Bach,vy8534@hotmail.com,0977529435,1989
FAN08535,Do Duc Quan,mai8535@fpt.edu.vn,0997591973,1996
FAN08536,Hoang Xuan Phong,phong8536@fpt.edu.vn,0953561840,2005
FAN08537,Tran Tuan Phong,linh8537@hotmail.com,0920595137,1996
FAN08538,Do Van Bach,dung8538@gmail.com,0991110698,2003
FAN08539,Do Minh Dung,quan8539@yahoo.com,0987152799,2002
FAN08540,Nguyen Quoc Dung,nam8540@gmail.com,0921401506,1990
FAN08541,Bui Hai Mai,hung8541@yahoo.com,0949676620,2005
FAN08542,Tran Tuan Mai,linh8542@gmail.com,0989035149,2006
FAN08543,Tran Minh Mai,quan8543@yahoo.com,0958607796,2001
FAN08544,Pham Tuan Mai,nam8544@hotmail.com,0994051935,1996
FAN08545,Vu Duc Quan,linh8545@fpt.edu.vn,0997620680,2008
FAN08546,Hoang Xuan Lan,lan8546@yahoo.com,0923763673,1992
FAN08547,Do Thi Phong,dung8547@gmail.com,0938051783,2007
FAN08548,Dang Xuan Mai,vy8548@hotmail.com,0989198502,1989
FAN08549,Tran Anh Linh,mai8549@yahoo.com,0931157959,2002
FAN08550,Pham Thi Linh,vy8550@hotmail.com,0967198205,2004
FAN08551,Do Gia Bach,lan8551@hotmail.com,0981503162,2000
FAN08552,Nguyen Thi Phong,nam8552@hotmail.com,0997881584,2001
FAN08553,Hoang Thi Lan,linh8553@yahoo.com,0968638126,2007
FAN08554,Phan Duc Linh,nam8554@fpt.edu.vn,0956081259,2000
FAN08555,Bui Thi Quan,vy8555@yahoo.com,0917489491,2006
FAN08556,Phan Duc Mai,quan8556@yahoo.com,0911465615,1996
FAN08557,Bui Gia Hung,dung8557@gmail.com,0999790874,1988
FAN08558,Pham Gia Quan,mai8558@gmail.com,0911683761,1998
FAN08559,Phan Thi Lan,nam8559@fpt.edu.vn,0994064588,2002
FAN08560,Phan Anh Linh,lan8560@hotmail.com,0987916442,1989
FAN08561,Bui Hai Dung,dung8561@gmail.com,0976075304,2008
FAN08562,Tran Van Bach,dung8562@yahoo.com,0940809623,1997
FAN08563,Tran Quoc Mai,nam8563@gmail.com,0968616153,1997
FAN08564,Tran Tuan Quan,dung8564@yahoo.com,0925509610,1993
FAN08565,Phan Xuan Bach,hung8565@hotmail.com,0993207003,2008
FAN08566,Bui Anh Bach,phong8566@hotmail.com,0959715555,1994
FAN08567,Tran Quoc Mai,lan8567@yahoo.com,0934770835,1993
FAN08568,Dang Quoc Nam,vy8568@hotmail.com,0954680260,1995
FAN08569,Bui Thi Linh,vy8569@fpt.edu.vn,0937317559,2004
FAN08570,Dang Quoc Mai,lan8570@fpt.edu.vn,0956566867,1989
FAN08571,Pham Gia Hung,dung8571@fpt.edu.vn,0954860569,1998
FAN08572,Tran Thi Phong,phong8572@fpt.edu.vn,0912856859,1989
FAN08573,Tran Duc Dung,quan8573@fpt.edu.vn,0927188686,2008
FAN08574,Phan Gia Phong,mai8574@fpt.edu.vn,0992464125,1994
FAN08575,Phan Quoc Vy,linh8575@gmail.com,0969730867,1999
FAN08576,Phan Anh Mai,lan8576@gmail.com,0923396207,1995
FAN08577,Dang Thi Nam,nam8577@gmail.com,0936225722,1991
FAN08578,Nguyen Gia Mai,bach8578@yahoo.com,0925096372,1991
FAN08579,Phan Xuan Lan,vy8579@fpt.edu.vn,0921879768,1996
FAN08580,Vu Quoc Mai,dung8580@gmail.com,0961616971,1985
FAN08581,Bui Xuan Linh,hung8581@hotmail.com,0971275776,1988
FAN08582,Do Minh Bach,phong8582@fpt.edu.vn,0944284455,2000
FAN08583,Nguyen Gia Hung,hung8583@hotmail.com,0920993071,1994
FAN08584,Vu Duc Lan,nam8584@gmail.com,0964433715,1985
FAN08585,Nguyen Hai Vy,hung8585@gmail.com,0911450791,1986
FAN08586,Nguyen Thi Phong,mai8586@gmail.com,0950054235,2008
FAN08587,Bui Anh Nam,dung8587@gmail.com,0939001946,2003
FAN08588,Le Gia Lan,bach8588@yahoo.com,0991398815,1988
FAN08589,Vu Xuan Mai,phong8589@fpt.edu.vn,0956527841,2006
FAN08590,Dang Quoc Hung,lan8590@hotmail.com,0934743015,2001
FAN08591,Le Anh Hung,mai8591@yahoo.com,0949578552,2006
FAN08592,Dang Quoc Nam,lan8592@yahoo.com,0960680269,1991
FAN08593,Pham Xuan Mai,dung8593@yahoo.com,0916908793,2002
FAN08594,Do Tuan Mai,mai8594@fpt.edu.vn,0972417848,2008
FAN08595,Bui Van Phong,dung8595@fpt.edu.vn,0927309649,1995
FAN08596,Vu Van Phong,dung8596@hotmail.com,0969019216,1997
FAN08597,Tran Thi Lan,bach8597@yahoo.com,0929434943,2004
FAN08598,Phan Hai Bach,linh8598@yahoo.com,0985730099,1987
FAN08599,Dang Van Mai,phong8599@yahoo.com,0993125355,2001
FAN08600,Tran Hai Dung,quan8600@fpt.edu.vn,0966855882,1997
FAN08601,Bui Minh Nam,bach8601@hotmail.com,0910339075,1992
FAN08602,Pham Tuan Dung,nam8602@hotmail.com,0972058787,2008
FAN08603,Tran Anh Dung,quan8603@fpt.edu.vn,0957927636,1990
FAN08604,Bui Quoc Quan,phong8604@yahoo.com,0947599025,1992
FAN08605,Hoang Minh Mai,lan8605@gmail.com,0958584814,1999
FAN08606,Le Minh Lan,quan8606@yahoo.com,0950124624,1987
FAN08607,Dang Gia Linh,vy8607@hotmail.com,0979754791,2006
FAN08608,Vu Van Bach,phong8608@hotmail.com,0947225013,1994
FAN08609,Do Tuan Phong,phong8609@hotmail.com,0937846211,1985
FAN08610,Dang Hai Bach,lan8610@fpt.edu.vn,0969566741,2006
FAN08611,Phan Gia Hung,bach8611@gmail.com,0980694244,2006
FAN08612,Tran Xuan Dung,phong8612@yahoo.com,0994272964,1988
FAN08613,Hoang Duc Phong,dung8613@gmail.com,0944721131,2007
FAN08614,Nguyen Duc Vy,mai8614@hotmail.com,0975449594,1992
FAN08615,Bui Minh Linh,phong8615@fpt.edu.vn,0926235585,1997
FAN08616,Le Gia Nam,quan8616@gmail.com,0955797648,2006
FAN08617,Phan Hai Vy,lan8617@yahoo.com,0987379451,1990
FAN08618,Phan Van Hung,phong8618@hotmail.com,0928051535,2000
FAN08619,Vu Tuan Hung,dung8619@fpt.edu.vn,0964311509,2003
FAN08620,Pham Xuan Dung,phong8620@gmail.com,0950867154,2007
FAN08621,Bui Xuan Vy,phong8621@yahoo.com,0940148022,2004
FAN08622,Hoang Xuan Bach,quan8622@hotmail.com,0976309025,2005
FAN08623,Phan Quoc Phong,linh8623@gmail.com,0967186896,1993
FAN08624,Le Xuan Lan,lan8624@gmail.com,0918720297,1990
FAN08625,Le Anh Mai,linh8625@yahoo.com,0968282458,1998
FAN08626,Vu Van Nam,vy8626@hotmail.com,0987699294,1986
FAN08627,Vu Gia Hung,nam8627@gmail.com,0957526017,1987
FAN08628,Nguyen Quoc Quan,mai8628@yahoo.com,0916550102,2003
FAN08629,Nguyen Thi Bach,mai8629@yahoo.com,0941649176,2002
FAN08630,Tran Gia Hung,phong8630@yahoo.com,0956835098,1997
FAN08631,Bui Thi Mai,dung8631@hotmail.com,0913589662,2001
FAN08632,Pham Quoc Mai,mai8632@hotmail.com,0974620122,2004
FAN08633,Phan Xuan Quan,linh8633@yahoo.com,0951763762,1986
FAN08634,Tran Quoc Quan,phong8634@fpt.edu.vn,0945329725,1991
FAN08635,Pham Tuan Quan,hung8635@fpt.edu.vn,0946429637,2000
FAN08636,Pham Duc Nam,vy8636@gmail.com,0948673822,2004
FAN08637,Bui Tuan Linh,lan8637@hotmail.com,0997803306,1996
FAN08638,Le Hai Nam,vy8638@fpt.edu.vn,0980388827,1985
FAN08639,Le Thi Quan,nam8639@hotmail.com,0914513741,1986
FAN08640,Dang Gia Hung,bach8640@hotmail.com,0948881588,1999
FAN08641,Phan Van Lan,mai8641@yahoo.com,0917596101,2005
FAN08642,Do Van Vy,phong8642@fpt.edu.vn,0961933666,1986
FAN08643,Pham Xuan Quan,vy8643@hotmail.com,0923807773,2004
FAN08644,Dang Anh Quan,nam8644@fpt.edu.vn,0966005426,2000
FAN08645,Le Minh Bach,linh8645@fpt.edu.vn,0942170105,1990
FAN08646,Nguyen Hai Vy,dung8646@hotmail.com,0971061684,1986
FAN08647,Bui Hai Hung,mai8647@fpt.edu.vn,0919912022,1998
FAN08648,Pham Minh Nam,nam8648@yahoo.com,0998191256,1993
FAN08649,Hoang Anh Vy,lan8649@hotmail.com,0993013760,2003
FAN08650,Pham Tuan Hung,nam8650@yahoo.com,0960919652,2002
FAN08651,Do Anh Mai,linh8651@gmail.com,0937187031,1993
FAN08652,Phan Van Dung,lan8652@fpt.edu.vn,0927588123,1985
FAN08653,Do Anh Linh,hung8653@gmail.com,0967174118,1993
FAN08654,Bui Anh Hung,dung8654@gmail.com,0991873094,1989
FAN08655,Dang Duc Dung,linh8655@yahoo.com,0958843212,1987
FAN08656,Pham Van Quan,bach8656@hotmail.com,0970361323,1996
FAN08657,Nguyen Xuan Nam,vy8657@fpt.edu.vn,0962794537,2007
FAN08658,Do Van Hung,lan8658@gmail.com,0938776643,2007
FAN08659,Tran Minh Linh,dung8659@gmail.com,0979855997,1992
FAN08660,Bui Gia Phong,lan8660@gmail.com,0995889050,1996
FAN08661,Bui Tuan Lan,nam8661@hotmail.com,0973445197,1992
FAN08662,Nguyen Anh Phong,dung8662@fpt.edu.vn,0951454414,2008
FAN08663,Hoang Duc Hung,dung8663@fpt.edu.vn,0956011229,2007
FAN08664,Hoang Xuan Hung,bach8664@yahoo.com,0941910719,2004
FAN08665,Tran Minh Hung,hung8665@gmail.com,0995330298,1996
FAN08666,Le Quoc Quan,nam8666@fpt.edu.vn,0965057983,1990
FAN08667,Do Tuan Hung,phong8667@gmail.com,0950608714,1996
FAN08668,Bui Hai Quan,bach8668@yahoo.com,0918362532,2008
FAN08669,Pham Van Vy,vy8669@yahoo.com,0948753380,2003
FAN08670,Nguyen Duc Vy,linh8670@yahoo.com,0953955028,2001
FAN08671,Dang Gia Lan,quan8671@fpt.edu.vn,0976971200,1995
FAN08672,Le Anh Lan,phong8672@hotmail.com,0945320670,1999
FAN08673,Hoang Tuan Nam,bach8673@gmail.com,0992217064,1999
FAN08674,Do Duc Hung,phong8674@gmail.com,0945298746,2000
FAN08675,Bui Minh Phong,dung8675@gmail.com,0941773234,2008
FAN08676,Bui Quoc Linh,nam8676@fpt.edu.vn,0996328852,1988
FAN08677,Vu Hai Mai,vy8677@gmail.com,0977988335,1995
FAN08678,Do Van Nam,dung8678@hotmail.com,0958682657,1999
FAN08679,Pham Quoc Bach,linh8679@gmail.com,0980045812,1986
FAN08680,Tran Gia Quan,hung8680@fpt.edu.vn,0923578547,1991
FAN08681,Bui Hai Lan,hung8681@hotmail.com,0970464518,2006
FAN08682,Dang Minh Lan,bach8682@fpt.edu.vn,0956494448,2007
FAN08683,Dang Xuan Quan,lan8683@yahoo.com,0950105799,1995
FAN08684,Phan Gia Mai,bach8684@hotmail.com,0967908200,1994
FAN08685,Tran Xuan Dung,mai8685@yahoo.com,0987797263,1989
FAN08686,Vu Duc Lan,quan8686@fpt.edu.vn,0912044079,1993
FAN08687,Le Anh Bach,vy8687@gmail.com,0947216483,1992
FAN08688,Hoang Gia Hung,bach8688@hotmail.com,0944794973,1995
FAN08689,Tran Hai Quan,phong8689@hotmail.com,0940389990,2001
FAN08690,Bui Duc Dung,hung8690@hotmail.com,0953883979,1994
FAN08691,Nguyen Gia Linh,quan8691@fpt.edu.vn,0947195371,2007
FAN08692,Phan Xuan Bach,bach8692@gmail.com,0931608133,1999
FAN08693,Nguyen Minh Nam,phong8693@fpt.edu.vn,0928876895,1989
FAN08694,Phan Xuan Lan,quan8694@yahoo.com,0950503251,2004
FAN08695,Dang Thi Phong,phong8695@gmail.com,0936704997,1993
FAN08696,Phan Thi Vy,hung8696@fpt.edu.vn,0965803741,1987
FAN08697,Dang Tuan Bach,quan8697@gmail.com,0918003691,1985
FAN08698,Le Hai Lan,lan8698@yahoo.com,0968098704,1998
FAN08699,Hoang Xuan Linh,bach8699@fpt.edu.vn,0951322838,2003
FAN08700,Le Duc Quan,phong8700@fpt.edu.vn,0948402458,1995
FAN08701,Vu Van Hung,dung8701@hotmail.com,0958073926,2002
FAN08702,Tran Hai Phong,quan8702@gmail.com,0915429216,2000
FAN08703,Do Van Quan,quan8703@fpt.edu.vn,0990282791,1996
FAN08704,Dang Gia Lan,bach8704@hotmail.com,0924630540,1991
FAN08705,Pham Duc Bach,dung8705@fpt.edu.vn,0982150060,1995
FAN08706,Pham Gia Vy,lan8706@gmail.com,0979070787,1990
FAN08707,Tran Duc Dung,quan8707@hotmail.com,0982199945,2002
FAN08708,Pham Tuan Quan,mai8708@fpt.edu.vn,0971100702,1990
FAN08709,Pham Hai Mai,dung8709@fpt.edu.vn,0930959533,1987
FAN08710,Pham Thi Dung,hung8710@fpt.edu.vn,0969854577,1986
FAN08711,Tran Anh Bach,dung8711@gmail.com,0919123728,1992
FAN08712,Hoang Minh Nam,vy8712@hotmail.com,0968619891,1986
FAN08713,Le Anh Vy,lan8713@hotmail.com,0952591433,1990
FAN08714,Le Anh Quan,vy8714@fpt.edu.vn,0993221305,1985
FAN08715,Nguyen Hai Phong,phong8715@hotmail.com,0936767272,2005
FAN08716,Dang Xuan Nam,vy8716@fpt.edu.vn,0990233009,2003
FAN08717,Pham Van Phong,quan8717@yahoo.com,0922549262,1998
FAN08718,Bui Van Vy,dung8718@hotmail.com,0960374540,2007
FAN08719,Phan Gia Dung,hung8719@gmail.com,0964949222,2008
FAN08720,Dang Gia Lan,lan8720@yahoo.com,0987949474,2000
FAN08721,Pham Tuan Mai,quan8721@fpt.edu.vn,0949041201,1992
FAN08722,Vu Quoc Phong,dung8722@yahoo.com,0927586127,1996
FAN08723,Nguyen Quoc Quan,vy8723@hotmail.com,0944407521,1996
FAN08724,Dang Anh Nam,nam8724@hotmail.com,0932277020,1988
FAN08725,Pham Quoc Linh,dung8725@fpt.edu.vn,0913495657,1988
FAN08726,Bui Anh Quan,quan8726@fpt.edu.vn,0961722054,2005
FAN08727,Nguyen Xuan Quan,vy8727@yahoo.com,0989291374,1986
FAN08728,Tran Duc Linh,hung8728@fpt.edu.vn,0981815164,2001
FAN08729,Pham Xuan Hung,mai8729@yahoo.com,0915529341,2008
FAN08730,Pham Tuan Nam,mai8730@hotmail.com,0937304820,2004
FAN08731,Hoang Gia Lan,nam8731@fpt.edu.vn,0963797594,1999
FAN08732,Bui Tuan Lan,lan8732@fpt.edu.vn,0976719093,1993
FAN08733,Tran Gia Mai,phong8733@yahoo.com,0958420005,2005
FAN08734,Hoang Anh Bach,phong8734@fpt.edu.vn,0910584392,2003
FAN08735,Do Gia Dung,hung8735@yahoo.com,0992022919,1999
FAN08736,Tran Minh Vy,hung8736@hotmail.com,0956488621,1996
FAN08737,Tran Tuan Lan,mai8737@hotmail.com,0940170209,2006
FAN08738,Dang Van Bach,nam8738@hotmail.com,0952288542,1990
FAN08739,Phan Anh Lan,vy8739@hotmail.com,0984521069,2000
FAN08740,Pham Xuan Vy,nam8740@fpt.edu.vn,0947053817,1991
FAN08741,Bui Minh Nam,phong8741@yahoo.com,0956144028,1986
FAN08742,Dang Van Phong,bach8742@fpt.edu.vn,0991622405,1990
FAN08743,Bui Gia Dung,lan8743@yahoo.com,0923838516,1996
FAN08744,Phan Minh Linh,mai8744@fpt.edu.vn,0924072515,1987
FAN08745,Do Hai Quan,bach8745@gmail.com,0955469468,2007
FAN08746,Do Hai Bach,dung8746@hotmail.com,0999435758,1985
FAN08747,Bui Hai Lan,linh8747@gmail.com,0948851766,1996
FAN08748,Bui Duc Bach,lan8748@fpt.edu.vn,0940579640,1997
FAN08749,Nguyen Duc Mai,hung8749@hotmail.com,0970985718,1995
FAN08750,Bui Anh Vy,bach8750@gmail.com,0950068319,2007
FAN08751,Bui Quoc Quan,lan8751@fpt.edu.vn,0919121179,1999
FAN08752,Dang Gia Quan,hung8752@yahoo.com,0981620320,1987
FAN08753,Dang Quoc Phong,nam8753@yahoo.com,0942040774,2005
FAN08754,Dang Tuan Linh,bach8754@yahoo.com,0970119026,1998
FAN08755,Tran Duc Quan,vy8755@yahoo.com,0939224660,1991
FAN08756,Phan Van Nam,lan8756@hotmail.com,0931847475,2005
FAN08757,Hoang Gia Mai,phong8757@gmail.com,0981953913,1988
FAN08758,Phan Xuan Bach,nam8758@hotmail.com,0947428702,2003
FAN08759,Phan Minh Bach,mai8759@hotmail.com,0990711091,2000
FAN08760,Vu Hai Vy,phong8760@gmail.com,0918968216,1993
FAN08761,Tran Anh Nam,hung8761@gmail.com,0996358954,2005
FAN08762,Vu Thi Vy,lan8762@fpt.edu.vn,0967037622,1996
FAN08763,Vu Gia Hung,linh8763@hotmail.com,0924329108,1986
FAN08764,Vu Minh Vy,phong8764@fpt.edu.vn,0948579222,1999
FAN08765,Phan Xuan Phong,hung8765@hotmail.com,0938157699,1989
FAN08766,Phan Minh Quan,hung8766@yahoo.com,0936078869,1991
FAN08767,Phan Minh Mai,quan8767@yahoo.com,0936499125,2005
FAN08768,Nguyen Quoc Linh,phong8768@yahoo.com,0958014671,2005
FAN08769,Hoang Quoc Lan,hung8769@yahoo.com,0941966844,1988
FAN08770,Do Van Dung,quan8770@fpt.edu.vn,0967788534,2003
FAN08771,Vu Xuan Phong,linh8771@fpt.edu.vn,0944874695,2003
FAN08772,Dang Xuan Dung,hung8772@yahoo.com,0957320176,1988
FAN08773,Nguyen Hai Quan,mai8773@yahoo.com,0957531528,1994
FAN08774,Le Xuan Mai,lan8774@hotmail.com,0988363567,1993
FAN08775,Phan Hai Dung,mai8775@gmail.com,0910878217,2008
FAN08776,Bui Duc Phong,linh8776@yahoo.com,0928367200,2003
FAN08777,Vu Minh Phong,dung8777@gmail.com,0998333711,2002
FAN08778,Vu Quoc Dung,lan8778@gmail.com,0927573894,2005
FAN08779,Nguyen Xuan Quan,linh8779@fpt.edu.vn,0938844825,1989
FAN08780,Pham Van Nam,bach8780@hotmail.com,0916080740,2005
FAN08781,Bui Xuan Linh,bach8781@fpt.edu.vn,0970488654,1993
FAN08782,Dang Tuan Hung,bach8782@fpt.edu.vn,0925313491,1992
FAN08783,Tran Quoc Vy,dung8783@yahoo.com,0931325557,1998
FAN08784,Vu Xuan Bach,phong8784@hotmail.com,0961863065,2005
FAN08785,Hoang Xuan Bach,linh8785@gmail.com,0927871131,1991
FAN08786,Bui Quoc Phong,mai8786@fpt.edu.vn,0927711133,2006
FAN08787,Le Thi Vy,nam8787@hotmail.com,0982806713,1997
FAN08788,Pham Xuan Nam,phong8788@hotmail.com,0935099535,2003
FAN08789,Bui Quoc Phong,vy8789@fpt.edu.vn,0967233098,1999
FAN08790,Vu Gia Linh,bach8790@fpt.edu.vn,0949788845,2003
FAN08791,Vu Hai Phong,linh8791@fpt.edu.vn,0999191052,1996
FAN08792,Phan Gia Dung,phong8792@gmail.com,0987515012,2008
FAN08793,Vu Thi Mai,lan8793@hotmail.com,0995561381,2008
FAN08794,Pham Gia Phong,mai8794@hotmail.com,0915205364,1986
FAN08795,Phan Duc Nam,bach8795@fpt.edu.vn,0995247422,2008
FAN08796,Pham Duc Dung,linh8796@hotmail.com,0967415982,1986
FAN08797,Do Tuan Quan,quan8797@yahoo.com,0916063659,1990
FAN08798,Phan Van Mai,phong8798@fpt.edu.vn,0995247771,1998
FAN08799,Tran Xuan Nam,dung8799@gmail.com,0920863813,1994
FAN08800,Dang Gia Mai,lan8800@yahoo.com,0981835930,2007
FAN08801,Bui Thi Dung,vy8801@yahoo.com,0967012319,2008
FAN08802,Pham Duc Mai,quan8802@yahoo.com,0993306648,1992
FAN08803,Vu Hai Vy,bach8803@gmail.com,0944352814,1992
FAN08804,Dang Anh Quan,linh8804@gmail.com,0979437665,2007
FAN08805,Tran Thi Hung,hung8805@gmail.com,0954974898,2007
FAN08806,Bui Duc Vy,vy8806@hotmail.com,0975481231,1999
FAN08807,Do Quoc Lan,bach8807@fpt.edu.vn,0987339787,1985
FAN08808,Vu Gia Phong,vy8808@fpt.edu.vn,0996444938,2002
FAN08809,Vu Thi Vy,dung8809@hotmail.com,0949237928,1997
FAN08810,Pham Minh Bach,mai8810@yahoo.com,0955673664,2001
FAN08811,Bui Duc Linh,quan8811@gmail.com,0975571271,2003
FAN08812,Do Gia Mai,linh8812@hotmail.com,0959661751,2003
FAN08813,Dang Duc Quan,vy8813@yahoo.com,0942997775,1992
FAN08814,Vu Gia Lan,vy8814@hotmail.com,0911190626,1987
FAN08815,Nguyen Van Phong,lan8815@hotmail.com,0973244601,1994
FAN08816,Tran Duc Dung,vy8816@gmail.com,0921452938,2000
FAN08817,Bui Minh Mai,vy8817@hotmail.com,0916780281,1998
FAN08818,Le Thi Bach,mai8818@yahoo.com,0954562182,2003
FAN08819,Vu Thi Linh,dung8819@hotmail.com,0935550534,1998
FAN08820,Pham Xuan Vy,nam8820@yahoo.com,0958363032,1989
FAN08821,Le Thi Hung,nam8821@gmail.com,0970740328,2002
FAN08822,Hoang Anh Lan,hung8822@fpt.edu.vn,0971063526,1986
FAN08823,Nguyen Duc Hung,hung8823@hotmail.com,0927294502,2006
FAN08824,Do Tuan Hung,linh8824@fpt.edu.vn,0980745668,1996
FAN08825,Bui Tuan Phong,mai8825@yahoo.com,0946041851,1997
FAN08826,Dang Tuan Hung,nam8826@fpt.edu.vn,0985680472,2008
FAN08827,Bui Van Bach,vy8827@yahoo.com,0999001222,1998
FAN08828,Bui Xuan Lan,hung8828@fpt.edu.vn,0943282644,1985
FAN08829,Hoang Tuan Quan,nam8829@fpt.edu.vn,0949373842,1996
FAN08830,Bui Van Mai,mai8830@hotmail.com,0957849744,2007
FAN08831,Dang Anh Linh,mai8831@yahoo.com,0970746842,1993
FAN08832,Dang Duc Quan,dung8832@yahoo.com,0915268492,1986
FAN08833,Pham Minh Hung,bach8833@hotmail.com,0951355757,1998
FAN08834,Dang Gia Bach,phong8834@gmail.com,0916389556,1990
FAN08835,Bui Gia Hung,mai8835@yahoo.com,0944333093,1995
FAN08836,Hoang Xuan Dung,quan8836@hotmail.com,0931163615,1995
FAN08837,Vu Tuan Mai,quan8837@gmail.com,0921114186,1991
FAN08838,Phan Gia Mai,quan8838@yahoo.com,0917399844,1998
FAN08839,Nguyen Duc Dung,phong8839@gmail.com,0916561418,1989
FAN08840,Hoang Thi Mai,phong8840@gmail.com,0955469556,1997
FAN08841,Do Thi Dung,bach8841@gmail.com,0942327732,1997
FAN08842,Nguyen Gia Dung,lan8842@fpt.edu.vn,0929843929,2000
FAN08843,Pham Van Dung,quan8843@fpt.edu.vn,0999394430,1999
FAN08844,Pham Gia Lan,lan8844@hotmail.com,0993898921,1991
FAN08845,Nguyen Hai Phong,phong8845@yahoo.com,0984502565,1994
FAN08846,Nguyen Hai Vy,nam8846@gmail.com,0948182679,2000
FAN08847,Pham Tuan Mai,dung8847@fpt.edu.vn,0997009989,1998
FAN08848,Nguyen Anh Quan,nam8848@gmail.com,0926196332,1988
FAN08849,Bui Van Mai,hung8849@hotmail.com,0979549461,1985
FAN08850,Le Anh Bach,lan8850@yahoo.com,0958536642,2007
FAN08851,Vu Van Mai,phong8851@fpt.edu.vn,0977382745,1990
FAN08852,Phan Hai Bach,dung8852@hotmail.com,0939822034,2004
FAN08853,Do Minh Mai,mai8853@fpt.edu.vn,0974433818,1988
FAN08854,Vu Duc Mai,linh8854@hotmail.com,0920082418,1992
FAN08855,Dang Minh Dung,hung8855@gmail.com,0942846543,2004
FAN08856,Phan Anh Vy,nam8856@fpt.edu.vn,0950137616,2007
FAN08857,Le Van Lan,bach8857@gmail.com,0982527880,1993
FAN08858,Le Xuan Dung,mai8858@hotmail.com,0980180164,1989
FAN08859,Phan Van Nam,hung8859@fpt.edu.vn,0958308022,2008
FAN08860,Bui Duc Nam,mai8860@fpt.edu.vn,0913039791,1986
FAN08861,Bui Minh Mai,linh8861@yahoo.com,0936381118,2007
FAN08862,Pham Thi Hung,hung8862@yahoo.com,0958571076,2000
FAN08863,Bui Thi Linh,nam8863@yahoo.com,0948845204,2003
FAN08864,Vu Anh Lan,mai8864@yahoo.com,0961652964,1991
FAN08865,Hoang Xuan Phong,lan8865@yahoo.com,0937444380,1993
FAN08866,Do Xuan Mai,quan8866@fpt.edu.vn,0994665382,1990
FAN08867,Bui Hai Vy,quan8867@hotmail.com,0972937743,2005
FAN08868,Le Hai Lan,bach8868@hotmail.com,0933400991,2008
FAN08869,Vu Quoc Bach,lan8869@hotmail.com,0979853275,1987
FAN08870,Bui Minh Dung,dung8870@gmail.com,0998021528,1991
FAN08871,Tran Hai Bach,linh8871@gmail.com,0978152888,2002
FAN08872,Le Van Mai,linh8872@yahoo.com,0913521652,2002
FAN08873,Tran Quoc Mai,dung8873@yahoo.com,0959993352,2003
FAN08874,Nguyen Gia Lan,vy8874@gmail.com,0914569708,2001
FAN08875,Phan Quoc Mai,quan8875@fpt.edu.vn,0941621274,1985
FAN08876,Nguyen Tuan Vy,lan8876@fpt.edu.vn,0940444874,1994
FAN08877,Do Minh Dung,dung8877@gmail.com,0931632777,1985
FAN08878,Le Tuan Dung,phong8878@gmail.com,0970299191,1994
FAN08879,Pham Minh Vy,dung8879@yahoo.com,0911170140,2002
FAN08880,Bui Van Linh,lan8880@fpt.edu.vn,0927427747,2008
FAN08881,Hoang Tuan Mai,bach8881@hotmail.com,0931504166,1992
FAN08882,Tran Quoc Linh,quan8882@gmail.com,0933028601,1998
FAN08883,Do Thi Linh,vy8883@fpt.edu.vn,0999858225,2005
FAN08884,Vu Anh Mai,linh8884@hotmail.com,0996082581,1990
FAN08885,Tran Minh Nam,mai8885@yahoo.com,0944027698,2004
FAN08886,Tran Xuan Mai,nam8886@fpt.edu.vn,0979570490,1994
FAN08887,Do Tuan Vy,hung8887@fpt.edu.vn,0932555995,1991
FAN08888,Bui Tuan Vy,phong8888@gmail.com,0950471051,1999
FAN08889,Bui Van Linh,vy8889@yahoo.com,0915576906,2003
FAN08890,Vu Minh Quan,mai8890@fpt.edu.vn,0982254760,1994
FAN08891,Tran Quoc Quan,hung8891@gmail.com,0984637335,2001
FAN08892,Pham Xuan Nam,dung8892@gmail.com,0989307581,2002
FAN08893,Tran Quoc Lan,phong8893@gmail.com,0940897276,1993
FAN08894,Bui Anh Bach,dung8894@hotmail.com,0993499835,1987
FAN08895,Hoang Anh Linh,hung8895@hotmail.com,0913078740,2006
FAN08896,Bui Duc Lan,quan8896@fpt.edu.vn,0981452370,1986
FAN08897,Hoang Van Nam,dung8897@gmail.com,0929420239,2008
FAN08898,Le Xuan Quan,dung8898@yahoo.com,0987602188,1999
FAN08899,Pham Thi Nam,nam8899@fpt.edu.vn,0939225547,1998
FAN08900,Nguyen Xuan Quan,phong8900@yahoo.com,0973319670,2002
FAN08901,Le Xuan Vy,phong8901@gmail.com,0996897803,1986
FAN08902,Bui Van Linh,quan8902@hotmail.com,0941520903,1997
FAN08903,Hoang Duc Vy,dung8903@fpt.edu.vn,0938834275,2003
FAN08904,Pham Hai Bach,mai8904@gmail.com,0994452379,2007
FAN08905,Bui Hai Phong,dung8905@yahoo.com,0921556842,2008
FAN08906,Tran Duc Linh,bach8906@fpt.edu.vn,0934959071,2005
FAN08907,Pham Anh Linh,phong8907@fpt.edu.vn,0953493383,2008
FAN08908,Hoang Minh Lan,vy8908@gmail.com,0956504999,1990
FAN08909,Bui Gia Vy,quan8909@yahoo.com,0924084179,2003
FAN08910,Bui Anh Mai,mai8910@hotmail.com,0987129374,1989
FAN08911,Do Xuan Linh,bach8911@yahoo.com,0939774692,2000
FAN08912,Hoang Anh Mai,linh8912@fpt.edu.vn,0988553515,2006
FAN08913,Nguyen Anh Vy,quan8913@fpt.edu.vn,0915251752,1994
FAN08914,Do Hai Nam,lan8914@fpt.edu.vn,0947515401,1986
FAN08915,Hoang Anh Dung,linh8915@gmail.com,0999557379,1989
FAN08916,Nguyen Xuan Mai,vy8916@hotmail.com,0984574985,2004
FAN08917,Bui Tuan Bach,nam8917@fpt.edu.vn,0918187952,2004
FAN08918,Phan Quoc Linh,mai8918@fpt.edu.vn,0933077849,2007
FAN08919,Dang Hai Mai,phong8919@gmail.com,0927922165,1996
FAN08920,Hoang Anh Hung,vy8920@yahoo.com,0919949463,1997
FAN08921,Hoang Van Bach,nam8921@gmail.com,0977574774,1999
FAN08922,Hoang Gia Dung,nam8922@gmail.com,0942294519,1995
FAN08923,Do Anh Nam,phong8923@fpt.edu.vn,0950856393,1988
FAN08924,Phan Thi Dung,nam8924@yahoo.com,0974104958,2004
FAN08925,Hoang Hai Linh,mai8925@yahoo.com,0933312742,1986
FAN08926,Tran Thi Mai,nam8926@yahoo.com,0972585023,2000
FAN08927,Phan Tuan Dung,quan8927@hotmail.com,0974030924,2006
FAN08928,Bui Tuan Lan,mai8928@yahoo.com,0995478940,1996
FAN08929,Do Gia Linh,quan8929@hotmail.com,0939212028,1985
FAN08930,Dang Van Quan,dung8930@gmail.com,0972637344,1985
FAN08931,Le Tuan Mai,dung8931@hotmail.com,0964935591,1996
FAN08932,Dang Hai Nam,bach8932@yahoo.com,0921134699,2001
FAN08933,Le Quoc Phong,phong8933@yahoo.com,0990822204,2008
FAN08934,Dang Xuan Nam,quan8934@gmail.com,0988643367,2007
FAN08935,Le Thi Mai,dung8935@fpt.edu.vn,0994588125,1995
FAN08936,Pham Van Dung,quan8936@gmail.com,0928978161,1992
FAN08937,Phan Thi Hung,linh8937@hotmail.com,0911095252,2002
FAN08938,Vu Van Nam,phong8938@fpt.edu.vn,0920071478,1990
FAN08939,Bui Anh Bach,vy8939@gmail.com,0982015466,1995
FAN08940,Bui Thi Lan,nam8940@yahoo.com,0945613692,2001
FAN08941,Bui Duc Bach,hung8941@yahoo.com,0914247935,1996
FAN08942,Nguyen Anh Phong,bach8942@fpt.edu.vn,0957681550,1985
FAN08943,Bui Hai Hung,phong8943@hotmail.com,0947869228,2006
FAN08944,Do Hai Vy,phong8944@hotmail.com,0984407298,2004
FAN08945,Vu Gia Dung,dung8945@fpt.edu.vn,0978251447,2005
FAN08946,Nguyen Tuan Nam,linh8946@gmail.com,0964147284,1993
FAN08947,Vu Quoc Quan,quan8947@yahoo.com,0995346371,1986
FAN08948,Tran Van Quan,vy8948@yahoo.com,0984969984,2008
FAN08949,Le Thi Lan,phong8949@hotmail.com,0956796475,1997
FAN08950,Do Anh Vy,vy8950@hotmail.com,0950171611,1995
FAN08951,Dang Van Dung,nam8951@yahoo.com,0956697106,2005
FAN08952,Phan Duc Bach,lan8952@yahoo.com,0996779323,1986
FAN08953,Tran Anh Phong,phong8953@hotmail.com,0959572115,2006
FAN08954,Do Tuan Phong,linh8954@fpt.edu.vn,0982523758,1994
FAN08955,Hoang Tuan Lan,hung8955@fpt.edu.vn,0991801919,1994
FAN08956,Do Tuan Hung,quan8956@fpt.edu.vn,0930214323,2006
FAN08957,Tran Hai Quan,bach8957@yahoo.com,0933991830,1988
FAN08958,Phan Duc Phong,linh8958@hotmail.com,0979418681,1997
FAN08959,Nguyen Minh Phong,nam8959@gmail.com,0994453137,1989
FAN08960,Do Van Dung,quan8960@hotmail.com,0926853531,2003
FAN08961,Do Thi Bach,nam8961@yahoo.com,0934950911,2000
FAN08962,Bui Tuan Vy,lan8962@yahoo.com,0917200215,1988
FAN08963,Dang Anh Linh,phong8963@yahoo.com,0921179171,1993
FAN08964,Vu Thi Vy,dung8964@gmail.com,0999632155,2000
FAN08965,Dang Tuan Linh,vy8965@yahoo.com,0994498409,1994
FAN08966,Le Quoc Hung,mai8966@fpt.edu.vn,0956326574,1994
FAN08967,Vu Thi Vy,mai8967@fpt.edu.vn,0943527991,1999
FAN08968,Vu Quoc Linh,mai8968@hotmail.com,0961164303,1991
FAN08969,Do Hai Dung,quan8969@fpt.edu.vn,0928622472,1998
FAN08970,Vu Minh Mai,phong8970@gmail.com,0956177580,1985
FAN08971,Vu Duc Quan,hung8971@yahoo.com,0999891413,2008
FAN08972,Pham Anh Vy,linh8972@gmail.com,0997448146,2007
FAN08973,Phan Duc Phong,dung8973@fpt.edu.vn,0958787978,1986
FAN08974,Dang Tuan Linh,vy8974@gmail.com,0966230159,2006
FAN08975,Le Anh Mai,linh8975@hotmail.com,0976178900,1995
FAN08976,Le Hai Quan,lan8976@hotmail.com,0986500143,2006
FAN08977,Vu Anh Nam,mai8977@yahoo.com,0917121432,2000
FAN08978,Le Tuan Phong,quan8978@hotmail.com,0934435036,2005
FAN08979,Le Tuan Lan,lan8979@hotmail.com,0964061770,2007
FAN08980,Do Xuan Lan,mai8980@hotmail.com,0927572560,2001
FAN08981,Dang Tuan Vy,phong8981@gmail.com,0911702893,1987
FAN08982,Le Hai Lan,quan8982@gmail.com,0972824085,2004
FAN08983,Le Quoc Lan,hung8983@fpt.edu.vn,0975999511,1999
FAN08984,Tran Van Lan,hung8984@gmail.com,0922905558,2008
FAN08985,Do Anh Nam,bach8985@gmail.com,0964206297,2007
FAN08986,Nguyen Quoc Bach,lan8986@hotmail.com,0920490623,2000
FAN08987,Phan Minh Quan,mai8987@fpt.edu.vn,0962241744,1986
FAN08988,Dang Anh Linh,hung8988@fpt.edu.vn,0981178307,1995
FAN08989,Le Gia Quan,phong8989@fpt.edu.vn,0969772909,2001
FAN08990,Tran Anh Vy,quan8990@gmail.com,0927686535,2004
FAN08991,Do Xuan Dung,hung8991@gmail.com,0963798709,2008
FAN08992,Do Gia Quan,nam8992@gmail.com,0930766553,1989
FAN08993,Pham Hai Dung,mai8993@hotmail.com,0915187426,1987
FAN08994,Nguyen Tuan Mai,hung8994@gmail.com,0988568116,2003
FAN08995,Bui Xuan Quan,dung8995@gmail.com,0930587452,2005
FAN08996,Phan Quoc Phong,vy8996@fpt.edu.vn,0957422692,1994
FAN08997,Dang Thi Dung,linh8997@yahoo.com,0992652839,2005
FAN08998,Phan Minh Quan,quan8998@gmail.com,0956290102,1986
FAN08999,Vu Hai Linh,hung8999@fpt.edu.vn,0920787197,1989
FAN09000,Vu Thi Lan,lan9000@gmail.com,0958364059,2007
FAN09001,Nguyen Hai Phong,linh9001@fpt.edu.vn,0992749512,1995
FAN09002,Nguyen Thi Linh,lan9002@yahoo.com,0989116321,1986
FAN09003,Dang Van Lan,linh9003@hotmail.com,0970759882,1993
FAN09004,Hoang Thi Vy,dung9004@fpt.edu.vn,0943913121,1989
FAN09005,Hoang Thi Quan,lan9005@gmail.com,0993588981,1989
FAN09006,Bui Hai Bach,phong9006@gmail.com,0943627383,1997
FAN09007,Do Gia Hung,mai9007@gmail.com,0935479530,1989
FAN09008,Tran Thi Mai,vy9008@yahoo.com,0917216062,1991
FAN09009,Le Minh Nam,quan9009@fpt.edu.vn,0972690607,2008
FAN09010,Bui Gia Dung,phong9010@gmail.com,0989349499,1987
FAN09011,Tran Tuan Vy,hung9011@fpt.edu.vn,0986263887,1993
FAN09012,Phan Hai Bach,quan9012@gmail.com,0928197290,2005
FAN09013,Hoang Gia Mai,nam9013@fpt.edu.vn,0923821257,1985
FAN09014,Hoang Anh Nam,nam9014@gmail.com,0993447460,2005
FAN09015,Vu Tuan Vy,mai9015@yahoo.com,0926948127,1998
FAN09016,Tran Gia Quan,bach9016@fpt.edu.vn,0955205721,1989
FAN09017,Phan Thi Hung,nam9017@gmail.com,0941403997,2005
FAN09018,Nguyen Quoc Vy,lan9018@gmail.com,0931390773,1998
FAN09019,Bui Minh Vy,bach9019@hotmail.com,0947973097,2005
FAN09020,Tran Tuan Dung,vy9020@hotmail.com,0943946743,1997
FAN09021,Hoang Anh Bach,nam9021@yahoo.com,0984906208,1996
FAN09022,Le Minh Hung,linh9022@yahoo.com,0924984971,1987
FAN09023,Do Quoc Nam,vy9023@gmail.com,0923388072,1998
FAN09024,Phan Xuan Vy,nam9024@yahoo.com,0973963574,1999
FAN09025,Nguyen Quoc Lan,lan9025@yahoo.com,0914911160,2006
FAN09026,Pham Thi Mai,mai9026@yahoo.com,0916518639,2002
FAN09027,Bui Thi Dung,dung9027@yahoo.com,0977858364,2002
FAN09028,Dang Anh Nam,linh9028@gmail.com,0914706767,2007
FAN09029,Vu Duc Phong,bach9029@yahoo.com,0945044176,2008
FAN09030,Nguyen Van Hung,bach9030@yahoo.com,0967296493,1986
FAN09031,Do Quoc Phong,mai9031@fpt.edu.vn,0943353445,1992
FAN09032,Hoang Minh Lan,vy9032@yahoo.com,0917493832,2007
FAN09033,Tran Gia Nam,bach9033@hotmail.com,0913436721,2000
FAN09034,Dang Gia Quan,hung9034@yahoo.com,0951462666,2001
FAN09035,Do Quoc Bach,dung9035@hotmail.com,0983588665,1993
FAN09036,Hoang Hai Nam,hung9036@yahoo.com,0970269549,1994
FAN09037,Nguyen Tuan Bach,vy9037@gmail.com,0913003550,1988
FAN09038,Do Minh Nam,bach9038@yahoo.com,0919276358,1986
FAN09039,Pham Xuan Linh,dung9039@gmail.com,0998250880,2008
FAN09040,Dang Hai Phong,quan9040@yahoo.com,0937152353,1992
FAN09041,Bui Tuan Dung,vy9041@gmail.com,0923580236,1996
FAN09042,Bui Minh Dung,dung9042@fpt.edu.vn,0944333754,2001
FAN09043,Le Van Lan,hung9043@yahoo.com,0913466419,2000
FAN09044,Dang Duc Mai,dung9044@gmail.com,0974932361,1996
FAN09045,Dang Hai Mai,hung9045@yahoo.com,0992144263,2004
FAN09046,Tran Tuan Phong,mai9046@fpt.edu.vn,0977041060,1997
FAN09047,Pham Thi Nam,lan9047@fpt.edu.vn,0957040937,2001
FAN09048,Vu Hai Vy,mai9048@gmail.com,0985967139,1990
FAN09049,Le Quoc Dung,lan9049@gmail.com,0941211911,1991
FAN09050,Hoang Thi Hung,lan9050@hotmail.com,0985610231,2007
FAN09051,Phan Hai Quan,phong9051@gmail.com,0961096336,1986
FAN09052,Dang Anh Lan,quan9052@gmail.com,0933214505,1988
FAN09053,Le Tuan Quan,quan9053@fpt.edu.vn,0969277544,1993
FAN09054,Le Anh Bach,hung9054@hotmail.com,0948807715,1988
FAN09055,Le Anh Hung,linh9055@hotmail.com,0935446367,1987
FAN09056,Bui Hai Mai,vy9056@hotmail.com,0955264194,1998
FAN09057,Nguyen Xuan Bach,quan9057@hotmail.com,0966858967,2007
FAN09058,Phan Duc Bach,quan9058@yahoo.com,0974561136,1991
FAN09059,Tran Gia Linh,lan9059@gmail.com,0932009454,1991
FAN09060,Pham Tuan Hung,bach9060@fpt.edu.vn,0951199062,1993
FAN09061,Vu Quoc Lan,quan9061@hotmail.com,0926021426,2008
FAN09062,Phan Duc Phong,vy9062@gmail.com,0942280413,1999
FAN09063,Pham Duc Nam,vy9063@hotmail.com,0966685068,1991
FAN09064,Bui Hai Quan,lan9064@gmail.com,0959434145,1985
FAN09065,Phan Tuan Mai,mai9065@gmail.com,0974746147,1988
FAN09066,Phan Hai Vy,mai9066@fpt.edu.vn,0971059668,2000
FAN09067,Bui Duc Nam,mai9067@gmail.com,0960051332,2003
FAN09068,Do Hai Vy,bach9068@hotmail.com,0998341350,1999
FAN09069,Hoang Gia Hung,dung9069@gmail.com,0935700434,1998
FAN09070,Le Thi Hung,mai9070@fpt.edu.vn,0954392218,1985
FAN09071,Dang Van Phong,vy9071@yahoo.com,0956807205,1999
FAN09072,Vu Duc Bach,mai9072@gmail.com,0923103850,1986
FAN09073,Hoang Minh Dung,nam9073@hotmail.com,0970287254,2004
FAN09074,Le Gia Nam,nam9074@yahoo.com,0992602994,1999
FAN09075,Tran Minh Quan,linh9075@gmail.com,0960784355,1996
FAN09076,Le Duc Linh,mai9076@hotmail.com,0979933691,1991
FAN09077,Pham Minh Linh,nam9077@hotmail.com,0980348363,1999
FAN09078,Dang Thi Hung,lan9078@yahoo.com,0977949741,1987
FAN09079,Bui Anh Nam,lan9079@gmail.com,0941434708,1991
FAN09080,Pham Tuan Phong,dung9080@fpt.edu.vn,0996459994,2003
FAN09081,Pham Minh Mai,hung9081@fpt.edu.vn,0927384602,1986
FAN09082,Le Thi Vy,dung9082@gmail.com,0969599102,1988
FAN09083,Bui Xuan Vy,nam9083@yahoo.com,0948364824,2006
FAN09084,Do Tuan Mai,dung9084@yahoo.com,0994791235,1988
FAN09085,Le Thi Nam,lan9085@fpt.edu.vn,0978938186,2002
FAN09086,Tran Tuan Mai,lan9086@fpt.edu.vn,0942924915,1995
FAN09087,Bui Quoc Dung,vy9087@gmail.com,0990787532,1997
FAN09088,Vu Tuan Bach,bach9088@gmail.com,0933112585,2004
FAN09089,Hoang Anh Lan,vy9089@yahoo.com,0992979041,2007
FAN09090,Phan Van Quan,mai9090@hotmail.com,0917364275,1990
FAN09091,Vu Duc Phong,linh9091@hotmail.com,0984709018,2001
FAN09092,Pham Minh Phong,hung9092@hotmail.com,0932977926,2006
FAN09093,Nguyen Gia Mai,vy9093@hotmail.com,0931713685,1995
FAN09094,Phan Hai Mai,nam9094@hotmail.com,0989123822,1985
FAN09095,Le Gia Nam,hung9095@fpt.edu.vn,0945458059,2006
FAN09096,Le Anh Bach,lan9096@fpt.edu.vn,0969424277,2002
FAN09097,Pham Minh Hung,mai9097@hotmail.com,0932465944,1999
FAN09098,Tran Hai Quan,vy9098@hotmail.com,0930149937,1991
FAN09099,Nguyen Thi Quan,quan9099@gmail.com,0911004714,2008
FAN09100,Pham Quoc Phong,dung9100@fpt.edu.vn,0981525267,2005
FAN09101,Le Hai Quan,mai9101@gmail.com,0949777160,1994
FAN09102,Do Tuan Mai,nam9102@gmail.com,0998235413,2008
FAN09103,Vu Thi Mai,vy9103@yahoo.com,0973028277,2002
FAN09104,Dang Thi Vy,linh9104@yahoo.com,0926449903,2005
FAN09105,Nguyen Gia Vy,mai9105@fpt.edu.vn,0977403394,1989
FAN09106,Bui Quoc Bach,vy9106@fpt.edu.vn,0973408618,2005
FAN09107,Do Minh Hung,quan9107@fpt.edu.vn,0910539703,2003
FAN09108,Dang Duc Bach,phong9108@yahoo.com,0923896861,2006
FAN09109,Nguyen Thi Hung,bach9109@fpt.edu.vn,0972713257,1990
FAN09110,Do Thi Nam,lan9110@fpt.edu.vn,0942129581,1998
FAN09111,Hoang Minh Mai,vy9111@fpt.edu.vn,0918662116,1999
FAN09112,Vu Duc Linh,lan9112@hotmail.com,0915249318,1990
FAN09113,Le Tuan Lan,mai9113@gmail.com,0981132448,1993
FAN09114,Nguyen Hai Dung,hung9114@gmail.com,0981507032,2007
FAN09115,Dang Minh Lan,phong9115@yahoo.com,0952601450,1995
FAN09116,Phan Duc Nam,quan9116@hotmail.com,0963536925,1997
FAN09117,Hoang Hai Linh,hung9117@gmail.com,0999182307,2005
FAN09118,Nguyen Hai Lan,hung9118@hotmail.com,0976637608,2000
FAN09119,Le Gia Nam,linh9119@fpt.edu.vn,0974846288,1991
FAN09120,Vu Tuan Vy,lan9120@hotmail.com,0915223225,1998
FAN09121,Nguyen Duc Dung,phong9121@hotmail.com,0986249017,1987
FAN09122,Nguyen Anh Phong,bach9122@fpt.edu.vn,0933023338,1987
FAN09123,Phan Hai Hung,mai9123@hotmail.com,0928714440,1994
FAN09124,Tran Gia Mai,bach9124@hotmail.com,0945432014,1990
FAN09125,Dang Van Vy,hung9125@yahoo.com,0923752018,1993
FAN09126,Dang Thi Vy,phong9126@gmail.com,0993402206,1995
FAN09127,Pham Gia Nam,dung9127@fpt.edu.vn,0969402529,1988
FAN09128,Vu Hai Dung,hung9128@gmail.com,0939384013,1997
FAN09129,Bui Minh Dung,phong9129@hotmail.com,0938419150,1991
FAN09130,Dang Quoc Linh,lan9130@fpt.edu.vn,0987838101,2001
FAN09131,Do Thi Quan,bach9131@hotmail.com,0911817019,1985
FAN09132,Nguyen Anh Bach,mai9132@gmail.com,0998972831,1991
FAN09133,Le Anh Lan,nam9133@yahoo.com,0953658597,2003
FAN09134,Hoang Minh Bach,phong9134@fpt.edu.vn,0933831239,1990
FAN09135,Do Duc Hung,phong9135@fpt.edu.vn,0950047353,2001
FAN09136,Bui Xuan Quan,quan9136@yahoo.com,0937951108,1992
FAN09137,Pham Quoc Nam,vy9137@hotmail.com,0980545648,1985
FAN09138,Pham Gia Bach,nam9138@gmail.com,0977669891,1996
FAN09139,Do Anh Hung,bach9139@yahoo.com,0964850933,1994
FAN09140,Le Hai Quan,hung9140@gmail.com,0950229390,2005
FAN09141,Phan Gia Linh,mai9141@hotmail.com,0991227114,1996
FAN09142,Tran Duc Linh,quan9142@gmail.com,0981761239,2007
FAN09143,Nguyen Duc Dung,vy9143@fpt.edu.vn,0981662850,1994
FAN09144,Nguyen Xuan Hung,lan9144@yahoo.com,0980829164,2003
FAN09145,Phan Thi Nam,dung9145@gmail.com,0944101480,1985
FAN09146,Hoang Gia Quan,lan9146@gmail.com,0928906868,1988
FAN09147,Nguyen Quoc Mai,linh9147@gmail.com,0975731671,1997
FAN09148,Do Minh Quan,linh9148@yahoo.com,0919892027,2006
FAN09149,Pham Quoc Mai,vy9149@fpt.edu.vn,0928736965,1997
FAN09150,Do Xuan Dung,bach9150@hotmail.com,0974837041,2001
FAN09151,Nguyen Thi Vy,mai9151@hotmail.com,0972698414,1997
FAN09152,Vu Tuan Nam,hung9152@fpt.edu.vn,0970309099,2001
FAN09153,Tran Thi Dung,hung9153@fpt.edu.vn,0932179056,1998
FAN09154,Pham Minh Lan,phong9154@hotmail.com,0990765154,1993
FAN09155,Phan Van Mai,phong9155@yahoo.com,0986653957,1989
FAN09156,Le Hai Vy,linh9156@yahoo.com,0955158652,1990
FAN09157,Nguyen Gia Bach,hung9157@yahoo.com,0971904896,2006
FAN09158,Hoang Gia Dung,quan9158@hotmail.com,0943979953,1992
FAN09159,Nguyen Gia Phong,linh9159@fpt.edu.vn,0961852185,1993
FAN09160,Do Anh Bach,dung9160@fpt.edu.vn,0985867376,1990
FAN09161,Do Tuan Quan,mai9161@fpt.edu.vn,0948856947,1995
FAN09162,Pham Tuan Bach,mai9162@yahoo.com,0973252005,2005
FAN09163,Tran Xuan Quan,linh9163@yahoo.com,0966961645,1990
FAN09164,Do Tuan Linh,linh9164@hotmail.com,0911823379,1993
FAN09165,Vu Quoc Quan,bach9165@hotmail.com,0954882689,1987
FAN09166,Dang Hai Phong,hung9166@yahoo.com,0997283280,1995
FAN09167,Vu Van Hung,mai9167@yahoo.com,0917709784,2001
FAN09168,Do Tuan Lan,bach9168@gmail.com,0996422033,2003
FAN09169,Pham Tuan Lan,vy9169@fpt.edu.vn,0965097504,1995
FAN09170,Nguyen Anh Vy,vy9170@yahoo.com,0919687465,1996
FAN09171,Phan Minh Mai,lan9171@yahoo.com,0980966058,2005
FAN09172,Hoang Xuan Mai,phong9172@yahoo.com,0953860912,1993
FAN09173,Nguyen Duc Hung,lan9173@yahoo.com,0963022783,2000
FAN09174,Le Thi Quan,quan9174@fpt.edu.vn,0942617503,1996
FAN09175,Tran Van Nam,dung9175@yahoo.com,0953824680,1986
FAN09176,Phan Duc Mai,phong9176@fpt.edu.vn,0974864777,2007
FAN09177,Dang Minh Bach,bach9177@hotmail.com,0948663494,2005
FAN09178,Dang Minh Mai,nam9178@yahoo.com,0912524015,2007
FAN09179,Le Thi Nam,hung9179@yahoo.com,0928441060,1986
FAN09180,Do Hai Linh,quan9180@fpt.edu.vn,0918659983,1986
FAN09181,Do Van Quan,bach9181@fpt.edu.vn,0975576020,1987
FAN09182,Tran Anh Quan,nam9182@gmail.com,0996886027,2003
FAN09183,Phan Hai Quan,lan9183@hotmail.com,0921067042,2007
FAN09184,Vu Tuan Lan,dung9184@fpt.edu.vn,0966544872,1989
FAN09185,Dang Duc Linh,vy9185@yahoo.com,0924531019,2004
FAN09186,Hoang Tuan Phong,lan9186@gmail.com,0932123083,2003
FAN09187,Tran Van Hung,dung9187@gmail.com,0923735375,2003
FAN09188,Vu Tuan Vy,lan9188@fpt.edu.vn,0927622332,1992
FAN09189,Bui Gia Lan,bach9189@gmail.com,0925465948,1992
FAN09190,Hoang Quoc Bach,mai9190@hotmail.com,0926249238,2006
FAN09191,Vu Gia Phong,lan9191@gmail.com,0911854901,1995
FAN09192,Vu Duc Phong,mai9192@fpt.edu.vn,0932682823,2002
FAN09193,Tran Minh Lan,quan9193@yahoo.com,0919773925,1988
FAN09194,Phan Duc Bach,linh9194@yahoo.com,0917687063,1992
FAN09195,Do Hai Phong,lan9195@fpt.edu.vn,0945817423,1988
FAN09196,Dang Thi Mai,nam9196@gmail.com,0976313172,1997
FAN09197,Nguyen Gia Mai,lan9197@hotmail.com,0994638847,1992
FAN09198,Tran Anh Mai,vy9198@gmail.com,0933622825,1992
FAN09199,Hoang Anh Dung,phong9199@yahoo.com,0921745062,1992
FAN09200,Do Duc Hung,vy9200@gmail.com,0931991325,2006
FAN09201,Vu Minh Phong,dung9201@hotmail.com,0994806479,1986
FAN09202,Pham Anh Hung,dung9202@gmail.com,0985710391,1987
FAN09203,Dang Thi Vy,lan9203@fpt.edu.vn,0911980677,1990
FAN09204,Tran Minh Phong,vy9204@hotmail.com,0917215177,1985
FAN09205,Tran Van Bach,lan9205@hotmail.com,0978734035,2003
FAN09206,Pham Xuan Bach,phong9206@gmail.com,0998630128,1995
FAN09207,Nguyen Van Mai,vy9207@yahoo.com,0971941914,2001
FAN09208,Dang Duc Lan,quan9208@gmail.com,0976695325,2000
FAN09209,Phan Duc Vy,nam9209@fpt.edu.vn,0930292594,2001
FAN09210,Tran Duc Phong,mai9210@hotmail.com,0984313293,1991
FAN09211,Nguyen Xuan Dung,vy9211@yahoo.com,0925816180,2001
FAN09212,Do Tuan Lan,lan9212@fpt.edu.vn,0941730326,1997
FAN09213,Do Minh Dung,lan9213@yahoo.com,0987413326,1990
FAN09214,Bui Xuan Lan,nam9214@gmail.com,0975617629,1987
FAN09215,Nguyen Thi Quan,quan9215@yahoo.com,0989084156,1990
FAN09216,Do Xuan Phong,nam9216@yahoo.com,0940261696,1990
FAN09217,Nguyen Anh Lan,nam9217@yahoo.com,0963019779,2006
FAN09218,Pham Gia Phong,phong9218@yahoo.com,0978384563,1988
FAN09219,Do Thi Dung,linh9219@fpt.edu.vn,0975782926,1996
FAN09220,Le Hai Nam,quan9220@fpt.edu.vn,0956009859,1994
FAN09221,Vu Duc Lan,phong9221@hotmail.com,0980898521,1997
FAN09222,Hoang Tuan Linh,phong9222@hotmail.com,0924143456,1985
FAN09223,Le Tuan Linh,quan9223@yahoo.com,0983278678,1985
FAN09224,Dang Xuan Hung,linh9224@gmail.com,0934153354,2006
FAN09225,Nguyen Minh Dung,phong9225@gmail.com,0990229093,1991
FAN09226,Nguyen Duc Vy,hung9226@gmail.com,0918699295,1990
FAN09227,Vu Quoc Quan,dung9227@fpt.edu.vn,0987172321,2007
FAN09228,Le Tuan Bach,linh9228@fpt.edu.vn,0914401226,2001
FAN09229,Tran Tuan Dung,lan9229@gmail.com,0925280455,1994
FAN09230,Do Minh Linh,quan9230@fpt.edu.vn,0950096904,2002
FAN09231,Dang Gia Quan,nam9231@fpt.edu.vn,0991638901,1993
FAN09232,Pham Minh Quan,dung9232@gmail.com,0916941889,1990
FAN09233,Le Xuan Mai,bach9233@hotmail.com,0972851666,2005
FAN09234,Pham Minh Quan,dung9234@hotmail.com,0996168249,1997
FAN09235,Bui Anh Vy,dung9235@gmail.com,0961570343,1998
FAN09236,Dang Gia Phong,nam9236@fpt.edu.vn,0968389237,1987
FAN09237,Phan Hai Linh,dung9237@hotmail.com,0983017977,1994
FAN09238,Bui Xuan Mai,mai9238@hotmail.com,0988891679,2003
FAN09239,Dang Quoc Nam,bach9239@gmail.com,0944545280,1996
FAN09240,Hoang Quoc Nam,phong9240@fpt.edu.vn,0940509425,2004
FAN09241,Le Gia Phong,nam9241@yahoo.com,0921110691,1989
FAN09242,Dang Van Vy,linh9242@fpt.edu.vn,0999297282,2003
FAN09243,Hoang Quoc Phong,vy9243@fpt.edu.vn,0930426628,1990
FAN09244,Hoang Thi Vy,bach9244@gmail.com,0977701290,2002
FAN09245,Dang Hai Quan,linh9245@hotmail.com,0963958366,1992
FAN09246,Do Thi Phong,bach9246@gmail.com,0925542627,1997
FAN09247,Vu Duc Lan,mai9247@hotmail.com,0936770347,2007
FAN09248,Le Van Bach,quan9248@fpt.edu.vn,0995234004,2006
FAN09249,Bui Hai Bach,vy9249@yahoo.com,0950869787,2001
FAN09250,Bui Xuan Dung,dung9250@hotmail.com,0985340980,1986
FAN09251,Pham Van Dung,quan9251@hotmail.com,0955349702,1994
FAN09252,Pham Quoc Linh,mai9252@gmail.com,0997150350,1998
FAN09253,Tran Duc Lan,nam9253@gmail.com,0972211295,1986
FAN09254,Nguyen Thi Mai,linh9254@yahoo.com,0933448254,1993
FAN09255,Le Anh Mai,vy9255@gmail.com,0954754125,1993
FAN09256,Vu Gia Mai,quan9256@fpt.edu.vn,0945302059,2005
FAN09257,Bui Duc Quan,phong9257@gmail.com,0981947653,1995
FAN09258,Le Gia Phong,phong9258@fpt.edu.vn,0948189134,1991
FAN09259,Bui Minh Quan,nam9259@hotmail.com,0969058163,2007
FAN09260,Dang Tuan Linh,quan9260@gmail.com,0937947237,2008
FAN09261,Phan Quoc Nam,dung9261@fpt.edu.vn,0967314744,1996
FAN09262,Dang Thi Lan,quan9262@yahoo.com,0982245499,1998
FAN09263,Nguyen Duc Phong,vy9263@hotmail.com,0987622948,1999
FAN09264,Vu Van Linh,mai9264@hotmail.com,0938790571,2008
FAN09265,Bui Xuan Phong,quan9265@hotmail.com,0912547658,2008
FAN09266,Le Hai Quan,vy9266@fpt.edu.vn,0941630512,1993
FAN09267,Do Xuan Mai,linh9267@fpt.edu.vn,0987309740,2000
FAN09268,Pham Minh Hung,bach9268@gmail.com,0938209157,1999
FAN09269,Dang Duc Quan,vy9269@hotmail.com,0957428628,1986
FAN09270,Bui Duc Linh,bach9270@gmail.com,0965588654,1989
FAN09271,Tran Gia Bach,linh9271@yahoo.com,0978098973,1987
FAN09272,Do Quoc Lan,bach9272@hotmail.com,0922742709,1985
FAN09273,Vu Thi Bach,phong9273@fpt.edu.vn,0919402011,1993
FAN09274,Tran Gia Bach,nam9274@hotmail.com,0912238796,1991
FAN09275,Nguyen Duc Lan,nam9275@yahoo.com,0942622213,2002
FAN09276,Bui Thi Phong,hung9276@yahoo.com,0931686481,2000
FAN09277,Dang Gia Linh,lan9277@gmail.com,0952062087,1986
FAN09278,Tran Thi Dung,nam9278@gmail.com,0960235239,1992
FAN09279,Pham Quoc Vy,bach9279@gmail.com,0994480432,1996
FAN09280,Nguyen Tuan Nam,nam9280@yahoo.com,0917807688,1987
FAN09281,Dang Gia Vy,lan9281@fpt.edu.vn,0912287520,2007
FAN09282,Pham Gia Linh,quan9282@hotmail.com,0931757664,1986
FAN09283,Le Thi Nam,linh9283@gmail.com,0975965639,2006
FAN09284,Vu Xuan Linh,bach9284@gmail.com,0925825378,1995
FAN09285,Do Van Mai,hung9285@yahoo.com,0959776513,1996
FAN09286,Pham Minh Hung,vy9286@gmail.com,0942325119,2005
FAN09287,Dang Xuan Mai,lan9287@hotmail.com,0971001890,1990
FAN09288,Vu Gia Linh,hung9288@gmail.com,0923305794,2006
FAN09289,Phan Gia Mai,quan9289@yahoo.com,0995181889,1986
FAN09290,Hoang Quoc Mai,vy9290@gmail.com,0964412704,1989
FAN09291,Nguyen Minh Linh,phong9291@gmail.com,0923152041,1985
FAN09292,Phan Duc Bach,linh9292@yahoo.com,0947539301,1988
FAN09293,Vu Hai Quan,linh9293@gmail.com,0910671609,1990
FAN09294,Bui Gia Bach,mai9294@fpt.edu.vn,0913021580,1991
FAN09295,Dang Duc Bach,lan9295@yahoo.com,0935408887,2006
FAN09296,Bui Anh Dung,vy9296@hotmail.com,0994891590,1992
FAN09297,Phan Minh Linh,quan9297@gmail.com,0925201243,2000
FAN09298,Vu Minh Mai,nam9298@gmail.com,0981590307,1989
FAN09299,Vu Anh Vy,vy9299@fpt.edu.vn,0947902964,1995
FAN09300,Le Thi Bach,linh9300@yahoo.com,0924229419,1993
FAN09301,Pham Hai Linh,lan9301@hotmail.com,0937515712,2005
FAN09302,Pham Duc Bach,dung9302@gmail.com,0912742268,1986
FAN09303,Hoang Hai Phong,mai9303@gmail.com,0918031101,2001
FAN09304,Vu Xuan Bach,lan9304@yahoo.com,0950631281,1990
FAN09305,Dang Anh Nam,vy9305@gmail.com,0914138739,1999
FAN09306,Dang Minh Phong,bach9306@fpt.edu.vn,0957612122,2007
FAN09307,Le Minh Bach,lan9307@hotmail.com,0944615206,2008
FAN09308,Phan Van Phong,dung9308@hotmail.com,0989082713,1985
FAN09309,Nguyen Van Lan,phong9309@yahoo.com,0965681296,1998
FAN09310,Phan Tuan Nam,nam9310@yahoo.com,0931914619,2002
FAN09311,Phan Hai Nam,phong9311@fpt.edu.vn,0989320082,2000
FAN09312,Do Minh Nam,nam9312@fpt.edu.vn,0982269027,1988
FAN09313,Tran Xuan Lan,nam9313@yahoo.com,0968997441,1986
FAN09314,Vu Xuan Mai,phong9314@fpt.edu.vn,0910549269,1989
FAN09315,Do Van Mai,quan9315@hotmail.com,0932961924,1990
FAN09316,Nguyen Hai Linh,quan9316@fpt.edu.vn,0935708027,2008
FAN09317,Le Tuan Phong,mai9317@gmail.com,0989346007,1999
FAN09318,Phan Tuan Bach,hung9318@gmail.com,0988024505,1988
FAN09319,Bui Minh Dung,mai9319@hotmail.com,0915821473,1987
FAN09320,Le Van Linh,linh9320@fpt.edu.vn,0979734810,1991
FAN09321,Hoang Xuan Vy,linh9321@yahoo.com,0952916367,2006
FAN09322,Pham Tuan Vy,lan9322@yahoo.com,0959378365,2003
FAN09323,Vu Anh Phong,vy9323@fpt.edu.vn,0935360245,1986
FAN09324,Tran Thi Quan,hung9324@fpt.edu.vn,0989887327,1989
FAN09325,Le Van Phong,linh9325@yahoo.com,0964751070,1991
FAN09326,Nguyen Anh Lan,vy9326@yahoo.com,0939201576,1987
FAN09327,Tran Thi Linh,phong9327@hotmail.com,0941093347,1990
FAN09328,Pham Anh Dung,linh9328@yahoo.com,0956434548,1996
FAN09329,Vu Duc Nam,vy9329@gmail.com,0970809661,2001
FAN09330,Le Van Hung,linh9330@gmail.com,0953552578,2008
FAN09331,Le Tuan Dung,dung9331@hotmail.com,0992609493,1991
FAN09332,Bui Tuan Phong,linh9332@gmail.com,0910518553,2000
FAN09333,Tran Minh Phong,bach9333@gmail.com,0910903798,1990
FAN09334,Tran Anh Bach,phong9334@gmail.com,0974039246,1993
FAN09335,Do Minh Quan,mai9335@hotmail.com,0921722936,1996
FAN09336,Dang Duc Vy,phong9336@fpt.edu.vn,0938365451,1997
FAN09337,Vu Tuan Vy,vy9337@fpt.edu.vn,0925556093,2004
FAN09338,Nguyen Hai Lan,dung9338@fpt.edu.vn,0950705202,2001
FAN09339,Dang Quoc Dung,phong9339@yahoo.com,0913298659,2004
FAN09340,Pham Minh Dung,linh9340@gmail.com,0934723978,1990
FAN09341,Vu Duc Phong,mai9341@yahoo.com,0954613072,1985
FAN09342,Le Xuan Dung,linh9342@fpt.edu.vn,0968668807,1989
FAN09343,Bui Van Phong,nam9343@gmail.com,0949075539,2008
FAN09344,Nguyen Quoc Linh,phong9344@gmail.com,0956130514,2005
FAN09345,Tran Hai Hung,bach9345@gmail.com,0993097520,1996
FAN09346,Dang Quoc Lan,mai9346@yahoo.com,0920739662,2005
FAN09347,Nguyen Xuan Nam,linh9347@gmail.com,0932515179,2001
FAN09348,Le Minh Phong,quan9348@fpt.edu.vn,0935733743,1985
FAN09349,Bui Duc Hung,bach9349@fpt.edu.vn,0974164421,2007
FAN09350,Le Thi Vy,dung9350@gmail.com,0963974595,2004
FAN09351,Dang Van Vy,hung9351@gmail.com,0977238757,1988
FAN09352,Pham Duc Linh,linh9352@yahoo.com,0957384812,1990
FAN09353,Do Van Dung,phong9353@fpt.edu.vn,0928279065,2003
FAN09354,Do Anh Vy,hung9354@gmail.com,0990113582,1987
FAN09355,Phan Van Phong,dung9355@fpt.edu.vn,0988337437,2001
FAN09356,Do Thi Lan,mai9356@gmail.com,0914597951,1992
FAN09357,Nguyen Hai Quan,hung9357@hotmail.com,0977688812,1993
FAN09358,Hoang Xuan Mai,hung9358@fpt.edu.vn,0946085065,2007
FAN09359,Phan Van Quan,lan9359@gmail.com,0995945322,1997
FAN09360,Dang Anh Phong,mai9360@gmail.com,0991502235,2002
FAN09361,Nguyen Xuan Nam,nam9361@yahoo.com,0966754670,1988
FAN09362,Phan Anh Dung,mai9362@gmail.com,0935527055,1986
FAN09363,Do Gia Nam,linh9363@fpt.edu.vn,0977415298,1991
FAN09364,Bui Van Dung,vy9364@hotmail.com,0983145206,1991
FAN09365,Tran Gia Quan,linh9365@gmail.com,0936505739,1989
FAN09366,Phan Quoc Vy,mai9366@fpt.edu.vn,0946806943,2003
FAN09367,Do Duc Bach,lan9367@fpt.edu.vn,0957038541,1995
FAN09368,Pham Duc Lan,linh9368@yahoo.com,0933699538,1995
FAN09369,Bui Xuan Hung,hung9369@yahoo.com,0930058482,1987
FAN09370,Bui Minh Bach,hung9370@hotmail.com,0974507795,2008
FAN09371,Vu Gia Dung,quan9371@gmail.com,0995943457,2006
FAN09372,Do Van Dung,linh9372@yahoo.com,0972140771,2001
FAN09373,Do Duc Bach,vy9373@hotmail.com,0984607000,1990
FAN09374,Tran Tuan Vy,dung9374@gmail.com,0957888434,1987
FAN09375,Dang Xuan Nam,lan9375@yahoo.com,0917722837,1996
FAN09376,Vu Tuan Hung,nam9376@yahoo.com,0976784614,1997
FAN09377,Bui Gia Mai,bach9377@yahoo.com,0987599719,2008
FAN09378,Nguyen Minh Vy,hung9378@yahoo.com,0914096926,2001
FAN09379,Bui Van Hung,nam9379@hotmail.com,0931179221,1989
FAN09380,Do Anh Bach,lan9380@hotmail.com,0937814878,1993
FAN09381,Tran Thi Vy,bach9381@yahoo.com,0968748134,1991
FAN09382,Hoang Thi Phong,linh9382@gmail.com,0997392726,1985
FAN09383,Vu Thi Bach,hung9383@hotmail.com,0979815540,1985
FAN09384,Le Quoc Hung,mai9384@yahoo.com,0947337062,2007
FAN09385,Hoang Tuan Hung,phong9385@yahoo.com,0994922270,1988
FAN09386,Do Duc Linh,quan9386@yahoo.com,0941934407,1990
FAN09387,Bui Minh Dung,dung9387@fpt.edu.vn,0958329913,2000
FAN09388,Hoang Xuan Bach,hung9388@yahoo.com,0967342696,1986
FAN09389,Hoang Minh Quan,mai9389@yahoo.com,0949346012,1988
FAN09390,Pham Tuan Linh,nam9390@fpt.edu.vn,0941605982,2008
FAN09391,Do Quoc Linh,vy9391@gmail.com,0919275556,1996
FAN09392,Do Gia Dung,bach9392@gmail.com,0988720458,2006
FAN09393,Tran Hai Phong,mai9393@hotmail.com,0941720816,1992
FAN09394,Do Duc Nam,nam9394@hotmail.com,0950000669,2003
FAN09395,Vu Minh Vy,hung9395@hotmail.com,0973297396,1987
FAN09396,Dang Van Mai,nam9396@yahoo.com,0990151480,1986
FAN09397,Pham Tuan Vy,phong9397@yahoo.com,0982698650,1990
FAN09398,Do Tuan Vy,lan9398@yahoo.com,0997702862,2003
FAN09399,Tran Gia Bach,dung9399@yahoo.com,0953936314,2004
FAN09400,Hoang Anh Linh,nam9400@fpt.edu.vn,0948265992,2008
FAN09401,Pham Quoc Nam,vy9401@gmail.com,0957990155,1999
FAN09402,Do Anh Phong,bach9402@gmail.com,0958661328,1987
FAN09403,Tran Tuan Dung,mai9403@gmail.com,0967279249,1994
FAN09404,Bui Duc Lan,nam9404@yahoo.com,0980923085,2001
FAN09405,Vu Hai Bach,linh9405@hotmail.com,0938495254,1986
FAN09406,Pham Anh Mai,linh9406@gmail.com,0948845808,1999
FAN09407,Tran Hai Nam,bach9407@fpt.edu.vn,0930145854,1987
FAN09408,Pham Gia Bach,dung9408@fpt.edu.vn,0992954979,2000
FAN09409,Hoang Quoc Dung,nam9409@hotmail.com,0977753620,1995
FAN09410,Pham Quoc Linh,bach9410@yahoo.com,0977445634,2003
FAN09411,Nguyen Gia Bach,dung9411@gmail.com,0919866248,1994
FAN09412,Dang Van Bach,mai9412@hotmail.com,0947821259,1995
FAN09413,Hoang Thi Vy,vy9413@fpt.edu.vn,0935443800,1991
FAN09414,Pham Xuan Phong,linh9414@hotmail.com,0970773218,1990
FAN09415,Tran Duc Linh,linh9415@gmail.com,0969077996,2007
FAN09416,Vu Van Vy,vy9416@gmail.com,0963434111,1988
FAN09417,Vu Gia Vy,dung9417@hotmail.com,0981052714,1991
FAN09418,Tran Quoc Quan,nam9418@gmail.com,0941146373,2000
FAN09419,Pham Van Phong,lan9419@yahoo.com,0937092099,2004
FAN09420,Pham Hai Lan,hung9420@fpt.edu.vn,0933848850,1997
FAN09421,Le Anh Nam,dung9421@gmail.com,0927904150,1991
FAN09422,Do Duc Bach,bach9422@hotmail.com,0935956196,2003
FAN09423,Le Hai Dung,dung9423@fpt.edu.vn,0939159381,2001
FAN09424,Bui Gia Hung,phong9424@hotmail.com,0985367757,1995
FAN09425,Tran Xuan Lan,hung9425@yahoo.com,0929359085,1999
FAN09426,Bui Tuan Lan,mai9426@yahoo.com,0983845140,1994
FAN09427,Tran Tuan Mai,phong9427@hotmail.com,0946794208,1996
FAN09428,Tran Tuan Lan,lan9428@gmail.com,0926320217,2006
FAN09429,Tran Hai Phong,quan9429@gmail.com,0986946205,1994
FAN09430,Phan Quoc Linh,vy9430@yahoo.com,0975443476,2006
FAN09431,Phan Xuan Vy,quan9431@gmail.com,0995105006,1997
FAN09432,Bui Xuan Mai,hung9432@gmail.com,0976123522,2005
FAN09433,Pham Gia Linh,lan9433@yahoo.com,0941676757,2000
FAN09434,Hoang Van Lan,vy9434@gmail.com,0948402983,2001
FAN09435,Le Duc Lan,hung9435@gmail.com,0925303684,2007
FAN09436,Phan Quoc Linh,phong9436@yahoo.com,0993484974,1995
FAN09437,Dang Hai Dung,phong9437@yahoo.com,0998287915,1987
FAN09438,Do Hai Bach,phong9438@hotmail.com,0995395643,1995
FAN09439,Hoang Tuan Hung,vy9439@gmail.com,0967522394,1986
FAN09440,Vu Minh Vy,linh9440@fpt.edu.vn,0960278353,1995
FAN09441,Vu Tuan Dung,linh9441@yahoo.com,0951786567,2006
FAN09442,Pham Thi Lan,lan9442@gmail.com,0916049279,2000
FAN09443,Pham Xuan Mai,linh9443@gmail.com,0955573145,1986
FAN09444,Vu Tuan Quan,linh9444@hotmail.com,0970006821,1987
FAN09445,Bui Duc Nam,hung9445@yahoo.com,0963887314,1996
FAN09446,Vu Duc Nam,mai9446@yahoo.com,0916080627,1999
FAN09447,Le Quoc Bach,quan9447@yahoo.com,0912657960,1999
FAN09448,Do Duc Quan,hung9448@hotmail.com,0932737761,1988
FAN09449,Nguyen Minh Dung,linh9449@hotmail.com,0972207798,2004
FAN09450,Nguyen Van Vy,vy9450@fpt.edu.vn,0965303511,1999
FAN09451,Pham Xuan Vy,dung9451@fpt.edu.vn,0974998609,2005
FAN09452,Bui Thi Nam,bach9452@fpt.edu.vn,0966701363,1997
FAN09453,Tran Quoc Bach,quan9453@gmail.com,0982625512,2000
FAN09454,Phan Xuan Nam,bach9454@hotmail.com,0937852990,1996
FAN09455,Pham Anh Dung,mai9455@fpt.edu.vn,0965038555,1992
FAN09456,Bui Thi Hung,vy9456@fpt.edu.vn,0948599996,2006
FAN09457,Pham Duc Bach,bach9457@hotmail.com,0982859630,1987
FAN09458,Phan Minh Dung,linh9458@fpt.edu.vn,0912317452,2006
FAN09459,Nguyen Xuan Lan,quan9459@yahoo.com,0917092333,1986
FAN09460,Phan Quoc Nam,hung9460@yahoo.com,0942653409,2003
FAN09461,Le Gia Bach,dung9461@gmail.com,0944221265,2004
FAN09462,Vu Tuan Quan,nam9462@fpt.edu.vn,0961839131,1995
FAN09463,Phan Anh Vy,mai9463@gmail.com,0931211123,1989
FAN09464,Phan Duc Vy,nam9464@fpt.edu.vn,0993886294,2004
FAN09465,Phan Minh Mai,dung9465@yahoo.com,0966558006,2007
FAN09466,Le Gia Dung,nam9466@gmail.com,0957683914,2003
FAN09467,Pham Thi Quan,mai9467@gmail.com,0992810437,2001
FAN09468,Do Xuan Dung,linh9468@fpt.edu.vn,0919553307,1988
FAN09469,Phan Xuan Vy,quan9469@yahoo.com,0956396396,2001
FAN09470,Pham Van Vy,quan9470@hotmail.com,0986268167,2006
FAN09471,Vu Anh Mai,phong9471@gmail.com,0950445493,2003
FAN09472,Tran Hai Nam,quan9472@yahoo.com,0967717789,1988
FAN09473,Bui Xuan Hung,lan9473@hotmail.com,0983342143,1990
FAN09474,Phan Tuan Lan,dung9474@yahoo.com,0983732309,1998
FAN09475,Pham Minh Bach,linh9475@gmail.com,0988288040,2005
FAN09476,Bui Van Vy,phong9476@gmail.com,0950464120,2005
FAN09477,Le Anh Phong,vy9477@fpt.edu.vn,0957178726,2005
FAN09478,Dang Quoc Lan,nam9478@gmail.com,0996872513,1998
FAN09479,Pham Quoc Phong,bach9479@gmail.com,0991079605,1991
FAN09480,Nguyen Van Lan,vy9480@gmail.com,0986453889,1985
FAN09481,Vu Minh Mai,mai9481@yahoo.com,0982120175,2006
FAN09482,Pham Gia Quan,bach9482@fpt.edu.vn,0922761948,2000
FAN09483,Hoang Xuan Nam,hung9483@fpt.edu.vn,0959439630,1996
FAN09484,Bui Anh Lan,nam9484@fpt.edu.vn,0956835952,2007
FAN09485,Pham Xuan Linh,mai9485@fpt.edu.vn,0930923423,1985
FAN09486,Do Van Mai,linh9486@hotmail.com,0918169955,1988
FAN09487,Hoang Duc Mai,quan9487@yahoo.com,0999798191,1992
FAN09488,Phan Quoc Nam,dung9488@hotmail.com,0960510246,1996
FAN09489,Le Duc Vy,quan9489@hotmail.com,0995649139,1997
FAN09490,Do Thi Mai,vy9490@gmail.com,0943741481,1999
FAN09491,Phan Anh Vy,nam9491@fpt.edu.vn,0976021470,2001
FAN09492,Bui Quoc Linh,nam9492@hotmail.com,0963685402,1998
FAN09493,Hoang Anh Phong,phong9493@gmail.com,0911520727,2004
FAN09494,Dang Minh Vy,mai9494@hotmail.com,0980131695,1994
FAN09495,Vu Hai Phong,mai9495@fpt.edu.vn,0924507782,1999
FAN09496,Pham Anh Vy,lan9496@yahoo.com,0948541959,2003
FAN09497,Hoang Duc Mai,phong9497@yahoo.com,0956865129,1989
FAN09498,Tran Hai Vy,hung9498@hotmail.com,0946121653,1985
FAN09499,Le Thi Quan,linh9499@hotmail.com,0987059518,1987
FAN09500,Le Xuan Linh,nam9500@fpt.edu.vn,0948696828,1991
FAN09501,Hoang Gia Phong,mai9501@gmail.com,0959338801,2005
FAN09502,Bui Van Vy,hung9502@hotmail.com,0922862691,2006
FAN09503,Phan Duc Bach,mai9503@fpt.edu.vn,0963145534,2008
FAN09504,Do Van Lan,phong9504@gmail.com,0981979692,2003
FAN09505,Do Thi Hung,quan9505@fpt.edu.vn,0938877207,2001
FAN09506,Phan Quoc Bach,lan9506@yahoo.com,0958385347,2001
FAN09507,Dang Tuan Quan,vy9507@hotmail.com,0981812288,1997
FAN09508,Nguyen Thi Nam,bach9508@gmail.com,0956628621,2006
FAN09509,Nguyen Minh Vy,lan9509@gmail.com,0976568377,2008
FAN09510,Tran Minh Dung,dung9510@fpt.edu.vn,0923518665,1986
FAN09511,Dang Anh Phong,lan9511@yahoo.com,0926019774,2004
FAN09512,Dang Quoc Bach,nam9512@hotmail.com,0995243592,2001
FAN09513,Do Thi Bach,linh9513@fpt.edu.vn,0998478833,1996
FAN09514,Phan Hai Dung,phong9514@hotmail.com,0921696751,1986
FAN09515,Vu Tuan Quan,hung9515@fpt.edu.vn,0991531734,1988
FAN09516,Le Anh Bach,dung9516@fpt.edu.vn,0936569311,1999
FAN09517,Vu Van Linh,linh9517@fpt.edu.vn,0944894856,1997
FAN09518,Dang Tuan Linh,nam9518@gmail.com,0995200328,2000
FAN09519,Le Duc Nam,vy9519@gmail.com,0930075656,1999
FAN09520,Nguyen Gia Linh,quan9520@fpt.edu.vn,0924561214,2002
FAN09521,Pham Xuan Bach,dung9521@gmail.com,0997893093,1993
FAN09522,Pham Anh Hung,mai9522@gmail.com,0975547579,1998
FAN09523,Tran Van Lan,lan9523@yahoo.com,0983877386,1994
FAN09524,Do Gia Mai,vy9524@hotmail.com,0930085311,1992
FAN09525,Hoang Anh Vy,phong9525@fpt.edu.vn,0927038514,2008
FAN09526,Do Xuan Quan,vy9526@fpt.edu.vn,0937481108,1993
FAN09527,Vu Thi Nam,phong9527@yahoo.com,0916349510,1989
FAN09528,Pham Duc Phong,linh9528@fpt.edu.vn,0945721326,2000
FAN09529,Dang Duc Lan,nam9529@hotmail.com,0914272488,1997
FAN09530,Do Tuan Dung,linh9530@gmail.com,0991035125,1988
FAN09531,Le Anh Linh,mai9531@gmail.com,0981196891,1999
FAN09532,Tran Thi Hung,phong9532@hotmail.com,0980929409,1991
FAN09533,Tran Minh Lan,bach9533@fpt.edu.vn,0974364103,2002
FAN09534,Bui Thi Phong,vy9534@gmail.com,0986210517,1997
FAN09535,Pham Anh Vy,bach9535@hotmail.com,0986061584,2008
FAN09536,Phan Anh Vy,mai9536@hotmail.com,0941869008,1987
FAN09537,Tran Anh Nam,hung9537@fpt.edu.vn,0968562289,2008
FAN09538,Tran Van Bach,vy9538@hotmail.com,0936129222,2004
FAN09539,Pham Minh Vy,linh9539@yahoo.com,0912863998,1997
FAN09540,Pham Duc Mai,phong9540@yahoo.com,0939521304,2006
FAN09541,Nguyen Minh Hung,phong9541@fpt.edu.vn,0981589376,1997
FAN09542,Tran Quoc Nam,nam9542@hotmail.com,0914915498,2001
FAN09543,Tran Thi Quan,lan9543@fpt.edu.vn,0957808778,2003
FAN09544,Dang Minh Vy,hung9544@gmail.com,0998902004,1994
FAN09545,Nguyen Anh Mai,nam9545@hotmail.com,0920796731,2002
FAN09546,Vu Van Linh,nam9546@fpt.edu.vn,0940484542,2006
FAN09547,Vu Tuan Lan,nam9547@gmail.com,0940519535,1996
FAN09548,Pham Minh Lan,lan9548@hotmail.com,0928727420,2007
FAN09549,Pham Van Mai,phong9549@gmail.com,0931655660,1986
FAN09550,Pham Tuan Nam,phong9550@yahoo.com,0944051469,1987
FAN09551,Le Van Hung,mai9551@hotmail.com,0991947659,1985
FAN09552,Hoang Duc Phong,linh9552@hotmail.com,0955780115,2000
FAN09553,Le Minh Lan,bach9553@fpt.edu.vn,0972360772,1988
FAN09554,Le Gia Phong,phong9554@fpt.edu.vn,0916495983,1985
FAN09555,Dang Minh Mai,phong9555@yahoo.com,0922152748,2001
FAN09556,Dang Hai Dung,quan9556@yahoo.com,0961751288,2005
FAN09557,Dang Van Vy,mai9557@hotmail.com,0960348760,2004
FAN09558,Hoang Duc Bach,bach9558@hotmail.com,0988335513,1999
FAN09559,Tran Tuan Linh,dung9559@gmail.com,0949428400,1990
FAN09560,Nguyen Hai Mai,mai9560@yahoo.com,0950918125,1991
FAN09561,Phan Quoc Dung,mai9561@hotmail.com,0969644689,2006
FAN09562,Tran Quoc Hung,quan9562@yahoo.com,0993668712,1985
FAN09563,Nguyen Gia Vy,phong9563@gmail.com,0993759894,2006
FAN09564,Dang Duc Quan,mai9564@hotmail.com,0914969072,1990
FAN09565,Vu Minh Dung,bach9565@fpt.edu.vn,0963715434,2006
FAN09566,Nguyen Tuan Linh,vy9566@hotmail.com,0917974813,1986
FAN09567,Phan Van Lan,nam9567@hotmail.com,0933780415,2003
FAN09568,Do Tuan Bach,phong9568@yahoo.com,0955232745,1991
FAN09569,Nguyen Minh Dung,nam9569@fpt.edu.vn,0961398225,2002
FAN09570,Pham Van Mai,nam9570@fpt.edu.vn,0996729281,2001
FAN09571,Vu Hai Phong,quan9571@hotmail.com,0977258128,1988
FAN09572,Phan Xuan Quan,mai9572@hotmail.com,0917524716,1991
FAN09573,Tran Duc Dung,hung9573@yahoo.com,0943404832,1995
FAN09574,Tran Duc Hung,dung9574@yahoo.com,0914085986,1995
FAN09575,Nguyen Duc Quan,linh9575@yahoo.com,0970368265,2005
FAN09576,Hoang Minh Bach,mai9576@gmail.com,0926761056,2005
FAN09577,Tran Van Dung,quan9577@yahoo.com,0971786325,2001
FAN09578,Nguyen Gia Hung,hung9578@yahoo.com,0918824029,2007
FAN09579,Hoang Quoc Vy,nam9579@fpt.edu.vn,0928162555,1996
FAN09580,Nguyen Xuan Mai,bach9580@hotmail.com,0964001865,2005
FAN09581,Dang Hai Bach,lan9581@hotmail.com,0940801452,1987
FAN09582,Tran Duc Lan,dung9582@gmail.com,0986879241,2007
FAN09583,Phan Quoc Mai,linh9583@fpt.edu.vn,0927781092,1998
FAN09584,Phan Van Vy,quan9584@gmail.com,0967630982,1987
FAN09585,Nguyen Minh Bach,mai9585@fpt.edu.vn,0999381133,2001
FAN09586,Tran Xuan Linh,bach9586@gmail.com,0997949103,1985
FAN09587,Phan Minh Lan,quan9587@hotmail.com,0943136403,2008
FAN09588,Do Tuan Nam,quan9588@yahoo.com,0947658192,2004
FAN09589,Do Xuan Phong,lan9589@yahoo.com,0983233523,2005
FAN09590,Nguyen Anh Quan,linh9590@gmail.com,0943746357,2005
FAN09591,Vu Tuan Phong,linh9591@gmail.com,0946961071,2002
FAN09592,Do Anh Quan,mai9592@fpt.edu.vn,0924513724,1999
FAN09593,Le Minh Linh,linh9593@yahoo.com,0927392911,1990
FAN09594,Bui Van Bach,quan9594@fpt.edu.vn,0928735879,1994
FAN09595,Nguyen Gia Bach,hung9595@hotmail.com,0993936096,1989
FAN09596,Nguyen Tuan Vy,dung9596@gmail.com,0926767508,1996
FAN09597,Pham Anh Hung,mai9597@hotmail.com,0966703919,2007
FAN09598,Do Anh Dung,phong9598@hotmail.com,0974978746,1990
FAN09599,Hoang Xuan Lan,quan9599@hotmail.com,0916883268,2004
FAN09600,Le Tuan Quan,lan9600@fpt.edu.vn,0973329123,1997
FAN09601,Pham Xuan Phong,mai9601@yahoo.com,0919694084,2004
FAN09602,Vu Anh Phong,lan9602@hotmail.com,0972932459,1989
FAN09603,Nguyen Anh Mai,linh9603@hotmail.com,0922097399,1994
FAN09604,Tran Van Hung,linh9604@gmail.com,0932917193,1993
FAN09605,Le Thi Hung,dung9605@hotmail.com,0915786301,1994
FAN09606,Hoang Tuan Bach,quan9606@fpt.edu.vn,0958062607,2007
FAN09607,Dang Van Mai,phong9607@hotmail.com,0927634360,1990
FAN09608,Phan Thi Lan,vy9608@hotmail.com,0914370208,1994
FAN09609,Vu Hai Hung,lan9609@yahoo.com,0915264563,2002
FAN09610,Dang Quoc Nam,mai9610@gmail.com,0940270940,1985
FAN09611,Vu Thi Hung,linh9611@hotmail.com,0939844905,2008
FAN09612,Vu Anh Phong,mai9612@gmail.com,0990025839,1986
FAN09613,Do Hai Quan,phong9613@yahoo.com,0948155786,1989
FAN09614,Do Gia Linh,phong9614@fpt.edu.vn,0943838903,2008
FAN09615,Le Duc Linh,quan9615@yahoo.com,0938179084,2001
FAN09616,Dang Xuan Phong,phong9616@yahoo.com,0929898711,2008
FAN09617,Do Gia Linh,linh9617@hotmail.com,0931368462,1989
FAN09618,Phan Anh Mai,dung9618@hotmail.com,0955942619,1989
FAN09619,Hoang Minh Lan,quan9619@gmail.com,0993606751,1985
FAN09620,Bui Duc Quan,phong9620@gmail.com,0924753320,1989
FAN09621,Dang Minh Linh,lan9621@hotmail.com,0988803772,2002
FAN09622,Le Xuan Quan,phong9622@yahoo.com,0993049577,1993
FAN09623,Le Anh Lan,dung9623@fpt.edu.vn,0965373381,1996
FAN09624,Dang Minh Lan,phong9624@hotmail.com,0985556192,2000
FAN09625,Le Quoc Hung,linh9625@fpt.edu.vn,0985460435,1995
FAN09626,Vu Minh Phong,phong9626@fpt.edu.vn,0951116806,1996
FAN09627,Dang Tuan Quan,hung9627@fpt.edu.vn,0955348488,1994
FAN09628,Tran Gia Lan,bach9628@fpt.edu.vn,0996548446,1994
FAN09629,Le Duc Hung,mai9629@hotmail.com,0910375726,1986
FAN09630,Hoang Duc Phong,lan9630@hotmail.com,0966538674,1997
FAN09631,Do Duc Phong,vy9631@fpt.edu.vn,0996155232,1986
FAN09632,Hoang Thi Bach,nam9632@hotmail.com,0954427209,1991
FAN09633,Tran Minh Lan,linh9633@fpt.edu.vn,0965465179,2005
FAN09634,Hoang Duc Linh,linh9634@yahoo.com,0977658259,2003
FAN09635,Hoang Thi Phong,phong9635@fpt.edu.vn,0954122521,2000
FAN09636,Do Thi Dung,vy9636@gmail.com,0959622890,1999
FAN09637,Bui Van Bach,phong9637@gmail.com,0931738759,1998
FAN09638,Bui Hai Bach,linh9638@yahoo.com,0966998725,2004
FAN09639,Dang Duc Linh,phong9639@hotmail.com,0993014959,2006
FAN09640,Vu Hai Lan,bach9640@gmail.com,0977271491,2003
FAN09641,Bui Duc Lan,linh9641@yahoo.com,0913251005,1985
FAN09642,Nguyen Minh Phong,bach9642@fpt.edu.vn,0976804158,1990
FAN09643,Dang Minh Bach,lan9643@gmail.com,0920864216,1986
FAN09644,Pham Tuan Hung,nam9644@gmail.com,0943615421,1998
FAN09645,Hoang Van Nam,phong9645@fpt.edu.vn,0990550874,2003
FAN09646,Pham Gia Hung,linh9646@gmail.com,0975497115,1988
FAN09647,Dang Gia Phong,dung9647@hotmail.com,0923230294,1993
FAN09648,Nguyen Quoc Dung,linh9648@gmail.com,0943743526,1989
FAN09649,Phan Duc Vy,linh9649@yahoo.com,0974334972,1992
FAN09650,Dang Minh Phong,lan9650@hotmail.com,0971997140,1991
FAN09651,Bui Van Quan,bach9651@fpt.edu.vn,0938850502,2006
FAN09652,Bui Duc Phong,dung9652@hotmail.com,0920531697,2008
FAN09653,Do Xuan Phong,vy9653@yahoo.com,0917152275,2005
FAN09654,Vu Anh Linh,nam9654@hotmail.com,0926814676,1996
FAN09655,Vu Thi Mai,quan9655@hotmail.com,0974246253,2000
FAN09656,Tran Hai Phong,mai9656@gmail.com,0946560809,2004
FAN09657,Nguyen Minh Lan,mai9657@yahoo.com,0978932655,1988
FAN09658,Vu Minh Dung,bach9658@hotmail.com,0970155891,1999
FAN09659,Pham Tuan Nam,lan9659@gmail.com,0951730809,2000
FAN09660,Pham Van Mai,nam9660@fpt.edu.vn,0938436165,1988
FAN09661,Do Minh Linh,dung9661@yahoo.com,0935360115,2004
FAN09662,Phan Tuan Hung,phong9662@yahoo.com,0986610335,1999
FAN09663,Tran Anh Lan,mai9663@yahoo.com,0975043454,1994
FAN09664,Vu Hai Quan,hung9664@gmail.com,0997804732,1995
FAN09665,Tran Anh Dung,nam9665@hotmail.com,0967975692,1999
FAN09666,Dang Hai Dung,hung9666@yahoo.com,0927503784,1989
FAN09667,Do Tuan Phong,dung9667@gmail.com,0995391146,1998
FAN09668,Le Hai Phong,vy9668@gmail.com,0930593902,2006
FAN09669,Pham Quoc Hung,linh9669@fpt.edu.vn,0931115007,1985
FAN09670,Phan Xuan Dung,dung9670@gmail.com,0951535898,2008
FAN09671,Le Hai Nam,linh9671@fpt.edu.vn,0996076518,2004
FAN09672,Vu Van Hung,lan9672@fpt.edu.vn,0924894943,1995
FAN09673,Le Van Bach,hung9673@fpt.edu.vn,0986193573,1991
FAN09674,Do Hai Phong,dung9674@fpt.edu.vn,0988905863,1985
FAN09675,Pham Hai Quan,vy9675@hotmail.com,0960428062,2005
FAN09676,Do Anh Nam,hung9676@gmail.com,0927510037,1999
FAN09677,Dang Xuan Bach,vy9677@hotmail.com,0941016254,2000
FAN09678,Phan Van Mai,hung9678@gmail.com,0948096267,2008
FAN09679,Pham Van Dung,mai9679@fpt.edu.vn,0912532362,1986
FAN09680,Dang Quoc Mai,phong9680@fpt.edu.vn,0911090538,1989
FAN09681,Bui Quoc Dung,linh9681@yahoo.com,0924902592,2005
FAN09682,Vu Xuan Vy,vy9682@fpt.edu.vn,0995413840,2000
FAN09683,Bui Xuan Linh,hung9683@gmail.com,0970110656,2005
FAN09684,Nguyen Thi Dung,phong9684@fpt.edu.vn,0969558040,1999
FAN09685,Vu Quoc Hung,quan9685@gmail.com,0967149884,1988
FAN09686,Hoang Hai Linh,mai9686@gmail.com,0960887635,2003
FAN09687,Phan Anh Vy,dung9687@fpt.edu.vn,0953703361,1986
FAN09688,Nguyen Xuan Nam,lan9688@fpt.edu.vn,0960864753,1991
FAN09689,Bui Duc Phong,mai9689@gmail.com,0966332899,2004
FAN09690,Do Hai Hung,vy9690@yahoo.com,0938250987,1986
FAN09691,Tran Xuan Quan,phong9691@gmail.com,0997576696,1997
FAN09692,Le Van Linh,vy9692@yahoo.com,0992031748,1992
FAN09693,Bui Quoc Linh,mai9693@hotmail.com,0928064771,2002
FAN09694,Hoang Thi Phong,bach9694@fpt.edu.vn,0977401241,2007
FAN09695,Vu Anh Bach,nam9695@gmail.com,0991864372,1988
FAN09696,Bui Quoc Nam,lan9696@fpt.edu.vn,0952772448,1992
FAN09697,Dang Quoc Dung,linh9697@hotmail.com,0910743277,2002
FAN09698,Pham Thi Nam,vy9698@fpt.edu.vn,0929488729,2008
FAN09699,Hoang Anh Dung,phong9699@hotmail.com,0985196091,1997
FAN09700,Dang Tuan Phong,lan9700@hotmail.com,0986954571,2003
FAN09701,Bui Thi Hung,mai9701@yahoo.com,0996200124,2007
FAN09702,Do Quoc Mai,mai9702@yahoo.com,0959850656,1986
FAN09703,Do Tuan Lan,phong9703@fpt.edu.vn,0971796463,1990
FAN09704,Vu Gia Lan,quan9704@gmail.com,0970169269,1987
FAN09705,Vu Xuan Lan,hung9705@fpt.edu.vn,0951257016,1995
FAN09706,Tran Minh Vy,linh9706@fpt.edu.vn,0929175868,1998
FAN09707,Pham Anh Quan,phong9707@fpt.edu.vn,0998343960,2008
FAN09708,Phan Quoc Quan,quan9708@yahoo.com,0996527250,2006
FAN09709,Do Minh Lan,bach9709@gmail.com,0963037879,1995
FAN09710,Bui Tuan Quan,dung9710@gmail.com,0989750402,1991
FAN09711,Phan Xuan Bach,linh9711@yahoo.com,0947951559,2001
FAN09712,Le Thi Bach,nam9712@yahoo.com,0968718002,2006
FAN09713,Bui Thi Phong,mai9713@yahoo.com,0985268136,1988
FAN09714,Pham Van Hung,bach9714@hotmail.com,0963612876,2007
FAN09715,Bui Gia Quan,quan9715@hotmail.com,0976798349,1988
FAN09716,Bui Xuan Mai,linh9716@yahoo.com,0934224589,1985
FAN09717,Do Van Hung,hung9717@gmail.com,0965300425,1995
FAN09718,Tran Van Vy,lan9718@hotmail.com,0915204684,2001
FAN09719,Tran Quoc Bach,vy9719@yahoo.com,0978458883,2006
FAN09720,Vu Van Linh,phong9720@gmail.com,0966864286,1993
FAN09721,Le Anh Bach,nam9721@hotmail.com,0985835456,2008
FAN09722,Hoang Van Quan,hung9722@gmail.com,0964060305,1988
FAN09723,Do Quoc Phong,phong9723@hotmail.com,0974933918,2002
FAN09724,Bui Xuan Quan,linh9724@yahoo.com,0970937080,1999
FAN09725,Le Hai Quan,bach9725@yahoo.com,0965540122,1999
FAN09726,Tran Gia Linh,lan9726@gmail.com,0949852932,1997
FAN09727,Phan Xuan Nam,bach9727@fpt.edu.vn,0993048188,1985
FAN09728,Pham Xuan Quan,nam9728@gmail.com,0962446787,2007
FAN09729,Pham Van Dung,quan9729@hotmail.com,0965923042,2005
FAN09730,Pham Gia Phong,nam9730@fpt.edu.vn,0993114217,1989
FAN09731,Le Van Bach,quan9731@fpt.edu.vn,0950335330,1985
FAN09732,Bui Tuan Linh,dung9732@yahoo.com,0954044029,1989
FAN09733,Phan Thi Mai,mai9733@fpt.edu.vn,0937924503,1989
FAN09734,Nguyen Xuan Nam,lan9734@yahoo.com,0964305501,1990
FAN09735,Vu Minh Bach,linh9735@fpt.edu.vn,0981596054,1989
FAN09736,Dang Duc Nam,lan9736@hotmail.com,0969332060,1989
FAN09737,Le Thi Phong,phong9737@yahoo.com,0934338785,1992
FAN09738,Phan Xuan Dung,quan9738@hotmail.com,0999057369,1988
FAN09739,Do Hai Nam,mai9739@yahoo.com,0920755510,1998
FAN09740,Dang Duc Lan,nam9740@hotmail.com,0980991709,2005
FAN09741,Phan Tuan Nam,vy9741@yahoo.com,0925524060,1989
FAN09742,Bui Minh Vy,nam9742@fpt.edu.vn,0978287966,1991
FAN09743,Nguyen Van Linh,mai9743@yahoo.com,0931007552,1994
FAN09744,Bui Anh Linh,dung9744@hotmail.com,0943689874,2005
FAN09745,Tran Tuan Hung,vy9745@gmail.com,0934264703,1991
FAN09746,Phan Quoc Dung,dung9746@fpt.edu.vn,0941090703,1985
FAN09747,Vu Hai Hung,phong9747@yahoo.com,0941567209,1988
FAN09748,Nguyen Anh Dung,linh9748@yahoo.com,0915364118,1991
FAN09749,Pham Minh Vy,mai9749@fpt.edu.vn,0922336149,1994
FAN09750,Bui Thi Linh,bach9750@yahoo.com,0965517645,2008
FAN09751,Phan Xuan Hung,nam9751@yahoo.com,0978865679,1990
FAN09752,Hoang Minh Mai,phong9752@yahoo.com,0942515625,2001
FAN09753,Hoang Xuan Dung,hung9753@gmail.com,0915906210,2008
FAN09754,Hoang Xuan Phong,linh9754@yahoo.com,0938156370,1998
FAN09755,Pham Duc Linh,hung9755@hotmail.com,0976765946,1985
FAN09756,Le Gia Vy,linh9756@yahoo.com,0931906836,2007
FAN09757,Bui Quoc Lan,bach9757@hotmail.com,0944378654,1990
FAN09758,Vu Hai Quan,mai9758@yahoo.com,0952156426,1992
FAN09759,Tran Thi Lan,vy9759@gmail.com,0981852062,2007
FAN09760,Phan Duc Linh,hung9760@fpt.edu.vn,0955320001,1990
FAN09761,Nguyen Thi Quan,bach9761@gmail.com,0989000701,2001
FAN09762,Phan Thi Mai,hung9762@hotmail.com,0982190325,1988
FAN09763,Phan Gia Nam,bach9763@fpt.edu.vn,0924537631,2005
FAN09764,Vu Thi Vy,mai9764@fpt.edu.vn,0997103658,2001
FAN09765,Le Van Mai,bach9765@fpt.edu.vn,0962201835,2007
FAN09766,Pham Duc Phong,mai9766@gmail.com,0966516633,1991
FAN09767,Le Thi Bach,dung9767@yahoo.com,0953034831,1995
FAN09768,Bui Gia Lan,lan9768@fpt.edu.vn,0947426442,1995
FAN09769,Phan Duc Mai,phong9769@gmail.com,0964799689,2001
FAN09770,Le Quoc Linh,quan9770@yahoo.com,0959984648,1987
FAN09771,Dang Gia Nam,vy9771@fpt.edu.vn,0932277595,2006
FAN09772,Phan Duc Vy,hung9772@yahoo.com,0924238026,1994
FAN09773,Do Tuan Hung,bach9773@gmail.com,0955491239,1992
FAN09774,Bui Gia Lan,lan9774@yahoo.com,0983279454,1989
FAN09775,Bui Gia Bach,lan9775@fpt.edu.vn,0915600342,2007
FAN09776,Tran Van Dung,lan9776@hotmail.com,0954110234,1991
FAN09777,Dang Thi Bach,phong9777@fpt.edu.vn,0977159785,2002
FAN09778,Tran Quoc Hung,hung9778@gmail.com,0934344248,1993
FAN09779,Nguyen Van Linh,dung9779@fpt.edu.vn,0992653027,1986
FAN09780,Pham Minh Vy,bach9780@gmail.com,0933800238,2007
FAN09781,Pham Thi Linh,hung9781@gmail.com,0996070407,1990
FAN09782,Dang Duc Dung,quan9782@hotmail.com,0979696491,1995
FAN09783,Le Duc Quan,hung9783@hotmail.com,0951111592,2001
FAN09784,Nguyen Gia Phong,dung9784@gmail.com,0977449872,1985
FAN09785,Dang Gia Phong,vy9785@fpt.edu.vn,0954099523,2005
FAN09786,Le Thi Phong,bach9786@fpt.edu.vn,0923181746,2006
FAN09787,Bui Xuan Quan,dung9787@yahoo.com,0975666863,1990
FAN09788,Do Xuan Linh,linh9788@gmail.com,0946005342,1985
FAN09789,Tran Van Quan,vy9789@yahoo.com,0965844778,1996
FAN09790,Nguyen Anh Phong,quan9790@fpt.edu.vn,0999367584,2008
FAN09791,Le Duc Nam,mai9791@gmail.com,0933773507,2000
FAN09792,Nguyen Thi Hung,nam9792@gmail.com,0946948962,1996
FAN09793,Bui Quoc Quan,linh9793@yahoo.com,0991163639,2006
FAN09794,Do Duc Lan,bach9794@fpt.edu.vn,0972411892,1995
FAN09795,Dang Gia Lan,phong9795@hotmail.com,0918694435,1994
FAN09796,Pham Duc Bach,bach9796@fpt.edu.vn,0958029130,1989
FAN09797,Tran Duc Linh,lan9797@gmail.com,0977789701,1986
FAN09798,Le Thi Phong,mai9798@hotmail.com,0972480938,1989
FAN09799,Phan Thi Bach,lan9799@gmail.com,0935875024,1988
FAN09800,Pham Gia Quan,phong9800@gmail.com,0941763087,1991
FAN09801,Hoang Quoc Mai,quan9801@yahoo.com,0966672539,2008
FAN09802,Pham Xuan Bach,quan9802@fpt.edu.vn,0914016028,1993
FAN09803,Do Anh Mai,nam9803@yahoo.com,0957157561,2001
FAN09804,Phan Xuan Dung,dung9804@yahoo.com,0959230481,1985
FAN09805,Do Gia Nam,lan9805@gmail.com,0965611275,1987
FAN09806,Do Tuan Dung,lan9806@yahoo.com,0996231977,2008
FAN09807,Nguyen Van Nam,bach9807@fpt.edu.vn,0912489316,1986
FAN09808,Hoang Van Hung,mai9808@yahoo.com,0966234785,1996
FAN09809,Vu Hai Nam,dung9809@fpt.edu.vn,0981033982,1988
FAN09810,Hoang Duc Hung,quan9810@gmail.com,0959689815,1996
FAN09811,Dang Tuan Phong,mai9811@gmail.com,0920152423,1996
FAN09812,Dang Thi Vy,phong9812@yahoo.com,0920668939,2003
FAN09813,Bui Thi Hung,mai9813@gmail.com,0967388860,2001
FAN09814,Dang Hai Lan,nam9814@hotmail.com,0997133928,1990
FAN09815,Dang Quoc Phong,quan9815@hotmail.com,0968264392,1995
FAN09816,Pham Thi Nam,hung9816@gmail.com,0973349147,1993
FAN09817,Bui Quoc Lan,hung9817@hotmail.com,0922839333,1994
FAN09818,Vu Thi Hung,phong9818@yahoo.com,0998492792,2005
FAN09819,Le Tuan Quan,phong9819@hotmail.com,0990694123,1997
FAN09820,Pham Minh Linh,bach9820@yahoo.com,0959920132,1987
FAN09821,Nguyen Gia Hung,quan9821@yahoo.com,0935090109,2000
FAN09822,Le Thi Vy,phong9822@yahoo.com,0938014994,2002
FAN09823,Nguyen Van Mai,quan9823@yahoo.com,0961042317,1988
FAN09824,Bui Gia Lan,hung9824@fpt.edu.vn,0939169293,2008
FAN09825,Nguyen Hai Mai,bach9825@fpt.edu.vn,0971135036,1998
FAN09826,Le Tuan Lan,quan9826@gmail.com,0935670671,2008
FAN09827,Bui Van Linh,mai9827@hotmail.com,0933006838,1994
FAN09828,Pham Minh Dung,linh9828@yahoo.com,0954565147,1987
FAN09829,Bui Quoc Dung,linh9829@yahoo.com,0951895393,1997
FAN09830,Tran Anh Dung,quan9830@yahoo.com,0986633765,1993
FAN09831,Bui Minh Vy,hung9831@gmail.com,0977073611,1992
FAN09832,Bui Van Vy,vy9832@hotmail.com,0999321874,2007
FAN09833,Bui Tuan Mai,vy9833@yahoo.com,0979822999,2002
FAN09834,Dang Hai Vy,linh9834@hotmail.com,0959267494,2004
FAN09835,Tran Thi Hung,linh9835@yahoo.com,0913001059,2008
FAN09836,Nguyen Anh Linh,dung9836@fpt.edu.vn,0957722349,2005
FAN09837,Pham Tuan Bach,linh9837@hotmail.com,0980284116,2004
FAN09838,Vu Thi Quan,bach9838@gmail.com,0913081397,1993
FAN09839,Pham Gia Nam,quan9839@yahoo.com,0945920222,2005
FAN09840,Do Xuan Lan,dung9840@fpt.edu.vn,0970792019,2004
FAN09841,Tran Minh Bach,vy9841@hotmail.com,0929724507,1990
FAN09842,Phan Xuan Linh,nam9842@hotmail.com,0948099139,2003
FAN09843,Do Anh Quan,nam9843@hotmail.com,0971028307,2000
FAN09844,Vu Tuan Vy,linh9844@hotmail.com,0921035257,1993
FAN09845,Pham Van Linh,bach9845@fpt.edu.vn,0943078547,2001
FAN09846,Do Xuan Dung,vy9846@fpt.edu.vn,0961590236,1997
FAN09847,Dang Thi Dung,dung9847@hotmail.com,0943671145,2003
FAN09848,Hoang Tuan Hung,lan9848@gmail.com,0959677909,1996
FAN09849,Do Minh Vy,mai9849@fpt.edu.vn,0988666569,1993
FAN09850,Hoang Gia Phong,lan9850@gmail.com,0912541779,2002
FAN09851,Nguyen Duc Nam,mai9851@gmail.com,0966012536,1989
FAN09852,Le Anh Phong,quan9852@fpt.edu.vn,0980267642,1986
FAN09853,Le Gia Bach,hung9853@fpt.edu.vn,0927422245,1991
FAN09854,Hoang Hai Bach,linh9854@yahoo.com,0998125227,2002
FAN09855,Vu Gia Mai,mai9855@gmail.com,0970786138,1988
FAN09856,Hoang Xuan Nam,phong9856@gmail.com,0930503031,1999
FAN09857,Nguyen Anh Dung,nam9857@yahoo.com,0976418360,1994
FAN09858,Nguyen Duc Hung,hung9858@gmail.com,0958956225,1987
FAN09859,Nguyen Duc Quan,dung9859@yahoo.com,0950993281,1993
FAN09860,Bui Thi Linh,dung9860@fpt.edu.vn,0974718197,1992
FAN09861,Le Thi Quan,linh9861@yahoo.com,0927052436,1992
FAN09862,Pham Tuan Mai,vy9862@gmail.com,0910675216,1986
FAN09863,Phan Tuan Linh,linh9863@gmail.com,0982154733,2007
FAN09864,Do Hai Quan,nam9864@gmail.com,0970328917,1992
FAN09865,Vu Quoc Phong,phong9865@hotmail.com,0932663923,2003
FAN09866,Do Hai Linh,vy9866@gmail.com,0924615061,1987
FAN09867,Bui Tuan Nam,quan9867@yahoo.com,0964893371,1999
FAN09868,Nguyen Thi Nam,lan9868@gmail.com,0999696100,1989
FAN09869,Do Thi Quan,hung9869@fpt.edu.vn,0933316729,1989
FAN09870,Hoang Van Hung,linh9870@yahoo.com,0922915262,2004
FAN09871,Pham Xuan Linh,bach9871@hotmail.com,0980886901,2004
FAN09872,Dang Xuan Dung,vy9872@fpt.edu.vn,0963176738,1989
FAN09873,Vu Tuan Nam,vy9873@fpt.edu.vn,0993708370,1991
FAN09874,Dang Xuan Dung,phong9874@gmail.com,0941194804,1990
FAN09875,Bui Quoc Lan,lan9875@hotmail.com,0991548513,2006
FAN09876,Vu Thi Linh,dung9876@yahoo.com,0994866364,2004
FAN09877,Bui Xuan Phong,linh9877@fpt.edu.vn,0997914741,1993
FAN09878,Nguyen Minh Linh,dung9878@yahoo.com,0976219744,2005
FAN09879,Le Anh Bach,dung9879@gmail.com,0953037547,2007
FAN09880,Phan Hai Vy,bach9880@hotmail.com,0936766011,2007
FAN09881,Bui Gia Hung,vy9881@hotmail.com,0992336815,1988
FAN09882,Hoang Xuan Lan,mai9882@fpt.edu.vn,0971227645,2005
FAN09883,Nguyen Hai Dung,dung9883@gmail.com,0929441034,1987
FAN09884,Vu Xuan Phong,dung9884@gmail.com,0914234114,1996
FAN09885,Bui Duc Lan,nam9885@gmail.com,0953347880,1988
FAN09886,Phan Minh Phong,quan9886@fpt.edu.vn,0953093972,1994
FAN09887,Nguyen Gia Hung,bach9887@fpt.edu.vn,0990364497,1999
FAN09888,Vu Quoc Lan,quan9888@yahoo.com,0975832555,2004
FAN09889,Pham Anh Bach,lan9889@hotmail.com,0990677644,1996
FAN09890,Pham Quoc Linh,linh9890@fpt.edu.vn,0975765612,1985
FAN09891,Pham Thi Hung,vy9891@fpt.edu.vn,0924665678,2006
FAN09892,Nguyen Xuan Nam,vy9892@fpt.edu.vn,0978253178,1987
FAN09893,Dang Hai Vy,quan9893@yahoo.com,0960933565,1994
FAN09894,Bui Minh Hung,hung9894@gmail.com,0929920310,1990
FAN09895,Bui Van Vy,lan9895@gmail.com,0946135062,1995
FAN09896,Dang Tuan Linh,mai9896@yahoo.com,0933325615,1988
FAN09897,Tran Quoc Linh,vy9897@hotmail.com,0923217318,1996
FAN09898,Dang Xuan Lan,linh9898@yahoo.com,0944915075,1994
FAN09899,Pham Minh Nam,mai9899@hotmail.com,0960049241,1985
FAN09900,Nguyen Van Bach,phong9900@fpt.edu.vn,0981583064,2003
FAN09901,Tran Anh Vy,hung9901@gmail.com,0969774072,2002
FAN09902,Do Minh Bach,phong9902@fpt.edu.vn,0974860770,1989
FAN09903,Nguyen Anh Quan,linh9903@fpt.edu.vn,0911024099,1988
FAN09904,Pham Hai Phong,hung9904@fpt.edu.vn,0929617299,2002
FAN09905,Hoang Van Nam,phong9905@yahoo.com,0934114433,1997
FAN09906,Do Xuan Mai,mai9906@hotmail.com,0918705409,2001
FAN09907,Do Thi Bach,hung9907@gmail.com,0933729839,2005
FAN09908,Le Hai Nam,nam9908@fpt.edu.vn,0964670273,2001
FAN09909,Vu Quoc Bach,mai9909@yahoo.com,0951279778,2001
FAN09910,Phan Hai Quan,nam9910@hotmail.com,0994702594,1998
FAN09911,Bui Xuan Nam,lan9911@hotmail.com,0986370737,2004
FAN09912,Pham Van Quan,bach9912@gmail.com,0981390184,1990
FAN09913,Pham Duc Phong,mai9913@yahoo.com,0925009658,2003
FAN09914,Tran Tuan Nam,vy9914@yahoo.com,0938948877,2004
FAN09915,Hoang Tuan Nam,lan9915@fpt.edu.vn,0976332678,1999
FAN09916,Tran Tuan Quan,vy9916@fpt.edu.vn,0975425694,1992
FAN09917,Le Van Linh,linh9917@hotmail.com,0930043772,2007
FAN09918,Pham Xuan Quan,nam9918@yahoo.com,0939488316,2005
FAN09919,Dang Gia Nam,dung9919@fpt.edu.vn,0939031788,1985
FAN09920,Nguyen Hai Quan,quan9920@yahoo.com,0976238021,2007
FAN09921,Do Quoc Phong,mai9921@yahoo.com,0931734679,2007
FAN09922,Hoang Minh Dung,nam9922@hotmail.com,0984668457,1995
FAN09923,Le Thi Vy,quan9923@hotmail.com,0967073485,1994
FAN09924,Hoang Van Quan,hung9924@yahoo.com,0977139073,1989
FAN09925,Le Anh Hung,mai9925@yahoo.com,0949545755,2006
FAN09926,Hoang Anh Lan,hung9926@hotmail.com,0960818137,1993
FAN09927,Le Duc Dung,phong9927@fpt.edu.vn,0952264028,2004
FAN09928,Hoang Hai Lan,hung9928@fpt.edu.vn,0994153857,1988
FAN09929,Pham Gia Hung,dung9929@yahoo.com,0943137921,1986
FAN09930,Dang Quoc Nam,nam9930@fpt.edu.vn,0916128192,1986
FAN09931,Dang Minh Mai,bach9931@gmail.com,0922741341,2004
FAN09932,Hoang Xuan Nam,bach9932@yahoo.com,0962027550,2008
FAN09933,Dang Anh Bach,linh9933@yahoo.com,0917380287,1985
FAN09934,Le Xuan Vy,quan9934@gmail.com,0992782650,1987
FAN09935,Vu Thi Lan,phong9935@yahoo.com,0933736304,2002
FAN09936,Vu Hai Dung,lan9936@yahoo.com,0980425378,1998
FAN09937,Do Van Dung,mai9937@gmail.com,0921375801,2003
FAN09938,Bui Tuan Mai,vy9938@fpt.edu.vn,0956404604,1989
FAN09939,Hoang Anh Nam,bach9939@gmail.com,0995112208,2002
FAN09940,Dang Gia Nam,phong9940@fpt.edu.vn,0926730137,1991
FAN09941,Phan Hai Vy,hung9941@gmail.com,0995651304,1990
FAN09942,Bui Van Nam,mai9942@yahoo.com,0969530551,1985
FAN09943,Vu Duc Quan,bach9943@hotmail.com,0942956141,1985
FAN09944,Pham Xuan Dung,bach9944@fpt.edu.vn,0912596149,2006
FAN09945,Pham Van Lan,nam9945@fpt.edu.vn,0998746076,1990
FAN09946,Tran Duc Phong,hung9946@gmail.com,0946102136,1985
FAN09947,Vu Hai Hung,hung9947@gmail.com,0970702189,2000
FAN09948,Hoang Tuan Mai,linh9948@yahoo.com,0928504848,1999
FAN09949,Bui Minh Mai,lan9949@fpt.edu.vn,0992878005,2000
FAN09950,Do Quoc Mai,mai9950@gmail.com,0938815222,1997
FAN09951,Bui Anh Phong,dung9951@gmail.com,0957145343,1986
FAN09952,Phan Duc Vy,dung9952@gmail.com,0952534030,1994
FAN09953,Bui Minh Nam,quan9953@fpt.edu.vn,0944397651,1988
FAN09954,Bui Thi Linh,vy9954@gmail.com,0916872418,1997
FAN09955,Do Gia Vy,hung9955@fpt.edu.vn,0966906965,1987
FAN09956,Nguyen Anh Lan,bach9956@yahoo.com,0958852085,1992
FAN09957,Hoang Tuan Lan,phong9957@hotmail.com,0932649222,2000
FAN09958,Tran Duc Phong,quan9958@hotmail.com,0968156092,2006
FAN09959,Bui Thi Nam,linh9959@yahoo.com,0945815508,2002
FAN09960,Dang Tuan Linh,linh9960@hotmail.com,0937315739,1999
FAN09961,Le Anh Bach,mai9961@fpt.edu.vn,0935141714,2001
FAN09962,Dang Tuan Bach,vy9962@hotmail.com,0968943476,1994
FAN09963,Nguyen Gia Quan,linh9963@gmail.com,0995043537,1992
FAN09964,Dang Van Bach,dung9964@gmail.com,0912010365,1994
FAN09965,Do Hai Phong,bach9965@hotmail.com,0943552781,1988
FAN09966,Pham Thi Lan,quan9966@yahoo.com,0988147798,1997
FAN09967,Bui Van Quan,lan9967@hotmail.com,0916593645,1985
FAN09968,Pham Xuan Linh,hung9968@gmail.com,0931154052,1999
FAN09969,Do Minh Linh,phong9969@hotmail.com,0932515608,2007
FAN09970,Bui Gia Nam,linh9970@yahoo.com,0973981981,1998
FAN09971,Pham Thi Linh,mai9971@fpt.edu.vn,0914777175,1993
FAN09972,Phan Tuan Vy,vy9972@yahoo.com,0954549610,1994
FAN09973,Nguyen Hai Vy,linh9973@gmail.com,0940123169,1996
FAN09974,Nguyen Duc Phong,hung9974@fpt.edu.vn,0956185726,1996
FAN09975,Tran Van Linh,hung9975@gmail.com,0915469046,2003
FAN09976,Pham Gia Phong,mai9976@yahoo.com,0921443130,2005
FAN09977,Hoang Van Linh,linh9977@fpt.edu.vn,0947131128,2006
FAN09978,Do Tuan Linh,vy9978@hotmail.com,0936202033,1998
FAN09979,Nguyen Minh Phong,quan9979@fpt.edu.vn,0949808304,2007
FAN09980,Bui Quoc Phong,phong9980@hotmail.com,0944644710,1986
FAN09981,Hoang Xuan Quan,hung9981@fpt.edu.vn,0994877084,1988
FAN09982,Hoang Thi Hung,lan9982@gmail.com,0935931249,2006
FAN09983,Bui Tuan Nam,phong9983@yahoo.com,0918122880,2002
FAN09984,Phan Van Mai,nam9984@fpt.edu.vn,0918939353,1987
FAN09985,Do Quoc Bach,phong9985@yahoo.com,0999976595,2003
FAN09986,Bui Hai Mai,nam9986@fpt.edu.vn,0916932570,2002
FAN09987,Do Tuan Lan,hung9987@gmail.com,0968974857,1999
FAN09988,Pham Van Vy,mai9988@hotmail.com,0912400276,1997
FAN09989,Bui Duc Phong,hung9989@yahoo.com,0970940315,1987
FAN09990,Le Gia Phong,lan9990@fpt.edu.vn,0919801554,1993
FAN09991,Hoang Van Phong,vy9991@yahoo.com,0917895292,1996
FAN09992,Dang Gia Linh,quan9992@yahoo.com,0989152915,1993
FAN09993,Le Gia Vy,lan9993@gmail.com,0936287006,1994
FAN09994,Tran Minh Quan,bach9994@hotmail.com,0917273483,1995
FAN09995,Bui Minh Phong,mai9995@fpt.edu.vn,0940398671,1986
FAN09996,Vu Tuan Linh,bach9996@yahoo.com,0934103854,1988
FAN09997,Bui Tuan Nam,bach9997@fpt.edu.vn,0915069457,2000
FAN09998,Tran Quoc Vy,mai9998@gmail.com,0930882319,2000
FAN09999,Dang Anh Vy,nam9999@hotmail.com,0989720314,1989
FAN10000,Hoang Gia Quan,mai10000@hotmail.com,0987731147,1996
