sectionId,stadiumId,name,capacity
SEC00001,S003,Standard,4400
SEC00002,S004,VIP,300
SEC00003,S004,VIP,500
SEC00004,S003,Standard,3100
SEC00005,S005,Standard,4700
SEC00006,S004,Standing,30000
SEC00007,S004,Standing,17300
SEC00008,S005,Economy,10400
SEC00009,S001,Standing,16400
SEC00010,S004,VIP,200
SEC00011,S003,Economy,10100
SEC00012,S003,Standard,4300
SEC00013,S001,Economy,6800
SEC00014,S005,Standard,3300
SEC00015,S005,VIP,300
SEC00016,S001,Standard,5000
SEC00017,S003,Standing,21800
SEC00018,S002,Standard,4700
SEC00019,S005,Standing,26400
SEC00020,S002,Economy,9300
SEC00021,S004,Standing,19200
SEC00022,S004,Economy,6100
SEC00023,S002,VIP,700
SEC00024,S004,Standard,5500
SEC00025,S001,Economy,9600
SEC00026,S002,Standard,3600
SEC00027,S004,VIP,200
SEC00028,S001,Standing,11700
SEC00029,S005,Economy,14100
SEC00030,S001,VIP,600
SEC00031,S004,Standard,5300
SEC00032,S005,Standard,2300
SEC00033,S004,VIP,100
SEC00034,S001,Economy,5600
SEC00035,S005,VIP,500
SEC00036,S005,Standard,2400
SEC00037,S004,Economy,8100
SEC00038,S002,Economy,8600
SEC00039,S001,Standard,3700
SEC00040,S003,Standard,2700
SEC00041,S003,VIP,400
SEC00042,S002,Economy,10700
SEC00043,S001,VIP,600
SEC00044,S005,VIP,500
SEC00045,S002,Standing,16600
SEC00046,S002,VIP,200
SEC00047,S003,Standing,20100
SEC00048,S005,Standing,16600
SEC00049,S001,Economy,11500
SEC00050,S003,Standard,2100
SEC00051,S002,Standing,26500
SEC00052,S004,VIP,200
SEC00053,S003,Standard,5000
SEC00054,S005,Standing,18500
SEC00055,S005,Standard,4000
SEC00056,S002,Standard,4500
SEC00057,S001,Economy,9500
SEC00058,S002,Standing,17700
SEC00059,S001,Economy,10500
SEC00060,S003,VIP,400
SEC00061,S004,Economy,10200
SEC00062,S001,Standing,23400
SEC00063,S004,VIP,900
SEC00064,S004,Economy,14700
SEC00065,S005,Standing,20500
SEC00066,S003,Standing,13700
SEC00067,S005,VIP,300
SEC00068,S004,Standard,5400
SEC00069,S001,Standard,4700
SEC00070,S004,Economy,10300
SEC00071,S003,Economy,10800
SEC00072,S004,Standard,2900
SEC00073,S004,Standard,2600
SEC00074,S004,Standing,20200
SEC00075,S002,VIP,500
SEC00076,S003,Economy,11700
SEC00077,S004,Standard,2500
SEC00078,S004,Standing,24800
SEC00079,S001,Economy,11200
SEC00080,S003,Standing,10700
SEC00081,S003,Standing,14400
SEC00082,S001,VIP,1000
SEC00083,S002,Standard,5300
SEC00084,S005,VIP,500
SEC00085,S002,Standard,3700
SEC00086,S005,Standard,2300
SEC00087,S005,VIP,800
SEC00088,S001,Economy,5700
SEC00089,S002,Standing,28700
SEC00090,S004,Standard,5200
SEC00091,S004,VIP,700
SEC00092,S003,VIP,300
SEC00093,S001,VIP,100
SEC00094,S004,Standard,5600
SEC00095,S001,Standard,5900
SEC00096,S002,Standing,22800
SEC00097,S002,Standard,5200
SEC00098,S001,VIP,400
SEC00099,S004,Standard,5500
SEC00100,S004,VIP,100
SEC00101,S001,Standard,3600
SEC00102,S003,Standing,25600
SEC00103,S001,Standard,4900
SEC00104,S001,Standard,3900
SEC00105,S002,Standing,22000
SEC00106,S005,Economy,10200
SEC00107,S002,Standing,12700
SEC00108,S005,Standing,13400
SEC00109,S001,Economy,11100
SEC00110,S003,VIP,300
SEC00111,S005,Standing,11800
SEC00112,S002,Standard,4400
SEC00113,S001,Economy,10100
SEC00114,S004,Economy,11600
SEC00115,S004,Standing,16800
SEC00116,S004,Standing,21600
SEC00117,S004,Economy,6200
SEC00118,S002,Standard,3200
SEC00119,S002,VIP,1000
SEC00120,S005,Economy,13600
SEC00121,S002,VIP,100
SEC00122,S003,Standard,2300
SEC00123,S005,Standard,3200
SEC00124,S003,Standing,27300
SEC00125,S004,Standard,5400
SEC00126,S005,Standard,5500
SEC00127,S005,Standing,10800
SEC00128,S001,Standard,4000
SEC00129,S002,Standing,21700
SEC00130,S002,Economy,5700
SEC00131,S002,VIP,400
SEC00132,S002,Standard,5700
SEC00133,S002,Economy,7600
SEC00134,S001,VIP,400
SEC00135,S005,Standing,23500
SEC00136,S003,Standard,4900
SEC00137,S004,Standing,10400
SEC00138,S005,Standing,12100
SEC00139,S003,Standing,11100
SEC00140,S002,Standing,14800
SEC00141,S002,Economy,5700
SEC00142,S003,VIP,500
SEC00143,S001,VIP,300
SEC00144,S002,Economy,9700
SEC00145,S001,Economy,9800
SEC00146,S004,VIP,300
SEC00147,S005,Standard,4800
SEC00148,S001,Standing,18400
SEC00149,S002,Standard,4100
SEC00150,S003,Standard,5600
SEC00151,S004,Standing,14700
SEC00152,S002,VIP,600
SEC00153,S004,Standard,4900
SEC00154,S002,Economy,12100
SEC00155,S003,Standing,10100
SEC00156,S005,VIP,200
SEC00157,S003,Standard,5400
SEC00158,S003,Standard,2300
SEC00159,S002,Economy,12800
SEC00160,S005,Economy,12900
SEC00161,S004,Standing,16100
SEC00162,S005,Standard,2500
SEC00163,S004,Standing,11100
SEC00164,S002,VIP,700
SEC00165,S001,VIP,600
SEC00166,S002,Standard,2600
SEC00167,S004,Economy,7600
SEC00168,S005,VIP,900
SEC00169,S004,Standard,5900
SEC00170,S001,Economy,12400
SEC00171,S002,Standing,12100
SEC00172,S001,Standard,5400
SEC00173,S004,VIP,600
SEC00174,S002,VIP,900
SEC00175,S001,Economy,10500
SEC00176,S003,Standard,4800
SEC00177,S004,Standing,16100
SEC00178,S003,Economy,13000
SEC00179,S002,VIP,500
SEC00180,S001,Standard,4500
SEC00181,S001,VIP,400
SEC00182,S003,Standing,26200
SEC00183,S004,Standard,5000
SEC00184,S001,VIP,800
SEC00185,S004,Standing,15100
SEC00186,S004,Standard,2700
SEC00187,S001,VIP,800
SEC00188,S003,Economy,7700
SEC00189,S003,Economy,10600
SEC00190,S004,VIP,600
SEC00191,S004,VIP,900
SEC00192,S003,Standing,16400
SEC00193,S003,Standard,5400
SEC00194,S005,VIP,800
SEC00195,S002,Standard,5400
SEC00196,S002,VIP,700
SEC00197,S002,Standard,2600
SEC00198,S004,VIP,600
SEC00199,S003,Economy,11200
SEC00200,S005,Standing,12300
SEC00201,S005,VIP,800
SEC00202,S004,Standard,2700
SEC00203,S005,VIP,600
SEC00204,S003,Economy,10200
SEC00205,S001,Standard,5100
SEC00206,S005,Standard,4600
SEC00207,S002,Standing,17100
SEC00208,S001,Standard,5800
SEC00209,S005,VIP,600
SEC00210,S002,Economy,8000
SEC00211,S003,Standard,5500
SEC00212,S001,Standing,12900
SEC00213,S003,Economy,12100
SEC00214,S004,Standing,25300
SEC00215,S005,Standard,3400
SEC00216,S005,VIP,700
SEC00217,S004,Economy,10700
SEC00218,S005,Economy,9200
SEC00219,S005,Standard,3300
SEC00220,S002,VIP,100
SEC00221,S004,Standard,5600
SEC00222,S005,VIP,300
SEC00223,S002,Economy,13400
SEC00224,S001,Standard,3500
SEC00225,S004,Standard,2900
SEC00226,S003,VIP,400
SEC00227,S004,Economy,6700
SEC00228,S004,Standing,14500
SEC00229,S002,Standard,4900
SEC00230,S003,Economy,12100
SEC00231,S005,VIP,1000
SEC00232,S003,Economy,7200
SEC00233,S005,Standing,16800
SEC00234,S005,Standard,3700
SEC00235,S001,VIP,500
SEC00236,S001,Economy,11100
SEC00237,S002,Economy,8600
SEC00238,S005,Economy,9500
SEC00239,S001,Standing,17400
SEC00240,S003,Standing,22500
SEC00241,S002,Economy,11100
SEC00242,S003,VIP,900
SEC00243,S002,Economy,5700
SEC00244,S001,Standing,12000
SEC00245,S004,Standing,15200
SEC00246,S003,VIP,700
SEC00247,S004,VIP,300
SEC00248,S005,VIP,200
SEC00249,S003,Economy,11900
SEC00250,S005,Standard,4000
SEC00251,S002,Economy,13800
SEC00252,S002,Standing,28400
SEC00253,S005,Standing,20200
SEC00254,S004,VIP,900
SEC00255,S004,Economy,14000
SEC00256,S003,VIP,600
SEC00257,S001,Economy,9600
SEC00258,S001,VIP,300
SEC00259,S004,Standard,3800
SEC00260,S002,VIP,400
SEC00261,S004,Standard,5500
SEC00262,S001,Standard,3000
SEC00263,S003,Standing,25900
SEC00264,S004,Economy,12400
SEC00265,S003,VIP,1000
SEC00266,S003,VIP,100
SEC00267,S001,VIP,800
SEC00268,S005,Standing,28900
SEC00269,S005,Standard,4800
SEC00270,S005,Standard,5500
SEC00271,S005,Standing,18800
SEC00272,S005,VIP,200
SEC00273,S001,VIP,800
SEC00274,S004,Standing,29200
SEC00275,S005,Economy,8900
SEC00276,S005,Standing,27900
SEC00277,S003,VIP,100
SEC00278,S003,VIP,900
SEC00279,S002,Standing,20200
SEC00280,S003,VIP,800
SEC00281,S005,Economy,12600
SEC00282,S004,Standard,5100
SEC00283,S003,VIP,500
SEC00284,S003,VIP,200
SEC00285,S005,Standing,23700
SEC00286,S001,Economy,6800
SEC00287,S005,Standard,2800
SEC00288,S005,VIP,900
SEC00289,S002,Standing,24500
SEC00290,S005,VIP,700
SEC00291,S002,VIP,600
SEC00292,S004,VIP,700
SEC00293,S004,Economy,9000
SEC00294,S004,Standing,14500
SEC00295,S004,Standing,15000
SEC00296,S001,Economy,12700
SEC00297,S001,Economy,13000
SEC00298,S004,Standing,24500
SEC00299,S005,Standard,5600
SEC00300,S002,Standard,2100
SEC00301,S005,Standard,3500
SEC00302,S003,Standing,28600
SEC00303,S005,VIP,500
SEC00304,S002,VIP,300
SEC00305,S005,VIP,300
SEC00306,S002,VIP,900
SEC00307,S001,VIP,400
SEC00308,S001,Standing,27200
SEC00309,S002,Standard,4300
SEC00310,S004,Standard,5400
SEC00311,S002,Standing,21800
SEC00312,S001,Economy,14000
SEC00313,S003,Economy,14400
SEC00314,S005,Standing,29500
SEC00315,S001,Standing,15700
SEC00316,S001,VIP,300
SEC00317,S002,Standing,28000
SEC00318,S002,VIP,600
SEC00319,S002,Standard,5300
SEC00320,S004,VIP,400
SEC00321,S004,VIP,600
SEC00322,S003,Standard,2700
SEC00323,S002,Economy,14400
SEC00324,S005,Standard,5100
SEC00325,S003,VIP,1000
SEC00326,S004,Standing,17500
SEC00327,S004,Standing,26100
SEC00328,S002,VIP,800
SEC00329,S005,Economy,9700
SEC00330,S005,Standing,10000
SEC00331,S004,VIP,300
SEC00332,S001,Standing,23500
SEC00333,S001,Standard,4700
SEC00334,S003,VIP,300
SEC00335,S004,Standing,25000
SEC00336,S002,VIP,1000
SEC00337,S001,Economy,5100
SEC00338,S002,Economy,8700
SEC00339,S001,Standing,11800
SEC00340,S004,Economy,9600
SEC00341,S004,VIP,900
SEC00342,S005,VIP,1000
SEC00343,S003,Standing,16200
SEC00344,S001,Standard,2600
SEC00345,S005,Standing,22200
SEC00346,S004,Standard,4300
SEC00347,S003,VIP,700
SEC00348,S005,VIP,700
SEC00349,S003,Standing,24100
SEC00350,S004,VIP,800
SEC00351,S004,Standard,2800
SEC00352,S001,VIP,600
SEC00353,S005,Standard,2700
SEC00354,S002,Standard,4600
SEC00355,S001,Economy,6400
SEC00356,S003,Standard,5300
SEC00357,S004,Standing,18300
SEC00358,S002,Standing,24500
SEC00359,S002,Economy,7100
SEC00360,S002,VIP,200
SEC00361,S004,Economy,14800
SEC00362,S002,Economy,12100
SEC00363,S005,VIP,400
SEC00364,S001,Standing,20100
SEC00365,S004,VIP,200
SEC00366,S001,VIP,800
SEC00367,S001,Economy,11900
SEC00368,S004,Standard,3900
SEC00369,S001,Economy,11500
SEC00370,S003,VIP,600
SEC00371,S004,Standing,29800
SEC00372,S001,VIP,300
SEC00373,S001,Standing,22800
SEC00374,S003,Standing,21000
SEC00375,S001,Economy,12400
SEC00376,S004,Standing,17600
SEC00377,S002,Standard,4500
SEC00378,S002,Economy,8600
SEC00379,S002,VIP,900
SEC00380,S001,VIP,500
SEC00381,S003,VIP,600
SEC00382,S001,Standing,26700
SEC00383,S004,Standard,3600
SEC00384,S001,Standard,4700
SEC00385,S005,VIP,800
SEC00386,S003,Standard,4700
SEC00387,S004,Standing,17000
SEC00388,S001,Standard,3400
SEC00389,S004,Standard,3700
SEC00390,S003,Standard,3100
SEC00391,S003,VIP,300
SEC00392,S003,Economy,6700
SEC00393,S003,VIP,700
SEC00394,S005,VIP,700
SEC00395,S002,Standing,13700
SEC00396,S003,Economy,13300
SEC00397,S004,Standard,4200
SEC00398,S005,Standing,15800
SEC00399,S003,VIP,300
SEC00400,S004,Standard,4500
SEC00401,S002,Standing,13500
SEC00402,S001,Economy,10200
SEC00403,S002,Standing,13400
SEC00404,S002,Standard,4100
SEC00405,S005,Standard,2700
SEC00406,S002,Standing,23900
SEC00407,S005,Standard,2700
SEC00408,S001,Standing,15600
SEC00409,S005,Economy,5200
SEC00410,S005,VIP,500
SEC00411,S005,Economy,6600
SEC00412,S001,VIP,300
SEC00413,S004,Standard,5500
SEC00414,S003,VIP,800
SEC00415,S003,VIP,300
SEC00416,S003,Economy,5900
SEC00417,S004,VIP,900
SEC00418,S005,Standing,16300
SEC00419,S001,Standing,11600
SEC00420,S005,Standard,5000
SEC00421,S001,VIP,400
SEC00422,S002,Economy,11300
SEC00423,S003,VIP,400
SEC00424,S001,Economy,6600
SEC00425,S004,VIP,800
SEC00426,S003,Standing,17500
SEC00427,S002,Economy,8900
SEC00428,S001,Standing,13900
SEC00429,S001,VIP,600
SEC00430,S002,Economy,7300
SEC00431,S004,Standing,13800
SEC00432,S002,Economy,6600
SEC00433,S002,VIP,400
SEC00434,S001,Standard,3500
SEC00435,S005,VIP,700
SEC00436,S004,Standard,3400
SEC00437,S002,Standard,5600
SEC00438,S001,Standing,19100
SEC00439,S001,Standard,4600
SEC00440,S001,Standing,14900
SEC00441,S003,Standard,5100
SEC00442,S004,Economy,11500
SEC00443,S001,VIP,700
SEC00444,S005,VIP,900
SEC00445,S001,Standing,20600
SEC00446,S005,Economy,12200
SEC00447,S001,Economy,11900
SEC00448,S001,Standing,29000
SEC00449,S005,Standard,3000
SEC00450,S005,Standing,24900
SEC00451,S002,Standing,27400
SEC00452,S005,Standard,2600
SEC00453,S002,VIP,1000
SEC00454,S004,VIP,300
SEC00455,S001,Standard,2200
SEC00456,S003,Economy,9000
SEC00457,S003,Standing,12500
SEC00458,S004,VIP,400
SEC00459,S003,VIP,600
SEC00460,S003,Standard,3600
SEC00461,S005,Standard,3000
SEC00462,S002,Standing,24600
SEC00463,S005,Standing,24500
SEC00464,S001,Standard,3700
SEC00465,S005,VIP,100
SEC00466,S001,VIP,200
SEC00467,S001,Standing,22500
SEC00468,S002,Economy,14200
SEC00469,S001,Economy,11700
SEC00470,S001,Economy,12900
SEC00471,S001,Standard,5200
SEC00472,S004,Standard,4600
SEC00473,S001,Standing,29600
SEC00474,S004,Economy,7200
SEC00475,S001,Standing,17800
SEC00476,S002,VIP,900
SEC00477,S003,VIP,200
SEC00478,S001,Standing,29900
SEC00479,S001,VIP,500
SEC00480,S001,Economy,8400
SEC00481,S005,Standard,5800
SEC00482,S004,VIP,800
SEC00483,S001,Economy,6500
SEC00484,S005,Standing,26300
SEC00485,S002,Standard,2300
SEC00486,S002,Economy,8400
SEC00487,S002,VIP,500
SEC00488,S004,Economy,14500
SEC00489,S003,VIP,500
SEC00490,S005,VIP,500
SEC00491,S005,Economy,6900
SEC00492,S004,Standing,24300
SEC00493,S005,Standard,2900
SEC00494,S005,VIP,500
SEC00495,S001,VIP,400
SEC00496,S005,VIP,900
SEC00497,S002,Economy,14400
SEC00498,S003,VIP,600
SEC00499,S004,VIP,300
SEC00500,S004,Economy,12100
SEC00501,S003,Standard,4600
SEC00502,S005,Standard,2500
SEC00503,S001,VIP,800
SEC00504,S001,Standing,20700
SEC00505,S002,Standing,21300
SEC00506,S005,Standing,27000
SEC00507,S001,Standing,19000
SEC00508,S001,Standing,20500
SEC00509,S001,VIP,600
SEC00510,S004,Standing,17800
SEC00511,S005,Economy,10200
SEC00512,S005,VIP,700
SEC00513,S004,Standing,17300
SEC00514,S005,Economy,12000
SEC00515,S005,Standard,5500
SEC00516,S005,Standard,4800
SEC00517,S001,VIP,800
SEC00518,S002,Standing,28700
SEC00519,S002,Standard,3500
SEC00520,S003,Standard,3700
SEC00521,S002,Standing,27100
SEC00522,S001,Standard,4300
SEC00523,S005,Standing,24000
SEC00524,S001,Standard,3300
SEC00525,S002,Standing,12100
SEC00526,S001,Economy,9600
SEC00527,S004,VIP,600
SEC00528,S004,Standing,23100
SEC00529,S002,Standing,24100
SEC00530,S004,Standing,21900
SEC00531,S001,Standing,22600
SEC00532,S005,Standing,11400
SEC00533,S001,Standard,3100
SEC00534,S005,Economy,13000
SEC00535,S003,Standing,15700
SEC00536,S005,Economy,12900
SEC00537,S001,Economy,8500
SEC00538,S003,Standard,2600
SEC00539,S004,Standing,13900
SEC00540,S005,Standard,3200
SEC00541,S005,VIP,900
SEC00542,S005,VIP,400
SEC00543,S002,Standing,15100
SEC00544,S002,Economy,12600
SEC00545,S004,Standard,2400
SEC00546,S004,Economy,14400
SEC00547,S004,Standing,23200
SEC00548,S005,VIP,1000
SEC00549,S002,Standing,16200
SEC00550,S003,Economy,14100
SEC00551,S001,Standard,3600
SEC00552,S002,Economy,5500
SEC00553,S002,VIP,900
SEC00554,S005,Economy,6900
SEC00555,S004,Economy,14300
SEC00556,S001,Economy,8100
SEC00557,S001,Economy,7200
SEC00558,S002,Standard,5500
SEC00559,S004,Economy,10800
SEC00560,S005,Economy,10000
SEC00561,S001,VIP,100
SEC00562,S004,VIP,900
SEC00563,S002,VIP,800
SEC00564,S003,Standing,12500
SEC00565,S002,Standard,4200
SEC00566,S005,Economy,12200
SEC00567,S003,VIP,600
SEC00568,S001,Economy,8600
SEC00569,S003,Standing,26200
SEC00570,S003,Economy,10100
SEC00571,S003,Economy,8900
SEC00572,S005,Standard,5100
SEC00573,S005,Standard,2700
SEC00574,S002,Standard,3700
SEC00575,S001,Standing,25100
SEC00576,S001,Standing,27400
SEC00577,S005,Standard,5500
SEC00578,S002,Standing,15400
SEC00579,S005,Standard,5200
SEC00580,S004,Standing,12000
SEC00581,S005,Standing,17400
SEC00582,S001,Standard,3600
SEC00583,S001,Economy,7600
SEC00584,S005,Standard,2000
SEC00585,S004,Standard,3000
SEC00586,S002,Standard,4900
SEC00587,S002,Standing,28100
SEC00588,S004,Economy,12700
SEC00589,S005,Standard,3700
SEC00590,S004,Economy,14600
SEC00591,S005,Standard,4400
SEC00592,S001,Economy,8200
SEC00593,S003,Economy,5500
SEC00594,S004,Economy,8800
SEC00595,S005,Economy,12800
SEC00596,S001,Economy,6400
SEC00597,S003,Standing,22200
SEC00598,S001,Standing,25500
SEC00599,S002,Standing,27800
SEC00600,S003,Standing,14700
SEC00601,S004,Standard,4900
SEC00602,S005,Economy,9200
SEC00603,S002,Standard,4200
SEC00604,S005,Standard,5800
SEC00605,S004,Standing,16000
SEC00606,S001,Standing,20500
SEC00607,S003,VIP,600
SEC00608,S002,Standing,12500
SEC00609,S002,Standing,24800
SEC00610,S004,Economy,10300
SEC00611,S003,Standard,5300
SEC00612,S004,Standard,4600
SEC00613,S003,VIP,300
SEC00614,S004,Economy,7700
SEC00615,S003,Economy,11200
SEC00616,S004,VIP,800
SEC00617,S001,Standard,4600
SEC00618,S004,Standard,4300
SEC00619,S004,Economy,10600
SEC00620,S001,Standard,5500
SEC00621,S004,Standing,12300
SEC00622,S003,Standard,4300
SEC00623,S004,Economy,14700
SEC00624,S002,Economy,9300
SEC00625,S001,VIP,900
SEC00626,S002,Standard,2800
SEC00627,S001,Standard,2400
SEC00628,S003,Standing,29400
SEC00629,S004,Standard,5600
SEC00630,S001,Economy,8500
SEC00631,S004,Economy,6800
SEC00632,S005,Standing,11600
SEC00633,S001,Economy,13500
SEC00634,S002,Economy,12400
SEC00635,S004,Standard,5600
SEC00636,S003,VIP,700
SEC00637,S001,Standard,3700
SEC00638,S004,Standing,27200
SEC00639,S002,Economy,11700
SEC00640,S002,Economy,14900
SEC00641,S005,VIP,1000
SEC00642,S003,Economy,8200
SEC00643,S003,Standard,3400
SEC00644,S005,Economy,7600
SEC00645,S004,Economy,11700
SEC00646,S005,Standing,17200
SEC00647,S005,Standard,2700
SEC00648,S004,VIP,700
SEC00649,S004,Standing,27800
SEC00650,S003,Standing,12700
SEC00651,S001,Standard,4400
SEC00652,S004,Standing,12000
SEC00653,S002,Standard,5400
SEC00654,S005,Standing,14200
SEC00655,S002,VIP,900
SEC00656,S004,VIP,1000
SEC00657,S003,VIP,500
SEC00658,S002,Economy,9200
SEC00659,S002,Standard,2700
SEC00660,S005,Standing,23200
SEC00661,S002,Standing,18000
SEC00662,S001,VIP,200
SEC00663,S004,VIP,600
SEC00664,S002,VIP,500
SEC00665,S001,Standing,21000
SEC00666,S001,Standing,10700
SEC00667,S002,Standard,4000
SEC00668,S001,VIP,500
SEC00669,S005,Standing,25900
SEC00670,S001,Standing,16100
SEC00671,S002,Standard,3500
SEC00672,S003,VIP,500
SEC00673,S004,Standard,3400
SEC00674,S004,Standard,3600
SEC00675,S001,Standing,16100
SEC00676,S001,Standard,6000
SEC00677,S005,Standing,28100
SEC00678,S001,Standard,2300
SEC00679,S003,Standard,4800
SEC00680,S005,VIP,500
SEC00681,S005,Standing,13700
SEC00682,S002,Economy,9200
SEC00683,S001,Standard,2900
SEC00684,S001,Standard,3200
SEC00685,S001,Standing,19700
SEC00686,S005,Standing,11800
SEC00687,S004,Economy,12200
SEC00688,S002,Economy,14500
SEC00689,S005,Standing,27900
SEC00690,S002,Standing,16600
SEC00691,S004,VIP,600
SEC00692,S005,Standing,22000
SEC00693,S002,VIP,300
SEC00694,S004,VIP,800
SEC00695,S005,Standing,30000
SEC00696,S001,Standing,26300
SEC00697,S001,VIP,600
SEC00698,S002,Standing,12200
SEC00699,S001,VIP,100
SEC00700,S002,Economy,10700
SEC00701,S002,Standing,14800
SEC00702,S005,Standard,3600
SEC00703,S004,Standard,4900
SEC00704,S005,Economy,8600
SEC00705,S002,VIP,900
SEC00706,S001,VIP,900
SEC00707,S001,Standard,5700
SEC00708,S002,VIP,800
SEC00709,S002,Standard,5100
SEC00710,S002,VIP,600
SEC00711,S001,VIP,800
SEC00712,S004,VIP,900
SEC00713,S004,Standard,2600
SEC00714,S002,Economy,14000
SEC00715,S004,Standard,2500
SEC00716,S004,Standing,15000
SEC00717,S004,Standing,15300
SEC00718,S001,Standard,2600
SEC00719,S001,Economy,10600
SEC00720,S004,Economy,13600
SEC00721,S005,Economy,13500
SEC00722,S002,Economy,8300
SEC00723,S001,Standard,3500
SEC00724,S001,Economy,11300
SEC00725,S003,Standing,25400
SEC00726,S005,VIP,600
SEC00727,S001,Economy,9200
SEC00728,S004,Economy,8200
SEC00729,S004,Standing,29500
SEC00730,S001,Economy,6300
SEC00731,S001,VIP,200
SEC00732,S002,VIP,400
SEC00733,S004,Standard,3200
SEC00734,S005,Standard,4200
SEC00735,S004,Standing,29500
SEC00736,S004,VIP,300
SEC00737,S002,Standard,4600
SEC00738,S003,Standing,26200
SEC00739,S005,Economy,11200
SEC00740,S003,Standard,2300
SEC00741,S004,Economy,8500
SEC00742,S002,Economy,13500
SEC00743,S002,Economy,12300
SEC00744,S003,Standing,28200
SEC00745,S003,Economy,8000
SEC00746,S001,Standard,2600
SEC00747,S005,VIP,500
SEC00748,S004,Standard,3000
SEC00749,S002,VIP,600
SEC00750,S005,Standard,4300
SEC00751,S005,Standing,26300
SEC00752,S001,Standing,12000
SEC00753,S002,Economy,7900
SEC00754,S005,VIP,900
SEC00755,S002,Standard,4300
SEC00756,S003,VIP,900
SEC00757,S002,Economy,13900
SEC00758,S001,Standing,18600
SEC00759,S004,VIP,700
SEC00760,S005,VIP,700
SEC00761,S005,Standard,3200
SEC00762,S004,Standing,11900
SEC00763,S002,Standard,3000
SEC00764,S002,VIP,700
SEC00765,S002,VIP,800
SEC00766,S004,Standing,19300
SEC00767,S001,VIP,1000
SEC00768,S004,VIP,200
SEC00769,S005,Standing,12500
SEC00770,S004,Standing,13300
SEC00771,S002,Economy,14800
SEC00772,S001,VIP,900
SEC00773,S005,Standard,4200
SEC00774,S001,VIP,300
SEC00775,S002,VIP,500
SEC00776,S003,VIP,700
SEC00777,S002,Economy,11500
SEC00778,S002,Economy,6600
SEC00779,S001,Standard,3400
SEC00780,S004,VIP,400
SEC00781,S005,Standing,22800
SEC00782,S003,Standard,2200
SEC00783,S001,Standard,3600
SEC00784,S004,VIP,200
SEC00785,S004,Standing,14700
SEC00786,S003,Standard,2100
SEC00787,S004,VIP,900
SEC00788,S001,Standard,5100
SEC00789,S001,VIP,800
SEC00790,S001,Standard,2900
SEC00791,S005,Standing,16400
SEC00792,S001,Standard,3500
SEC00793,S002,Standard,5400
SEC00794,S003,Economy,10000
SEC00795,S002,Economy,6300
SEC00796,S005,Economy,10600
SEC00797,S005,Standard,6000
SEC00798,S004,Standard,6000
SEC00799,S004,VIP,800
SEC00800,S004,Standing,12800
SEC00801,S003,Standard,5900
SEC00802,S001,Standard,3000
SEC00803,S003,Standard,4000
SEC00804,S001,Economy,6900
SEC00805,S003,VIP,300
SEC00806,S002,VIP,200
SEC00807,S004,Standing,23700
SEC00808,S003,VIP,300
SEC00809,S004,Standard,3400
SEC00810,S005,Standing,15600
SEC00811,S002,Economy,10700
SEC00812,S002,Standing,23900
SEC00813,S001,Economy,11400
SEC00814,S002,VIP,800
SEC00815,S001,VIP,600
SEC00816,S005,VIP,800
SEC00817,S004,Standard,2000
SEC00818,S003,Economy,9400
SEC00819,S005,Standing,18700
SEC00820,S002,Standard,2900
SEC00821,S004,VIP,800
SEC00822,S002,Economy,10600
SEC00823,S001,Economy,9300
SEC00824,S001,Economy,14800
SEC00825,S005,VIP,600
SEC00826,S004,Standard,5600
SEC00827,S004,Economy,8900
SEC00828,S004,Standing,23200
SEC00829,S004,VIP,300
SEC00830,S003,VIP,800
SEC00831,S003,Standard,2200
SEC00832,S002,Economy,13600
SEC00833,S002,Economy,12000
SEC00834,S004,Standard,2900
SEC00835,S004,VIP,500
SEC00836,S002,Standard,4000
SEC00837,S003,Economy,10100
SEC00838,S003,VIP,800
SEC00839,S002,Standing,27000
SEC00840,S004,Economy,9000
SEC00841,S001,Economy,9500
SEC00842,S004,Standing,23500
SEC00843,S005,Standing,20800
SEC00844,S002,Standing,15800
SEC00845,S001,Standard,4700
SEC00846,S004,Standard,3900
SEC00847,S002,Standard,5500
SEC00848,S005,Standard,4100
SEC00849,S001,VIP,700
SEC00850,S003,Economy,14700
SEC00851,S004,Economy,8200
SEC00852,S004,Economy,8700
SEC00853,S004,VIP,700
SEC00854,S004,VIP,600
SEC00855,S001,Standing,10800
SEC00856,S001,Economy,12700
SEC00857,S003,Standard,2900
SEC00858,S001,Standard,4400
SEC00859,S004,Standard,2600
SEC00860,S003,VIP,500
SEC00861,S003,Standing,20100
SEC00862,S005,Standing,19700
SEC00863,S003,Economy,11700
SEC00864,S001,Standing,23000
SEC00865,S005,VIP,400
SEC00866,S001,Standing,26400
SEC00867,S003,VIP,300
SEC00868,S005,Economy,7100
SEC00869,S004,Economy,10400
SEC00870,S003,Economy,8700
SEC00871,S005,VIP,400
SEC00872,S005,Standard,5000
SEC00873,S004,Standing,13900
SEC00874,S001,Standing,21800
SEC00875,S002,Standard,5300
SEC00876,S004,VIP,900
SEC00877,S003,Standing,15700
SEC00878,S003,Standing,17200
SEC00879,S005,VIP,400
SEC00880,S005,Standard,2200
SEC00881,S002,Standard,5000
SEC00882,S005,Economy,13600
SEC00883,S005,Standard,4500
SEC00884,S001,Economy,11800
SEC00885,S002,VIP,600
SEC00886,S002,VIP,500
SEC00887,S002,Economy,13800
SEC00888,S005,Economy,12800
SEC00889,S005,Economy,8300
SEC00890,S001,Economy,13000
SEC00891,S004,Economy,5800
SEC00892,S001,Standing,22500
SEC00893,S001,Standing,17300
SEC00894,S004,Standard,4700
SEC00895,S004,Standard,2200
SEC00896,S001,Standard,3400
SEC00897,S005,VIP,200
SEC00898,S004,Economy,13300
SEC00899,S005,Standard,2800
SEC00900,S005,Standing,16500
SEC00901,S003,Standard,2000
SEC00902,S002,VIP,200
SEC00903,S004,Economy,14600
SEC00904,S003,Economy,11800
SEC00905,S005,VIP,300
SEC00906,S002,VIP,600
SEC00907,S001,Standing,21800
SEC00908,S004,Economy,5300
SEC00909,S001,Standard,3300
SEC00910,S004,Standard,3200
SEC00911,S004,Standing,29800
SEC00912,S003,Economy,12700
SEC00913,S002,Economy,10300
SEC00914,S003,Standing,16300
SEC00915,S001,VIP,900
SEC00916,S005,Standing,23500
SEC00917,S001,Standard,3000
SEC00918,S003,Standard,5200
SEC00919,S003,Standing,17600
SEC00920,S001,VIP,600
SEC00921,S004,Standard,4300
SEC00922,S002,VIP,1000
SEC00923,S002,Standing,19600
SEC00924,S004,Standard,5700
SEC00925,S001,Economy,12500
SEC00926,S002,Standing,17300
SEC00927,S002,Economy,8800
SEC00928,S004,VIP,900
SEC00929,S003,Economy,11000
SEC00930,S004,Standard,4700
SEC00931,S001,Standard,4600
SEC00932,S002,VIP,700
SEC00933,S002,Standing,16500
SEC00934,S002,Standard,3000
SEC00935,S003,Standard,5500
SEC00936,S002,VIP,900
SEC00937,S002,VIP,300
SEC00938,S005,Standard,2500
SEC00939,S003,Standing,28200
SEC00940,S004,VIP,500
SEC00941,S002,Economy,14200
SEC00942,S004,Standard,5200
SEC00943,S001,Economy,6300
SEC00944,S002,Standing,11600
SEC00945,S004,VIP,100
SEC00946,S004,VIP,200
SEC00947,S005,VIP,600
SEC00948,S005,Economy,11100
SEC00949,S002,Standing,24100
SEC00950,S005,Standing,10900
SEC00951,S004,Standing,11300
SEC00952,S004,Economy,8000
SEC00953,S002,Standard,5500
SEC00954,S001,Economy,12700
SEC00955,S004,Economy,12900
SEC00956,S001,VIP,600
SEC00957,S004,Standard,5500
SEC00958,S004,Standard,3800
SEC00959,S005,Standing,26400
SEC00960,S004,Economy,13100
SEC00961,S001,Standard,6000
SEC00962,S001,VIP,100
SEC00963,S002,Standing,24300
SEC00964,S002,Standard,2100
SEC00965,S004,Standing,20500
SEC00966,S001,VIP,800
SEC00967,S004,VIP,500
SEC00968,S003,Economy,13700
SEC00969,S001,Standard,3800
SEC00970,S003,Economy,14900
SEC00971,S003,VIP,500
SEC00972,S004,Standard,3100
SEC00973,S001,Standard,5000
SEC00974,S002,Standard,3200
SEC00975,S002,VIP,700
SEC00976,S005,VIP,900
SEC00977,S001,Economy,10800
SEC00978,S002,Standard,3200
SEC00979,S002,VIP,200
SEC00980,S005,Standard,6000
SEC00981,S002,VIP,500
SEC00982,S003,VIP,200
SEC00983,S001,Standard,4600
SEC00984,S004,Standing,21600
SEC00985,S002,VIP,700
SEC00986,S001,Standing,26600
SEC00987,S003,Standard,3900
SEC00988,S002,VIP,200
SEC00989,S004,Economy,8300
SEC00990,S003,Economy,10800
SEC00991,S004,VIP,400
SEC00992,S003,Standing,12600
SEC00993,S002,VIP,800
SEC00994,S002,VIP,100
SEC00995,S004,Standard,2100
SEC00996,S003,Standard,2700
SEC00997,S005,Standard,5000
SEC00998,S002,VIP,900
SEC00999,S005,Economy,12500
SEC01000,S003,VIP,600
SEC01001,S002,VIP,200
SEC01002,S005,Standing,15400
SEC01003,S002,Standard,2900
SEC01004,S004,Standing,19000
SEC01005,S005,Standing,18500
SEC01006,S003,Standing,13600
SEC01007,S005,VIP,700
SEC01008,S005,Standard,3400
SEC01009,S004,VIP,600
SEC01010,S004,VIP,300
SEC01011,S004,Standing,24200
SEC01012,S004,Standing,23700
SEC01013,S001,Standing,18500
SEC01014,S005,Standard,4100
SEC01015,S001,Economy,10500
SEC01016,S002,Standing,24900
SEC01017,S002,Standing,19700
SEC01018,S003,VIP,400
SEC01019,S004,Standing,19900
SEC01020,S004,VIP,400
SEC01021,S005,Standing,20200
SEC01022,S003,VIP,600
SEC01023,S004,Standard,5400
SEC01024,S001,Standing,18000
SEC01025,S003,VIP,800
SEC01026,S005,Standing,23000
SEC01027,S001,Economy,11300
SEC01028,S001,Economy,7200
SEC01029,S003,Standing,14500
SEC01030,S001,Economy,6400
SEC01031,S002,VIP,200
SEC01032,S003,VIP,800
SEC01033,S005,Standing,19500
SEC01034,S003,Economy,7200
SEC01035,S003,Standing,13200
SEC01036,S003,VIP,400
SEC01037,S004,Economy,11800
SEC01038,S005,Standard,5800
SEC01039,S002,Standard,3300
SEC01040,S001,VIP,800
SEC01041,S003,Standard,2100
SEC01042,S001,Standing,11200
SEC01043,S001,Standard,2600
SEC01044,S001,VIP,500
SEC01045,S005,VIP,200
SEC01046,S005,Standing,24000
SEC01047,S001,VIP,800
SEC01048,S005,Standing,17400
SEC01049,S001,Standing,24900
SEC01050,S004,Standing,10800
SEC01051,S005,Economy,6800
SEC01052,S004,VIP,500
SEC01053,S003,VIP,900
SEC01054,S001,Standard,3700
SEC01055,S005,Economy,11100
SEC01056,S004,VIP,500
SEC01057,S005,Standing,14700
SEC01058,S002,Standing,20700
SEC01059,S002,VIP,300
SEC01060,S004,Standard,3200
SEC01061,S002,Standard,5900
SEC01062,S002,Economy,7300
SEC01063,S001,Standing,22500
SEC01064,S002,Standing,23100
SEC01065,S002,Standing,13200
SEC01066,S003,Standing,26700
SEC01067,S004,Economy,14400
SEC01068,S003,Economy,5800
SEC01069,S002,VIP,900
SEC01070,S003,VIP,700
SEC01071,S002,Economy,12700
SEC01072,S001,VIP,700
SEC01073,S004,Standard,2600
SEC01074,S004,Standard,2800
SEC01075,S005,Economy,7800
SEC01076,S004,Standing,11600
SEC01077,S004,Standard,3900
SEC01078,S002,Standing,24100
SEC01079,S005,Standard,4700
SEC01080,S003,Economy,11700
SEC01081,S002,Standard,4100
SEC01082,S001,VIP,600
SEC01083,S005,Standing,20400
SEC01084,S003,Economy,7700
SEC01085,S005,Standard,4900
SEC01086,S003,VIP,600
SEC01087,S002,Standard,2500
SEC01088,S001,Standing,13400
SEC01089,S002,Standing,12100
SEC01090,S003,VIP,800
SEC01091,S004,Standard,3700
SEC01092,S004,Economy,9800
SEC01093,S002,Standing,14200
SEC01094,S004,VIP,1000
SEC01095,S002,VIP,200
SEC01096,S001,VIP,100
SEC01097,S001,Economy,9600
SEC01098,S005,Standard,2800
SEC01099,S002,VIP,1000
SEC01100,S003,Standing,19600
SEC01101,S003,Standard,4700
SEC01102,S004,Economy,6200
SEC01103,S001,Standard,3500
SEC01104,S002,Standing,11000
SEC01105,S004,Economy,13100
SEC01106,S005,Economy,11600
SEC01107,S002,Standard,3300
SEC01108,S005,VIP,800
SEC01109,S002,Standard,4700
SEC01110,S001,Economy,13100
SEC01111,S004,Economy,14100
SEC01112,S004,VIP,400
SEC01113,S005,Standing,29300
SEC01114,S001,Standard,2000
SEC01115,S003,Economy,8600
SEC01116,S002,Economy,12400
SEC01117,S003,Standing,10200
SEC01118,S004,Economy,8400
SEC01119,S001,VIP,900
SEC01120,S004,Economy,5300
SEC01121,S001,Economy,11100
SEC01122,S001,Standing,25800
SEC01123,S005,Standard,4700
SEC01124,S004,Standing,21200
SEC01125,S001,VIP,300
SEC01126,S002,VIP,300
SEC01127,S002,Standing,27500
SEC01128,S005,Economy,14800
SEC01129,S001,VIP,700
SEC01130,S001,Standard,2500
SEC01131,S001,Standard,4900
SEC01132,S003,Standard,5000
SEC01133,S004,Standing,26900
SEC01134,S001,Economy,13000
SEC01135,S001,Economy,14000
SEC01136,S002,Standard,3000
SEC01137,S005,VIP,600
SEC01138,S005,Standard,5200
SEC01139,S003,VIP,800
SEC01140,S004,Standing,26200
SEC01141,S001,Standing,28200
SEC01142,S005,Economy,7800
SEC01143,S004,Standing,22800
SEC01144,S005,Economy,13500
SEC01145,S004,VIP,200
SEC01146,S001,Standard,4300
SEC01147,S004,VIP,900
SEC01148,S004,Standard,4100
SEC01149,S005,Standing,27400
SEC01150,S003,Standing,18200
SEC01151,S003,Economy,9600
SEC01152,S005,Standard,2200
SEC01153,S001,Standard,2200
SEC01154,S002,Standard,2100
SEC01155,S002,Standard,3500
SEC01156,S003,Economy,14900
SEC01157,S002,Standard,5400
SEC01158,S004,Standard,2300
SEC01159,S001,Standard,4700
SEC01160,S001,VIP,1000
SEC01161,S001,VIP,300
SEC01162,S004,Economy,8000
SEC01163,S002,Economy,12200
SEC01164,S005,VIP,600
SEC01165,S005,VIP,1000
SEC01166,S002,Standard,4500
SEC01167,S001,Economy,5400
SEC01168,S005,Standing,21400
SEC01169,S001,Economy,12300
SEC01170,S004,Standing,12100
SEC01171,S005,Standing,26300
SEC01172,S004,VIP,500
SEC01173,S001,Standard,3600
SEC01174,S001,Standard,3500
SEC01175,S001,Standing,21000
SEC01176,S005,Economy,12500
SEC01177,S005,VIP,100
SEC01178,S003,Standard,3800
SEC01179,S003,VIP,200
SEC01180,S004,VIP,600
SEC01181,S001,Economy,12800
SEC01182,S003,Economy,14500
SEC01183,S001,Standing,20400
SEC01184,S003,Standing,11200
SEC01185,S002,Standard,3500
SEC01186,S005,Standard,4400
SEC01187,S003,Economy,5300
SEC01188,S002,Standing,27200
SEC01189,S001,Standing,12600
SEC01190,S003,VIP,400
SEC01191,S003,Economy,6500
SEC01192,S004,Standard,3800
SEC01193,S004,Economy,8100
SEC01194,S003,VIP,700
SEC01195,S003,VIP,400
SEC01196,S005,Economy,6700
SEC01197,S001,Standard,5600
SEC01198,S002,Economy,14000
SEC01199,S002,Economy,11700
SEC01200,S003,Standing,22300
SEC01201,S003,Economy,5000
SEC01202,S002,Standing,22500
SEC01203,S005,Standing,20100
SEC01204,S001,Economy,9200
SEC01205,S002,VIP,700
SEC01206,S005,VIP,400
SEC01207,S002,Economy,11400
SEC01208,S001,Economy,11600
SEC01209,S003,Standard,5500
SEC01210,S003,Standing,26000
SEC01211,S004,VIP,400
SEC01212,S005,Economy,5300
SEC01213,S001,Standard,4900
SEC01214,S002,Economy,10900
SEC01215,S003,Standing,23800
SEC01216,S002,Economy,14900
SEC01217,S005,Standing,15700
SEC01218,S002,VIP,700
SEC01219,S002,Standing,20700
SEC01220,S003,Economy,6700
SEC01221,S005,Standing,13400
SEC01222,S003,Economy,14200
SEC01223,S004,Economy,10500
SEC01224,S005,Standard,4600
SEC01225,S005,Standing,27900
SEC01226,S001,VIP,700
SEC01227,S001,Standing,20700
SEC01228,S005,VIP,500
SEC01229,S005,Standard,4400
SEC01230,S002,VIP,300
SEC01231,S004,VIP,700
SEC01232,S005,VIP,200
SEC01233,S005,Economy,14700
SEC01234,S003,Economy,14800
SEC01235,S005,Standard,2800
SEC01236,S001,VIP,200
SEC01237,S003,VIP,200
SEC01238,S002,Standing,11100
SEC01239,S001,VIP,800
SEC01240,S005,VIP,200
SEC01241,S002,VIP,200
SEC01242,S003,Economy,11300
SEC01243,S003,Economy,8500
SEC01244,S002,Standard,4500
SEC01245,S001,Standard,5800
SEC01246,S003,Economy,14700
SEC01247,S003,VIP,400
SEC01248,S002,VIP,300
SEC01249,S003,VIP,400
SEC01250,S005,Standard,3500
SEC01251,S001,Economy,10800
SEC01252,S003,Standard,4800
SEC01253,S003,Standing,20200
SEC01254,S002,Economy,8400
SEC01255,S003,VIP,400
SEC01256,S005,Economy,11500
SEC01257,S005,Standing,26600
SEC01258,S005,Economy,8100
SEC01259,S005,VIP,1000
SEC01260,S002,Economy,10300
SEC01261,S005,Standing,27400
SEC01262,S003,Standing,11600
SEC01263,S005,Standing,16500
SEC01264,S005,Standard,4500
SEC01265,S001,VIP,200
SEC01266,S004,Standing,21700
SEC01267,S001,Economy,13100
SEC01268,S004,Economy,13200
SEC01269,S003,Economy,8300
SEC01270,S001,Economy,8100
SEC01271,S002,Standard,4600
SEC01272,S004,Standard,3700
SEC01273,S001,VIP,300
SEC01274,S001,Standard,5800
SEC01275,S001,Standard,4500
SEC01276,S001,Standard,5000
SEC01277,S002,Standing,25500
SEC01278,S002,Standard,3200
SEC01279,S001,Standard,5500
SEC01280,S005,Economy,9800
SEC01281,S004,Economy,9400
SEC01282,S005,Standard,4100
SEC01283,S002,Standard,4400
SEC01284,S001,Economy,12300
SEC01285,S004,Standing,16600
SEC01286,S002,Economy,6300
SEC01287,S002,Economy,14900
SEC01288,S004,VIP,800
SEC01289,S005,Standing,22300
SEC01290,S001,Standing,16800
SEC01291,S005,Standard,5600
SEC01292,S003,Standing,12300
SEC01293,S001,Standard,4700
SEC01294,S001,Economy,11100
SEC01295,S001,VIP,600
SEC01296,S002,Economy,12400
SEC01297,S005,Economy,7100
SEC01298,S003,VIP,600
SEC01299,S002,Standard,2900
SEC01300,S003,Standing,29100
SEC01301,S005,Standing,15600
SEC01302,S002,Economy,9200
SEC01303,S002,Standing,13600
SEC01304,S002,Economy,10600
SEC01305,S002,Standing,14100
SEC01306,S005,Economy,12000
SEC01307,S001,VIP,300
SEC01308,S005,Standard,4800
SEC01309,S003,Economy,5300
SEC01310,S005,Economy,13200
SEC01311,S005,Standard,5900
SEC01312,S005,Economy,9400
SEC01313,S002,Standing,26300
SEC01314,S005,VIP,400
SEC01315,S005,Economy,8200
SEC01316,S003,VIP,800
SEC01317,S004,Economy,12500
SEC01318,S004,Economy,7200
SEC01319,S005,VIP,800
SEC01320,S004,Economy,5300
SEC01321,S003,Economy,8100
SEC01322,S003,VIP,300
SEC01323,S003,Standard,4000
SEC01324,S005,Economy,9500
SEC01325,S001,Standard,2600
SEC01326,S005,Economy,11700
SEC01327,S002,VIP,800
SEC01328,S001,Economy,14400
SEC01329,S001,VIP,900
SEC01330,S002,Standard,3300
SEC01331,S005,VIP,800
SEC01332,S005,Standing,18500
SEC01333,S002,Standing,16000
SEC01334,S003,Standing,24300
SEC01335,S004,Economy,13300
SEC01336,S002,Economy,12500
SEC01337,S001,Economy,7800
SEC01338,S005,Standard,5900
SEC01339,S003,Standard,4600
SEC01340,S001,Standing,15000
SEC01341,S002,VIP,100
SEC01342,S001,VIP,500
SEC01343,S003,Economy,12300
SEC01344,S005,Economy,5600
SEC01345,S003,Economy,12800
SEC01346,S004,Standing,10000
SEC01347,S004,Economy,11900
SEC01348,S001,Standing,25400
SEC01349,S001,Standing,10600
SEC01350,S001,Standard,5900
SEC01351,S003,VIP,500
SEC01352,S004,Economy,13700
SEC01353,S002,VIP,1000
SEC01354,S002,Standard,4800
SEC01355,S003,Standing,11500
SEC01356,S004,VIP,100
SEC01357,S002,Standing,24500
SEC01358,S001,Standard,2700
SEC01359,S003,Economy,5100
SEC01360,S004,VIP,1000
SEC01361,S003,Economy,7700
SEC01362,S002,Standard,5100
SEC01363,S003,Standard,4900
SEC01364,S001,Standard,5200
SEC01365,S002,Standing,12200
SEC01366,S002,VIP,300
SEC01367,S003,Economy,7100
SEC01368,S002,Economy,11100
SEC01369,S002,Standing,16700
SEC01370,S003,VIP,200
SEC01371,S003,Standard,2700
SEC01372,S002,Standing,27500
SEC01373,S001,Standing,27700
SEC01374,S004,Standing,27500
SEC01375,S002,Economy,8600
SEC01376,S001,Standing,30000
SEC01377,S003,Standard,4100
SEC01378,S003,Standard,5800
SEC01379,S001,Standard,2600
SEC01380,S001,Standing,28600
SEC01381,S001,Standard,3600
SEC01382,S005,Economy,5200
SEC01383,S001,Standard,5000
SEC01384,S005,VIP,800
SEC01385,S002,Standard,4900
SEC01386,S001,VIP,100
SEC01387,S002,Standing,26300
SEC01388,S005,Economy,13500
SEC01389,S003,Economy,9900
SEC01390,S003,Standing,21600
SEC01391,S005,Economy,12800
SEC01392,S002,Standard,3100
SEC01393,S002,Standard,4800
SEC01394,S002,Economy,8200
SEC01395,S004,Standard,4100
SEC01396,S002,Standing,27500
SEC01397,S005,Standing,11200
SEC01398,S004,VIP,200
SEC01399,S002,VIP,100
SEC01400,S002,VIP,900
SEC01401,S003,Standing,20100
SEC01402,S002,VIP,1000
SEC01403,S001,VIP,900
SEC01404,S003,Standing,20700
SEC01405,S004,Standard,4400
SEC01406,S001,Standing,26400
SEC01407,S004,Standard,4100
SEC01408,S003,Standing,11400
SEC01409,S003,Economy,12500
SEC01410,S005,Standing,18400
SEC01411,S001,Standard,3400
SEC01412,S003,VIP,900
SEC01413,S001,Standard,4400
SEC01414,S001,VIP,900
SEC01415,S002,Standing,28000
SEC01416,S004,Economy,9300
SEC01417,S001,Standing,10000
SEC01418,S002,Standard,3800
SEC01419,S004,Standard,3800
SEC01420,S004,Standing,18900
SEC01421,S004,Economy,10300
SEC01422,S003,VIP,900
SEC01423,S005,VIP,800
SEC01424,S001,VIP,600
SEC01425,S005,Economy,10600
SEC01426,S001,Standard,4000
SEC01427,S003,Standing,15000
SEC01428,S004,Economy,9800
SEC01429,S001,VIP,600
SEC01430,S001,Economy,13500
SEC01431,S002,Standing,17000
SEC01432,S004,Economy,14400
SEC01433,S003,Standing,24000
SEC01434,S003,VIP,200
SEC01435,S002,Standard,3300
SEC01436,S002,Economy,9300
SEC01437,S004,VIP,200
SEC01438,S001,VIP,500
SEC01439,S003,Standard,2800
SEC01440,S001,VIP,200
SEC01441,S003,VIP,600
SEC01442,S005,Standard,2700
SEC01443,S005,Standard,4600
SEC01444,S003,Standing,20200
SEC01445,S003,VIP,600
SEC01446,S003,Standard,4900
SEC01447,S004,Standing,10600
SEC01448,S002,Standard,2100
SEC01449,S001,Standard,3300
SEC01450,S001,Standard,4600
SEC01451,S003,Standard,4300
SEC01452,S005,Economy,11800
SEC01453,S002,VIP,400
SEC01454,S002,VIP,400
SEC01455,S005,VIP,700
SEC01456,S003,Standing,27200
SEC01457,S004,Standard,5500
SEC01458,S003,VIP,400
SEC01459,S003,Standing,28100
SEC01460,S003,VIP,500
SEC01461,S004,Standing,12800
SEC01462,S002,Economy,10500
SEC01463,S005,Standard,4400
SEC01464,S004,Standing,25600
SEC01465,S004,VIP,500
SEC01466,S002,VIP,900
SEC01467,S004,Standing,23700
SEC01468,S003,Standard,2100
SEC01469,S004,Standing,16300
SEC01470,S005,Economy,7600
SEC01471,S001,VIP,200
SEC01472,S004,Standing,11100
SEC01473,S004,VIP,300
SEC01474,S005,Standing,28700
SEC01475,S004,VIP,100
SEC01476,S003,Standing,14500
SEC01477,S004,Economy,14600
SEC01478,S003,VIP,600
SEC01479,S005,Standing,27500
SEC01480,S001,Economy,7100
SEC01481,S003,Standard,5400
SEC01482,S005,Economy,8800
SEC01483,S003,VIP,100
SEC01484,S003,Economy,13300
SEC01485,S001,Standard,5000
SEC01486,S005,VIP,1000
SEC01487,S003,VIP,100
SEC01488,S004,Standing,25600
SEC01489,S002,Economy,10400
SEC01490,S004,Standard,3300
SEC01491,S002,Standing,20700
SEC01492,S001,Standing,14600
SEC01493,S002,VIP,900
SEC01494,S005,Standing,23000
SEC01495,S004,VIP,500
SEC01496,S005,VIP,500
SEC01497,S004,Standing,25600
SEC01498,S005,Standard,2100
SEC01499,S005,Standing,25200
SEC01500,S002,Standing,15600
SEC01501,S004,Standard,3700
SEC01502,S005,Standard,4800
SEC01503,S005,Economy,10700
SEC01504,S003,Standing,14300
SEC01505,S003,Standard,4000
SEC01506,S001,Standard,4600
SEC01507,S001,Standard,2000
SEC01508,S005,Standard,2400
SEC01509,S003,Standard,5200
SEC01510,S003,VIP,700
SEC01511,S001,Standard,2700
SEC01512,S004,Standing,13400
SEC01513,S002,Economy,12300
SEC01514,S003,Economy,13600
SEC01515,S004,Economy,11600
SEC01516,S005,Standing,23100
SEC01517,S001,Economy,14700
SEC01518,S002,VIP,200
SEC01519,S003,VIP,1000
SEC01520,S004,Standard,5500
SEC01521,S002,VIP,600
SEC01522,S002,Standing,21500
SEC01523,S001,Standing,19700
SEC01524,S004,Economy,7500
SEC01525,S004,Economy,8700
SEC01526,S004,Standard,5300
SEC01527,S004,Standing,21500
SEC01528,S002,Economy,5600
SEC01529,S001,Standard,3000
SEC01530,S002,Standing,26100
SEC01531,S004,Standing,29300
SEC01532,S004,Economy,10400
SEC01533,S004,VIP,700
SEC01534,S002,Economy,10000
SEC01535,S002,Standing,25600
SEC01536,S005,Standing,23500
SEC01537,S004,Standing,16800
SEC01538,S005,VIP,100
SEC01539,S004,Standard,4900
SEC01540,S003,Economy,14100
SEC01541,S005,Standing,26600
SEC01542,S003,Standing,22000
SEC01543,S001,Economy,8200
SEC01544,S001,Standard,5000
SEC01545,S004,Standing,22200
SEC01546,S001,Standing,20900
SEC01547,S002,Standard,3900
SEC01548,S002,Standing,25500
SEC01549,S005,Standing,12300
SEC01550,S002,Economy,12300
SEC01551,S001,Standard,5000
SEC01552,S004,Economy,14600
SEC01553,S004,Standard,4800
SEC01554,S005,Standard,3800
SEC01555,S005,VIP,100
SEC01556,S001,VIP,100
SEC01557,S003,Standard,5100
SEC01558,S003,Standard,4600
SEC01559,S005,VIP,300
SEC01560,S002,Standing,10200
SEC01561,S004,Standard,5000
SEC01562,S005,Economy,9500
SEC01563,S004,Economy,13600
SEC01564,S001,Standing,25600
SEC01565,S002,Standing,24000
SEC01566,S001,Standard,4100
SEC01567,S003,Economy,12800
SEC01568,S005,Economy,12800
SEC01569,S004,Standard,2800
SEC01570,S003,Standing,16100
SEC01571,S001,Economy,10300
SEC01572,S002,Economy,6800
SEC01573,S005,VIP,100
SEC01574,S004,VIP,700
SEC01575,S004,Standing,12000
SEC01576,S004,Standard,3500
SEC01577,S005,VIP,1000
SEC01578,S001,Standard,4100
SEC01579,S003,Standing,13400
SEC01580,S002,Economy,8000
SEC01581,S003,VIP,400
SEC01582,S004,Standing,15200
SEC01583,S004,Economy,5000
SEC01584,S002,VIP,300
SEC01585,S004,Economy,11600
SEC01586,S002,Standard,4700
SEC01587,S004,VIP,500
SEC01588,S001,VIP,700
SEC01589,S001,Standard,5500
SEC01590,S004,Economy,14000
SEC01591,S005,Standard,5500
SEC01592,S001,VIP,200
SEC01593,S003,Standing,22400
SEC01594,S003,VIP,500
SEC01595,S004,VIP,600
SEC01596,S002,VIP,400
SEC01597,S003,Standard,4800
SEC01598,S002,Standard,5400
SEC01599,S002,Economy,9700
SEC01600,S005,VIP,500
SEC01601,S005,VIP,900
SEC01602,S005,Standing,23600
SEC01603,S004,Economy,5700
SEC01604,S001,Standing,23000
SEC01605,S004,Economy,9200
SEC01606,S002,Standard,5000
SEC01607,S002,VIP,400
SEC01608,S002,Standing,16800
SEC01609,S001,Economy,14600
SEC01610,S003,Standing,26100
SEC01611,S005,Economy,5900
SEC01612,S002,Standing,17300
SEC01613,S005,Standard,3800
SEC01614,S005,Economy,5800
SEC01615,S002,Economy,7400
SEC01616,S002,Standard,2700
SEC01617,S005,Economy,7800
SEC01618,S003,Economy,6700
SEC01619,S003,Standing,27000
SEC01620,S004,VIP,400
SEC01621,S004,Standard,3700
SEC01622,S001,VIP,800
SEC01623,S004,Standing,24000
SEC01624,S001,Economy,12000
SEC01625,S001,Standard,5100
SEC01626,S003,Standard,4200
SEC01627,S004,VIP,600
SEC01628,S003,VIP,300
SEC01629,S001,Standing,19100
SEC01630,S004,Economy,14400
SEC01631,S003,Economy,8500
SEC01632,S002,Standard,4700
SEC01633,S004,VIP,700
SEC01634,S004,Standing,28800
SEC01635,S002,VIP,300
SEC01636,S001,Economy,8000
SEC01637,S004,Economy,10200
SEC01638,S002,Economy,9200
SEC01639,S004,Economy,13300
SEC01640,S001,Economy,13700
SEC01641,S005,Standing,17800
SEC01642,S005,Standard,5400
SEC01643,S001,Standing,29700
SEC01644,S005,Standard,2600
SEC01645,S005,Standard,2400
SEC01646,S002,VIP,900
SEC01647,S002,VIP,900
SEC01648,S005,VIP,200
SEC01649,S004,Economy,14700
SEC01650,S004,Economy,6800
SEC01651,S001,Standing,13300
SEC01652,S003,Economy,9900
SEC01653,S002,Standing,20600
SEC01654,S004,Standard,4100
SEC01655,S004,Standard,3000
SEC01656,S005,Economy,7800
SEC01657,S005,Economy,7600
SEC01658,S003,VIP,200
SEC01659,S004,Standing,28600
SEC01660,S004,Standard,4100
SEC01661,S003,Standard,4900
SEC01662,S005,Standing,11900
SEC01663,S005,Economy,5400
SEC01664,S003,Standard,5500
SEC01665,S002,Standard,3700
SEC01666,S003,VIP,600
SEC01667,S004,Economy,5300
SEC01668,S001,Economy,12400
SEC01669,S005,Standing,26600
SEC01670,S004,Standard,2600
SEC01671,S002,Standing,28600
SEC01672,S001,VIP,500
SEC01673,S002,Standing,13600
SEC01674,S003,Standing,22900
SEC01675,S001,VIP,500
SEC01676,S003,Standing,17400
SEC01677,S002,VIP,800
SEC01678,S002,VIP,400
SEC01679,S002,Economy,9600
SEC01680,S001,Economy,8000
SEC01681,S001,VIP,700
SEC01682,S004,Standard,2300
SEC01683,S005,VIP,800
SEC01684,S004,Standard,3000
SEC01685,S003,Economy,10300
SEC01686,S003,Economy,14200
SEC01687,S003,Standing,18400
SEC01688,S002,Economy,11300
SEC01689,S004,Economy,8100
SEC01690,S002,Standard,3600
SEC01691,S005,Standard,4900
SEC01692,S001,Standard,4800
SEC01693,S001,VIP,100
SEC01694,S005,VIP,900
SEC01695,S001,Economy,5600
SEC01696,S005,Economy,14700
SEC01697,S002,Economy,15000
SEC01698,S005,VIP,900
SEC01699,S002,Economy,5700
SEC01700,S002,Standard,5500
SEC01701,S002,Standing,13000
SEC01702,S002,Standard,2900
SEC01703,S004,Economy,5300
SEC01704,S003,Economy,10000
SEC01705,S004,VIP,900
SEC01706,S003,VIP,500
SEC01707,S004,Standard,4500
SEC01708,S002,Standard,3900
SEC01709,S002,Standard,4900
SEC01710,S005,Standard,3100
SEC01711,S002,Standing,22500
SEC01712,S003,Standard,4500
SEC01713,S005,Economy,10600
SEC01714,S002,Standard,5200
SEC01715,S005,Economy,8900
SEC01716,S004,Economy,11100
SEC01717,S002,Standard,3200
SEC01718,S005,Standard,2200
SEC01719,S003,Standard,3600
SEC01720,S005,Economy,14200
SEC01721,S005,Standard,4800
SEC01722,S001,Standard,4600
SEC01723,S003,Economy,14000
SEC01724,S003,Standard,5300
SEC01725,S004,Standard,3300
SEC01726,S003,VIP,500
SEC01727,S005,Standard,4500
SEC01728,S002,VIP,700
SEC01729,S003,VIP,200
SEC01730,S003,Economy,14000
SEC01731,S001,Economy,10900
SEC01732,S003,Standing,22000
SEC01733,S002,Standard,2600
SEC01734,S004,VIP,400
SEC01735,S002,VIP,400
SEC01736,S003,Standard,5800
SEC01737,S002,Economy,6600
SEC01738,S004,Standard,2000
SEC01739,S005,Standing,13800
SEC01740,S001,Standard,4200
SEC01741,S005,Economy,14600
SEC01742,S002,VIP,400
SEC01743,S001,VIP,300
SEC01744,S001,Standing,26800
SEC01745,S005,VIP,600
SEC01746,S001,VIP,700
SEC01747,S002,Standing,27800
SEC01748,S003,VIP,600
SEC01749,S005,Standing,12300
SEC01750,S003,Standard,4900
SEC01751,S002,Standard,4200
SEC01752,S003,VIP,400
SEC01753,S001,VIP,500
SEC01754,S004,Economy,11800
SEC01755,S005,Standard,2700
SEC01756,S005,Economy,10000
SEC01757,S002,Economy,6300
SEC01758,S002,Economy,11400
SEC01759,S002,Standard,3200
SEC01760,S001,VIP,800
SEC01761,S002,VIP,600
SEC01762,S004,Standard,4800
SEC01763,S004,VIP,400
SEC01764,S004,VIP,600
SEC01765,S004,Standard,2900
SEC01766,S003,Economy,7500
SEC01767,S005,VIP,600
SEC01768,S001,Standing,19100
SEC01769,S001,Standing,19200
SEC01770,S005,VIP,300
SEC01771,S002,Standing,14300
SEC01772,S003,Standing,26800
SEC01773,S003,VIP,300
SEC01774,S005,Standing,20500
SEC01775,S003,Economy,8900
SEC01776,S002,Standard,5400
SEC01777,S002,VIP,500
SEC01778,S005,Economy,13000
SEC01779,S005,Standard,3000
SEC01780,S003,Standing,18600
SEC01781,S002,VIP,400
SEC01782,S003,VIP,600
SEC01783,S001,Standard,2200
SEC01784,S001,Standing,21100
SEC01785,S003,Economy,5400
SEC01786,S003,VIP,100
SEC01787,S002,Economy,10300
SEC01788,S005,Standard,2300
SEC01789,S003,Economy,12000
SEC01790,S005,Standard,3800
SEC01791,S001,VIP,900
SEC01792,S003,Standard,3600
SEC01793,S005,Economy,5100
SEC01794,S002,Economy,12800
SEC01795,S002,VIP,300
SEC01796,S004,Standard,3500
SEC01797,S005,Standing,18300
SEC01798,S003,Economy,7800
SEC01799,S002,Standard,3400
SEC01800,S003,Economy,14200
SEC01801,S003,Standing,18000
SEC01802,S003,VIP,800
SEC01803,S004,Standing,15800
SEC01804,S002,Economy,11400
SEC01805,S003,Economy,12300
SEC01806,S001,Standing,19800
SEC01807,S003,Standing,22400
SEC01808,S003,Standard,4500
SEC01809,S002,Economy,11000
SEC01810,S003,Standard,4600
SEC01811,S004,Economy,13000
SEC01812,S001,Economy,10600
SEC01813,S005,Standing,18400
SEC01814,S003,Standing,18900
SEC01815,S003,Standing,22100
SEC01816,S002,VIP,800
SEC01817,S003,Standing,19900
SEC01818,S005,Economy,13800
SEC01819,S002,Standing,20200
SEC01820,S002,Standard,5300
SEC01821,S002,Standing,17300
SEC01822,S001,Standing,16600
SEC01823,S004,Standard,4500
SEC01824,S002,Economy,9600
SEC01825,S003,Economy,10000
SEC01826,S005,VIP,200
SEC01827,S002,Economy,8200
SEC01828,S003,Standard,3900
SEC01829,S003,Standing,18300
SEC01830,S004,Standard,2100
SEC01831,S001,Standing,20400
SEC01832,S001,Economy,9600
SEC01833,S004,Economy,9200
SEC01834,S001,Economy,8000
SEC01835,S001,Standing,19200
SEC01836,S001,Standard,6000
SEC01837,S002,Economy,12900
SEC01838,S002,Standard,5700
SEC01839,S005,Standard,3600
SEC01840,S005,Standing,17100
SEC01841,S005,Economy,13600
SEC01842,S005,VIP,900
SEC01843,S003,VIP,300
SEC01844,S004,Standard,3300
SEC01845,S002,Standing,15600
SEC01846,S001,VIP,700
SEC01847,S003,Standard,4600
SEC01848,S003,Standing,22100
SEC01849,S003,Standing,20400
SEC01850,S001,VIP,900
SEC01851,S001,Standard,4000
SEC01852,S003,Standard,5300
SEC01853,S004,Standard,4000
SEC01854,S004,Standard,5700
SEC01855,S002,Economy,10800
SEC01856,S001,Economy,7400
SEC01857,S003,Standing,24900
SEC01858,S001,Standing,14400
SEC01859,S004,Standing,13600
SEC01860,S001,Standard,5400
SEC01861,S001,VIP,100
SEC01862,S002,Standing,24200
SEC01863,S004,Standard,3100
SEC01864,S002,Economy,5700
SEC01865,S004,Standing,24100
SEC01866,S005,Economy,13000
SEC01867,S003,Economy,9200
SEC01868,S005,Standard,5600
SEC01869,S001,Standard,3600
SEC01870,S001,Standard,4900
SEC01871,S003,Economy,6600
SEC01872,S001,VIP,300
SEC01873,S004,Standing,13500
SEC01874,S001,Standard,5800
SEC01875,S001,VIP,600
SEC01876,S001,Economy,7400
SEC01877,S004,Standard,5100
SEC01878,S003,Economy,5000
SEC01879,S001,Standard,4700
SEC01880,S003,Economy,13900
SEC01881,S001,Standard,4700
SEC01882,S002,Economy,5000
SEC01883,S004,Standard,5100
SEC01884,S002,Standard,5400
SEC01885,S002,Standard,5100
SEC01886,S003,Standard,3000
SEC01887,S001,Standing,23400
SEC01888,S002,VIP,900
SEC01889,S001,Standing,16500
SEC01890,S004,VIP,400
SEC01891,S002,Standing,15700
SEC01892,S001,Standing,28200
SEC01893,S004,VIP,300
SEC01894,S004,Standard,3100
SEC01895,S005,Economy,11600
SEC01896,S005,VIP,300
SEC01897,S003,VIP,1000
SEC01898,S004,VIP,900
SEC01899,S003,Economy,14200
SEC01900,S002,Economy,5500
SEC01901,S004,VIP,300
SEC01902,S002,Standing,22900
SEC01903,S001,Standard,5700
SEC01904,S003,VIP,300
SEC01905,S002,Standard,4400
SEC01906,S004,VIP,600
SEC01907,S002,VIP,200
SEC01908,S005,VIP,200
SEC01909,S005,Standard,4400
SEC01910,S002,VIP,200
SEC01911,S005,VIP,600
SEC01912,S004,Standing,22500
SEC01913,S002,Economy,12900
SEC01914,S004,Standing,13600
SEC01915,S002,Standard,3300
SEC01916,S001,Standard,2700
SEC01917,S001,Standing,21000
SEC01918,S001,Economy,8700
SEC01919,S002,Economy,12300
SEC01920,S004,Standard,2200
SEC01921,S003,VIP,1000
SEC01922,S004,Economy,10600
SEC01923,S005,Standard,2700
SEC01924,S005,Economy,12100
SEC01925,S004,Economy,5400
SEC01926,S001,Standard,2500
SEC01927,S002,VIP,500
SEC01928,S002,Standing,13000
SEC01929,S001,Standing,24300
SEC01930,S003,Standard,5400
SEC01931,S002,VIP,900
SEC01932,S005,Economy,14900
SEC01933,S001,Standard,2600
SEC01934,S004,VIP,700
SEC01935,S005,Economy,13700
SEC01936,S002,Standing,11900
SEC01937,S005,VIP,100
SEC01938,S005,VIP,600
SEC01939,S001,Standing,16100
SEC01940,S005,VIP,800
SEC01941,S001,VIP,800
SEC01942,S005,Standing,27800
SEC01943,S001,Standing,18500
SEC01944,S002,VIP,300
SEC01945,S004,Standing,28900
SEC01946,S005,Economy,10000
SEC01947,S005,Standard,5900
SEC01948,S003,Economy,12400
SEC01949,S005,VIP,700
SEC01950,S001,Standard,2000
SEC01951,S005,VIP,300
SEC01952,S001,Standard,4600
SEC01953,S003,Standard,5500
SEC01954,S005,Economy,13200
SEC01955,S002,Standard,3000
SEC01956,S005,Standard,3300
SEC01957,S002,Standard,2400
SEC01958,S002,Standard,5700
SEC01959,S003,Standing,22000
SEC01960,S002,Standard,3900
SEC01961,S001,Economy,11800
SEC01962,S004,Standing,14000
SEC01963,S004,Standard,3300
SEC01964,S005,VIP,400
SEC01965,S001,VIP,1000
SEC01966,S002,Economy,13800
SEC01967,S001,VIP,400
SEC01968,S002,VIP,900
SEC01969,S005,Standing,25300
SEC01970,S005,Economy,6200
SEC01971,S002,Economy,8500
SEC01972,S004,Economy,12000
SEC01973,S002,Economy,10200
SEC01974,S004,Standing,25300
SEC01975,S004,Standard,5200
SEC01976,S002,Economy,7100
SEC01977,S002,Standard,5100
SEC01978,S003,Standard,3500
SEC01979,S003,Standard,3000
SEC01980,S003,VIP,1000
SEC01981,S002,VIP,400
SEC01982,S004,VIP,600
SEC01983,S005,Standing,16000
SEC01984,S005,VIP,800
SEC01985,S004,VIP,200
SEC01986,S003,Standing,19000
SEC01987,S002,Standing,12300
SEC01988,S002,Standing,11000
SEC01989,S003,Economy,11900
SEC01990,S001,Standing,26200
SEC01991,S002,VIP,400
SEC01992,S005,Standard,4800
SEC01993,S004,Economy,7100
SEC01994,S002,Standing,23100
SEC01995,S005,Standard,5100
SEC01996,S005,Economy,5900
SEC01997,S002,Standing,29500
SEC01998,S002,Economy,10000
SEC01999,S002,Standard,4700
SEC02000,S004,Standing,28600
SEC02001,S001,VIP,100
SEC02002,S004,Standard,5200
SEC02003,S001,Standing,22000
SEC02004,S005,VIP,400
SEC02005,S005,Economy,8400
SEC02006,S005,Standing,27400
SEC02007,S001,Standard,3400
SEC02008,S005,Standing,11400
SEC02009,S004,Economy,6300
SEC02010,S003,Standard,5100
SEC02011,S004,VIP,900
SEC02012,S004,VIP,300
SEC02013,S001,Standard,3000
SEC02014,S004,VIP,900
SEC02015,S003,Standing,27900
SEC02016,S001,Standard,5700
SEC02017,S002,Standing,12800
SEC02018,S001,Standard,3600
SEC02019,S004,VIP,200
SEC02020,S002,Standing,22800
SEC02021,S003,Standing,20200
SEC02022,S001,Standard,4100
SEC02023,S003,VIP,600
SEC02024,S005,VIP,900
SEC02025,S003,VIP,900
SEC02026,S003,VIP,300
SEC02027,S004,Standard,4900
SEC02028,S005,Standard,4500
SEC02029,S005,Standing,20200
SEC02030,S005,Economy,5600
SEC02031,S002,Standard,3800
SEC02032,S003,VIP,900
SEC02033,S005,Economy,13700
SEC02034,S002,Standing,19400
SEC02035,S003,Standing,11800
SEC02036,S002,Standing,12200
SEC02037,S001,Economy,13500
SEC02038,S001,Standard,2000
SEC02039,S003,Economy,11700
SEC02040,S004,Standard,2600
SEC02041,S005,Standard,3000
SEC02042,S005,VIP,900
SEC02043,S003,Standard,2700
SEC02044,S005,Economy,8400
SEC02045,S001,VIP,1000
SEC02046,S002,VIP,200
SEC02047,S003,VIP,400
SEC02048,S001,VIP,700
SEC02049,S001,Standing,15000
SEC02050,S004,Economy,13900
SEC02051,S004,Standing,27700
SEC02052,S005,Economy,11600
SEC02053,S004,Standard,2200
SEC02054,S005,Standing,18600
SEC02055,S005,Standard,3900
SEC02056,S003,Standard,2200
SEC02057,S003,VIP,700
SEC02058,S004,Standard,5600
SEC02059,S002,Standard,3700
SEC02060,S001,Standing,10800
SEC02061,S003,Standard,3800
SEC02062,S004,Standing,12600
SEC02063,S004,Standing,29900
SEC02064,S003,Standing,26200
SEC02065,S005,Economy,12100
SEC02066,S001,Economy,15000
SEC02067,S004,VIP,200
SEC02068,S005,Standing,16900
SEC02069,S004,Standard,2800
SEC02070,S002,Standing,23700
SEC02071,S002,VIP,500
SEC02072,S004,Standard,3700
SEC02073,S004,Economy,9500
SEC02074,S003,Standard,3700
SEC02075,S004,Standard,4500
SEC02076,S004,Standard,5700
SEC02077,S002,Standard,2000
SEC02078,S005,VIP,400
SEC02079,S003,VIP,700
SEC02080,S002,Standard,4300
SEC02081,S002,Standard,6000
SEC02082,S004,Economy,14400
SEC02083,S005,VIP,400
SEC02084,S002,Economy,7500
SEC02085,S004,Standard,3100
SEC02086,S005,VIP,900
SEC02087,S005,Economy,11000
SEC02088,S002,Standard,2200
SEC02089,S002,Economy,11300
SEC02090,S003,Standing,18100
SEC02091,S002,VIP,1000
SEC02092,S004,Standard,4000
SEC02093,S002,Standard,3600
SEC02094,S001,Economy,13900
SEC02095,S005,Standing,20400
SEC02096,S005,VIP,700
SEC02097,S002,Economy,13600
SEC02098,S002,VIP,200
SEC02099,S001,Standard,4500
SEC02100,S003,Standard,6000
SEC02101,S001,Standard,4300
SEC02102,S003,VIP,400
SEC02103,S002,Standing,12100
SEC02104,S002,Standing,12800
SEC02105,S002,Standard,3400
SEC02106,S005,Standard,2300
SEC02107,S004,Standard,4100
SEC02108,S001,Standing,26600
SEC02109,S001,Standing,11900
SEC02110,S004,Economy,8300
SEC02111,S002,Economy,8000
SEC02112,S005,VIP,800
SEC02113,S001,Standing,24700
SEC02114,S002,VIP,700
SEC02115,S002,VIP,600
SEC02116,S002,Economy,14300
SEC02117,S002,Standard,2100
SEC02118,S005,Standard,5300
SEC02119,S001,Standard,2300
SEC02120,S002,VIP,1000
SEC02121,S005,Standard,3000
SEC02122,S004,Economy,8200
SEC02123,S001,Standard,3800
SEC02124,S002,Standing,22900
SEC02125,S001,VIP,600
SEC02126,S003,Standing,28800
SEC02127,S001,Standing,20400
SEC02128,S003,VIP,300
SEC02129,S002,Economy,13900
SEC02130,S001,Standard,5000
SEC02131,S005,Standing,26000
SEC02132,S005,Standing,11800
SEC02133,S001,VIP,500
SEC02134,S002,Economy,13100
SEC02135,S005,Standing,29700
SEC02136,S002,Standard,4400
SEC02137,S005,Standard,2600
SEC02138,S005,Standing,10000
SEC02139,S004,VIP,300
SEC02140,S001,Economy,9800
SEC02141,S004,Standard,3700
SEC02142,S003,VIP,200
SEC02143,S004,VIP,300
SEC02144,S001,VIP,1000
SEC02145,S003,Standing,29800
SEC02146,S002,Standard,5300
SEC02147,S003,Standing,12900
SEC02148,S005,Standard,5400
SEC02149,S002,VIP,600
SEC02150,S005,VIP,800
SEC02151,S003,Economy,9800
SEC02152,S002,Standing,18100
SEC02153,S005,VIP,700
SEC02154,S003,VIP,400
SEC02155,S005,Standing,21300
SEC02156,S003,VIP,900
SEC02157,S001,Standard,5000
SEC02158,S001,VIP,500
SEC02159,S001,Economy,7100
SEC02160,S003,VIP,400
SEC02161,S001,Standard,3000
SEC02162,S004,Standard,2600
SEC02163,S003,Economy,7700
SEC02164,S004,Standing,19800
SEC02165,S002,Economy,6900
SEC02166,S001,Standard,2800
SEC02167,S005,Economy,10800
SEC02168,S004,VIP,200
SEC02169,S004,Standard,2300
SEC02170,S005,VIP,600
SEC02171,S005,Standing,11800
SEC02172,S002,Standard,2400
SEC02173,S004,VIP,600
SEC02174,S003,Standard,5300
SEC02175,S001,VIP,100
SEC02176,S001,Standing,11700
SEC02177,S004,Standing,19800
SEC02178,S002,Standard,2700
SEC02179,S005,Standing,21000
SEC02180,S001,Standing,15600
SEC02181,S003,VIP,500
SEC02182,S001,Standard,4600
SEC02183,S002,Economy,14000
SEC02184,S001,VIP,400
SEC02185,S001,Economy,10000
SEC02186,S001,VIP,700
SEC02187,S001,VIP,200
SEC02188,S003,VIP,500
SEC02189,S005,Standing,19500
SEC02190,S001,VIP,200
SEC02191,S005,Economy,7200
SEC02192,S003,Standard,4600
SEC02193,S002,VIP,700
SEC02194,S002,VIP,500
SEC02195,S004,Standing,27100
SEC02196,S001,Standard,3000
SEC02197,S001,Standard,5400
SEC02198,S003,Standing,19000
SEC02199,S004,Standard,4100
SEC02200,S002,VIP,500
SEC02201,S004,Economy,10700
SEC02202,S003,VIP,500
SEC02203,S004,VIP,200
SEC02204,S004,Standing,16800
SEC02205,S003,Standard,4500
SEC02206,S002,Standing,24200
SEC02207,S001,VIP,400
SEC02208,S002,Economy,6200
SEC02209,S001,VIP,500
SEC02210,S003,Standard,5200
SEC02211,S004,Standing,16300
SEC02212,S002,Standard,4700
SEC02213,S001,Economy,5500
SEC02214,S004,VIP,700
SEC02215,S002,Standard,5400
SEC02216,S004,Standard,5100
SEC02217,S004,Standard,5000
SEC02218,S005,Standing,17700
SEC02219,S001,VIP,500
SEC02220,S004,Standard,3800
SEC02221,S004,Standing,27900
SEC02222,S002,VIP,500
SEC02223,S002,Standard,2300
SEC02224,S001,Standing,25100
SEC02225,S002,Economy,8400
SEC02226,S003,Standard,5300
SEC02227,S001,Standing,11900
SEC02228,S004,Standing,19400
SEC02229,S004,Standard,5800
SEC02230,S002,Standing,20600
SEC02231,S005,VIP,300
SEC02232,S005,Standing,10200
SEC02233,S005,Standard,2900
SEC02234,S002,Economy,10600
SEC02235,S005,Standard,3300
SEC02236,S005,Standing,21500
SEC02237,S004,Economy,7800
SEC02238,S005,VIP,300
SEC02239,S002,Standing,13500
SEC02240,S001,VIP,700
SEC02241,S005,Standard,3100
SEC02242,S001,VIP,300
SEC02243,S002,Standard,4800
SEC02244,S002,Standard,4100
SEC02245,S005,VIP,600
SEC02246,S003,Standing,29100
SEC02247,S001,Standard,4300
SEC02248,S003,Standing,24800
SEC02249,S002,Standard,2200
SEC02250,S005,VIP,200
SEC02251,S004,VIP,600
SEC02252,S002,Economy,8400
SEC02253,S004,Standard,4100
SEC02254,S002,VIP,700
SEC02255,S001,Standard,3400
SEC02256,S005,VIP,1000
SEC02257,S004,Economy,7600
SEC02258,S003,Standard,5100
SEC02259,S005,Standing,29700
SEC02260,S001,VIP,500
SEC02261,S003,Standard,4200
SEC02262,S002,VIP,700
SEC02263,S004,Standing,19300
SEC02264,S002,Standard,2800
SEC02265,S005,Standard,4700
SEC02266,S003,Standard,3300
SEC02267,S004,VIP,600
SEC02268,S005,Standard,5000
SEC02269,S004,Standing,18700
SEC02270,S003,VIP,300
SEC02271,S001,Economy,6400
SEC02272,S005,Standard,5100
SEC02273,S004,Standard,4500
SEC02274,S004,VIP,200
SEC02275,S005,Standard,5100
SEC02276,S005,Standing,27700
SEC02277,S003,Standing,28000
SEC02278,S002,Standing,11900
SEC02279,S003,Economy,8200
SEC02280,S003,Standing,16000
SEC02281,S002,Standard,3100
SEC02282,S004,Standard,2900
SEC02283,S005,Economy,5500
SEC02284,S003,Economy,8000
SEC02285,S005,Economy,9500
SEC02286,S001,VIP,700
SEC02287,S001,Standing,12000
SEC02288,S005,Economy,12100
SEC02289,S001,VIP,100
SEC02290,S005,Standing,24900
SEC02291,S005,VIP,100
SEC02292,S004,VIP,200
SEC02293,S005,VIP,400
SEC02294,S003,Economy,5400
SEC02295,S005,Standard,2900
SEC02296,S005,Standing,17600
SEC02297,S004,VIP,200
SEC02298,S005,VIP,300
SEC02299,S004,Standing,15700
SEC02300,S005,VIP,500
SEC02301,S004,Standing,25100
SEC02302,S005,Standard,4600
SEC02303,S005,Standing,19300
SEC02304,S003,Standard,5900
SEC02305,S003,VIP,600
SEC02306,S001,Standing,11000
SEC02307,S001,Economy,10400
SEC02308,S003,VIP,200
SEC02309,S001,VIP,700
SEC02310,S003,Standing,11200
SEC02311,S004,VIP,700
SEC02312,S002,Standard,3400
SEC02313,S001,Economy,10300
SEC02314,S005,VIP,700
SEC02315,S001,Standing,11000
SEC02316,S001,Standing,15700
SEC02317,S003,Standing,11100
SEC02318,S003,VIP,700
SEC02319,S002,VIP,800
SEC02320,S005,Standard,4500
SEC02321,S003,Standard,5500
SEC02322,S004,Standing,20200
SEC02323,S004,Economy,9300
SEC02324,S003,Standard,4600
SEC02325,S004,Economy,10800
SEC02326,S003,Standard,5800
SEC02327,S002,Standing,23300
SEC02328,S001,Economy,10500
SEC02329,S005,Standing,21600
SEC02330,S004,Standing,28900
SEC02331,S001,Standing,20400
SEC02332,S003,Standing,11900
SEC02333,S005,Standing,19100
SEC02334,S003,Standing,13100
SEC02335,S003,Economy,12400
SEC02336,S005,VIP,300
SEC02337,S005,Standard,4200
SEC02338,S002,VIP,700
SEC02339,S001,VIP,500
SEC02340,S002,Standing,20900
SEC02341,S005,Standing,24800
SEC02342,S004,VIP,900
SEC02343,S002,Standing,17100
SEC02344,S003,VIP,100
SEC02345,S004,Standard,5900
SEC02346,S002,Standard,5800
SEC02347,S003,VIP,200
SEC02348,S004,Economy,12400
SEC02349,S001,Standard,4900
SEC02350,S003,Standard,5100
SEC02351,S002,Economy,8400
SEC02352,S002,Standard,3200
SEC02353,S005,VIP,500
SEC02354,S005,Standard,4500
SEC02355,S002,Standing,13000
SEC02356,S003,VIP,300
SEC02357,S003,Standing,24600
SEC02358,S001,Standard,3100
SEC02359,S003,VIP,1000
SEC02360,S001,Standard,5800
SEC02361,S003,VIP,500
SEC02362,S003,VIP,1000
SEC02363,S001,Standard,5000
SEC02364,S003,VIP,900
SEC02365,S005,Standard,4300
SEC02366,S001,Standard,5300
SEC02367,S005,VIP,800
SEC02368,S003,Standard,3200
SEC02369,S002,Standard,2600
SEC02370,S003,Economy,12000
SEC02371,S005,Standing,15400
SEC02372,S003,Standard,4700
SEC02373,S005,Standard,4200
SEC02374,S003,Standing,21700
SEC02375,S003,Standing,22100
SEC02376,S003,Standing,20200
SEC02377,S003,Economy,11200
SEC02378,S005,Standing,12300
SEC02379,S005,Economy,6000
SEC02380,S004,Economy,13300
SEC02381,S003,Standard,5400
SEC02382,S004,Standard,5300
SEC02383,S003,Standing,12200
SEC02384,S002,Standard,3200
SEC02385,S005,Economy,7600
SEC02386,S004,VIP,300
SEC02387,S001,Economy,14000
SEC02388,S002,VIP,700
SEC02389,S003,Standing,19900
SEC02390,S004,Economy,6100
SEC02391,S001,Economy,6300
SEC02392,S001,VIP,300
SEC02393,S002,Economy,9800
SEC02394,S002,Economy,13900
SEC02395,S002,VIP,100
SEC02396,S005,Standing,23700
SEC02397,S005,Standard,4900
SEC02398,S004,VIP,200
SEC02399,S004,Economy,5200
SEC02400,S003,Standing,21200
SEC02401,S001,Standing,24800
SEC02402,S001,Economy,14200
SEC02403,S003,Standing,26800
SEC02404,S002,Economy,12700
SEC02405,S002,Economy,10400
SEC02406,S003,Standard,4000
SEC02407,S003,Economy,6700
SEC02408,S003,Standing,14600
SEC02409,S005,Standard,3300
SEC02410,S005,Standard,3800
SEC02411,S003,Standard,3600
SEC02412,S004,Economy,8100
SEC02413,S003,Standard,5200
SEC02414,S004,VIP,400
SEC02415,S004,Economy,6900
SEC02416,S003,Standing,20400
SEC02417,S001,Economy,11900
SEC02418,S001,VIP,700
SEC02419,S002,VIP,100
SEC02420,S005,Standing,16200
SEC02421,S005,Economy,10300
SEC02422,S002,Economy,11100
SEC02423,S005,Standard,5300
SEC02424,S004,VIP,900
SEC02425,S005,Standing,12100
SEC02426,S001,Economy,6900
SEC02427,S001,VIP,600
SEC02428,S005,VIP,1000
SEC02429,S005,VIP,500
SEC02430,S002,Standard,3800
SEC02431,S005,Standard,5700
SEC02432,S001,Standing,26000
SEC02433,S004,Standing,20400
SEC02434,S005,Standard,4000
SEC02435,S005,VIP,700
SEC02436,S004,VIP,400
SEC02437,S005,Standard,4700
SEC02438,S004,Standing,24700
SEC02439,S001,Standard,4200
SEC02440,S003,Economy,10700
SEC02441,S005,Standard,5900
SEC02442,S001,VIP,700
SEC02443,S004,Economy,12500
SEC02444,S005,VIP,1000
SEC02445,S005,VIP,900
SEC02446,S002,Standing,25300
SEC02447,S004,VIP,500
SEC02448,S002,Standing,23700
SEC02449,S001,Economy,7900
SEC02450,S004,Economy,6400
SEC02451,S004,Standing,17500
SEC02452,S004,Standard,2100
SEC02453,S005,VIP,700
SEC02454,S002,VIP,300
SEC02455,S002,Standard,2900
SEC02456,S002,Standing,17400
SEC02457,S003,Standing,28200
SEC02458,S001,VIP,800
SEC02459,S001,Standard,4400
SEC02460,S002,Economy,13800
SEC02461,S003,Standing,25000
SEC02462,S001,VIP,200
SEC02463,S001,Standard,3400
SEC02464,S003,Standard,3700
SEC02465,S004,Standard,3300
SEC02466,S003,Standard,5600
SEC02467,S005,Economy,13700
SEC02468,S001,Standard,2800
SEC02469,S005,Standard,4900
SEC02470,S001,Economy,8300
SEC02471,S003,Economy,6700
SEC02472,S003,Economy,10500
SEC02473,S005,Standing,23600
SEC02474,S001,Standard,2400
SEC02475,S001,Standing,11400
SEC02476,S005,Standing,12200
SEC02477,S002,Economy,6800
SEC02478,S005,Standing,17500
SEC02479,S002,Standing,19400
SEC02480,S005,Economy,7600
SEC02481,S005,Economy,5500
SEC02482,S001,VIP,900
SEC02483,S003,Standing,12500
SEC02484,S004,Standard,5100
SEC02485,S004,Standing,28800
SEC02486,S003,VIP,900
SEC02487,S004,Standing,19700
SEC02488,S003,Economy,13600
SEC02489,S003,VIP,700
SEC02490,S001,Standing,17700
SEC02491,S003,Standing,23600
SEC02492,S003,Economy,9500
SEC02493,S003,Standard,3800
SEC02494,S001,Economy,12900
SEC02495,S002,Economy,5700
SEC02496,S004,Economy,6800
SEC02497,S002,Economy,13200
SEC02498,S002,Standard,3000
SEC02499,S002,Standard,3000
SEC02500,S003,Economy,8800
SEC02501,S003,Economy,12000
SEC02502,S004,VIP,600
SEC02503,S002,Standard,4700
SEC02504,S001,Standing,12500
SEC02505,S005,Standard,2200
SEC02506,S003,Standing,24100
SEC02507,S001,VIP,700
SEC02508,S002,Economy,7200
SEC02509,S002,Economy,12500
SEC02510,S003,Standing,12900
SEC02511,S004,Economy,14500
SEC02512,S003,Economy,7900
SEC02513,S001,Standing,19700
SEC02514,S005,Standard,3200
SEC02515,S004,VIP,200
SEC02516,S003,VIP,700
SEC02517,S005,VIP,100
SEC02518,S004,VIP,600
SEC02519,S003,Economy,8600
SEC02520,S002,Economy,11500
SEC02521,S003,Standard,3400
SEC02522,S005,VIP,300
SEC02523,S001,Economy,14300
SEC02524,S002,Standing,16400
SEC02525,S002,Standard,4000
SEC02526,S003,VIP,700
SEC02527,S003,Standard,3700
SEC02528,S002,Standard,5200
SEC02529,S003,VIP,500
SEC02530,S001,Economy,5700
SEC02531,S002,VIP,100
SEC02532,S002,Economy,6200
SEC02533,S005,Standing,26200
SEC02534,S002,Standing,28500
SEC02535,S004,Standing,11200
SEC02536,S004,Standing,24500
SEC02537,S002,Standard,5000
SEC02538,S005,Standard,2300
SEC02539,S004,Standard,4500
SEC02540,S004,Standard,2900
SEC02541,S002,Economy,12100
SEC02542,S003,VIP,400
SEC02543,S003,Standing,11600
SEC02544,S001,Standing,21900
SEC02545,S001,Economy,5700
SEC02546,S005,Standing,11900
SEC02547,S004,Standing,18400
SEC02548,S005,Standard,2200
SEC02549,S004,VIP,400
SEC02550,S004,Standard,5700
SEC02551,S005,Economy,8400
SEC02552,S002,Standing,25400
SEC02553,S001,Standing,23400
SEC02554,S003,Standard,4000
SEC02555,S002,Economy,13400
SEC02556,S004,Standing,12700
SEC02557,S002,VIP,400
SEC02558,S002,VIP,200
SEC02559,S001,Economy,5100
SEC02560,S002,VIP,900
SEC02561,S003,Standard,4100
SEC02562,S002,VIP,700
SEC02563,S005,Standing,18800
SEC02564,S003,Economy,11400
SEC02565,S005,Standard,4200
SEC02566,S003,Standard,4500
SEC02567,S004,Standing,23200
SEC02568,S002,VIP,300
SEC02569,S002,Standing,18100
SEC02570,S001,Standing,29600
SEC02571,S003,Standard,5000
SEC02572,S004,Economy,5300
SEC02573,S002,Economy,13800
SEC02574,S004,Standing,26200
SEC02575,S003,VIP,300
SEC02576,S003,Economy,10500
SEC02577,S003,Standard,3100
SEC02578,S005,VIP,600
SEC02579,S002,Economy,12100
SEC02580,S002,VIP,600
SEC02581,S004,Economy,14100
SEC02582,S005,Economy,7000
SEC02583,S002,VIP,100
SEC02584,S002,Standing,13600
SEC02585,S002,Standing,26700
SEC02586,S005,VIP,400
SEC02587,S002,Standard,2000
SEC02588,S003,Standing,17800
SEC02589,S004,Standard,3100
SEC02590,S001,VIP,100
SEC02591,S004,Economy,14000
SEC02592,S001,Standing,29500
SEC02593,S001,Standard,5300
SEC02594,S005,Standing,14800
SEC02595,S005,Economy,8800
SEC02596,S005,VIP,200
SEC02597,S004,VIP,900
SEC02598,S004,Economy,12400
SEC02599,S005,VIP,400
SEC02600,S005,VIP,300
SEC02601,S003,VIP,500
SEC02602,S004,Standing,10600
SEC02603,S002,Standing,12900
SEC02604,S005,Economy,13200
SEC02605,S002,Economy,5400
SEC02606,S001,Standing,16400
SEC02607,S004,Economy,9100
SEC02608,S004,VIP,200
SEC02609,S001,VIP,900
SEC02610,S005,Standard,5900
SEC02611,S004,Economy,5100
SEC02612,S004,Standard,3700
SEC02613,S003,VIP,900
SEC02614,S002,Standing,15200
SEC02615,S003,VIP,800
SEC02616,S005,Standing,16800
SEC02617,S002,Standard,4900
SEC02618,S002,Economy,5600
SEC02619,S003,Standard,3800
SEC02620,S004,Economy,8700
SEC02621,S005,Standing,19500
SEC02622,S001,VIP,1000
SEC02623,S004,VIP,700
SEC02624,S005,Standing,13300
SEC02625,S003,Standard,3200
SEC02626,S005,Economy,13000
SEC02627,S004,Standard,5900
SEC02628,S005,Economy,13400
SEC02629,S001,Standing,19700
SEC02630,S004,Standard,4000
SEC02631,S005,Standard,5800
SEC02632,S002,Standing,26500
SEC02633,S001,VIP,400
SEC02634,S003,Standard,5800
SEC02635,S005,Economy,12400
SEC02636,S002,VIP,600
SEC02637,S001,Standing,23600
SEC02638,S001,Standard,2600
SEC02639,S004,Standing,13500
SEC02640,S004,Standing,18900
SEC02641,S003,Economy,13700
SEC02642,S001,Standard,4000
SEC02643,S002,VIP,300
SEC02644,S005,Standing,24100
SEC02645,S003,Standing,28500
SEC02646,S005,Standard,3900
SEC02647,S005,Economy,9300
SEC02648,S005,Standing,24700
SEC02649,S002,Economy,6400
SEC02650,S002,Economy,5200
SEC02651,S005,VIP,1000
SEC02652,S001,Standing,19700
SEC02653,S002,Standing,19100
SEC02654,S002,VIP,400
SEC02655,S003,VIP,900
SEC02656,S005,Standard,2600
SEC02657,S005,Standard,4800
SEC02658,S002,VIP,300
SEC02659,S002,VIP,200
SEC02660,S001,Economy,14300
SEC02661,S003,Standing,22900
SEC02662,S002,VIP,800
SEC02663,S001,Standard,5900
SEC02664,S002,Economy,9600
SEC02665,S004,VIP,800
SEC02666,S004,VIP,400
SEC02667,S005,Economy,6200
SEC02668,S001,Economy,14100
SEC02669,S004,Economy,13200
SEC02670,S001,Economy,13400
SEC02671,S005,Standard,2200
SEC02672,S001,VIP,400
SEC02673,S004,Standing,25100
SEC02674,S001,Standing,26100
SEC02675,S003,Standing,16400
SEC02676,S002,Standing,20600
SEC02677,S003,VIP,500
SEC02678,S002,Standing,25800
SEC02679,S001,VIP,1000
SEC02680,S004,Standing,16900
SEC02681,S005,Economy,6000
SEC02682,S003,VIP,500
SEC02683,S004,VIP,100
SEC02684,S002,Standing,28400
SEC02685,S004,Economy,10700
SEC02686,S003,Economy,7100
SEC02687,S002,Standard,2700
SEC02688,S005,VIP,200
SEC02689,S001,Standard,5200
SEC02690,S005,Standard,2400
SEC02691,S003,VIP,400
SEC02692,S001,VIP,400
SEC02693,S001,VIP,1000
SEC02694,S003,VIP,700
SEC02695,S005,Standard,5600
SEC02696,S003,VIP,300
SEC02697,S001,Economy,7900
SEC02698,S002,VIP,300
SEC02699,S002,VIP,900
SEC02700,S001,Standing,11000
SEC02701,S003,Standard,5600
SEC02702,S003,VIP,800
SEC02703,S003,VIP,700
SEC02704,S003,Standard,6000
SEC02705,S004,Standard,2200
SEC02706,S005,Economy,5700
SEC02707,S003,VIP,800
SEC02708,S001,Standard,4200
SEC02709,S002,Standing,26500
SEC02710,S001,VIP,500
SEC02711,S002,Standing,11400
SEC02712,S003,Economy,8900
SEC02713,S004,VIP,100
SEC02714,S003,Standing,16900
SEC02715,S002,Economy,13900
SEC02716,S001,Standard,5500
SEC02717,S004,Standing,25500
SEC02718,S002,Standing,29600
SEC02719,S001,Standard,2800
SEC02720,S005,Economy,10400
SEC02721,S003,VIP,200
SEC02722,S004,Standing,13600
SEC02723,S002,Standing,12900
SEC02724,S002,Economy,8700
SEC02725,S002,Standard,5300
SEC02726,S005,VIP,700
SEC02727,S002,Economy,5400
SEC02728,S005,Standing,26000
SEC02729,S001,Standard,3100
SEC02730,S002,Economy,13300
SEC02731,S004,Standing,28700
SEC02732,S002,VIP,600
SEC02733,S003,Economy,8600
SEC02734,S001,Standard,5900
SEC02735,S003,VIP,600
SEC02736,S002,Economy,14200
SEC02737,S002,Economy,13200
SEC02738,S004,Standard,2800
SEC02739,S002,Standing,23300
SEC02740,S001,Economy,12700
SEC02741,S002,VIP,600
SEC02742,S004,Economy,14100
SEC02743,S005,Economy,13500
SEC02744,S001,Economy,13700
SEC02745,S004,Standard,2800
SEC02746,S005,Economy,7000
SEC02747,S001,Economy,15000
SEC02748,S004,Economy,12800
SEC02749,S004,Economy,14700
SEC02750,S002,Standard,4600
SEC02751,S003,Standing,12800
SEC02752,S003,VIP,200
SEC02753,S003,Economy,13500
SEC02754,S005,Standard,4500
SEC02755,S001,VIP,100
SEC02756,S004,Standing,12600
SEC02757,S001,Standard,5600
SEC02758,S001,VIP,900
SEC02759,S005,Standing,20800
SEC02760,S001,Standard,4200
SEC02761,S004,Standing,26000
SEC02762,S004,Standard,3300
SEC02763,S005,Standard,5000
SEC02764,S001,Standard,4400
SEC02765,S001,Standing,12800
SEC02766,S005,Standard,5700
SEC02767,S001,VIP,700
SEC02768,S004,Economy,6300
SEC02769,S002,Standard,3600
SEC02770,S003,Standard,3200
SEC02771,S001,Standing,11300
SEC02772,S003,VIP,500
SEC02773,S004,Standing,22800
SEC02774,S005,VIP,1000
SEC02775,S003,Standing,17900
SEC02776,S001,Standard,4300
SEC02777,S001,Standard,3800
SEC02778,S004,Economy,10600
SEC02779,S005,Standing,18600
SEC02780,S005,Standard,2100
SEC02781,S003,Standard,5600
SEC02782,S003,VIP,200
SEC02783,S002,Standard,5500
SEC02784,S003,Standard,2600
SEC02785,S005,VIP,300
SEC02786,S001,VIP,400
SEC02787,S004,Standard,2100
SEC02788,S005,Standing,23500
SEC02789,S005,Economy,6500
SEC02790,S005,VIP,400
SEC02791,S002,Standard,5500
SEC02792,S005,Standing,29500
SEC02793,S002,VIP,200
SEC02794,S001,Standard,2600
SEC02795,S002,Economy,9200
SEC02796,S001,Standing,26600
SEC02797,S001,Standing,23300
SEC02798,S003,Economy,7600
SEC02799,S005,Standing,16200
SEC02800,S001,Standard,4100
SEC02801,S002,Standard,5700
SEC02802,S004,Standing,22400
SEC02803,S004,Standing,27800
SEC02804,S002,VIP,200
SEC02805,S002,Economy,9000
SEC02806,S001,Economy,11300
SEC02807,S001,Economy,13500
SEC02808,S002,Economy,13400
SEC02809,S001,Standard,2300
SEC02810,S004,VIP,200
SEC02811,S001,Standing,14700
SEC02812,S003,VIP,400
SEC02813,S002,Standing,29000
SEC02814,S005,VIP,500
SEC02815,S002,Economy,13200
SEC02816,S002,Standing,17100
SEC02817,S005,Standard,4900
SEC02818,S002,Standard,5200
SEC02819,S005,Standing,22800
SEC02820,S003,VIP,800
SEC02821,S002,Economy,8700
SEC02822,S003,Standard,2800
SEC02823,S002,VIP,500
SEC02824,S003,Economy,9700
SEC02825,S001,Standard,5900
SEC02826,S002,VIP,200
SEC02827,S002,Standing,27000
SEC02828,S003,VIP,700
SEC02829,S001,Standing,11300
SEC02830,S004,Standard,5200
SEC02831,S005,Standard,4100
SEC02832,S003,Economy,12400
SEC02833,S005,Standing,17800
SEC02834,S004,Standing,17200
SEC02835,S003,Standard,4800
SEC02836,S001,Standard,4300
SEC02837,S002,Standing,22600
SEC02838,S004,VIP,700
SEC02839,S005,Economy,5000
SEC02840,S001,Economy,12000
SEC02841,S001,VIP,700
SEC02842,S001,Standard,4400
SEC02843,S005,Economy,5700
SEC02844,S003,Standing,24800
SEC02845,S004,Economy,14200
SEC02846,S001,VIP,100
SEC02847,S001,Standard,5300
SEC02848,S002,Economy,8600
SEC02849,S003,VIP,800
SEC02850,S005,Standard,5500
SEC02851,S002,Economy,8300
SEC02852,S001,Economy,8100
SEC02853,S002,Standing,21300
SEC02854,S001,Standing,19000
SEC02855,S001,Economy,12300
SEC02856,S005,Standard,4700
SEC02857,S004,Standing,13800
SEC02858,S004,Standard,2000
SEC02859,S005,VIP,300
SEC02860,S003,Economy,9900
SEC02861,S001,Standing,19600
SEC02862,S005,Economy,11200
SEC02863,S003,Standard,5400
SEC02864,S003,Standing,16000
SEC02865,S003,VIP,600
SEC02866,S003,Standard,4000
SEC02867,S004,VIP,700
SEC02868,S005,VIP,300
SEC02869,S004,Standing,11400
SEC02870,S002,Standing,19000
SEC02871,S003,VIP,300
SEC02872,S005,Standing,10600
SEC02873,S002,VIP,200
SEC02874,S001,VIP,700
SEC02875,S004,Standing,26900
SEC02876,S001,VIP,200
SEC02877,S003,Standard,4400
SEC02878,S003,Economy,8300
SEC02879,S003,VIP,100
SEC02880,S001,Standing,25100
SEC02881,S005,Economy,7100
SEC02882,S002,Standing,28100
SEC02883,S001,VIP,200
SEC02884,S005,Economy,13600
SEC02885,S001,VIP,1000
SEC02886,S004,Standard,2200
SEC02887,S002,Standard,3100
SEC02888,S004,VIP,400
SEC02889,S003,Standing,21900
SEC02890,S005,VIP,300
SEC02891,S005,Economy,12000
SEC02892,S005,Standing,18600
SEC02893,S005,VIP,400
SEC02894,S004,VIP,100
SEC02895,S005,Standard,2900
SEC02896,S002,VIP,800
SEC02897,S001,VIP,200
SEC02898,S003,Economy,11500
SEC02899,S003,Standing,21100
SEC02900,S002,Economy,14500
SEC02901,S003,Economy,11600
SEC02902,S003,Standing,29200
SEC02903,S001,Economy,8300
SEC02904,S002,VIP,900
SEC02905,S002,Economy,6100
SEC02906,S005,VIP,800
SEC02907,S003,Standing,16600
SEC02908,S003,VIP,700
SEC02909,S004,Standard,5900
SEC02910,S004,Economy,9700
SEC02911,S003,Standard,2700
SEC02912,S005,Economy,7500
SEC02913,S002,Standard,2300
SEC02914,S005,Standard,3200
SEC02915,S004,Economy,11600
SEC02916,S001,Standing,14100
SEC02917,S005,VIP,900
SEC02918,S003,Standing,20800
SEC02919,S003,Standard,3200
SEC02920,S004,Standard,2600
SEC02921,S005,Standing,12900
SEC02922,S005,Standard,3100
SEC02923,S004,VIP,400
SEC02924,S005,VIP,700
SEC02925,S003,Standing,11100
SEC02926,S003,VIP,500
SEC02927,S003,Economy,14400
SEC02928,S001,Economy,14000
SEC02929,S001,Standard,5700
SEC02930,S001,Standard,2900
SEC02931,S004,VIP,600
SEC02932,S001,Standard,3200
SEC02933,S001,Standard,3700
SEC02934,S003,VIP,100
SEC02935,S001,VIP,500
SEC02936,S001,Standard,2200
SEC02937,S005,Economy,10100
SEC02938,S004,Standard,4700
SEC02939,S003,Standing,20700
SEC02940,S001,Standard,5800
SEC02941,S003,Standard,5000
SEC02942,S001,VIP,700
SEC02943,S005,VIP,300
SEC02944,S001,VIP,200
SEC02945,S002,VIP,400
SEC02946,S005,VIP,900
SEC02947,S001,VIP,1000
SEC02948,S002,VIP,1000
SEC02949,S003,Economy,11100
SEC02950,S004,Standard,5100
SEC02951,S004,Standard,3800
SEC02952,S003,Standing,12800
SEC02953,S002,VIP,300
SEC02954,S003,Economy,11200
SEC02955,S004,Economy,15000
SEC02956,S001,Standing,23000
SEC02957,S003,Standard,5400
SEC02958,S002,VIP,700
SEC02959,S003,VIP,200
SEC02960,S004,Economy,7900
SEC02961,S003,Standing,28400
SEC02962,S003,Economy,12600
SEC02963,S003,VIP,500
SEC02964,S001,Economy,7700
SEC02965,S005,Economy,14600
SEC02966,S002,Standing,27700
SEC02967,S001,Economy,14300
SEC02968,S003,Standard,4100
SEC02969,S004,Economy,14600
SEC02970,S002,Economy,13600
SEC02971,S003,Standing,23200
SEC02972,S003,Economy,5300
SEC02973,S005,Economy,8600
SEC02974,S003,Standing,15000
SEC02975,S004,Standing,26800
SEC02976,S001,Standard,3900
SEC02977,S003,Economy,6400
SEC02978,S002,Standard,5100
SEC02979,S003,VIP,100
SEC02980,S001,Standard,4200
SEC02981,S003,Standing,16000
SEC02982,S003,Economy,9100
SEC02983,S002,Standard,4000
SEC02984,S005,VIP,800
SEC02985,S005,Standard,4100
SEC02986,S003,VIP,800
SEC02987,S005,Standard,3200
SEC02988,S001,Economy,7100
SEC02989,S005,Standing,22200
SEC02990,S004,Standard,3900
SEC02991,S003,VIP,600
SEC02992,S005,Standard,5000
SEC02993,S003,Economy,13300
SEC02994,S004,Standing,24600
SEC02995,S003,Economy,9400
SEC02996,S001,VIP,1000
SEC02997,S002,Economy,5300
SEC02998,S002,Standing,27500
SEC02999,S002,Standard,3500
SEC03000,S002,Standard,4400
SEC03001,S004,Standing,23100
SEC03002,S004,VIP,200
SEC03003,S002,Economy,5200
SEC03004,S003,VIP,600
SEC03005,S005,Standing,15400
SEC03006,S004,VIP,500
SEC03007,S005,Standing,11700
SEC03008,S003,VIP,400
SEC03009,S001,Standing,29600
SEC03010,S005,VIP,800
SEC03011,S004,Standard,2200
SEC03012,S005,Economy,9500
SEC03013,S001,Standard,4700
SEC03014,S001,VIP,200
SEC03015,S001,Standing,28000
SEC03016,S003,Standard,2700
SEC03017,S003,Economy,11700
SEC03018,S004,VIP,500
SEC03019,S002,Standing,29100
SEC03020,S001,VIP,500
SEC03021,S001,VIP,300
SEC03022,S005,VIP,400
SEC03023,S002,Standing,17500
SEC03024,S001,Economy,12700
SEC03025,S005,Standard,3100
SEC03026,S002,VIP,400
SEC03027,S002,VIP,600
SEC03028,S003,VIP,300
SEC03029,S002,Economy,6700
SEC03030,S003,VIP,300
SEC03031,S001,Economy,7600
SEC03032,S003,Economy,9500
SEC03033,S001,Economy,8400
SEC03034,S005,Standing,22200
SEC03035,S001,Economy,8200
SEC03036,S001,Economy,13900
SEC03037,S004,Standard,5600
SEC03038,S002,Standard,5800
SEC03039,S004,Standard,3900
SEC03040,S004,VIP,800
SEC03041,S001,Standing,29000
SEC03042,S004,Standing,21000
SEC03043,S002,VIP,700
SEC03044,S003,Economy,13400
SEC03045,S002,Standard,5800
SEC03046,S005,Standard,5100
SEC03047,S004,Economy,6300
SEC03048,S004,Standard,5800
SEC03049,S001,Standing,26700
SEC03050,S005,Standard,2900
SEC03051,S005,Standard,3300
SEC03052,S001,Economy,6200
SEC03053,S005,Standard,5000
SEC03054,S004,Economy,11900
SEC03055,S005,Standing,10500
SEC03056,S002,Standing,22000
SEC03057,S005,Standard,2400
SEC03058,S005,Standard,2000
SEC03059,S005,VIP,400
SEC03060,S005,Standard,3400
SEC03061,S004,VIP,200
SEC03062,S003,Standing,23100
SEC03063,S001,Standard,2700
SEC03064,S003,VIP,1000
SEC03065,S001,VIP,300
SEC03066,S003,VIP,600
SEC03067,S003,Standard,5400
SEC03068,S001,Economy,6500
SEC03069,S003,Standing,26600
SEC03070,S001,VIP,400
SEC03071,S004,VIP,200
SEC03072,S002,Standing,21300
SEC03073,S005,Standard,5100
SEC03074,S004,Standing,16800
SEC03075,S004,Economy,6900
SEC03076,S004,Standing,13400
SEC03077,S004,Economy,6300
SEC03078,S003,Economy,10700
SEC03079,S001,Economy,14600
SEC03080,S002,Standing,18100
SEC03081,S005,Standing,23500
SEC03082,S001,VIP,900
SEC03083,S002,Economy,12400
SEC03084,S003,Standard,4800
SEC03085,S001,Standing,22100
SEC03086,S003,Standard,4700
SEC03087,S003,VIP,800
SEC03088,S003,VIP,300
SEC03089,S002,Standing,12400
SEC03090,S005,Standing,21800
SEC03091,S005,Standing,15100
SEC03092,S002,VIP,600
SEC03093,S002,Standard,5900
SEC03094,S004,Standard,5000
SEC03095,S003,VIP,100
SEC03096,S005,VIP,200
SEC03097,S005,Economy,8600
SEC03098,S003,Standard,2500
SEC03099,S005,Economy,5200
SEC03100,S003,Standard,5000
SEC03101,S002,VIP,200
SEC03102,S003,VIP,400
SEC03103,S002,VIP,600
SEC03104,S004,Standard,5500
SEC03105,S002,Standard,5600
SEC03106,S004,Standing,24100
SEC03107,S004,VIP,300
SEC03108,S003,VIP,800
SEC03109,S005,VIP,900
SEC03110,S005,Economy,14300
SEC03111,S005,Economy,10800
SEC03112,S005,Standing,11500
SEC03113,S001,VIP,900
SEC03114,S003,VIP,500
SEC03115,S001,Standing,16500
SEC03116,S002,VIP,300
SEC03117,S001,Economy,10500
SEC03118,S002,Economy,6100
SEC03119,S004,Economy,8600
SEC03120,S002,Economy,12700
SEC03121,S002,Standing,13600
SEC03122,S003,Standing,27000
SEC03123,S001,Economy,5200
SEC03124,S005,VIP,700
SEC03125,S001,VIP,1000
SEC03126,S005,Standard,4000
SEC03127,S003,VIP,400
SEC03128,S004,Standing,26700
SEC03129,S001,VIP,800
SEC03130,S001,Standard,2800
SEC03131,S005,Standing,19900
SEC03132,S004,Standard,5900
SEC03133,S005,Standard,2300
SEC03134,S001,Economy,14900
SEC03135,S001,Standing,16500
SEC03136,S002,Standard,2400
SEC03137,S001,Standard,5700
SEC03138,S004,Standing,21000
SEC03139,S005,VIP,600
SEC03140,S004,Standard,4600
SEC03141,S003,VIP,1000
SEC03142,S002,Standing,27800
SEC03143,S002,Economy,7600
SEC03144,S003,Standing,17100
SEC03145,S004,Standard,4300
SEC03146,S003,Standing,19300
SEC03147,S001,Economy,5400
SEC03148,S002,Economy,8100
SEC03149,S003,VIP,400
SEC03150,S005,Standing,24100
SEC03151,S003,Economy,10200
SEC03152,S003,Standing,27100
SEC03153,S005,Standing,24900
SEC03154,S003,Economy,11000
SEC03155,S005,Standard,3600
SEC03156,S003,Economy,7600
SEC03157,S004,Standing,18300
SEC03158,S003,Standing,20400
SEC03159,S004,Standing,18900
SEC03160,S005,VIP,300
SEC03161,S005,Standard,4000
SEC03162,S003,Standing,13400
SEC03163,S004,VIP,900
SEC03164,S005,Economy,6800
SEC03165,S002,Economy,11400
SEC03166,S004,Economy,5300
SEC03167,S004,VIP,500
SEC03168,S001,Standard,4200
SEC03169,S003,Standing,20600
SEC03170,S001,Standard,5200
SEC03171,S003,Standing,19700
SEC03172,S003,Standard,5700
SEC03173,S001,Standard,4000
SEC03174,S001,VIP,600
SEC03175,S005,Economy,14200
SEC03176,S002,VIP,600
SEC03177,S004,Economy,13700
SEC03178,S003,VIP,400
SEC03179,S003,VIP,200
SEC03180,S004,VIP,300
SEC03181,S002,Standard,3100
SEC03182,S004,Economy,7500
SEC03183,S001,Economy,7200
SEC03184,S003,VIP,900
SEC03185,S003,Economy,10300
SEC03186,S003,Economy,14900
SEC03187,S002,Standard,5200
SEC03188,S005,Standing,19200
SEC03189,S004,Standard,5200
SEC03190,S002,Standard,2000
SEC03191,S004,Standard,4600
SEC03192,S005,Standing,26500
SEC03193,S003,Standard,5700
SEC03194,S003,Standing,22500
SEC03195,S001,Standing,27000
SEC03196,S004,VIP,600
SEC03197,S001,VIP,600
SEC03198,S001,Economy,14200
SEC03199,S004,Economy,8600
SEC03200,S004,Standing,29200
SEC03201,S004,Standard,3500
SEC03202,S001,Standard,2600
SEC03203,S004,Standard,5500
SEC03204,S001,VIP,900
SEC03205,S005,Standing,19000
SEC03206,S002,VIP,800
SEC03207,S002,Standing,26500
SEC03208,S003,Economy,5700
SEC03209,S003,Standard,2200
SEC03210,S005,Economy,14000
SEC03211,S003,Standing,25000
SEC03212,S001,VIP,800
SEC03213,S001,Standard,2100
SEC03214,S004,Economy,13000
SEC03215,S005,Economy,9500
SEC03216,S002,Standing,21800
SEC03217,S001,Economy,11100
SEC03218,S001,Economy,7500
SEC03219,S001,Standard,4100
SEC03220,S003,Economy,8500
SEC03221,S002,Standard,5600
SEC03222,S004,Standard,3900
SEC03223,S003,Economy,5500
SEC03224,S004,Economy,10700
SEC03225,S003,Economy,9600
SEC03226,S001,Economy,12600
SEC03227,S004,Standard,2400
SEC03228,S005,VIP,200
SEC03229,S002,Standard,6000
SEC03230,S002,Economy,12500
SEC03231,S003,Economy,12400
SEC03232,S001,Standing,18800
SEC03233,S005,Standing,29200
SEC03234,S002,Economy,11100
SEC03235,S002,Standing,25300
SEC03236,S004,VIP,900
SEC03237,S004,Standard,4600
SEC03238,S004,Standing,11600
SEC03239,S004,Standing,12800
SEC03240,S004,Standing,10200
SEC03241,S004,Standard,3100
SEC03242,S005,VIP,600
SEC03243,S001,Standard,2800
SEC03244,S005,VIP,1000
SEC03245,S004,VIP,400
SEC03246,S004,Standing,25500
SEC03247,S001,Economy,10500
SEC03248,S003,Economy,6100
SEC03249,S001,Economy,11500
SEC03250,S001,VIP,700
SEC03251,S001,VIP,300
SEC03252,S005,VIP,200
SEC03253,S004,Economy,11000
SEC03254,S002,Standing,16100
SEC03255,S005,Standard,4400
SEC03256,S005,VIP,300
SEC03257,S002,Standard,3600
SEC03258,S001,Economy,5500
SEC03259,S001,Standing,26900
SEC03260,S001,Standard,3900
SEC03261,S003,Standing,12600
SEC03262,S005,Standard,5800
SEC03263,S001,VIP,600
SEC03264,S004,Economy,14200
SEC03265,S002,VIP,900
SEC03266,S003,Economy,12900
SEC03267,S005,Standing,28700
SEC03268,S005,Economy,14700
SEC03269,S003,Economy,14600
SEC03270,S004,Standard,3400
SEC03271,S001,Economy,10500
SEC03272,S004,Economy,10900
SEC03273,S005,VIP,700
SEC03274,S003,Economy,14900
SEC03275,S001,Economy,14100
SEC03276,S005,Standing,29300
SEC03277,S002,VIP,100
SEC03278,S001,Standard,3400
SEC03279,S001,Standard,2200
SEC03280,S002,Standing,18600
SEC03281,S003,Standing,19700
SEC03282,S002,Standing,15200
SEC03283,S004,Standing,13300
SEC03284,S001,Standing,22200
SEC03285,S002,VIP,400
SEC03286,S001,Standing,23200
SEC03287,S005,Economy,6600
SEC03288,S005,Standing,23700
SEC03289,S004,Standard,3600
SEC03290,S002,Standard,2700
SEC03291,S004,Economy,6300
SEC03292,S003,Economy,6700
SEC03293,S003,Standard,3400
SEC03294,S003,VIP,200
SEC03295,S004,Standard,5900
SEC03296,S002,Standard,2500
SEC03297,S001,Standard,4800
SEC03298,S004,VIP,500
SEC03299,S002,Standing,10500
SEC03300,S002,Standard,4800
SEC03301,S001,Economy,13900
SEC03302,S002,Standard,5100
SEC03303,S004,VIP,600
SEC03304,S004,VIP,600
SEC03305,S003,Standard,4100
SEC03306,S003,Standard,3400
SEC03307,S005,Standard,2900
SEC03308,S002,Standing,13800
SEC03309,S005,Economy,6700
SEC03310,S002,Standard,2400
SEC03311,S002,VIP,1000
SEC03312,S003,Economy,14000
SEC03313,S001,Economy,14300
SEC03314,S004,Standard,3400
SEC03315,S003,VIP,500
SEC03316,S004,VIP,300
SEC03317,S005,Standard,3300
SEC03318,S002,Standing,13300
SEC03319,S002,Standard,5900
SEC03320,S003,Standard,3900
SEC03321,S003,Standard,2000
SEC03322,S001,Economy,6900
SEC03323,S004,Economy,5000
SEC03324,S003,Economy,13900
SEC03325,S004,VIP,700
SEC03326,S002,Standard,3500
SEC03327,S003,Economy,5300
SEC03328,S001,VIP,200
SEC03329,S005,Standing,21800
SEC03330,S004,VIP,500
SEC03331,S005,VIP,600
SEC03332,S004,Standard,2500
SEC03333,S003,Standing,22000
SEC03334,S002,Standing,23400
SEC03335,S004,VIP,600
SEC03336,S001,VIP,700
SEC03337,S003,Standard,5500
SEC03338,S005,Standing,29000
SEC03339,S004,Standing,24200
SEC03340,S005,Standard,2200
SEC03341,S002,VIP,400
SEC03342,S005,Standard,2100
SEC03343,S001,Standing,17100
SEC03344,S005,Standard,4100
SEC03345,S004,Standing,11200
SEC03346,S001,VIP,900
SEC03347,S002,Standing,10100
SEC03348,S001,Standing,28400
SEC03349,S003,Economy,6700
SEC03350,S003,Economy,12600
SEC03351,S001,Standard,3000
SEC03352,S004,Standing,26300
SEC03353,S005,Standard,4900
SEC03354,S001,Standing,21300
SEC03355,S003,Standing,21400
SEC03356,S003,VIP,500
SEC03357,S002,Standard,5600
SEC03358,S005,Economy,15000
SEC03359,S001,Standing,26000
SEC03360,S005,Standing,22100
SEC03361,S002,Economy,7000
SEC03362,S001,Standing,21700
SEC03363,S001,Economy,6900
SEC03364,S005,VIP,900
SEC03365,S005,Standing,15500
SEC03366,S002,Economy,12300
SEC03367,S003,Economy,7900
SEC03368,S005,Standing,14300
SEC03369,S003,VIP,200
SEC03370,S002,VIP,100
SEC03371,S005,VIP,1000
SEC03372,S003,Economy,11300
SEC03373,S004,Standard,5700
SEC03374,S004,Standard,3900
SEC03375,S005,VIP,500
SEC03376,S001,Standard,4900
SEC03377,S004,Standing,20600
SEC03378,S004,Standard,4300
SEC03379,S002,Standing,14400
SEC03380,S001,Standing,18700
SEC03381,S001,VIP,500
SEC03382,S004,Economy,14000
SEC03383,S005,Standard,5300
SEC03384,S003,Standing,10200
SEC03385,S005,Standing,29400
SEC03386,S001,VIP,300
SEC03387,S003,Standing,21400
SEC03388,S002,Economy,10900
SEC03389,S002,VIP,600
SEC03390,S003,Economy,11700
SEC03391,S001,VIP,900
SEC03392,S003,VIP,500
SEC03393,S003,Standing,29700
SEC03394,S001,Economy,12500
SEC03395,S001,Standing,15300
SEC03396,S005,VIP,1000
SEC03397,S005,VIP,900
SEC03398,S001,Standing,28200
SEC03399,S002,Economy,8800
SEC03400,S005,Standard,5400
SEC03401,S003,Standard,2000
SEC03402,S004,Economy,9400
SEC03403,S003,Economy,6600
SEC03404,S005,Economy,9300
SEC03405,S002,Standing,19100
SEC03406,S005,VIP,600
SEC03407,S004,VIP,1000
SEC03408,S002,Standing,18200
SEC03409,S004,VIP,200
SEC03410,S002,VIP,700
SEC03411,S005,VIP,900
SEC03412,S001,Standing,25400
SEC03413,S005,Standing,11700
SEC03414,S005,Standing,15100
SEC03415,S001,Economy,5900
SEC03416,S003,Economy,8800
SEC03417,S004,Standard,5200
SEC03418,S001,Standard,5500
SEC03419,S004,Economy,12700
SEC03420,S002,Standing,29000
SEC03421,S005,Standard,2600
SEC03422,S002,Economy,9400
SEC03423,S002,Standing,27200
SEC03424,S001,Standing,12400
SEC03425,S005,Standard,3000
SEC03426,S002,Economy,8800
SEC03427,S004,VIP,700
SEC03428,S004,Standing,11900
SEC03429,S003,Economy,13400
SEC03430,S004,Standard,4500
SEC03431,S001,Standing,23000
SEC03432,S001,Standard,3800
SEC03433,S004,Standard,3900
SEC03434,S001,VIP,800
SEC03435,S004,Standing,29400
SEC03436,S005,Standard,3300
SEC03437,S002,Standard,5500
SEC03438,S004,Economy,11900
SEC03439,S003,Standard,5900
SEC03440,S004,Standard,2000
SEC03441,S002,Economy,11700
SEC03442,S004,Standard,4300
SEC03443,S005,Standard,3800
SEC03444,S003,Standard,4700
SEC03445,S001,VIP,300
SEC03446,S001,Standard,3600
SEC03447,S003,Standard,4900
SEC03448,S001,Standard,3100
SEC03449,S004,VIP,800
SEC03450,S002,Standard,4800
SEC03451,S005,Standing,28700
SEC03452,S003,Standard,5600
SEC03453,S003,VIP,300
SEC03454,S001,VIP,700
SEC03455,S001,Standard,4200
SEC03456,S001,Standing,22500
SEC03457,S001,Economy,5900
SEC03458,S002,VIP,1000
SEC03459,S005,Standing,13400
SEC03460,S004,Economy,9700
SEC03461,S001,VIP,600
SEC03462,S005,Economy,14800
SEC03463,S003,Standing,18100
SEC03464,S001,VIP,900
SEC03465,S003,Economy,5100
SEC03466,S001,Standard,2700
SEC03467,S005,VIP,600
SEC03468,S002,Economy,11500
SEC03469,S003,Standing,24400
SEC03470,S002,Economy,12900
SEC03471,S005,Economy,6500
SEC03472,S005,VIP,1000
SEC03473,S003,VIP,400
SEC03474,S002,Standing,17600
SEC03475,S001,Standing,29600
SEC03476,S002,VIP,200
SEC03477,S005,VIP,900
SEC03478,S003,VIP,100
SEC03479,S001,VIP,1000
SEC03480,S004,Economy,8100
SEC03481,S005,Standing,26200
SEC03482,S003,VIP,600
SEC03483,S001,VIP,600
SEC03484,S002,Standard,4600
SEC03485,S003,Economy,9700
SEC03486,S002,Economy,6900
SEC03487,S002,Standard,2200
SEC03488,S004,VIP,800
SEC03489,S003,Standard,4700
SEC03490,S004,Economy,11000
SEC03491,S003,Standing,20600
SEC03492,S003,Standard,4700
SEC03493,S004,Standard,3400
SEC03494,S003,Standing,23300
SEC03495,S002,VIP,500
SEC03496,S004,Economy,11500
SEC03497,S005,Standing,19800
SEC03498,S003,Standard,2600
SEC03499,S002,Standard,4600
SEC03500,S004,VIP,400
SEC03501,S001,Economy,5700
SEC03502,S002,Economy,12500
SEC03503,S001,VIP,400
SEC03504,S001,VIP,700
SEC03505,S005,VIP,200
SEC03506,S003,Standard,2400
SEC03507,S001,Standard,3300
SEC03508,S002,Standing,15700
SEC03509,S005,VIP,600
SEC03510,S003,Standing,19500
SEC03511,S002,VIP,600
SEC03512,S003,Standing,13200
SEC03513,S004,Standard,5300
SEC03514,S005,Standing,17500
SEC03515,S005,Economy,5200
SEC03516,S004,Standard,5700
SEC03517,S001,Economy,10700
SEC03518,S001,Economy,9900
SEC03519,S002,VIP,600
SEC03520,S005,Standard,3000
SEC03521,S001,Standard,4300
SEC03522,S005,VIP,300
SEC03523,S001,Standard,4800
SEC03524,S001,Standard,4700
SEC03525,S003,Economy,10000
SEC03526,S004,Economy,7900
SEC03527,S001,Standing,11700
SEC03528,S004,Standard,4200
SEC03529,S003,Economy,14900
SEC03530,S003,VIP,600
SEC03531,S005,VIP,800
SEC03532,S005,Standard,4400
SEC03533,S002,VIP,1000
SEC03534,S003,VIP,900
SEC03535,S001,Economy,13500
SEC03536,S004,Economy,13700
SEC03537,S002,Standard,5900
SEC03538,S005,VIP,600
SEC03539,S005,Standing,11700
SEC03540,S004,Standing,11500
SEC03541,S002,Economy,11000
SEC03542,S003,VIP,700
SEC03543,S005,VIP,700
SEC03544,S002,Economy,7300
SEC03545,S004,Standing,25300
SEC03546,S004,Standard,2300
SEC03547,S002,Economy,6400
SEC03548,S005,Economy,11100
SEC03549,S004,VIP,100
SEC03550,S005,Standing,17800
SEC03551,S004,VIP,300
SEC03552,S002,Standing,14000
SEC03553,S003,Economy,11400
SEC03554,S001,Economy,13500
SEC03555,S002,Standing,16600
SEC03556,S004,Economy,6000
SEC03557,S002,Standard,5200
SEC03558,S001,Economy,7800
SEC03559,S004,VIP,700
SEC03560,S005,Standard,5700
SEC03561,S002,Standing,27600
SEC03562,S003,Standard,5000
SEC03563,S001,Economy,9200
SEC03564,S001,Standard,4500
SEC03565,S003,Economy,5600
SEC03566,S004,Standing,13000
SEC03567,S005,Economy,5400
SEC03568,S003,Standing,25400
SEC03569,S005,Standard,2400
SEC03570,S005,Standing,15800
SEC03571,S003,VIP,600
SEC03572,S004,Standing,12700
SEC03573,S001,VIP,300
SEC03574,S005,Standard,5800
SEC03575,S001,VIP,900
SEC03576,S002,VIP,600
SEC03577,S001,Standard,4600
SEC03578,S001,Standing,24100
SEC03579,S004,Standard,3400
SEC03580,S002,Economy,10100
SEC03581,S005,Standard,4300
SEC03582,S001,Standing,22500
SEC03583,S005,Standing,13000
SEC03584,S004,VIP,200
SEC03585,S002,Standing,26500
SEC03586,S002,Standing,20000
SEC03587,S003,VIP,900
SEC03588,S003,VIP,300
SEC03589,S003,Standing,16000
SEC03590,S002,Standing,14600
SEC03591,S001,Standard,5000
SEC03592,S004,VIP,800
SEC03593,S005,Standing,17400
SEC03594,S004,Standing,10500
SEC03595,S005,VIP,600
SEC03596,S003,Economy,8600
SEC03597,S004,Economy,8200
SEC03598,S001,Standard,4100
SEC03599,S001,VIP,200
SEC03600,S005,Standing,19800
SEC03601,S001,Standard,2900
SEC03602,S004,VIP,400
SEC03603,S004,Standard,4500
SEC03604,S002,Standing,23400
SEC03605,S003,VIP,900
SEC03606,S001,VIP,600
SEC03607,S002,Standard,2400
SEC03608,S005,Standard,5600
SEC03609,S001,VIP,500
SEC03610,S002,Economy,7300
SEC03611,S001,VIP,800
SEC03612,S003,Standard,3000
SEC03613,S005,Standard,5300
SEC03614,S004,Economy,9100
SEC03615,S003,Standing,21500
SEC03616,S001,Standard,2500
SEC03617,S001,Standing,24700
SEC03618,S004,Economy,13700
SEC03619,S001,Standard,3700
SEC03620,S002,VIP,400
SEC03621,S002,Economy,14800
SEC03622,S005,Economy,7700
SEC03623,S005,Standing,10600
SEC03624,S001,Economy,9200
SEC03625,S004,VIP,500
SEC03626,S002,Standing,23100
SEC03627,S005,VIP,900
SEC03628,S002,Standing,27300
SEC03629,S003,VIP,800
SEC03630,S001,Standard,5700
SEC03631,S004,VIP,200
SEC03632,S002,VIP,900
SEC03633,S003,Economy,10200
SEC03634,S004,VIP,1000
SEC03635,S002,Economy,10400
SEC03636,S003,Economy,10800
SEC03637,S004,Economy,14000
SEC03638,S001,VIP,400
SEC03639,S005,Standing,10700
SEC03640,S002,Standing,25800
SEC03641,S003,Standard,4900
SEC03642,S002,Economy,11500
SEC03643,S003,Standard,4100
SEC03644,S002,Standing,10400
SEC03645,S003,Standing,22900
SEC03646,S001,Standard,3900
SEC03647,S002,Standing,15300
SEC03648,S001,Standing,15700
SEC03649,S004,Economy,7100
SEC03650,S004,VIP,900
SEC03651,S005,Economy,7800
SEC03652,S003,Standard,4000
SEC03653,S002,Economy,7500
SEC03654,S005,Standing,25500
SEC03655,S004,Standing,19800
SEC03656,S003,Economy,10100
SEC03657,S005,VIP,100
SEC03658,S002,Standard,2800
SEC03659,S005,VIP,500
SEC03660,S005,VIP,800
SEC03661,S003,Standard,4900
SEC03662,S002,VIP,900
SEC03663,S004,Standard,2000
SEC03664,S003,Economy,12400
SEC03665,S004,VIP,600
SEC03666,S001,VIP,700
SEC03667,S002,Economy,11000
SEC03668,S005,Standard,5200
SEC03669,S003,Economy,5700
SEC03670,S001,VIP,700
SEC03671,S005,Economy,14900
SEC03672,S002,VIP,700
SEC03673,S005,Standard,5400
SEC03674,S001,Standard,2300
SEC03675,S005,VIP,1000
SEC03676,S003,Standard,4900
SEC03677,S002,VIP,700
SEC03678,S003,Standard,5300
SEC03679,S002,VIP,500
SEC03680,S001,Standard,4000
SEC03681,S005,Economy,9000
SEC03682,S003,Standing,13300
SEC03683,S001,VIP,900
SEC03684,S003,Economy,12400
SEC03685,S003,Standing,25500
SEC03686,S002,VIP,700
SEC03687,S002,Standard,2900
SEC03688,S004,Economy,6700
SEC03689,S004,Economy,6000
SEC03690,S004,VIP,200
SEC03691,S002,VIP,300
SEC03692,S004,Economy,14900
SEC03693,S002,Standing,22400
SEC03694,S005,Economy,13400
SEC03695,S004,VIP,200
SEC03696,S005,Standard,5000
SEC03697,S003,VIP,700
SEC03698,S001,Standard,4600
SEC03699,S005,Economy,6700
SEC03700,S001,Standing,25500
SEC03701,S001,Standing,24100
SEC03702,S004,Standard,2400
SEC03703,S003,Standard,3600
SEC03704,S002,Economy,9700
SEC03705,S003,Economy,10700
SEC03706,S005,Standing,10800
SEC03707,S004,VIP,100
SEC03708,S002,Standing,22800
SEC03709,S001,Standard,3300
SEC03710,S003,VIP,100
SEC03711,S001,Economy,14400
SEC03712,S001,Standing,22100
SEC03713,S003,Economy,10400
SEC03714,S001,Standing,28600
SEC03715,S005,Economy,11300
SEC03716,S004,Standard,2600
SEC03717,S005,VIP,600
SEC03718,S003,Standing,18000
SEC03719,S005,VIP,600
SEC03720,S003,Standing,15600
SEC03721,S005,Standing,25500
SEC03722,S005,VIP,100
SEC03723,S002,Standing,17100
SEC03724,S003,Standing,22800
SEC03725,S002,VIP,700
SEC03726,S005,Economy,14400
SEC03727,S005,VIP,200
SEC03728,S004,Economy,5400
SEC03729,S003,Standard,2700
SEC03730,S002,Standard,2900
SEC03731,S002,Standing,25700
SEC03732,S004,VIP,500
SEC03733,S004,VIP,300
SEC03734,S001,Standard,4300
SEC03735,S002,VIP,400
SEC03736,S002,VIP,900
SEC03737,S001,Standard,3500
SEC03738,S004,VIP,700
SEC03739,S004,Standard,2300
SEC03740,S003,Economy,12000
SEC03741,S004,Standing,23900
SEC03742,S005,Standard,3200
SEC03743,S001,VIP,100
SEC03744,S004,Standard,3900
SEC03745,S001,Economy,10300
SEC03746,S005,Economy,9900
SEC03747,S005,Standing,18500
SEC03748,S003,Standard,3800
SEC03749,S001,Standard,2100
SEC03750,S004,Standard,4000
SEC03751,S002,VIP,900
SEC03752,S005,Economy,8300
SEC03753,S002,Standard,5000
SEC03754,S002,Standard,3900
SEC03755,S001,Economy,11600
SEC03756,S002,Economy,7100
SEC03757,S002,Standing,18600
SEC03758,S003,Economy,9900
SEC03759,S001,VIP,1000
SEC03760,S005,VIP,800
SEC03761,S003,Standing,21000
SEC03762,S005,VIP,500
SEC03763,S003,Standard,2400
SEC03764,S004,Economy,11900
SEC03765,S003,Economy,10600
SEC03766,S002,Standard,2000
SEC03767,S003,VIP,400
SEC03768,S005,VIP,300
SEC03769,S001,VIP,200
SEC03770,S003,VIP,500
SEC03771,S001,Standard,4000
SEC03772,S004,Economy,8300
SEC03773,S002,Economy,14100
SEC03774,S004,Economy,11900
SEC03775,S001,Standard,5600
SEC03776,S002,Standard,3100
SEC03777,S005,Standing,20800
SEC03778,S003,Economy,8800
SEC03779,S004,Standard,2600
SEC03780,S001,Economy,7500
SEC03781,S004,Economy,11000
SEC03782,S001,Standing,21100
SEC03783,S001,Economy,5800
SEC03784,S005,Economy,5800
SEC03785,S003,Standard,5300
SEC03786,S004,Economy,13400
SEC03787,S001,Economy,9800
SEC03788,S001,Standard,5000
SEC03789,S003,Standing,24800
SEC03790,S002,VIP,200
SEC03791,S001,Standard,3500
SEC03792,S004,Economy,10600
SEC03793,S002,Standard,3200
SEC03794,S002,VIP,500
SEC03795,S002,Standing,15000
SEC03796,S005,VIP,900
SEC03797,S004,Economy,7700
SEC03798,S001,Standing,26100
SEC03799,S004,Standard,3100
SEC03800,S005,Standing,18300
SEC03801,S001,Standing,17700
SEC03802,S002,Standard,2900
SEC03803,S001,Standard,6000
SEC03804,S005,Standing,17600
SEC03805,S005,Economy,10000
SEC03806,S004,VIP,200
SEC03807,S001,Standing,20000
SEC03808,S001,Standing,24000
SEC03809,S001,Standard,5600
SEC03810,S003,Standard,5200
SEC03811,S003,Economy,10000
SEC03812,S005,Standard,2800
SEC03813,S002,Standing,17600
SEC03814,S003,Standard,3700
SEC03815,S001,Economy,5600
SEC03816,S002,Standard,3000
SEC03817,S004,Standard,5600
SEC03818,S001,Standard,5400
SEC03819,S003,Economy,5600
SEC03820,S005,Economy,13500
SEC03821,S005,Economy,6900
SEC03822,S003,Standing,29600
SEC03823,S002,VIP,500
SEC03824,S004,Economy,13500
SEC03825,S004,Standard,3000
SEC03826,S002,Standing,22700
SEC03827,S005,VIP,600
SEC03828,S002,VIP,400
SEC03829,S002,Economy,8300
SEC03830,S001,Standard,3300
SEC03831,S005,Standard,5800
SEC03832,S003,Economy,10600
SEC03833,S001,Standard,4600
SEC03834,S002,Economy,8400
SEC03835,S003,Standing,14100
SEC03836,S001,VIP,800
SEC03837,S005,Standing,22800
SEC03838,S005,Economy,14800
SEC03839,S004,Standing,16800
SEC03840,S001,Economy,7200
SEC03841,S001,VIP,200
SEC03842,S002,Standard,5800
SEC03843,S003,Economy,14900
SEC03844,S001,VIP,300
SEC03845,S001,Standing,20500
SEC03846,S004,Economy,14200
SEC03847,S004,VIP,1000
SEC03848,S003,Standing,18500
SEC03849,S004,Standard,3100
SEC03850,S004,Standard,4300
SEC03851,S005,Standard,4900
SEC03852,S003,Economy,5700
SEC03853,S005,Standard,5600
SEC03854,S002,Standard,5300
SEC03855,S004,VIP,300
SEC03856,S001,VIP,200
SEC03857,S001,VIP,700
SEC03858,S001,VIP,1000
SEC03859,S001,Standing,14000
SEC03860,S002,Economy,11300
SEC03861,S001,Economy,9500
SEC03862,S001,Economy,7900
SEC03863,S004,Standing,24600
SEC03864,S004,VIP,700
SEC03865,S003,Economy,7900
SEC03866,S003,VIP,800
SEC03867,S005,Standing,19800
SEC03868,S004,Economy,14100
SEC03869,S003,Standing,20900
SEC03870,S005,VIP,300
SEC03871,S002,Economy,8800
SEC03872,S001,Economy,11000
SEC03873,S003,VIP,800
SEC03874,S002,Standard,5300
SEC03875,S003,Standard,5100
SEC03876,S001,Standard,4300
SEC03877,S001,Economy,7900
SEC03878,S002,Standing,19100
SEC03879,S002,VIP,400
SEC03880,S003,Economy,5600
SEC03881,S004,Standing,17300
SEC03882,S001,Economy,10100
SEC03883,S005,Standard,5200
SEC03884,S001,Standing,23500
SEC03885,S003,Standard,5900
SEC03886,S004,Standard,4800
SEC03887,S001,VIP,100
SEC03888,S002,Economy,9300
SEC03889,S002,Economy,7500
SEC03890,S001,Standard,2800
SEC03891,S004,VIP,500
SEC03892,S002,VIP,200
SEC03893,S001,Standard,5600
SEC03894,S004,Economy,5700
SEC03895,S005,Standard,5900
SEC03896,S004,Standard,2200
SEC03897,S003,Standing,22800
SEC03898,S005,VIP,600
SEC03899,S001,Standing,19300
SEC03900,S003,Standard,2000
SEC03901,S002,Standing,16000
SEC03902,S003,Standing,10100
SEC03903,S005,VIP,400
SEC03904,S002,Standard,5600
SEC03905,S001,Standing,16500
SEC03906,S003,Standing,14300
SEC03907,S003,Standard,2500
SEC03908,S002,Standing,16100
SEC03909,S004,VIP,400
SEC03910,S003,Economy,7200
SEC03911,S002,Standard,2400
SEC03912,S003,Standard,5100
SEC03913,S001,Economy,11700
SEC03914,S004,Standing,14300
SEC03915,S004,VIP,200
SEC03916,S003,Economy,6300
SEC03917,S002,Economy,14000
SEC03918,S004,VIP,500
SEC03919,S004,Economy,8800
SEC03920,S002,Economy,11300
SEC03921,S002,Standing,13700
SEC03922,S004,Standard,2800
SEC03923,S004,Economy,7700
SEC03924,S004,VIP,800
SEC03925,S002,VIP,700
SEC03926,S001,VIP,100
SEC03927,S005,Economy,9400
SEC03928,S003,Standard,5500
SEC03929,S005,VIP,700
SEC03930,S004,VIP,600
SEC03931,S004,Standard,2100
SEC03932,S003,Standing,16000
SEC03933,S005,VIP,800
SEC03934,S001,Economy,8700
SEC03935,S003,VIP,900
SEC03936,S004,Standing,26500
SEC03937,S002,Standard,3300
SEC03938,S005,Standard,4300
SEC03939,S002,Standing,12200
SEC03940,S003,Standard,3200
SEC03941,S003,Economy,8900
SEC03942,S002,Standing,24200
SEC03943,S005,Standard,4300
SEC03944,S003,Standing,29300
SEC03945,S003,Standard,3700
SEC03946,S004,Standard,5800
SEC03947,S005,Economy,14900
SEC03948,S002,Standard,3100
SEC03949,S004,VIP,500
SEC03950,S003,Standard,3800
SEC03951,S001,VIP,200
SEC03952,S004,Economy,10500
SEC03953,S004,Standing,14000
SEC03954,S004,Standing,24200
SEC03955,S002,Standing,25800
SEC03956,S004,Standing,23700
SEC03957,S005,VIP,800
SEC03958,S001,Standard,5900
SEC03959,S001,Standard,4500
SEC03960,S003,VIP,600
SEC03961,S005,Economy,14400
SEC03962,S003,Standard,4900
SEC03963,S004,Standing,19900
SEC03964,S001,VIP,700
SEC03965,S002,VIP,500
SEC03966,S002,Standing,19300
SEC03967,S003,Standing,19400
SEC03968,S003,VIP,500
SEC03969,S004,Standard,2900
SEC03970,S001,VIP,400
SEC03971,S002,Economy,8100
SEC03972,S002,Economy,5000
SEC03973,S005,Standing,20800
SEC03974,S003,Standard,5300
SEC03975,S003,Economy,8500
SEC03976,S003,Economy,5300
SEC03977,S001,VIP,700
SEC03978,S005,VIP,700
SEC03979,S005,Economy,5200
SEC03980,S005,Standard,5600
SEC03981,S002,Standard,3500
SEC03982,S005,Economy,11000
SEC03983,S004,Standard,5000
SEC03984,S003,Standing,23300
SEC03985,S003,Economy,11700
SEC03986,S005,Standing,10700
SEC03987,S005,Economy,11500
SEC03988,S003,Standard,3900
SEC03989,S001,Economy,10900
SEC03990,S005,Standing,14300
SEC03991,S002,Economy,9800
SEC03992,S005,VIP,400
SEC03993,S001,Standard,3800
SEC03994,S003,Standing,12200
SEC03995,S001,Economy,11700
SEC03996,S003,Economy,11700
SEC03997,S005,VIP,900
SEC03998,S001,Standard,5100
SEC03999,S003,VIP,500
SEC04000,S005,Standing,24900
SEC04001,S002,Standing,14200
SEC04002,S002,VIP,700
SEC04003,S005,Economy,11200
SEC04004,S003,Standard,4100
SEC04005,S003,Standing,12600
SEC04006,S002,Standard,5100
SEC04007,S004,Standard,3700
SEC04008,S002,Standing,23800
SEC04009,S001,Economy,9000
SEC04010,S003,Standing,17900
SEC04011,S003,VIP,900
SEC04012,S002,Economy,9300
SEC04013,S005,Standing,27400
SEC04014,S004,Standing,15000
SEC04015,S005,VIP,200
SEC04016,S003,Standard,2500
SEC04017,S003,Standing,17000
SEC04018,S005,Standard,5200
SEC04019,S003,Standing,15700
SEC04020,S002,Economy,5800
SEC04021,S002,Standing,10000
SEC04022,S005,Standard,2900
SEC04023,S001,Economy,9300
SEC04024,S003,VIP,500
SEC04025,S004,VIP,500
SEC04026,S005,Economy,7600
SEC04027,S005,Standing,29400
SEC04028,S003,Economy,11200
SEC04029,S004,Standing,10300
SEC04030,S005,VIP,200
SEC04031,S004,Economy,5600
SEC04032,S002,Standard,2800
SEC04033,S003,VIP,500
SEC04034,S005,Standing,20900
SEC04035,S002,VIP,200
SEC04036,S003,Standard,4800
SEC04037,S001,VIP,800
SEC04038,S003,Economy,14600
SEC04039,S001,VIP,700
SEC04040,S001,VIP,400
SEC04041,S001,VIP,800
SEC04042,S003,Standing,21100
SEC04043,S003,Economy,13000
SEC04044,S005,Standard,3000
SEC04045,S001,VIP,900
SEC04046,S005,Standing,12400
SEC04047,S001,Standard,4900
SEC04048,S003,Economy,10000
SEC04049,S004,Economy,8100
SEC04050,S001,VIP,800
SEC04051,S002,Standing,12300
SEC04052,S001,VIP,500
SEC04053,S002,Standard,4600
SEC04054,S005,Standing,26000
SEC04055,S004,Standing,26600
SEC04056,S001,Economy,13900
SEC04057,S005,Standard,5700
SEC04058,S004,Standing,22300
SEC04059,S005,VIP,800
SEC04060,S004,Standard,3200
SEC04061,S003,Standing,25600
SEC04062,S005,Standing,13700
SEC04063,S004,Standing,18100
SEC04064,S005,Standing,24500
SEC04065,S003,Economy,7000
SEC04066,S002,VIP,200
SEC04067,S002,Standing,11200
SEC04068,S001,Standing,12600
SEC04069,S001,VIP,400
SEC04070,S005,Standard,5100
SEC04071,S001,VIP,400
SEC04072,S001,Standing,20000
SEC04073,S003,Standing,11800
SEC04074,S004,VIP,700
SEC04075,S004,Standard,3700
SEC04076,S002,Standard,2800
SEC04077,S003,VIP,500
SEC04078,S002,Standard,2700
SEC04079,S004,Economy,14400
SEC04080,S001,VIP,900
SEC04081,S005,Economy,7800
SEC04082,S002,VIP,400
SEC04083,S001,Economy,6800
SEC04084,S001,Economy,7300
SEC04085,S004,Standing,16700
SEC04086,S004,Economy,10500
SEC04087,S003,Standing,11000
SEC04088,S005,Standing,19700
SEC04089,S004,VIP,200
SEC04090,S005,Standard,4100
SEC04091,S004,Economy,5600
SEC04092,S003,Standing,16400
SEC04093,S003,Economy,9300
SEC04094,S001,Standing,22900
SEC04095,S005,Economy,5200
SEC04096,S001,Standard,5400
SEC04097,S002,Standing,28100
SEC04098,S005,Standing,12400
SEC04099,S005,Standing,11800
SEC04100,S002,Economy,14500
SEC04101,S004,VIP,600
SEC04102,S001,Standard,2800
SEC04103,S004,VIP,300
SEC04104,S001,Standing,19100
SEC04105,S002,Standing,17700
SEC04106,S002,VIP,800
SEC04107,S005,Standing,12900
SEC04108,S002,Economy,14200
SEC04109,S005,Economy,6100
SEC04110,S004,VIP,400
SEC04111,S001,Economy,11900
SEC04112,S005,Economy,9300
SEC04113,S002,Standard,4900
SEC04114,S001,VIP,1000
SEC04115,S005,Standing,29100
SEC04116,S005,Standard,2100
SEC04117,S001,Economy,10800
SEC04118,S003,Standing,28500
SEC04119,S004,VIP,900
SEC04120,S005,Economy,6400
SEC04121,S001,Economy,5500
SEC04122,S005,Economy,5400
SEC04123,S002,Economy,6100
SEC04124,S005,VIP,400
SEC04125,S002,Standard,5700
SEC04126,S002,Standing,24700
SEC04127,S004,Standard,4500
SEC04128,S005,VIP,700
SEC04129,S001,Economy,7700
SEC04130,S002,Standing,28000
SEC04131,S005,Standard,4200
SEC04132,S002,VIP,500
SEC04133,S001,Economy,10800
SEC04134,S004,Standing,22500
SEC04135,S001,Economy,8200
SEC04136,S002,VIP,700
SEC04137,S004,Economy,10000
SEC04138,S001,Standard,5200
SEC04139,S001,Standard,4500
SEC04140,S004,Standing,25600
SEC04141,S003,Standing,20900
SEC04142,S002,Economy,6200
SEC04143,S005,Standing,23900
SEC04144,S002,VIP,300
SEC04145,S005,Standing,14700
SEC04146,S002,Standing,12100
SEC04147,S005,Standard,5300
SEC04148,S003,VIP,800
SEC04149,S004,Standing,27800
SEC04150,S005,Economy,8100
SEC04151,S001,Standard,3400
SEC04152,S001,Standing,18300
SEC04153,S005,Economy,14200
SEC04154,S005,VIP,600
SEC04155,S004,Standard,4200
SEC04156,S002,Economy,9900
SEC04157,S005,Standing,22200
SEC04158,S002,VIP,900
SEC04159,S001,VIP,1000
SEC04160,S005,VIP,300
SEC04161,S004,VIP,900
SEC04162,S001,Standing,18900
SEC04163,S004,Standing,13000
SEC04164,S002,Standing,14300
SEC04165,S002,VIP,700
SEC04166,S004,Economy,12700
SEC04167,S003,Standing,18400
SEC04168,S005,Standing,29500
SEC04169,S001,Economy,8400
SEC04170,S005,Standard,3000
SEC04171,S004,Standing,12500
SEC04172,S005,Economy,8400
SEC04173,S002,Economy,8800
SEC04174,S001,VIP,900
SEC04175,S002,Standing,15400
SEC04176,S002,Standing,11200
SEC04177,S001,Standing,26300
SEC04178,S005,Economy,8400
SEC04179,S002,VIP,700
SEC04180,S003,VIP,100
SEC04181,S005,Standing,22600
SEC04182,S003,Standard,4600
SEC04183,S003,VIP,600
SEC04184,S004,Standing,12200
SEC04185,S005,VIP,1000
SEC04186,S004,VIP,400
SEC04187,S003,Standard,4600
SEC04188,S003,VIP,400
SEC04189,S005,Economy,12700
SEC04190,S005,Standing,29300
SEC04191,S001,Economy,8900
SEC04192,S004,Standing,11900
SEC04193,S002,Standard,3000
SEC04194,S001,VIP,1000
SEC04195,S001,Standing,27300
SEC04196,S004,Standing,16600
SEC04197,S005,Standing,21800
SEC04198,S005,Economy,10700
SEC04199,S001,VIP,400
SEC04200,S003,Economy,7600
SEC04201,S004,Economy,9300
SEC04202,S003,Standard,2500
SEC04203,S002,Standing,12900
SEC04204,S001,VIP,600
SEC04205,S004,Economy,7800
SEC04206,S002,Economy,10800
SEC04207,S004,Standing,24200
SEC04208,S002,Economy,10800
SEC04209,S004,Economy,15000
SEC04210,S005,Standard,3100
SEC04211,S001,Economy,10500
SEC04212,S002,VIP,400
SEC04213,S004,VIP,600
SEC04214,S002,Standard,5100
SEC04215,S003,Economy,13400
SEC04216,S001,VIP,400
SEC04217,S004,Economy,12100
SEC04218,S001,Standard,2900
SEC04219,S003,Standard,3300
SEC04220,S001,Standing,19000
SEC04221,S004,Economy,8000
SEC04222,S005,VIP,900
SEC04223,S001,Standing,22500
SEC04224,S005,Standard,4400
SEC04225,S002,Standing,17600
SEC04226,S002,Standard,5200
SEC04227,S003,VIP,300
SEC04228,S001,Standard,3300
SEC04229,S001,Economy,10300
SEC04230,S005,VIP,200
SEC04231,S002,VIP,200
SEC04232,S005,Economy,14400
SEC04233,S003,Standard,3300
SEC04234,S004,Standing,20200
SEC04235,S001,Standing,17100
SEC04236,S002,Standing,27300
SEC04237,S005,Standing,19600
SEC04238,S002,Standard,5600
SEC04239,S001,Economy,14300
SEC04240,S003,Standing,27300
SEC04241,S005,VIP,500
SEC04242,S004,Economy,7700
SEC04243,S002,VIP,200
SEC04244,S005,Economy,9500
SEC04245,S004,Economy,10800
SEC04246,S005,Standing,12700
SEC04247,S004,Economy,14800
SEC04248,S003,Standard,2100
SEC04249,S002,Standard,5500
SEC04250,S004,VIP,300
SEC04251,S004,Standard,3300
SEC04252,S004,Economy,11800
SEC04253,S003,Standard,5900
SEC04254,S003,Economy,13500
SEC04255,S004,Economy,6800
SEC04256,S002,Economy,11800
SEC04257,S005,VIP,100
SEC04258,S002,Standard,3600
SEC04259,S004,Economy,12500
SEC04260,S005,Economy,10600
SEC04261,S003,Standard,3800
SEC04262,S001,Standing,25300
SEC04263,S002,Standing,18200
SEC04264,S004,Standard,4100
SEC04265,S002,Economy,13300
SEC04266,S001,Standing,24900
SEC04267,S002,Standing,25600
SEC04268,S005,Standard,4500
SEC04269,S003,Standard,4400
SEC04270,S001,VIP,800
SEC04271,S001,Standing,21900
SEC04272,S001,Economy,9100
SEC04273,S003,Economy,13400
SEC04274,S004,VIP,700
SEC04275,S001,VIP,1000
SEC04276,S002,Standing,26000
SEC04277,S002,VIP,800
SEC04278,S001,VIP,700
SEC04279,S002,VIP,200
SEC04280,S004,VIP,300
SEC04281,S002,Standard,4700
SEC04282,S001,Economy,7700
SEC04283,S004,VIP,900
SEC04284,S002,Economy,13400
SEC04285,S003,VIP,500
SEC04286,S002,Economy,6300
SEC04287,S001,VIP,900
SEC04288,S003,Standard,2400
SEC04289,S001,Standard,5500
SEC04290,S005,Economy,8700
SEC04291,S001,Standard,5600
SEC04292,S003,Standing,29600
SEC04293,S001,VIP,400
SEC04294,S005,Standard,3100
SEC04295,S004,VIP,400
SEC04296,S002,VIP,300
SEC04297,S001,Standard,5000
SEC04298,S003,Standard,2100
SEC04299,S004,VIP,500
SEC04300,S005,VIP,800
SEC04301,S001,Standing,21200
SEC04302,S002,Standard,5000
SEC04303,S004,VIP,600
SEC04304,S003,VIP,1000
SEC04305,S003,Standard,3900
SEC04306,S005,VIP,700
SEC04307,S003,Standard,2300
SEC04308,S001,VIP,600
SEC04309,S001,Standard,3500
SEC04310,S004,Economy,6500
SEC04311,S002,Standing,27900
SEC04312,S001,Economy,8800
SEC04313,S002,Standing,13900
SEC04314,S002,Economy,11800
SEC04315,S004,Economy,7700
SEC04316,S004,Economy,8800
SEC04317,S004,Economy,12300
SEC04318,S001,Standing,19400
SEC04319,S005,Standard,2100
SEC04320,S004,Standard,5500
SEC04321,S001,VIP,400
SEC04322,S001,Economy,12600
SEC04323,S004,VIP,400
SEC04324,S004,Economy,7600
SEC04325,S002,VIP,200
SEC04326,S004,Standing,28000
SEC04327,S002,Standing,20900
SEC04328,S003,Standing,17300
SEC04329,S004,VIP,800
SEC04330,S002,Economy,13000
SEC04331,S003,Standing,15200
SEC04332,S004,Standing,26200
SEC04333,S001,Standing,24000
SEC04334,S003,Economy,5700
SEC04335,S002,Standing,15600
SEC04336,S003,Economy,6700
SEC04337,S003,Standard,2700
SEC04338,S001,Standing,28000
SEC04339,S002,Economy,6000
SEC04340,S001,Economy,10500
SEC04341,S005,VIP,400
SEC04342,S001,Economy,8100
SEC04343,S001,Standard,3500
SEC04344,S001,VIP,200
SEC04345,S002,Standard,4100
SEC04346,S001,Standard,2700
SEC04347,S001,VIP,900
SEC04348,S001,Standing,21200
SEC04349,S002,Standing,14700
SEC04350,S003,Standing,20900
SEC04351,S004,VIP,400
SEC04352,S004,VIP,1000
SEC04353,S005,VIP,700
SEC04354,S005,Standard,3900
SEC04355,S004,VIP,700
SEC04356,S003,Standard,3900
SEC04357,S004,Economy,7200
SEC04358,S003,Standing,16900
SEC04359,S003,Economy,6300
SEC04360,S002,Economy,8200
SEC04361,S002,Economy,6000
SEC04362,S002,Economy,8000
SEC04363,S004,Standard,2200
SEC04364,S002,Standard,3000
SEC04365,S003,Standing,26000
SEC04366,S005,VIP,300
SEC04367,S003,VIP,600
SEC04368,S005,Standing,23300
SEC04369,S002,Economy,8000
SEC04370,S002,Economy,10700
SEC04371,S001,Economy,9300
SEC04372,S004,Economy,7800
SEC04373,S001,Economy,6100
SEC04374,S005,Economy,7400
SEC04375,S004,Standing,12000
SEC04376,S002,Standard,2800
SEC04377,S001,Standard,3900
SEC04378,S001,Economy,10100
SEC04379,S005,Economy,11600
SEC04380,S001,VIP,800
SEC04381,S001,Standing,14100
SEC04382,S005,Standard,2800
SEC04383,S001,VIP,900
SEC04384,S001,VIP,400
SEC04385,S005,VIP,900
SEC04386,S005,Standing,29400
SEC04387,S005,Standing,18300
SEC04388,S001,Standing,10400
SEC04389,S005,VIP,200
SEC04390,S004,VIP,200
SEC04391,S005,Standing,20600
SEC04392,S002,Standard,4600
SEC04393,S002,VIP,700
SEC04394,S002,VIP,300
SEC04395,S003,Standard,5500
SEC04396,S002,Economy,13000
SEC04397,S004,VIP,400
SEC04398,S001,Standard,3100
SEC04399,S005,VIP,200
SEC04400,S002,Standing,18200
SEC04401,S005,Standing,13700
SEC04402,S001,Economy,12300
SEC04403,S002,Economy,12600
SEC04404,S004,Economy,13800
SEC04405,S003,Standing,21300
SEC04406,S005,Economy,12800
SEC04407,S004,VIP,900
SEC04408,S003,Standing,11800
SEC04409,S002,VIP,200
SEC04410,S003,Standing,12000
SEC04411,S003,Standard,5700
SEC04412,S002,Standard,4000
SEC04413,S003,Standard,4000
SEC04414,S005,Economy,7600
SEC04415,S003,Economy,9700
SEC04416,S004,Economy,8800
SEC04417,S002,VIP,100
SEC04418,S002,Economy,11000
SEC04419,S002,Economy,14300
SEC04420,S004,Economy,9700
SEC04421,S005,Economy,10800
SEC04422,S002,Standing,22600
SEC04423,S005,Standard,4100
SEC04424,S004,Standard,5200
SEC04425,S003,Standard,3400
SEC04426,S001,Standard,3300
SEC04427,S002,Standard,5100
SEC04428,S001,Standard,3000
SEC04429,S003,Economy,8900
SEC04430,S005,Standard,2500
SEC04431,S003,VIP,600
SEC04432,S003,Economy,5800
SEC04433,S005,Economy,11000
SEC04434,S001,Standard,4200
SEC04435,S003,VIP,200
SEC04436,S003,VIP,200
SEC04437,S004,Standing,14200
SEC04438,S005,Standing,18900
SEC04439,S001,VIP,800
SEC04440,S002,Standing,26400
SEC04441,S005,Standing,17400
SEC04442,S003,Standing,28400
SEC04443,S005,VIP,600
SEC04444,S002,VIP,800
SEC04445,S003,VIP,900
SEC04446,S004,Economy,6500
SEC04447,S002,Economy,8100
SEC04448,S002,Economy,11400
SEC04449,S004,Economy,14200
SEC04450,S004,Economy,10300
SEC04451,S003,VIP,900
SEC04452,S005,Standard,5100
SEC04453,S003,Standing,15100
SEC04454,S002,VIP,400
SEC04455,S001,Standing,13800
SEC04456,S004,Economy,8500
SEC04457,S003,Economy,7800
SEC04458,S005,VIP,700
SEC04459,S005,Economy,12200
SEC04460,S005,Standing,10200
SEC04461,S005,Standard,4400
SEC04462,S002,VIP,700
SEC04463,S004,Economy,10600
SEC04464,S001,Economy,11900
SEC04465,S003,Economy,5400
SEC04466,S003,Standard,5000
SEC04467,S001,Standard,5700
SEC04468,S004,VIP,800
SEC04469,S002,VIP,600
SEC04470,S004,VIP,500
SEC04471,S003,Standard,2400
SEC04472,S001,VIP,200
SEC04473,S001,Standard,2400
SEC04474,S004,Standard,3000
SEC04475,S003,VIP,700
SEC04476,S005,VIP,600
SEC04477,S001,Standing,27500
SEC04478,S002,Standing,27200
SEC04479,S003,Standard,4500
SEC04480,S003,Standard,3800
SEC04481,S003,Economy,14700
SEC04482,S003,Standing,13400
SEC04483,S003,Economy,9100
SEC04484,S002,Economy,13400
SEC04485,S003,Economy,11000
SEC04486,S003,Standing,11300
SEC04487,S005,Economy,10300
SEC04488,S003,Economy,14400
SEC04489,S005,Standing,23200
SEC04490,S002,Standing,25100
SEC04491,S004,VIP,500
SEC04492,S005,VIP,1000
SEC04493,S005,VIP,800
SEC04494,S002,Economy,6700
SEC04495,S002,Standing,13500
SEC04496,S001,Economy,14200
SEC04497,S001,Standing,14600
SEC04498,S002,Standing,27800
SEC04499,S003,Standing,24000
SEC04500,S004,VIP,600
SEC04501,S002,Economy,10300
SEC04502,S003,VIP,900
SEC04503,S002,VIP,800
SEC04504,S004,Standard,5200
SEC04505,S002,VIP,800
SEC04506,S003,VIP,300
SEC04507,S005,VIP,600
SEC04508,S001,Economy,6000
SEC04509,S004,Standing,21500
SEC04510,S002,Standing,13200
SEC04511,S004,VIP,200
SEC04512,S005,Standing,20800
SEC04513,S001,Standing,25500
SEC04514,S002,Economy,12400
SEC04515,S001,Economy,10200
SEC04516,S001,Standard,5400
SEC04517,S004,Standard,5000
SEC04518,S002,Standard,2800
SEC04519,S005,VIP,600
SEC04520,S003,VIP,900
SEC04521,S005,Standing,21600
SEC04522,S003,Standard,3500
SEC04523,S001,Economy,11600
SEC04524,S005,Standing,26600
SEC04525,S002,VIP,800
SEC04526,S005,Economy,7900
SEC04527,S004,VIP,500
SEC04528,S002,Standard,2500
SEC04529,S002,Standard,5500
SEC04530,S003,VIP,700
SEC04531,S004,VIP,100
SEC04532,S001,VIP,800
SEC04533,S001,VIP,900
SEC04534,S005,Standard,2600
SEC04535,S002,Standing,22400
SEC04536,S003,Standing,27200
SEC04537,S003,Standing,29900
SEC04538,S004,Standard,4900
SEC04539,S002,Standing,12500
SEC04540,S003,Standard,5800
SEC04541,S004,VIP,900
SEC04542,S004,Standing,18100
SEC04543,S004,Standing,18800
SEC04544,S003,Standing,20700
SEC04545,S004,Standing,21300
SEC04546,S003,Standing,17500
SEC04547,S005,VIP,600
SEC04548,S005,Standard,2800
SEC04549,S005,Standard,4600
SEC04550,S005,Economy,5500
SEC04551,S004,VIP,100
SEC04552,S003,Standard,5000
SEC04553,S002,VIP,500
SEC04554,S004,Economy,8800
SEC04555,S003,VIP,700
SEC04556,S003,Economy,9200
SEC04557,S002,Standing,23800
SEC04558,S004,Standard,5400
SEC04559,S003,Standard,5600
SEC04560,S001,Standard,3400
SEC04561,S004,Standard,4600
SEC04562,S002,Economy,7000
SEC04563,S001,VIP,400
SEC04564,S005,Standard,2600
SEC04565,S004,Economy,11800
SEC04566,S003,Standard,3000
SEC04567,S002,Standard,4900
SEC04568,S001,Standard,5000
SEC04569,S001,Economy,8700
SEC04570,S004,Standing,19600
SEC04571,S004,VIP,100
SEC04572,S004,Economy,8100
SEC04573,S003,Standard,4700
SEC04574,S005,VIP,100
SEC04575,S004,Economy,7400
SEC04576,S001,Economy,13800
SEC04577,S003,VIP,600
SEC04578,S001,Standard,2200
SEC04579,S001,Economy,11900
SEC04580,S004,VIP,400
SEC04581,S003,VIP,600
SEC04582,S002,VIP,700
SEC04583,S004,Standard,5000
SEC04584,S005,Standing,15000
SEC04585,S001,VIP,600
SEC04586,S002,VIP,200
SEC04587,S002,Standard,2600
SEC04588,S001,Economy,13000
SEC04589,S003,Economy,14300
SEC04590,S001,VIP,700
SEC04591,S004,Standing,16800
SEC04592,S003,Standard,4600
SEC04593,S003,VIP,900
SEC04594,S004,VIP,700
SEC04595,S002,Economy,7000
SEC04596,S002,Economy,6000
SEC04597,S002,Standing,28700
SEC04598,S004,Standing,21000
SEC04599,S001,VIP,400
SEC04600,S001,Standard,4100
SEC04601,S003,Standard,2100
SEC04602,S003,VIP,500
SEC04603,S004,Standard,2700
SEC04604,S001,Economy,14700
SEC04605,S005,Standing,16400
SEC04606,S005,Economy,13200
SEC04607,S004,VIP,500
SEC04608,S001,VIP,700
SEC04609,S001,Economy,12300
SEC04610,S005,Standing,26700
SEC04611,S005,Standard,5300
SEC04612,S001,VIP,800
SEC04613,S004,VIP,300
SEC04614,S004,Economy,12500
SEC04615,S005,Standard,5900
SEC04616,S002,VIP,200
SEC04617,S004,Economy,8400
SEC04618,S004,Economy,12400
SEC04619,S005,VIP,800
SEC04620,S005,Standard,4900
SEC04621,S001,Standing,19400
SEC04622,S004,Economy,7200
SEC04623,S005,Economy,6800
SEC04624,S004,Economy,10100
SEC04625,S005,VIP,300
SEC04626,S004,Standard,3600
SEC04627,S001,Standing,22500
SEC04628,S003,Standard,4400
SEC04629,S005,VIP,1000
SEC04630,S002,Standing,22600
SEC04631,S003,Standard,5000
SEC04632,S004,Standard,2300
SEC04633,S002,Standard,4000
SEC04634,S002,Economy,12800
SEC04635,S004,Standing,20600
SEC04636,S004,VIP,300
SEC04637,S002,Standing,14700
SEC04638,S003,Standing,29300
SEC04639,S003,Economy,7900
SEC04640,S004,Standard,3300
SEC04641,S002,Standard,5000
SEC04642,S004,Economy,11300
SEC04643,S004,VIP,400
SEC04644,S001,Standing,14800
SEC04645,S005,VIP,900
SEC04646,S001,Standing,21800
SEC04647,S002,Economy,13700
SEC04648,S002,Standing,28500
SEC04649,S004,Standard,5000
SEC04650,S005,VIP,700
SEC04651,S005,Economy,13500
SEC04652,S003,VIP,400
SEC04653,S003,Standard,3800
SEC04654,S005,Economy,13300
SEC04655,S002,VIP,300
SEC04656,S001,VIP,300
SEC04657,S005,Economy,5600
SEC04658,S001,Economy,7400
SEC04659,S003,Standard,5700
SEC04660,S003,VIP,1000
SEC04661,S005,Economy,8100
SEC04662,S005,VIP,500
SEC04663,S004,Standing,21700
SEC04664,S003,VIP,700
SEC04665,S001,Standard,2600
SEC04666,S002,Standing,19300
SEC04667,S004,Standard,2300
SEC04668,S005,Standing,27600
SEC04669,S004,Standing,23600
SEC04670,S002,Standard,4500
SEC04671,S003,Standing,21100
SEC04672,S005,Economy,13100
SEC04673,S003,Standard,4300
SEC04674,S002,Standard,2500
SEC04675,S005,Standing,15800
SEC04676,S002,Economy,12300
SEC04677,S004,Standard,4500
SEC04678,S002,Standing,29200
SEC04679,S004,Standard,2700
SEC04680,S003,Economy,8800
SEC04681,S004,Standard,2100
SEC04682,S002,Economy,14800
SEC04683,S003,Standard,5700
SEC04684,S002,VIP,300
SEC04685,S001,Standing,19500
SEC04686,S001,Economy,11000
SEC04687,S005,Economy,9700
SEC04688,S001,Standard,2600
SEC04689,S003,Economy,9200
SEC04690,S004,VIP,100
SEC04691,S004,Standing,13000
SEC04692,S005,Economy,6000
SEC04693,S004,Standing,12700
SEC04694,S001,Standard,2400
SEC04695,S005,VIP,400
SEC04696,S004,VIP,500
SEC04697,S003,Standing,12900
SEC04698,S005,Economy,8500
SEC04699,S001,Standing,29100
SEC04700,S003,VIP,200
SEC04701,S002,Economy,15000
SEC04702,S003,Standard,5400
SEC04703,S005,Standing,25800
SEC04704,S005,Standing,17700
SEC04705,S003,Economy,9900
SEC04706,S003,Standard,5400
SEC04707,S004,Standard,5800
SEC04708,S003,VIP,600
SEC04709,S004,VIP,900
SEC04710,S001,Economy,6100
SEC04711,S003,Standard,3500
SEC04712,S005,Standing,24400
SEC04713,S005,Standard,6000
SEC04714,S005,VIP,600
SEC04715,S002,VIP,800
SEC04716,S003,VIP,200
SEC04717,S004,Standing,16600
SEC04718,S003,VIP,200
SEC04719,S005,Standard,4900
SEC04720,S003,Standing,24200
SEC04721,S004,VIP,1000
SEC04722,S004,VIP,800
SEC04723,S005,VIP,600
SEC04724,S004,VIP,700
SEC04725,S004,Economy,9500
SEC04726,S004,Economy,12400
SEC04727,S004,Economy,8700
SEC04728,S004,VIP,700
SEC04729,S004,Standing,19700
SEC04730,S002,Standing,16500
SEC04731,S004,Standing,29300
SEC04732,S001,Standing,14300
SEC04733,S005,Economy,12700
SEC04734,S003,VIP,300
SEC04735,S005,VIP,500
SEC04736,S003,Standing,26400
SEC04737,S005,VIP,1000
SEC04738,S004,Standing,19000
SEC04739,S002,Standing,26100
SEC04740,S004,Economy,12900
SEC04741,S003,Standard,2700
SEC04742,S001,Standard,5400
SEC04743,S001,Standing,25400
SEC04744,S005,Economy,12400
SEC04745,S004,Standard,4100
SEC04746,S004,Standard,5700
SEC04747,S004,Standard,5800
SEC04748,S001,Standing,18000
SEC04749,S003,VIP,900
SEC04750,S005,VIP,100
SEC04751,S002,Standing,27000
SEC04752,S001,Standard,4100
SEC04753,S002,Standard,4600
SEC04754,S003,Standing,26500
SEC04755,S003,Economy,14400
SEC04756,S003,VIP,600
SEC04757,S003,Standard,4800
SEC04758,S003,Economy,12800
SEC04759,S004,Economy,6000
SEC04760,S003,VIP,500
SEC04761,S002,Standing,18700
SEC04762,S004,Economy,8900
SEC04763,S005,VIP,500
SEC04764,S003,Economy,11900
SEC04765,S002,Standing,10000
SEC04766,S003,Standing,29200
SEC04767,S005,VIP,500
SEC04768,S002,Standard,5100
SEC04769,S002,Standing,15400
SEC04770,S002,Economy,7800
SEC04771,S001,VIP,800
SEC04772,S005,VIP,400
SEC04773,S004,Standing,15200
SEC04774,S004,Standing,11400
SEC04775,S003,Standard,4100
SEC04776,S005,Standing,28200
SEC04777,S004,Economy,6700
SEC04778,S004,Standing,23800
SEC04779,S002,Economy,14400
SEC04780,S002,Standing,23400
SEC04781,S002,Economy,8700
SEC04782,S002,Standard,3200
SEC04783,S005,VIP,800
SEC04784,S005,Standard,5800
SEC04785,S005,Economy,7300
SEC04786,S004,Standing,26600
SEC04787,S005,Economy,11800
SEC04788,S001,Economy,14400
SEC04789,S004,Standard,4100
SEC04790,S002,VIP,900
SEC04791,S005,Standing,21000
SEC04792,S003,Economy,7300
SEC04793,S004,Standing,26100
SEC04794,S001,Economy,13300
SEC04795,S004,VIP,400
SEC04796,S004,Standing,28900
SEC04797,S001,Standing,11500
SEC04798,S004,Economy,5600
SEC04799,S004,Standard,4300
SEC04800,S005,Standard,5500
SEC04801,S004,Standard,6000
SEC04802,S001,VIP,400
SEC04803,S003,Economy,7700
SEC04804,S003,Standing,15300
SEC04805,S003,Standard,6000
SEC04806,S001,Economy,13200
SEC04807,S002,Standing,18400
SEC04808,S003,Standard,2100
SEC04809,S005,Standing,13400
SEC04810,S004,Standard,2500
SEC04811,S002,Standard,3900
SEC04812,S004,Standard,2300
SEC04813,S003,Economy,7600
SEC04814,S004,Standard,2700
SEC04815,S003,Standard,2200
SEC04816,S001,Standard,2500
SEC04817,S004,Economy,7800
SEC04818,S001,Standard,5400
SEC04819,S002,Standing,15400
SEC04820,S005,Economy,6500
SEC04821,S003,Standard,4900
SEC04822,S003,VIP,200
SEC04823,S003,Standard,4000
SEC04824,S004,VIP,800
SEC04825,S003,Standing,10700
SEC04826,S002,Standard,4400
SEC04827,S004,Economy,8000
SEC04828,S004,Standard,3700
SEC04829,S004,Economy,11500
SEC04830,S002,Standard,3500
SEC04831,S002,Standing,18200
SEC04832,S002,VIP,400
SEC04833,S005,Economy,5000
SEC04834,S002,VIP,300
SEC04835,S005,VIP,1000
SEC04836,S001,Economy,12500
SEC04837,S003,Standard,2800
SEC04838,S002,VIP,500
SEC04839,S002,Standing,10200
SEC04840,S005,VIP,700
SEC04841,S005,Economy,7700
SEC04842,S002,Standing,23100
SEC04843,S003,Standing,18100
SEC04844,S003,Standard,4200
SEC04845,S001,Economy,15000
SEC04846,S002,Economy,6400
SEC04847,S004,Standard,3700
SEC04848,S003,Standing,28100
SEC04849,S002,Standing,17400
SEC04850,S003,Standing,24200
SEC04851,S001,Standing,25700
SEC04852,S005,Standing,26500
SEC04853,S005,Economy,7200
SEC04854,S004,Standard,3700
SEC04855,S003,Standard,4500
SEC04856,S005,Economy,7300
SEC04857,S001,Standing,13800
SEC04858,S003,VIP,700
SEC04859,S001,Economy,6000
SEC04860,S003,Economy,7600
SEC04861,S004,Economy,10700
SEC04862,S001,Standard,5300
SEC04863,S005,Standard,4000
SEC04864,S003,VIP,700
SEC04865,S002,VIP,100
SEC04866,S002,VIP,500
SEC04867,S004,VIP,900
SEC04868,S002,Economy,6500
SEC04869,S003,VIP,900
SEC04870,S003,Economy,12600
SEC04871,S003,Standing,14600
SEC04872,S005,Standard,3400
SEC04873,S001,Economy,9200
SEC04874,S003,VIP,100
SEC04875,S005,VIP,800
SEC04876,S002,Economy,11800
SEC04877,S004,Standing,13800
SEC04878,S002,Standard,2100
SEC04879,S003,VIP,700
SEC04880,S005,VIP,500
SEC04881,S005,Standing,19200
SEC04882,S005,Standard,5200
SEC04883,S003,Standard,3300
SEC04884,S005,VIP,200
SEC04885,S001,Economy,10000
SEC04886,S003,VIP,100
SEC04887,S002,VIP,500
SEC04888,S005,Economy,5600
SEC04889,S005,Economy,12200
SEC04890,S005,Economy,10200
SEC04891,S003,VIP,700
SEC04892,S002,Economy,9900
SEC04893,S002,Economy,12800
SEC04894,S002,Standard,5900
SEC04895,S001,Standard,5500
SEC04896,S003,Economy,12100
SEC04897,S002,Standing,22200
SEC04898,S003,Standing,20000
SEC04899,S005,Economy,7600
SEC04900,S001,Standard,2200
SEC04901,S003,Standard,5100
SEC04902,S003,Economy,7300
SEC04903,S002,Economy,11700
SEC04904,S005,Economy,11600
SEC04905,S001,Standard,2900
SEC04906,S004,Standard,3600
SEC04907,S001,Economy,14200
SEC04908,S004,VIP,800
SEC04909,S004,Standard,2100
SEC04910,S005,Economy,6700
SEC04911,S002,Standard,2500
SEC04912,S003,VIP,200
SEC04913,S001,Economy,11700
SEC04914,S001,VIP,600
SEC04915,S005,Standing,13000
SEC04916,S001,Standard,3100
SEC04917,S005,Economy,11600
SEC04918,S005,VIP,1000
SEC04919,S003,VIP,200
SEC04920,S001,Standing,15300
SEC04921,S005,VIP,900
SEC04922,S004,Standard,5500
SEC04923,S005,Standard,3800
SEC04924,S002,VIP,800
SEC04925,S004,VIP,600
SEC04926,S001,Standard,4300
SEC04927,S004,Standard,2200
SEC04928,S002,Economy,7000
SEC04929,S005,Economy,8500
SEC04930,S003,Economy,9300
SEC04931,S005,Standing,22000
SEC04932,S001,Standing,21900
SEC04933,S002,Standard,5700
SEC04934,S001,VIP,700
SEC04935,S005,Economy,8300
SEC04936,S001,Economy,8000
SEC04937,S001,Standing,16200
SEC04938,S005,Standard,3500
SEC04939,S001,VIP,800
SEC04940,S001,Economy,8900
SEC04941,S005,Economy,12000
SEC04942,S005,Standard,5000
SEC04943,S004,Standing,15000
SEC04944,S001,Economy,9700
SEC04945,S004,Economy,5100
SEC04946,S001,Standing,12500
SEC04947,S005,Economy,6700
SEC04948,S002,Economy,8300
SEC04949,S004,Economy,12000
SEC04950,S003,Economy,11000
SEC04951,S001,Standard,4000
SEC04952,S001,Standard,3100
SEC04953,S003,Economy,8900
SEC04954,S002,Standard,5800
SEC04955,S005,Standing,11200
SEC04956,S003,Standard,3800
SEC04957,S003,VIP,300
SEC04958,S005,Economy,6600
SEC04959,S002,Economy,8700
SEC04960,S005,VIP,500
SEC04961,S004,VIP,500
SEC04962,S001,VIP,300
SEC04963,S001,Economy,8400
SEC04964,S005,VIP,800
SEC04965,S004,Economy,13700
SEC04966,S003,Economy,8400
SEC04967,S004,VIP,900
SEC04968,S003,Standing,12300
SEC04969,S004,Standing,28400
SEC04970,S004,VIP,500
SEC04971,S004,Standard,3800
SEC04972,S001,Standing,26400
SEC04973,S002,VIP,600
SEC04974,S002,Standing,14400
SEC04975,S002,Standing,20700
SEC04976,S002,Standing,14100
SEC04977,S004,Standing,29100
SEC04978,S005,Standard,4100
SEC04979,S003,Standing,12400
SEC04980,S005,Economy,10500
SEC04981,S001,Economy,8000
SEC04982,S005,Standard,2300
SEC04983,S001,Standard,3700
SEC04984,S001,VIP,500
SEC04985,S002,Economy,8100
SEC04986,S002,Standard,3900
SEC04987,S005,VIP,100
SEC04988,S001,Standard,3500
SEC04989,S001,Standing,27300
SEC04990,S001,Standing,12600
SEC04991,S001,Economy,6600
SEC04992,S005,VIP,400
SEC04993,S002,Economy,9000
SEC04994,S004,Standard,4700
SEC04995,S004,Standing,17600
SEC04996,S003,Standing,11600
SEC04997,S002,Standard,4400
SEC04998,S001,Standard,2500
SEC04999,S004,Standing,29800
SEC05000,S002,Economy,9100
SEC05001,S002,Standard,3600
SEC05002,S005,VIP,200
SEC05003,S004,Economy,13100
SEC05004,S004,VIP,800
SEC05005,S001,VIP,400
SEC05006,S001,VIP,100
SEC05007,S003,Economy,9700
SEC05008,S002,Economy,11400
SEC05009,S004,Economy,10600
SEC05010,S001,VIP,800
SEC05011,S002,Economy,7200
SEC05012,S005,Standard,3200
SEC05013,S004,Standard,3500
SEC05014,S003,VIP,500
SEC05015,S001,Economy,6100
SEC05016,S004,Economy,14500
SEC05017,S003,Economy,7000
SEC05018,S002,Standard,4900
SEC05019,S001,Standing,13400
SEC05020,S003,Standing,25000
SEC05021,S005,Economy,9600
SEC05022,S005,Standing,27200
SEC05023,S003,Standing,20400
SEC05024,S005,Standing,16200
SEC05025,S002,Standard,3100
SEC05026,S005,Standing,22500
SEC05027,S004,Standing,13300
SEC05028,S002,Standard,5100
SEC05029,S004,Standing,17900
SEC05030,S005,Economy,12400
SEC05031,S005,VIP,200
SEC05032,S001,Standard,2200
SEC05033,S001,Standard,3200
SEC05034,S001,Economy,9000
SEC05035,S004,Economy,11800
SEC05036,S004,Standard,4600
SEC05037,S002,Standing,18700
SEC05038,S005,Standard,5600
SEC05039,S004,Standing,15200
SEC05040,S003,Economy,8600
SEC05041,S005,Standing,16100
SEC05042,S005,VIP,500
SEC05043,S005,Economy,14900
SEC05044,S005,Standard,3900
SEC05045,S005,VIP,500
SEC05046,S004,Standard,3300
SEC05047,S001,Economy,6100
SEC05048,S004,Standing,23100
SEC05049,S004,VIP,700
SEC05050,S003,VIP,600
SEC05051,S001,VIP,800
SEC05052,S002,Standing,19900
SEC05053,S004,Standard,3100
SEC05054,S003,Economy,14100
SEC05055,S005,Economy,5300
SEC05056,S003,Standard,3900
SEC05057,S003,Economy,10500
SEC05058,S005,VIP,600
SEC05059,S004,Economy,13800
SEC05060,S002,Standing,25000
SEC05061,S003,Economy,11900
SEC05062,S001,Economy,11400
SEC05063,S005,VIP,500
SEC05064,S003,Standing,25200
SEC05065,S001,Economy,10800
SEC05066,S005,Standing,22800
SEC05067,S004,Standard,5500
SEC05068,S002,Standing,19400
SEC05069,S005,Economy,7700
SEC05070,S001,Standard,3200
SEC05071,S003,VIP,100
SEC05072,S001,Economy,7600
SEC05073,S004,Standard,4500
SEC05074,S002,Standard,2100
SEC05075,S005,Economy,9000
SEC05076,S005,VIP,400
SEC05077,S002,Economy,6400
SEC05078,S004,Standing,20900
SEC05079,S004,VIP,400
SEC05080,S003,Economy,7300
SEC05081,S003,Economy,10100
SEC05082,S005,Standard,3500
SEC05083,S002,VIP,800
SEC05084,S002,Economy,6200
SEC05085,S003,Standing,29300
SEC05086,S001,Economy,12900
SEC05087,S005,VIP,500
SEC05088,S004,VIP,400
SEC05089,S003,Economy,10300
SEC05090,S002,Standing,24700
SEC05091,S001,Standing,28500
SEC05092,S004,VIP,200
SEC05093,S003,Standard,5300
SEC05094,S001,VIP,400
SEC05095,S002,Standing,26300
SEC05096,S002,Standard,4800
SEC05097,S003,Standard,2700
SEC05098,S005,Economy,8600
SEC05099,S001,Economy,12800
SEC05100,S001,Economy,9500
SEC05101,S001,Standard,6000
SEC05102,S005,VIP,700
SEC05103,S003,Standard,4900
SEC05104,S004,Economy,6600
SEC05105,S005,Standard,5900
SEC05106,S003,Economy,8400
SEC05107,S004,VIP,700
SEC05108,S002,Economy,9300
SEC05109,S001,Economy,10100
SEC05110,S002,Standard,5100
SEC05111,S004,VIP,200
SEC05112,S002,Standing,20200
SEC05113,S005,Standard,5800
SEC05114,S005,Standard,2200
SEC05115,S001,Standing,21500
SEC05116,S003,VIP,500
SEC05117,S001,Standard,2400
SEC05118,S005,Standard,2700
SEC05119,S003,Economy,11000
SEC05120,S003,VIP,400
SEC05121,S002,Economy,10800
SEC05122,S005,Standing,21100
SEC05123,S005,Standing,25900
SEC05124,S005,Economy,6600
SEC05125,S003,VIP,900
SEC05126,S001,VIP,300
SEC05127,S001,VIP,1000
SEC05128,S003,Standing,29600
SEC05129,S005,Standard,2400
SEC05130,S005,Standing,20000
SEC05131,S002,VIP,400
SEC05132,S003,Standing,12100
SEC05133,S002,VIP,700
SEC05134,S005,Standard,3400
SEC05135,S002,Economy,10600
SEC05136,S002,VIP,1000
SEC05137,S003,Standing,18900
SEC05138,S001,Standing,21100
SEC05139,S001,Economy,5200
SEC05140,S002,Economy,9400
SEC05141,S005,VIP,400
SEC05142,S005,Economy,13100
SEC05143,S004,Economy,7600
SEC05144,S003,Economy,12300
SEC05145,S004,Standing,25600
SEC05146,S005,Economy,6300
SEC05147,S001,VIP,800
SEC05148,S004,VIP,100
SEC05149,S002,Economy,14000
SEC05150,S003,Standing,22800
SEC05151,S003,Standard,5100
SEC05152,S004,Standard,2700
SEC05153,S001,VIP,1000
SEC05154,S001,VIP,800
SEC05155,S004,Standard,2500
SEC05156,S005,VIP,700
SEC05157,S004,Standard,2900
SEC05158,S001,Economy,9700
SEC05159,S004,Standard,4300
SEC05160,S002,Economy,13700
SEC05161,S002,Economy,10700
SEC05162,S003,VIP,900
SEC05163,S005,VIP,800
SEC05164,S005,Economy,6900
SEC05165,S001,VIP,700
SEC05166,S001,VIP,600
SEC05167,S005,Economy,5100
SEC05168,S003,VIP,600
SEC05169,S004,Economy,13100
SEC05170,S005,Standard,2300
SEC05171,S004,Standing,24700
SEC05172,S004,VIP,300
SEC05173,S003,VIP,900
SEC05174,S003,Standard,2600
SEC05175,S004,Standing,11500
SEC05176,S002,VIP,900
SEC05177,S003,Economy,13000
SEC05178,S005,VIP,600
SEC05179,S005,Economy,13900
SEC05180,S004,Standing,19800
SEC05181,S003,Economy,9400
SEC05182,S003,Standard,5600
SEC05183,S001,Standing,23700
SEC05184,S005,Standard,5400
SEC05185,S004,Standard,4000
SEC05186,S002,Standing,13400
SEC05187,S002,Economy,12700
SEC05188,S004,VIP,900
SEC05189,S001,Standing,24400
SEC05190,S002,Economy,11400
SEC05191,S005,Standard,5500
SEC05192,S002,VIP,600
SEC05193,S002,VIP,600
SEC05194,S001,Standard,2900
SEC05195,S003,VIP,300
SEC05196,S004,VIP,600
SEC05197,S005,Standing,24600
SEC05198,S003,Standard,5400
SEC05199,S001,VIP,200
SEC05200,S002,Standard,2000
SEC05201,S003,Standard,4300
SEC05202,S001,Standard,2600
SEC05203,S004,Standing,19300
SEC05204,S002,VIP,400
SEC05205,S003,Standing,24900
SEC05206,S005,Economy,14300
SEC05207,S002,Standard,3100
SEC05208,S005,Economy,12100
SEC05209,S001,VIP,300
SEC05210,S002,Standard,2000
SEC05211,S005,Standing,22800
SEC05212,S004,VIP,900
SEC05213,S003,Economy,11400
SEC05214,S005,VIP,600
SEC05215,S001,VIP,200
SEC05216,S003,Standard,3300
SEC05217,S003,Standard,4000
SEC05218,S005,Economy,11000
SEC05219,S001,Standing,25300
SEC05220,S004,Standard,5000
SEC05221,S004,Standard,5300
SEC05222,S005,VIP,200
SEC05223,S001,VIP,700
SEC05224,S003,Standard,2300
SEC05225,S005,VIP,200
SEC05226,S001,Standard,5700
SEC05227,S003,Economy,11400
SEC05228,S004,Standard,3800
SEC05229,S001,VIP,300
SEC05230,S002,Standing,17700
SEC05231,S002,VIP,100
SEC05232,S003,Economy,7300
SEC05233,S002,Standing,20800
SEC05234,S003,Standing,15300
SEC05235,S004,Standing,23400
SEC05236,S002,Economy,11100
SEC05237,S005,Standard,3000
SEC05238,S002,Standing,22200
SEC05239,S002,Economy,14900
SEC05240,S005,Standing,24200
SEC05241,S005,VIP,100
SEC05242,S001,VIP,600
SEC05243,S003,Standard,2000
SEC05244,S004,Standing,29700
SEC05245,S002,VIP,800
SEC05246,S005,VIP,100
SEC05247,S002,Standard,4600
SEC05248,S001,VIP,900
SEC05249,S004,Standard,4500
SEC05250,S004,Economy,13900
SEC05251,S004,VIP,800
SEC05252,S001,Standing,28400
SEC05253,S004,Standard,2100
SEC05254,S003,Standard,5800
SEC05255,S004,Economy,13200
SEC05256,S001,Standard,2000
SEC05257,S004,Standard,3500
SEC05258,S004,Standard,6000
SEC05259,S005,Standard,2300
SEC05260,S002,Standard,3800
SEC05261,S004,VIP,700
SEC05262,S002,Standing,14900
SEC05263,S001,Standing,15300
SEC05264,S003,Economy,9800
SEC05265,S004,Economy,6300
SEC05266,S001,Economy,11400
SEC05267,S004,Standard,3100
SEC05268,S001,Standing,15200
SEC05269,S002,VIP,700
SEC05270,S004,Economy,13600
SEC05271,S005,Economy,7500
SEC05272,S002,Standard,3700
SEC05273,S004,Economy,14100
SEC05274,S003,Standard,5800
SEC05275,S004,VIP,900
SEC05276,S005,Standing,29900
SEC05277,S001,VIP,900
SEC05278,S001,Standing,12100
SEC05279,S002,Standard,4500
SEC05280,S005,Standard,2700
SEC05281,S001,Standing,21700
SEC05282,S001,Standard,2600
SEC05283,S004,Standard,5200
SEC05284,S004,VIP,700
SEC05285,S001,VIP,300
SEC05286,S001,Standard,4000
SEC05287,S005,Standard,3100
SEC05288,S002,Standard,4000
SEC05289,S004,Economy,13800
SEC05290,S005,Economy,9500
SEC05291,S003,VIP,800
SEC05292,S003,Standing,11900
SEC05293,S003,Standard,2300
SEC05294,S005,VIP,500
SEC05295,S001,Standard,3400
SEC05296,S003,VIP,1000
SEC05297,S001,VIP,200
SEC05298,S001,Standard,3100
SEC05299,S005,Standing,20700
SEC05300,S003,Standing,10500
SEC05301,S004,Standard,4600
SEC05302,S004,Economy,14400
SEC05303,S001,VIP,300
SEC05304,S001,VIP,1000
SEC05305,S004,Standard,4500
SEC05306,S004,VIP,300
SEC05307,S001,Standard,4500
SEC05308,S001,Standard,4600
SEC05309,S003,Standing,24000
SEC05310,S002,Standard,2300
SEC05311,S004,Standard,2200
SEC05312,S002,VIP,400
SEC05313,S001,Standing,28500
SEC05314,S001,Economy,8400
SEC05315,S005,Economy,12900
SEC05316,S005,Standing,26900
SEC05317,S001,Standing,28700
SEC05318,S003,Standard,2600
SEC05319,S003,Economy,10600
SEC05320,S004,Standing,26700
SEC05321,S004,Standard,2100
SEC05322,S005,Economy,11100
SEC05323,S004,Standard,2400
SEC05324,S003,Economy,11500
SEC05325,S001,Standard,5600
SEC05326,S001,Standing,13000
SEC05327,S002,Economy,12200
SEC05328,S003,Economy,8000
SEC05329,S003,Standing,15900
SEC05330,S001,VIP,1000
SEC05331,S001,Standing,23300
SEC05332,S001,Standard,5000
SEC05333,S005,VIP,600
SEC05334,S004,VIP,600
SEC05335,S002,Standing,28100
SEC05336,S002,VIP,500
SEC05337,S002,Economy,10600
SEC05338,S005,Economy,13100
SEC05339,S002,VIP,500
SEC05340,S004,Standard,5600
SEC05341,S004,VIP,700
SEC05342,S002,VIP,500
SEC05343,S001,Standing,20200
SEC05344,S005,VIP,700
SEC05345,S005,Standing,21500
SEC05346,S005,Standard,5200
SEC05347,S004,Economy,5800
SEC05348,S003,Standard,2400
SEC05349,S001,VIP,1000
SEC05350,S005,Economy,11300
SEC05351,S004,Standard,5200
SEC05352,S003,Economy,10700
SEC05353,S003,Standard,4200
SEC05354,S002,Economy,5800
SEC05355,S005,Standard,2000
SEC05356,S004,Standard,5100
SEC05357,S005,Economy,6800
SEC05358,S002,Standard,3200
SEC05359,S002,Standing,25500
SEC05360,S003,Economy,7400
SEC05361,S003,Economy,6400
SEC05362,S004,Standing,24000
SEC05363,S005,Standard,3900
SEC05364,S003,Economy,7100
SEC05365,S003,Standard,2300
SEC05366,S003,VIP,800
SEC05367,S002,Standing,17800
SEC05368,S003,Standard,3000
SEC05369,S005,VIP,500
SEC05370,S005,VIP,300
SEC05371,S005,Standing,15100
SEC05372,S005,Economy,8000
SEC05373,S005,VIP,500
SEC05374,S002,VIP,200
SEC05375,S002,VIP,900
SEC05376,S004,Economy,11100
SEC05377,S005,VIP,100
SEC05378,S001,VIP,300
SEC05379,S002,Economy,6500
SEC05380,S002,Economy,5000
SEC05381,S001,VIP,900
SEC05382,S004,Standard,5200
SEC05383,S002,Standing,15000
SEC05384,S002,VIP,200
SEC05385,S003,VIP,300
SEC05386,S003,Standing,27200
SEC05387,S004,Standard,2200
SEC05388,S003,Standard,5200
SEC05389,S004,Standard,5100
SEC05390,S004,Standing,18000
SEC05391,S002,Standing,21700
SEC05392,S004,Standard,5300
SEC05393,S004,Standing,11700
SEC05394,S004,VIP,800
SEC05395,S005,VIP,500
SEC05396,S003,Standard,4800
SEC05397,S005,Standing,20800
SEC05398,S005,VIP,900
SEC05399,S002,VIP,600
SEC05400,S001,VIP,400
SEC05401,S004,VIP,900
SEC05402,S002,VIP,200
SEC05403,S001,Economy,12200
SEC05404,S001,Economy,12800
SEC05405,S004,VIP,500
SEC05406,S002,Standard,2500
SEC05407,S003,Standing,27800
SEC05408,S002,Standard,3700
SEC05409,S001,Standard,3500
SEC05410,S004,VIP,800
SEC05411,S005,Standard,4900
SEC05412,S004,VIP,300
SEC05413,S003,Standard,5100
SEC05414,S001,Standing,13000
SEC05415,S004,Standing,18200
SEC05416,S004,VIP,200
SEC05417,S005,Standing,24600
SEC05418,S005,VIP,900
SEC05419,S004,VIP,600
SEC05420,S003,Standing,15700
SEC05421,S001,Standard,2900
SEC05422,S004,Standard,2700
SEC05423,S002,Standard,2400
SEC05424,S005,Standard,2500
SEC05425,S005,Standing,10500
SEC05426,S005,Standard,5800
SEC05427,S005,VIP,300
SEC05428,S002,Economy,12300
SEC05429,S001,Standard,4400
SEC05430,S003,Standard,3700
SEC05431,S004,Economy,14200
SEC05432,S001,Economy,12800
SEC05433,S005,Economy,8000
SEC05434,S005,Economy,6100
SEC05435,S001,Standing,16200
SEC05436,S005,VIP,200
SEC05437,S005,Economy,8900
SEC05438,S005,Economy,14500
SEC05439,S004,VIP,600
SEC05440,S001,Standing,19500
SEC05441,S001,Economy,5500
SEC05442,S002,Standing,17600
SEC05443,S002,VIP,400
SEC05444,S001,VIP,800
SEC05445,S003,Standing,27500
SEC05446,S001,Economy,5700
SEC05447,S005,Economy,13200
SEC05448,S002,Standard,2900
SEC05449,S004,Standing,23400
SEC05450,S005,Economy,12900
SEC05451,S001,Standing,20300
SEC05452,S002,Standard,2600
SEC05453,S005,VIP,700
SEC05454,S002,VIP,700
SEC05455,S003,Economy,5300
SEC05456,S003,Economy,14900
SEC05457,S003,Economy,11200
SEC05458,S005,Standing,16800
SEC05459,S004,Economy,11400
SEC05460,S001,Standing,28400
SEC05461,S001,Economy,9000
SEC05462,S003,Standard,3000
SEC05463,S005,Standing,15800
SEC05464,S005,Standing,26100
SEC05465,S005,Standard,3200
SEC05466,S005,Standard,3600
SEC05467,S002,VIP,200
SEC05468,S005,Standing,18500
SEC05469,S005,Economy,10500
SEC05470,S001,VIP,600
SEC05471,S003,Standard,4300
SEC05472,S001,Economy,14800
SEC05473,S001,VIP,900
SEC05474,S005,Economy,10100
SEC05475,S005,Standing,22300
SEC05476,S004,Standing,28400
SEC05477,S004,Standard,2800
SEC05478,S003,VIP,700
SEC05479,S004,VIP,200
SEC05480,S004,VIP,800
SEC05481,S001,Standing,15700
SEC05482,S004,VIP,400
SEC05483,S002,Standing,13800
SEC05484,S003,Economy,5200
SEC05485,S001,VIP,700
SEC05486,S004,Economy,5200
SEC05487,S005,Standard,5900
SEC05488,S002,Standard,3100
SEC05489,S004,Economy,14000
SEC05490,S003,VIP,800
SEC05491,S001,Standard,3300
SEC05492,S001,VIP,600
SEC05493,S001,Standing,11900
SEC05494,S001,VIP,200
SEC05495,S003,Standing,19800
SEC05496,S002,Standard,2600
SEC05497,S001,Standing,19400
SEC05498,S004,Standard,2700
SEC05499,S001,Standing,17400
SEC05500,S005,Standard,6000
SEC05501,S002,VIP,400
SEC05502,S001,Standing,23000
SEC05503,S005,Standing,14700
SEC05504,S005,Standing,11000
SEC05505,S001,Standing,15100
SEC05506,S001,Standard,3400
SEC05507,S001,Economy,7200
SEC05508,S003,Standing,24000
SEC05509,S001,Economy,11700
SEC05510,S004,VIP,600
SEC05511,S001,Standing,11300
SEC05512,S005,Economy,8300
SEC05513,S005,Standing,27100
SEC05514,S001,Standard,5400
SEC05515,S004,VIP,100
SEC05516,S001,VIP,300
SEC05517,S003,Standard,5000
SEC05518,S005,Economy,7800
SEC05519,S001,VIP,600
SEC05520,S004,VIP,500
SEC05521,S001,VIP,700
SEC05522,S003,Standing,19300
SEC05523,S004,Standard,5200
SEC05524,S002,Economy,15000
SEC05525,S005,Economy,7000
SEC05526,S005,Economy,7800
SEC05527,S005,Standard,2600
SEC05528,S005,VIP,1000
SEC05529,S004,VIP,600
SEC05530,S005,Economy,10700
SEC05531,S003,Standing,29300
SEC05532,S001,VIP,500
SEC05533,S005,Standing,13400
SEC05534,S003,Standing,26300
SEC05535,S003,Standard,4300
SEC05536,S004,VIP,300
SEC05537,S004,Economy,8800
SEC05538,S005,VIP,200
SEC05539,S005,Economy,13600
SEC05540,S004,VIP,800
SEC05541,S005,VIP,300
SEC05542,S004,Standard,4400
SEC05543,S001,VIP,400
SEC05544,S002,Standing,20400
SEC05545,S004,Standard,2700
SEC05546,S003,Economy,8300
SEC05547,S005,Standard,2300
SEC05548,S004,Economy,10200
SEC05549,S004,Standard,3100
SEC05550,S003,Standing,29700
SEC05551,S004,Economy,8400
SEC05552,S001,VIP,800
SEC05553,S002,Standing,15800
SEC05554,S003,Standing,17500
SEC05555,S004,Standard,4800
SEC05556,S001,Standard,4800
SEC05557,S003,Standard,3100
SEC05558,S003,Standing,10600
SEC05559,S003,VIP,700
SEC05560,S002,Economy,6300
SEC05561,S001,VIP,400
SEC05562,S001,VIP,100
SEC05563,S003,VIP,300
SEC05564,S004,Standing,25200
SEC05565,S005,Standard,3000
SEC05566,S001,Economy,9800
SEC05567,S001,Economy,10000
SEC05568,S005,Standard,5000
SEC05569,S004,Standing,11200
SEC05570,S003,Economy,14500
SEC05571,S003,Economy,11300
SEC05572,S005,Standing,15500
SEC05573,S003,Standard,3800
SEC05574,S004,Economy,9000
SEC05575,S002,Standing,26100
SEC05576,S005,VIP,300
SEC05577,S001,Economy,12100
SEC05578,S004,Standing,27000
SEC05579,S003,Economy,5800
SEC05580,S003,VIP,1000
SEC05581,S002,Standard,3900
SEC05582,S005,Standing,23300
SEC05583,S004,Standard,5300
SEC05584,S005,Standard,4500
SEC05585,S005,Standard,3000
SEC05586,S001,Standing,22300
SEC05587,S001,Standard,5000
SEC05588,S004,VIP,200
SEC05589,S002,Economy,7600
SEC05590,S004,Economy,12900
SEC05591,S001,Economy,15000
SEC05592,S003,VIP,300
SEC05593,S002,Standing,27400
SEC05594,S004,Economy,12500
SEC05595,S004,Standard,5000
SEC05596,S001,Standing,20600
SEC05597,S002,Standing,18200
SEC05598,S005,Standing,26100
SEC05599,S005,VIP,400
SEC05600,S005,Economy,6400
SEC05601,S004,Standing,18900
SEC05602,S003,Economy,12400
SEC05603,S002,VIP,100
SEC05604,S002,Economy,5700
SEC05605,S002,Standard,3900
SEC05606,S001,VIP,400
SEC05607,S005,Standing,23500
SEC05608,S003,Economy,9200
SEC05609,S004,Standard,2800
SEC05610,S002,VIP,400
SEC05611,S003,Economy,14700
SEC05612,S001,Economy,14700
SEC05613,S005,Standing,24600
SEC05614,S003,VIP,400
SEC05615,S004,Standard,5300
SEC05616,S005,Economy,8900
SEC05617,S002,VIP,700
SEC05618,S004,Economy,9400
SEC05619,S002,Standard,4400
SEC05620,S003,VIP,300
SEC05621,S004,Economy,7100
SEC05622,S002,Standard,5700
SEC05623,S005,Standing,18100
SEC05624,S001,Standard,2500
SEC05625,S005,Standard,4400
SEC05626,S002,Standard,3400
SEC05627,S005,Economy,10100
SEC05628,S004,VIP,800
SEC05629,S003,Economy,10100
SEC05630,S002,VIP,100
SEC05631,S004,Standard,4800
SEC05632,S004,Economy,12400
SEC05633,S002,Standard,3600
SEC05634,S001,VIP,400
SEC05635,S003,Economy,6500
SEC05636,S001,Standard,5300
SEC05637,S003,VIP,1000
SEC05638,S001,Economy,13400
SEC05639,S003,Economy,13800
SEC05640,S003,VIP,700
SEC05641,S002,VIP,400
SEC05642,S004,Economy,7100
SEC05643,S003,Economy,10600
SEC05644,S002,Standard,3200
SEC05645,S003,VIP,200
SEC05646,S001,Economy,6800
SEC05647,S002,Standard,5400
SEC05648,S003,VIP,900
SEC05649,S001,Standard,2800
SEC05650,S002,Standing,21300
SEC05651,S003,Standard,2200
SEC05652,S004,Standard,4600
SEC05653,S004,VIP,700
SEC05654,S003,Economy,10100
SEC05655,S001,Economy,6800
SEC05656,S001,VIP,300
SEC05657,S005,VIP,300
SEC05658,S002,VIP,500
SEC05659,S004,VIP,300
SEC05660,S004,Economy,12700
SEC05661,S002,Standard,2800
SEC05662,S003,Economy,8500
SEC05663,S001,VIP,200
SEC05664,S002,Standard,4200
SEC05665,S004,Economy,9700
SEC05666,S001,Standing,21600
SEC05667,S001,Standing,15300
SEC05668,S005,Economy,6900
SEC05669,S001,Economy,6700
SEC05670,S003,Standard,4300
SEC05671,S003,VIP,200
SEC05672,S005,VIP,900
SEC05673,S005,Standard,2500
SEC05674,S005,Standard,3900
SEC05675,S004,Standing,21400
SEC05676,S002,Economy,13300
SEC05677,S004,Standard,4100
SEC05678,S002,Standard,4100
SEC05679,S005,Standing,14800
SEC05680,S003,VIP,100
SEC05681,S001,Standard,3200
SEC05682,S003,Standard,4400
SEC05683,S004,Standard,3800
SEC05684,S004,VIP,100
SEC05685,S004,VIP,400
SEC05686,S005,VIP,900
SEC05687,S003,Economy,8700
SEC05688,S002,VIP,400
SEC05689,S001,VIP,800
SEC05690,S005,VIP,1000
SEC05691,S001,Standing,27700
SEC05692,S002,Economy,9600
SEC05693,S004,Standard,2600
SEC05694,S001,Standing,26900
SEC05695,S003,Standing,21800
SEC05696,S001,Economy,8400
SEC05697,S001,Economy,6500
SEC05698,S003,Standard,5000
SEC05699,S002,Standard,3900
SEC05700,S003,Standard,4700
SEC05701,S004,Standard,4900
SEC05702,S005,VIP,700
SEC05703,S001,Standard,4600
SEC05704,S005,Economy,9200
SEC05705,S001,Economy,9100
SEC05706,S004,Economy,8300
SEC05707,S002,Standard,3800
SEC05708,S004,Standing,10100
SEC05709,S004,VIP,800
SEC05710,S005,Standard,2200
SEC05711,S005,VIP,400
SEC05712,S003,Economy,5500
SEC05713,S002,Economy,8600
SEC05714,S005,Economy,7200
SEC05715,S002,Standing,22000
SEC05716,S004,Economy,14300
SEC05717,S005,Economy,5300
SEC05718,S001,Standing,23300
SEC05719,S005,VIP,900
SEC05720,S004,VIP,700
SEC05721,S003,VIP,500
SEC05722,S004,Economy,10100
SEC05723,S005,Standing,19900
SEC05724,S001,Standing,29300
SEC05725,S002,Standard,2000
SEC05726,S002,Economy,13000
SEC05727,S002,Standard,4500
SEC05728,S002,Standing,29100
SEC05729,S005,VIP,1000
SEC05730,S005,VIP,200
SEC05731,S003,Standard,5900
SEC05732,S001,Economy,13400
SEC05733,S005,Standing,15800
SEC05734,S005,Standing,29400
SEC05735,S004,VIP,700
SEC05736,S002,Standing,25100
SEC05737,S003,Economy,14100
SEC05738,S001,Standard,4800
SEC05739,S002,VIP,400
SEC05740,S005,VIP,400
SEC05741,S003,Economy,10600
SEC05742,S001,Economy,8900
SEC05743,S001,Economy,13300
SEC05744,S004,Standing,22600
SEC05745,S001,Standard,4400
SEC05746,S004,Standard,5000
SEC05747,S001,Standing,20800
SEC05748,S001,Economy,12300
SEC05749,S003,Economy,7500
SEC05750,S004,Standard,3900
SEC05751,S001,Standard,3500
SEC05752,S004,VIP,400
SEC05753,S004,Standard,3000
SEC05754,S004,VIP,300
SEC05755,S005,Standard,2100
SEC05756,S001,VIP,600
SEC05757,S003,Standard,5200
SEC05758,S001,Standing,28300
SEC05759,S003,Standing,17800
SEC05760,S002,VIP,300
SEC05761,S005,Economy,9400
SEC05762,S005,Standing,15200
SEC05763,S004,Standing,28100
SEC05764,S001,Standing,15500
SEC05765,S002,Economy,12000
SEC05766,S004,Economy,5700
SEC05767,S004,Economy,10400
SEC05768,S004,Standard,3700
SEC05769,S002,Standard,4400
SEC05770,S005,Economy,8600
SEC05771,S001,Economy,8500
SEC05772,S004,VIP,100
SEC05773,S003,VIP,200
SEC05774,S002,Standard,5100
SEC05775,S004,VIP,300
SEC05776,S005,VIP,100
SEC05777,S003,VIP,900
SEC05778,S005,VIP,200
SEC05779,S004,Economy,5500
SEC05780,S002,Standard,3500
SEC05781,S003,Standard,6000
SEC05782,S004,Standing,28800
SEC05783,S001,Standard,3900
SEC05784,S001,VIP,1000
SEC05785,S001,Standing,17500
SEC05786,S004,Standing,15500
SEC05787,S001,Standing,28300
SEC05788,S001,Economy,8000
SEC05789,S005,Economy,6900
SEC05790,S002,VIP,600
SEC05791,S004,Standard,3000
SEC05792,S001,Economy,14700
SEC05793,S004,VIP,200
SEC05794,S004,Economy,11200
SEC05795,S003,Standard,5200
SEC05796,S001,Standard,2600
SEC05797,S003,Standing,11400
SEC05798,S001,Standard,4800
SEC05799,S001,Standing,27700
SEC05800,S003,VIP,400
SEC05801,S004,VIP,600
SEC05802,S003,Economy,8100
SEC05803,S004,VIP,200
SEC05804,S003,Economy,9500
SEC05805,S001,Standard,3700
SEC05806,S003,Standing,28900
SEC05807,S002,Standard,3300
SEC05808,S002,VIP,900
SEC05809,S004,Standing,19600
SEC05810,S005,Standard,5500
SEC05811,S004,Standing,28200
SEC05812,S003,Economy,12400
SEC05813,S004,Economy,13100
SEC05814,S002,Economy,7100
SEC05815,S005,VIP,700
SEC05816,S005,Economy,6900
SEC05817,S002,Standard,4700
SEC05818,S002,VIP,200
SEC05819,S005,Standing,25800
SEC05820,S004,Standard,5000
SEC05821,S003,Economy,12300
SEC05822,S005,Economy,14800
SEC05823,S002,Standing,15000
SEC05824,S002,VIP,900
SEC05825,S001,VIP,100
SEC05826,S002,Standing,18900
SEC05827,S003,VIP,800
SEC05828,S003,VIP,300
SEC05829,S005,Standing,12700
SEC05830,S001,Economy,11100
SEC05831,S001,Standing,19500
SEC05832,S002,Standard,5400
SEC05833,S001,Standing,22500
SEC05834,S001,Economy,11300
SEC05835,S002,Economy,7300
SEC05836,S003,Standing,18900
SEC05837,S005,VIP,300
SEC05838,S004,Standard,3300
SEC05839,S001,Standing,14500
SEC05840,S005,VIP,300
SEC05841,S004,VIP,500
SEC05842,S001,Standing,18200
SEC05843,S002,Economy,11700
SEC05844,S001,Standard,3800
SEC05845,S002,Standard,5200
SEC05846,S002,VIP,200
SEC05847,S003,Standing,23400
SEC05848,S002,Standard,2200
SEC05849,S002,Standing,29700
SEC05850,S002,Standard,2400
SEC05851,S002,VIP,700
SEC05852,S003,Economy,5900
SEC05853,S001,Standing,23500
SEC05854,S005,VIP,800
SEC05855,S004,Economy,12200
SEC05856,S002,Standard,5500
SEC05857,S004,Standard,3400
SEC05858,S002,Economy,10700
SEC05859,S003,VIP,900
SEC05860,S003,Standard,5300
SEC05861,S002,VIP,800
SEC05862,S002,Standard,3200
SEC05863,S004,Standing,19800
SEC05864,S001,Standing,20200
SEC05865,S002,VIP,800
SEC05866,S004,VIP,900
SEC05867,S003,Standard,2300
SEC05868,S001,Standing,22700
SEC05869,S003,Economy,8800
SEC05870,S001,Standard,3900
SEC05871,S004,Economy,9300
SEC05872,S001,Standing,26700
SEC05873,S002,VIP,300
SEC05874,S004,Standard,3000
SEC05875,S001,Standing,27400
SEC05876,S002,Standing,27000
SEC05877,S003,Standing,24600
SEC05878,S005,VIP,700
SEC05879,S002,Standard,2700
SEC05880,S005,VIP,800
SEC05881,S004,Standard,3800
SEC05882,S001,Standing,23700
SEC05883,S005,VIP,600
SEC05884,S005,Standard,4600
SEC05885,S001,Economy,9800
SEC05886,S005,Standard,3700
SEC05887,S004,Standard,5500
SEC05888,S004,Economy,8000
SEC05889,S004,Economy,8200
SEC05890,S004,VIP,900
SEC05891,S001,VIP,200
SEC05892,S001,Economy,13300
SEC05893,S002,Standing,10900
SEC05894,S005,Standard,5300
SEC05895,S003,Standing,27600
SEC05896,S001,VIP,400
SEC05897,S002,Standing,12500
SEC05898,S004,Standard,5400
SEC05899,S002,Standard,3600
SEC05900,S004,VIP,800
SEC05901,S001,VIP,700
SEC05902,S003,Economy,13900
SEC05903,S002,Standard,3600
SEC05904,S003,VIP,900
SEC05905,S001,Standard,5000
SEC05906,S005,Economy,10900
SEC05907,S004,Economy,14300
SEC05908,S004,VIP,900
SEC05909,S002,Standing,24300
SEC05910,S002,VIP,500
SEC05911,S001,VIP,700
SEC05912,S004,Standard,4100
SEC05913,S004,Standard,5200
SEC05914,S002,VIP,900
SEC05915,S003,VIP,1000
SEC05916,S004,Standing,20100
SEC05917,S003,VIP,600
SEC05918,S001,VIP,200
SEC05919,S004,Standard,3600
SEC05920,S003,Standing,24600
SEC05921,S004,Economy,8500
SEC05922,S001,VIP,900
SEC05923,S004,Standing,13000
SEC05924,S002,VIP,800
SEC05925,S002,Standing,10200
SEC05926,S001,VIP,1000
SEC05927,S001,VIP,500
SEC05928,S001,Standard,3600
SEC05929,S005,Economy,5800
SEC05930,S002,Standard,3800
SEC05931,S001,Standing,28100
SEC05932,S005,Standing,20500
SEC05933,S005,Economy,14100
SEC05934,S001,Standard,5100
SEC05935,S005,VIP,200
SEC05936,S003,Standing,28800
SEC05937,S004,Standing,29000
SEC05938,S005,Standing,22400
SEC05939,S001,VIP,100
SEC05940,S005,Standard,5300
SEC05941,S001,VIP,200
SEC05942,S003,Standard,2200
SEC05943,S004,Standing,16300
SEC05944,S002,Economy,12200
SEC05945,S005,VIP,800
SEC05946,S004,Economy,9500
SEC05947,S004,Economy,14600
SEC05948,S003,VIP,400
SEC05949,S004,VIP,100
SEC05950,S002,Economy,12500
SEC05951,S003,VIP,300
SEC05952,S005,Standard,4100
SEC05953,S004,Standard,4700
SEC05954,S003,VIP,300
SEC05955,S004,Economy,8000
SEC05956,S002,Standing,29800
SEC05957,S001,Standing,12600
SEC05958,S002,Standing,17100
SEC05959,S002,Standing,13100
SEC05960,S005,Economy,13500
SEC05961,S001,Economy,10500
SEC05962,S003,Standing,20300
SEC05963,S003,VIP,300
SEC05964,S004,Standing,29000
SEC05965,S001,Standing,17100
SEC05966,S002,Economy,9600
SEC05967,S003,Economy,6800
SEC05968,S005,Standard,2700
SEC05969,S003,Standard,4300
SEC05970,S004,Standing,11900
SEC05971,S005,Economy,8000
SEC05972,S005,Standing,18000
SEC05973,S003,VIP,600
SEC05974,S004,Standing,20400
SEC05975,S003,VIP,600
SEC05976,S003,Economy,14600
SEC05977,S002,VIP,900
SEC05978,S003,Economy,7800
SEC05979,S005,VIP,700
SEC05980,S003,VIP,500
SEC05981,S005,Standing,13600
SEC05982,S004,VIP,300
SEC05983,S004,Economy,12400
SEC05984,S003,Standard,4500
SEC05985,S005,Standard,4600
SEC05986,S005,Standing,13100
SEC05987,S003,Standard,5700
SEC05988,S005,Economy,13100
SEC05989,S005,Standard,5000
SEC05990,S002,Economy,7900
SEC05991,S002,Standard,3400
SEC05992,S003,Standing,10100
SEC05993,S002,Economy,5200
SEC05994,S004,VIP,900
SEC05995,S005,Standard,5000
SEC05996,S004,VIP,800
SEC05997,S001,Economy,10500
SEC05998,S004,Standard,4100
SEC05999,S004,Standard,5100
SEC06000,S004,Standard,3900
SEC06001,S003,VIP,400
SEC06002,S005,VIP,400
SEC06003,S001,Economy,10600
SEC06004,S005,VIP,600
SEC06005,S001,Standing,17600
SEC06006,S005,VIP,900
SEC06007,S003,VIP,400
SEC06008,S005,Standard,4500
SEC06009,S005,Economy,14900
SEC06010,S003,Standard,5600
SEC06011,S004,Standard,4500
SEC06012,S005,Standard,4400
SEC06013,S004,Standard,5200
SEC06014,S001,Standard,2900
SEC06015,S001,Standard,4600
SEC06016,S004,Standard,4900
SEC06017,S005,VIP,400
SEC06018,S005,Standing,21900
SEC06019,S004,Economy,11000
SEC06020,S005,Economy,14500
SEC06021,S003,Standard,3400
SEC06022,S002,Standard,3900
SEC06023,S005,Standard,3700
SEC06024,S005,VIP,700
SEC06025,S005,Economy,9700
SEC06026,S001,Standard,4500
SEC06027,S005,Economy,14200
SEC06028,S005,Economy,6700
SEC06029,S003,Standing,16200
SEC06030,S002,Standard,4400
SEC06031,S003,Standard,3800
SEC06032,S002,Economy,14800
SEC06033,S002,Economy,13900
SEC06034,S003,Standard,4300
SEC06035,S004,VIP,100
SEC06036,S001,Standing,21100
SEC06037,S004,Standing,18600
SEC06038,S002,Economy,7200
SEC06039,S005,Economy,6300
SEC06040,S003,Standard,4400
SEC06041,S001,Economy,5600
SEC06042,S001,Standing,24400
SEC06043,S002,Economy,12500
SEC06044,S001,VIP,700
SEC06045,S002,Standing,28600
SEC06046,S002,Standing,26900
SEC06047,S001,Economy,15000
SEC06048,S004,Economy,10700
SEC06049,S005,Standing,21100
SEC06050,S002,VIP,300
SEC06051,S003,Standing,23400
SEC06052,S004,Economy,7000
SEC06053,S003,Standard,2100
SEC06054,S004,Standard,2500
SEC06055,S003,Economy,11900
SEC06056,S002,Standing,11700
SEC06057,S004,Standard,4700
SEC06058,S002,Standard,3800
SEC06059,S004,Economy,5300
SEC06060,S002,VIP,100
SEC06061,S003,Standard,4100
SEC06062,S003,Standard,5300
SEC06063,S004,VIP,700
SEC06064,S002,VIP,600
SEC06065,S005,Standard,5000
SEC06066,S002,Standard,4400
SEC06067,S005,Standard,2900
SEC06068,S001,Standard,2400
SEC06069,S002,Economy,6000
SEC06070,S004,Standing,22500
SEC06071,S005,VIP,100
SEC06072,S003,Standard,5400
SEC06073,S005,VIP,300
SEC06074,S002,Standard,3400
SEC06075,S005,Standing,18000
SEC06076,S004,Economy,12400
SEC06077,S002,Standard,2600
SEC06078,S003,Standard,5300
SEC06079,S004,VIP,300
SEC06080,S004,Standing,27000
SEC06081,S001,VIP,600
SEC06082,S002,Standard,3800
SEC06083,S001,Economy,12500
SEC06084,S001,VIP,800
SEC06085,S004,Standing,18700
SEC06086,S005,VIP,900
SEC06087,S005,Economy,7400
SEC06088,S004,Standard,3900
SEC06089,S002,Economy,15000
SEC06090,S001,VIP,800
SEC06091,S003,Standard,5000
SEC06092,S001,VIP,300
SEC06093,S001,Economy,8100
SEC06094,S005,Economy,12700
SEC06095,S005,Standing,19500
SEC06096,S002,Standing,21000
SEC06097,S003,Standing,15900
SEC06098,S004,Standing,22400
SEC06099,S004,VIP,700
SEC06100,S002,Standard,2600
SEC06101,S004,Standing,15000
SEC06102,S005,Standard,3900
SEC06103,S005,VIP,100
SEC06104,S002,VIP,200
SEC06105,S002,VIP,900
SEC06106,S004,VIP,900
SEC06107,S003,Economy,8300
SEC06108,S005,VIP,100
SEC06109,S004,Standing,22600
SEC06110,S004,Economy,8700
SEC06111,S001,VIP,400
SEC06112,S002,Economy,11300
SEC06113,S005,Standard,3200
SEC06114,S004,VIP,1000
SEC06115,S004,Standing,22900
SEC06116,S005,VIP,700
SEC06117,S005,Standing,13500
SEC06118,S002,VIP,200
SEC06119,S005,VIP,200
SEC06120,S002,Standing,10400
SEC06121,S003,VIP,600
SEC06122,S003,Standard,5200
SEC06123,S005,VIP,1000
SEC06124,S003,Economy,13100
SEC06125,S001,Economy,14600
SEC06126,S005,Economy,10400
SEC06127,S003,Standard,4100
SEC06128,S001,Economy,9600
SEC06129,S002,Standard,3800
SEC06130,S003,VIP,900
SEC06131,S003,Standing,10400
SEC06132,S002,Economy,14700
SEC06133,S003,Economy,11900
SEC06134,S002,VIP,600
SEC06135,S001,Economy,12200
SEC06136,S003,VIP,1000
SEC06137,S001,Standard,2100
SEC06138,S002,Economy,9300
SEC06139,S005,Standing,27100
SEC06140,S001,Standard,2300
SEC06141,S004,VIP,500
SEC06142,S005,Standing,23700
SEC06143,S001,VIP,700
SEC06144,S004,Standard,5900
SEC06145,S005,Economy,5500
SEC06146,S001,Economy,14500
SEC06147,S001,VIP,900
SEC06148,S004,VIP,300
SEC06149,S002,Economy,12300
SEC06150,S005,Standard,5600
SEC06151,S003,Economy,14500
SEC06152,S002,Standard,2800
SEC06153,S001,Standing,16600
SEC06154,S005,VIP,600
SEC06155,S002,Standing,25100
SEC06156,S005,VIP,800
SEC06157,S005,VIP,800
SEC06158,S003,Standing,16800
SEC06159,S002,Standing,13600
SEC06160,S004,Standard,2400
SEC06161,S001,VIP,800
SEC06162,S004,VIP,800
SEC06163,S001,Standard,4000
SEC06164,S002,Standing,14700
SEC06165,S004,VIP,200
SEC06166,S002,Standard,3500
SEC06167,S004,Standing,11800
SEC06168,S001,Standard,3100
SEC06169,S001,Standard,3700
SEC06170,S001,VIP,400
SEC06171,S004,VIP,800
SEC06172,S003,Economy,5000
SEC06173,S004,Standing,18400
SEC06174,S003,Standing,22200
SEC06175,S005,Standing,29600
SEC06176,S003,VIP,100
SEC06177,S001,VIP,600
SEC06178,S001,VIP,200
SEC06179,S001,Standing,23000
SEC06180,S001,Standard,5700
SEC06181,S003,VIP,500
SEC06182,S004,Standing,18500
SEC06183,S005,Standard,2500
SEC06184,S004,VIP,600
SEC06185,S001,VIP,300
SEC06186,S002,Standard,3100
SEC06187,S005,Economy,14100
SEC06188,S002,Economy,10900
SEC06189,S002,Standard,4700
SEC06190,S001,Standing,11000
SEC06191,S005,Economy,7600
SEC06192,S003,VIP,300
SEC06193,S002,Economy,10300
SEC06194,S002,Standard,2700
SEC06195,S001,Standing,24000
SEC06196,S004,VIP,400
SEC06197,S001,Standing,20500
SEC06198,S004,Standing,17400
SEC06199,S002,Standing,11100
SEC06200,S004,VIP,800
SEC06201,S005,Standing,17900
SEC06202,S002,Standing,10200
SEC06203,S002,Standard,2900
SEC06204,S002,Economy,15000
SEC06205,S005,Standing,10500
SEC06206,S002,Standing,14700
SEC06207,S004,Standing,27100
SEC06208,S002,VIP,1000
SEC06209,S003,Standing,17000
SEC06210,S003,VIP,1000
SEC06211,S003,VIP,700
SEC06212,S004,Economy,5400
SEC06213,S002,Economy,8500
SEC06214,S004,Standing,17100
SEC06215,S001,Economy,9400
SEC06216,S004,VIP,900
SEC06217,S002,Standing,28100
SEC06218,S004,Standing,20200
SEC06219,S005,Standing,29000
SEC06220,S004,Economy,12100
SEC06221,S005,VIP,800
SEC06222,S002,Economy,8600
SEC06223,S004,Standing,11600
SEC06224,S005,Standing,12800
SEC06225,S004,Economy,7000
SEC06226,S005,VIP,600
SEC06227,S003,Standing,18300
SEC06228,S005,VIP,700
SEC06229,S004,Economy,13600
SEC06230,S003,VIP,800
SEC06231,S003,Economy,8400
SEC06232,S002,Standard,5400
SEC06233,S001,Standard,5600
SEC06234,S001,Standard,4000
SEC06235,S001,VIP,900
SEC06236,S004,Standing,28100
SEC06237,S002,Economy,14100
SEC06238,S001,Standard,3100
SEC06239,S005,Standard,5900
SEC06240,S005,Economy,8800
SEC06241,S004,Economy,14900
SEC06242,S005,Economy,6600
SEC06243,S005,Economy,8100
SEC06244,S002,Standing,26300
SEC06245,S001,Standing,17300
SEC06246,S005,Standard,3100
SEC06247,S001,Standard,4900
SEC06248,S002,Economy,6800
SEC06249,S005,Standard,4100
SEC06250,S003,Economy,13100
SEC06251,S002,Standing,16800
SEC06252,S003,Standard,4900
SEC06253,S002,Standard,3400
SEC06254,S002,VIP,900
SEC06255,S005,Standard,4300
SEC06256,S005,Standard,4500
SEC06257,S002,Economy,11500
SEC06258,S004,Standard,4900
SEC06259,S004,Standing,23200
SEC06260,S003,VIP,600
SEC06261,S005,Standing,17500
SEC06262,S001,Standing,20000
SEC06263,S005,Standing,18500
SEC06264,S001,Standard,5500
SEC06265,S001,Economy,12200
SEC06266,S001,Standard,5900
SEC06267,S001,Standing,28200
SEC06268,S003,Standard,5200
SEC06269,S003,Economy,6800
SEC06270,S005,Standing,26000
SEC06271,S003,Standing,22700
SEC06272,S001,Standard,5500
SEC06273,S003,Standard,2700
SEC06274,S001,VIP,500
SEC06275,S001,Standing,17700
SEC06276,S002,Economy,14700
SEC06277,S003,Standard,5600
SEC06278,S005,Standard,2000
SEC06279,S002,VIP,500
SEC06280,S004,VIP,400
SEC06281,S005,VIP,600
SEC06282,S001,VIP,800
SEC06283,S002,Standing,18000
SEC06284,S003,Economy,10600
SEC06285,S003,VIP,800
SEC06286,S005,VIP,300
SEC06287,S003,Economy,9100
SEC06288,S001,Standing,26300
SEC06289,S001,Economy,12600
SEC06290,S001,Standing,20100
SEC06291,S004,Standard,5400
SEC06292,S001,Standing,16400
SEC06293,S005,Standing,19100
SEC06294,S004,VIP,400
SEC06295,S001,Economy,13900
SEC06296,S004,Economy,12400
SEC06297,S003,Standing,21600
SEC06298,S002,Standing,15000
SEC06299,S001,VIP,600
SEC06300,S005,Standard,4700
SEC06301,S003,Economy,14500
SEC06302,S002,Economy,10700
SEC06303,S004,Economy,11300
SEC06304,S002,Standing,10800
SEC06305,S004,Standing,28800
SEC06306,S002,VIP,1000
SEC06307,S002,Standard,2400
SEC06308,S004,VIP,500
SEC06309,S005,Economy,11100
SEC06310,S003,Standard,3900
SEC06311,S002,VIP,300
SEC06312,S005,VIP,400
SEC06313,S002,Economy,5800
SEC06314,S001,Standing,19800
SEC06315,S005,Standard,2500
SEC06316,S003,Economy,13700
SEC06317,S004,Economy,11800
SEC06318,S003,Standard,5700
SEC06319,S005,Standing,10900
SEC06320,S003,Standing,19800
SEC06321,S002,VIP,500
SEC06322,S003,VIP,800
SEC06323,S003,Standing,27800
SEC06324,S005,Economy,11000
SEC06325,S003,Standard,3000
SEC06326,S005,Standing,17200
SEC06327,S004,Standard,5700
SEC06328,S002,Economy,11700
SEC06329,S001,Standard,2700
SEC06330,S001,VIP,600
SEC06331,S001,VIP,700
SEC06332,S001,VIP,200
SEC06333,S005,Standing,25400
SEC06334,S004,VIP,900
SEC06335,S002,Economy,14800
SEC06336,S002,Economy,10800
SEC06337,S002,Standard,5400
SEC06338,S005,VIP,700
SEC06339,S002,Standard,3700
SEC06340,S003,VIP,600
SEC06341,S005,Economy,9700
SEC06342,S001,Economy,6400
SEC06343,S003,VIP,1000
SEC06344,S005,Standard,2300
SEC06345,S005,Standard,5600
SEC06346,S004,Standing,15500
SEC06347,S003,Economy,12600
SEC06348,S003,Standard,4000
SEC06349,S003,Standard,2400
SEC06350,S001,Economy,6400
SEC06351,S005,Standard,2600
SEC06352,S005,VIP,500
SEC06353,S003,VIP,700
SEC06354,S002,VIP,700
SEC06355,S003,Standing,10200
SEC06356,S001,Economy,9900
SEC06357,S002,Standard,4300
SEC06358,S004,Standard,3200
SEC06359,S001,Economy,10800
SEC06360,S005,Standard,4600
SEC06361,S002,Standing,18900
SEC06362,S004,Standing,21600
SEC06363,S001,VIP,800
SEC06364,S002,Standard,4900
SEC06365,S004,Standard,5400
SEC06366,S002,Standard,5600
SEC06367,S002,Standard,3600
SEC06368,S004,Standard,3400
SEC06369,S002,VIP,500
SEC06370,S001,Economy,9600
SEC06371,S001,Standing,18600
SEC06372,S002,Economy,5100
SEC06373,S003,VIP,400
SEC06374,S004,Standing,12800
SEC06375,S005,Standard,4500
SEC06376,S004,Standard,4800
SEC06377,S004,Standing,20100
SEC06378,S003,Standard,3000
SEC06379,S001,Standing,29000
SEC06380,S004,Standing,15500
SEC06381,S005,Standing,17700
SEC06382,S002,Standard,5300
SEC06383,S004,Standing,14600
SEC06384,S003,Economy,9600
SEC06385,S001,Standing,11100
SEC06386,S004,VIP,500
SEC06387,S005,Economy,11500
SEC06388,S002,Standing,12700
SEC06389,S001,VIP,200
SEC06390,S005,VIP,500
SEC06391,S002,Standing,10600
SEC06392,S003,Economy,14100
SEC06393,S005,Standard,4000
SEC06394,S003,Standing,11300
SEC06395,S004,Standard,3800
SEC06396,S001,Standard,5900
SEC06397,S003,VIP,100
SEC06398,S001,Standard,5200
SEC06399,S001,Standing,29200
SEC06400,S001,Standard,2400
SEC06401,S004,Standard,3800
SEC06402,S005,VIP,800
SEC06403,S002,VIP,600
SEC06404,S003,Economy,10400
SEC06405,S002,Economy,14000
SEC06406,S002,Standing,25400
SEC06407,S003,Standard,5200
SEC06408,S003,Standard,2300
SEC06409,S002,VIP,500
SEC06410,S002,VIP,200
SEC06411,S002,Standard,2800
SEC06412,S001,Economy,8400
SEC06413,S002,Standing,20700
SEC06414,S004,Economy,13100
SEC06415,S005,VIP,100
SEC06416,S005,Standard,5200
SEC06417,S002,Economy,14800
SEC06418,S004,Standing,16300
SEC06419,S001,Economy,11700
SEC06420,S001,Economy,9000
SEC06421,S001,Economy,6100
SEC06422,S005,Economy,7100
SEC06423,S002,VIP,500
SEC06424,S004,Standing,12400
SEC06425,S001,Standard,5000
SEC06426,S004,Standing,14600
SEC06427,S004,VIP,300
SEC06428,S002,Standard,4600
SEC06429,S003,VIP,400
SEC06430,S003,VIP,1000
SEC06431,S001,Economy,13600
SEC06432,S003,Standard,3400
SEC06433,S003,Economy,5100
SEC06434,S003,Standard,3300
SEC06435,S001,VIP,900
SEC06436,S003,Standing,25200
SEC06437,S002,VIP,400
SEC06438,S001,Economy,5300
SEC06439,S005,VIP,700
SEC06440,S003,Economy,10400
SEC06441,S001,Economy,5200
SEC06442,S005,VIP,200
SEC06443,S002,Standard,4000
SEC06444,S004,VIP,100
SEC06445,S002,Standing,15500
SEC06446,S003,Standing,22200
SEC06447,S004,VIP,900
SEC06448,S002,Standing,18600
SEC06449,S005,Standard,2300
SEC06450,S004,Economy,5700
SEC06451,S005,Standing,18900
SEC06452,S005,Standard,2800
SEC06453,S001,Economy,5200
SEC06454,S002,Standing,23600
SEC06455,S003,Economy,14300
SEC06456,S004,Economy,14200
SEC06457,S005,Standard,4000
SEC06458,S004,VIP,200
SEC06459,S002,Standard,5600
SEC06460,S003,Standard,5800
SEC06461,S002,Economy,7400
SEC06462,S005,Standing,15500
SEC06463,S002,Standard,4300
SEC06464,S004,Economy,10800
SEC06465,S004,VIP,700
SEC06466,S005,Standing,15700
SEC06467,S004,Standing,26800
SEC06468,S003,VIP,900
SEC06469,S002,Standing,23800
SEC06470,S002,Standing,27000
SEC06471,S005,VIP,600
SEC06472,S002,Standing,10700
SEC06473,S003,Standing,18700
SEC06474,S005,Economy,5200
SEC06475,S003,Standing,23000
SEC06476,S002,Economy,6000
SEC06477,S005,Economy,12200
SEC06478,S005,Standing,19300
SEC06479,S004,VIP,300
SEC06480,S001,VIP,600
SEC06481,S002,Standard,6000
SEC06482,S002,Standard,2800
SEC06483,S002,Standard,5500
SEC06484,S003,Standard,2700
SEC06485,S004,Standard,4200
SEC06486,S004,Standard,2500
SEC06487,S002,VIP,400
SEC06488,S002,VIP,800
SEC06489,S005,Standing,24800
SEC06490,S003,Economy,12000
SEC06491,S004,Standard,2400
SEC06492,S005,Standing,15000
SEC06493,S003,VIP,500
SEC06494,S002,Standard,3400
SEC06495,S004,VIP,700
SEC06496,S004,Economy,10000
SEC06497,S001,Standard,3800
SEC06498,S002,Standing,22800
SEC06499,S002,VIP,1000
SEC06500,S002,Economy,7200
SEC06501,S005,Standing,25600
SEC06502,S005,Standing,22600
SEC06503,S005,Standard,3500
SEC06504,S004,Standing,29000
SEC06505,S003,VIP,1000
SEC06506,S005,Standard,5900
SEC06507,S001,Standard,4900
SEC06508,S003,Economy,13500
SEC06509,S003,Standing,14700
SEC06510,S001,Economy,7000
SEC06511,S003,Standard,5500
SEC06512,S005,Standard,4200
SEC06513,S002,Standard,5400
SEC06514,S004,VIP,900
SEC06515,S003,Economy,13200
SEC06516,S004,Economy,12600
SEC06517,S002,Standard,5500
SEC06518,S001,Standard,2800
SEC06519,S005,Economy,13400
SEC06520,S002,VIP,1000
SEC06521,S004,VIP,1000
SEC06522,S004,Standard,3800
SEC06523,S005,VIP,200
SEC06524,S002,Economy,11600
SEC06525,S003,Economy,8200
SEC06526,S001,VIP,200
SEC06527,S001,Standing,11200
SEC06528,S003,Standing,17500
SEC06529,S005,Standing,21000
SEC06530,S002,VIP,800
SEC06531,S002,Standing,18400
SEC06532,S005,Standard,4500
SEC06533,S004,Economy,12000
SEC06534,S002,Standing,11200
SEC06535,S002,Standing,23000
SEC06536,S003,Economy,9500
SEC06537,S005,Standard,3100
SEC06538,S004,Economy,7700
SEC06539,S001,Standing,23600
SEC06540,S001,VIP,100
SEC06541,S004,Economy,5000
SEC06542,S001,Standing,10500
SEC06543,S005,Standing,21900
SEC06544,S003,Standard,3100
SEC06545,S003,VIP,300
SEC06546,S004,Economy,9400
SEC06547,S002,Standard,5300
SEC06548,S001,Standard,3800
SEC06549,S004,Standard,4300
SEC06550,S003,Economy,10900
SEC06551,S003,Standard,2700
SEC06552,S003,Economy,7000
SEC06553,S003,VIP,300
SEC06554,S005,Economy,11600
SEC06555,S004,Standard,5700
SEC06556,S004,VIP,300
SEC06557,S002,VIP,200
SEC06558,S003,Standing,19300
SEC06559,S002,Economy,7100
SEC06560,S003,Economy,10400
SEC06561,S005,Standing,14900
SEC06562,S005,Standing,13600
SEC06563,S002,Economy,12800
SEC06564,S002,Standard,3800
SEC06565,S002,Economy,9200
SEC06566,S005,VIP,300
SEC06567,S002,Standard,4400
SEC06568,S004,Economy,9800
SEC06569,S002,Economy,10000
SEC06570,S003,VIP,800
SEC06571,S004,VIP,600
SEC06572,S005,Standard,4300
SEC06573,S002,VIP,300
SEC06574,S005,Standing,25700
SEC06575,S005,Standing,19200
SEC06576,S003,VIP,1000
SEC06577,S002,Standard,2400
SEC06578,S004,VIP,900
SEC06579,S005,Standard,4100
SEC06580,S003,Economy,9100
SEC06581,S002,VIP,1000
SEC06582,S003,Standard,2400
SEC06583,S004,Economy,12600
SEC06584,S004,Standard,2900
SEC06585,S001,Economy,5600
SEC06586,S001,VIP,1000
SEC06587,S001,Standard,2400
SEC06588,S003,Economy,6000
SEC06589,S002,Standard,4700
SEC06590,S003,VIP,200
SEC06591,S002,Economy,14500
SEC06592,S003,Economy,8500
SEC06593,S003,Standard,5600
SEC06594,S005,VIP,1000
SEC06595,S004,VIP,500
SEC06596,S003,VIP,600
SEC06597,S005,VIP,900
SEC06598,S003,VIP,500
SEC06599,S001,Economy,9800
SEC06600,S005,Standing,11900
SEC06601,S003,Standard,2100
SEC06602,S003,Economy,12300
SEC06603,S003,Standing,17700
SEC06604,S004,Standing,14800
SEC06605,S001,Standing,26700
SEC06606,S005,Standing,10100
SEC06607,S003,Standing,22000
SEC06608,S001,Economy,5700
SEC06609,S003,Standard,5000
SEC06610,S005,Standard,3300
SEC06611,S002,VIP,900
SEC06612,S005,VIP,700
SEC06613,S001,Standing,21500
SEC06614,S005,VIP,800
SEC06615,S003,Standard,5100
SEC06616,S002,Standing,21100
SEC06617,S002,Economy,9700
SEC06618,S002,Standard,4700
SEC06619,S001,VIP,600
SEC06620,S004,VIP,900
SEC06621,S004,VIP,600
SEC06622,S004,VIP,500
SEC06623,S005,Standing,17200
SEC06624,S004,Economy,10200
SEC06625,S005,Economy,13400
SEC06626,S004,Economy,5900
SEC06627,S005,VIP,600
SEC06628,S005,Standard,3800
SEC06629,S005,VIP,600
SEC06630,S001,Economy,14700
SEC06631,S003,Economy,13900
SEC06632,S005,VIP,800
SEC06633,S005,Economy,12400
SEC06634,S005,Standing,28600
SEC06635,S003,VIP,800
SEC06636,S002,VIP,200
SEC06637,S001,Economy,12900
SEC06638,S005,VIP,700
SEC06639,S002,Economy,5300
SEC06640,S005,Economy,7400
SEC06641,S004,Standard,5600
SEC06642,S003,Economy,7400
SEC06643,S004,Standard,3400
SEC06644,S003,Economy,13100
SEC06645,S002,Standard,5500
SEC06646,S003,Standing,26100
SEC06647,S002,Economy,10200
SEC06648,S005,Economy,6100
SEC06649,S003,VIP,700
SEC06650,S002,Standing,20700
SEC06651,S004,Standing,18100
SEC06652,S002,Standing,21300
SEC06653,S002,VIP,400
SEC06654,S004,Standard,2900
SEC06655,S001,Standard,6000
SEC06656,S003,Standard,2800
SEC06657,S001,Economy,12000
SEC06658,S003,VIP,800
SEC06659,S005,VIP,300
SEC06660,S002,Economy,9700
SEC06661,S004,Standing,25100
SEC06662,S002,Standard,3800
SEC06663,S001,VIP,200
SEC06664,S001,VIP,900
SEC06665,S004,Standard,3600
SEC06666,S002,VIP,200
SEC06667,S005,Standing,15200
SEC06668,S003,VIP,600
SEC06669,S003,VIP,400
SEC06670,S005,VIP,700
SEC06671,S004,Economy,6000
SEC06672,S005,Economy,6200
SEC06673,S002,Standing,28800
SEC06674,S003,Standing,27500
SEC06675,S001,Standard,2100
SEC06676,S003,VIP,800
SEC06677,S004,VIP,600
SEC06678,S001,Standing,18500
SEC06679,S005,Economy,5400
SEC06680,S002,Economy,12900
SEC06681,S001,VIP,700
SEC06682,S004,Economy,9800
SEC06683,S001,Standing,22300
SEC06684,S003,Standing,29500
SEC06685,S004,VIP,200
SEC06686,S001,VIP,300
SEC06687,S002,VIP,300
SEC06688,S001,Standing,18000
SEC06689,S005,VIP,300
SEC06690,S001,Economy,14100
SEC06691,S001,Standard,4800
SEC06692,S005,VIP,400
SEC06693,S001,Standing,22200
SEC06694,S002,VIP,800
SEC06695,S004,Economy,13400
SEC06696,S002,Standing,23500
SEC06697,S004,VIP,900
SEC06698,S004,Standing,20300
SEC06699,S001,Economy,5700
SEC06700,S001,VIP,400
SEC06701,S004,Economy,6800
SEC06702,S001,Economy,9000
SEC06703,S001,VIP,400
SEC06704,S003,Standard,2500
SEC06705,S004,Economy,15000
SEC06706,S004,Standing,11300
SEC06707,S001,VIP,500
SEC06708,S005,Economy,10500
SEC06709,S001,VIP,700
SEC06710,S003,Standing,25400
SEC06711,S003,Standard,2800
SEC06712,S005,VIP,1000
SEC06713,S003,Economy,13000
SEC06714,S004,Standard,3600
SEC06715,S005,VIP,700
SEC06716,S001,Economy,8800
SEC06717,S005,Standard,5400
SEC06718,S002,Standing,23600
SEC06719,S002,Standing,15100
SEC06720,S002,Economy,10300
SEC06721,S003,Standing,14200
SEC06722,S004,Standing,17200
SEC06723,S001,VIP,800
SEC06724,S004,Standing,11400
SEC06725,S004,Standard,2500
SEC06726,S004,Standard,3700
SEC06727,S005,Economy,11100
SEC06728,S004,Economy,11300
SEC06729,S003,Economy,5200
SEC06730,S003,Standing,22300
SEC06731,S004,Standing,21100
SEC06732,S003,Economy,14300
SEC06733,S002,VIP,800
SEC06734,S002,VIP,900
SEC06735,S005,Economy,10800
SEC06736,S002,Standard,3700
SEC06737,S001,VIP,400
SEC06738,S005,Standing,22500
SEC06739,S001,Economy,13100
SEC06740,S001,Standard,3800
SEC06741,S002,Standing,11900
SEC06742,S002,Standard,4900
SEC06743,S001,Economy,11700
SEC06744,S003,Standard,5000
SEC06745,S002,Standing,17300
SEC06746,S005,VIP,500
SEC06747,S001,Standing,13800
SEC06748,S001,VIP,700
SEC06749,S005,Economy,11200
SEC06750,S004,VIP,200
SEC06751,S002,Economy,12500
SEC06752,S001,Standard,4500
SEC06753,S004,Economy,13000
SEC06754,S002,Economy,10000
SEC06755,S005,Standard,5600
SEC06756,S002,Standard,4500
SEC06757,S001,Standing,18600
SEC06758,S003,Standing,17800
SEC06759,S004,Standing,12200
SEC06760,S001,VIP,800
SEC06761,S002,Economy,12100
SEC06762,S003,Standing,15000
SEC06763,S004,VIP,300
SEC06764,S003,Standing,19200
SEC06765,S002,VIP,200
SEC06766,S004,VIP,600
SEC06767,S001,Standing,25400
SEC06768,S004,Economy,13400
SEC06769,S003,Economy,14300
SEC06770,S002,Standing,27300
SEC06771,S004,VIP,500
SEC06772,S004,Standard,2900
SEC06773,S004,VIP,300
SEC06774,S001,Standard,5400
SEC06775,S004,Standard,4600
SEC06776,S003,Standard,6000
SEC06777,S003,Standard,2200
SEC06778,S003,Standard,3200
SEC06779,S004,Economy,7300
SEC06780,S004,Economy,14400
SEC06781,S003,Economy,14900
SEC06782,S001,Standing,24000
SEC06783,S002,VIP,600
SEC06784,S004,VIP,300
SEC06785,S003,VIP,200
SEC06786,S002,Standing,26100
SEC06787,S003,Standing,16500
SEC06788,S002,Standard,3100
SEC06789,S001,Economy,11400
SEC06790,S005,Standard,2600
SEC06791,S001,Standard,4700
SEC06792,S004,Standing,29200
SEC06793,S002,Standing,16400
SEC06794,S002,VIP,300
SEC06795,S005,Standard,3600
SEC06796,S003,VIP,800
SEC06797,S001,Economy,5800
SEC06798,S005,Standard,3000
SEC06799,S005,Economy,9800
SEC06800,S001,Economy,8300
SEC06801,S005,Economy,11500
SEC06802,S003,Economy,5700
SEC06803,S003,Economy,11100
SEC06804,S001,Standard,3300
SEC06805,S005,VIP,200
SEC06806,S001,Standard,3500
SEC06807,S004,Standing,30000
SEC06808,S003,Standard,2100
SEC06809,S005,VIP,300
SEC06810,S001,Standard,2500
SEC06811,S001,VIP,600
SEC06812,S004,Standard,6000
SEC06813,S005,Standing,29500
SEC06814,S005,Standing,23500
SEC06815,S003,Economy,12300
SEC06816,S001,Economy,13800
SEC06817,S003,Standing,16100
SEC06818,S001,Standard,3600
SEC06819,S001,Standard,2700
SEC06820,S005,VIP,400
SEC06821,S004,Standard,5800
SEC06822,S004,Economy,13000
SEC06823,S001,VIP,500
SEC06824,S005,Economy,7800
SEC06825,S003,VIP,900
SEC06826,S003,Standing,21700
SEC06827,S002,Standing,25100
SEC06828,S005,Economy,10000
SEC06829,S005,Standing,21500
SEC06830,S003,Standard,2500
SEC06831,S005,VIP,300
SEC06832,S004,Standing,23000
SEC06833,S003,Standard,5800
SEC06834,S004,Standing,28600
SEC06835,S001,Standard,3900
SEC06836,S001,Standard,4600
SEC06837,S004,Standing,29900
SEC06838,S002,Economy,8600
SEC06839,S004,Standing,16300
SEC06840,S005,Standing,20300
SEC06841,S004,VIP,1000
SEC06842,S004,VIP,900
SEC06843,S001,Economy,9900
SEC06844,S005,VIP,300
SEC06845,S004,Economy,7300
SEC06846,S001,VIP,1000
SEC06847,S002,VIP,1000
SEC06848,S003,VIP,200
SEC06849,S005,Standard,4900
SEC06850,S003,VIP,700
SEC06851,S004,Standard,3300
SEC06852,S005,Standard,4100
SEC06853,S003,Standard,5500
SEC06854,S001,Standing,22100
SEC06855,S003,Standing,22800
SEC06856,S005,Economy,5100
SEC06857,S003,Standing,24000
SEC06858,S001,VIP,700
SEC06859,S001,Standing,24700
SEC06860,S002,Standing,14800
SEC06861,S005,Standard,3600
SEC06862,S005,Standard,3200
SEC06863,S002,Standard,2700
SEC06864,S004,VIP,100
SEC06865,S004,Standard,4200
SEC06866,S003,Standard,3700
SEC06867,S005,Economy,10800
SEC06868,S003,Standing,13300
SEC06869,S003,Standing,13800
SEC06870,S004,Standard,4100
SEC06871,S004,VIP,900
SEC06872,S002,VIP,200
SEC06873,S003,Standing,25200
SEC06874,S001,VIP,500
SEC06875,S003,Standard,4700
SEC06876,S001,Economy,13100
SEC06877,S002,Economy,11800
SEC06878,S003,Standing,21600
SEC06879,S001,VIP,200
SEC06880,S001,Standing,28100
SEC06881,S001,Standard,2700
SEC06882,S004,Standard,2200
SEC06883,S001,Standing,11500
SEC06884,S001,Standing,10900
SEC06885,S002,Standard,4600
SEC06886,S002,Economy,10500
SEC06887,S002,VIP,600
SEC06888,S005,Standing,20400
SEC06889,S004,Economy,7400
SEC06890,S003,Economy,9500
SEC06891,S001,VIP,400
SEC06892,S005,Standard,5500
SEC06893,S005,Standard,5400
SEC06894,S001,Standing,10400
SEC06895,S001,VIP,300
SEC06896,S005,Economy,12600
SEC06897,S004,VIP,100
SEC06898,S001,VIP,700
SEC06899,S005,Standing,28000
SEC06900,S001,Standing,22600
SEC06901,S005,Standard,2400
SEC06902,S004,Standard,4000
SEC06903,S004,Standing,22200
SEC06904,S003,Standard,4900
SEC06905,S004,Standard,3300
SEC06906,S003,Standard,5600
SEC06907,S004,Economy,13400
SEC06908,S001,Standing,13100
SEC06909,S001,Economy,10000
SEC06910,S001,VIP,500
SEC06911,S005,Standing,28700
SEC06912,S005,VIP,900
SEC06913,S001,Standing,29600
SEC06914,S005,VIP,200
SEC06915,S002,Standard,3900
SEC06916,S004,Economy,14300
SEC06917,S002,Standard,3100
SEC06918,S005,Standing,15400
SEC06919,S003,Economy,9700
SEC06920,S005,Standing,19500
SEC06921,S001,Standard,2300
SEC06922,S001,Standing,28800
SEC06923,S005,Standing,28500
SEC06924,S005,VIP,200
SEC06925,S001,Standard,4000
SEC06926,S002,Economy,7800
SEC06927,S001,Standing,28500
SEC06928,S005,Economy,8600
SEC06929,S002,Standard,5100
SEC06930,S002,Standing,17000
SEC06931,S002,Standing,16200
SEC06932,S005,Standard,5600
SEC06933,S005,VIP,600
SEC06934,S002,Standard,3100
SEC06935,S005,Economy,15000
SEC06936,S005,Economy,10700
SEC06937,S004,VIP,100
SEC06938,S003,Economy,11200
SEC06939,S001,VIP,800
SEC06940,S001,VIP,600
SEC06941,S003,Standard,3200
SEC06942,S004,VIP,900
SEC06943,S001,VIP,600
SEC06944,S004,Economy,10600
SEC06945,S001,Economy,7800
SEC06946,S003,Economy,13200
SEC06947,S003,Economy,5800
SEC06948,S004,VIP,800
SEC06949,S005,Standard,5700
SEC06950,S003,Standard,3600
SEC06951,S001,Economy,12900
SEC06952,S002,Standard,4200
SEC06953,S004,Economy,14300
SEC06954,S002,Standard,4100
SEC06955,S005,Economy,12400
SEC06956,S004,Standard,3000
SEC06957,S005,Standard,5600
SEC06958,S001,Economy,6700
SEC06959,S001,Economy,5200
SEC06960,S005,Standing,27600
SEC06961,S003,Economy,8300
SEC06962,S004,Standing,11900
SEC06963,S001,Standing,11200
SEC06964,S003,VIP,600
SEC06965,S003,VIP,800
SEC06966,S004,Economy,11300
SEC06967,S003,Standing,25600
SEC06968,S005,Standard,2200
SEC06969,S005,Standing,21900
SEC06970,S003,Standing,21000
SEC06971,S003,Standard,3400
SEC06972,S001,Standing,13500
SEC06973,S003,VIP,900
SEC06974,S001,Standard,5700
SEC06975,S001,Standing,24600
SEC06976,S004,Standard,2200
SEC06977,S002,Standard,4400
SEC06978,S003,Standing,29400
SEC06979,S004,Standard,5000
SEC06980,S004,VIP,500
SEC06981,S003,Economy,11000
SEC06982,S003,Standard,3700
SEC06983,S004,VIP,900
SEC06984,S003,Standard,2400
SEC06985,S003,Standard,5100
SEC06986,S004,Economy,8500
SEC06987,S004,Standard,3900
SEC06988,S003,Standard,3600
SEC06989,S002,Standard,3500
SEC06990,S002,Economy,10800
SEC06991,S003,Standard,4500
SEC06992,S001,Economy,8100
SEC06993,S001,VIP,200
SEC06994,S005,Economy,9100
SEC06995,S001,VIP,500
SEC06996,S001,Economy,9400
SEC06997,S004,Standing,19500
SEC06998,S004,Standard,3500
SEC06999,S003,VIP,600
SEC07000,S003,VIP,500
SEC07001,S003,VIP,600
SEC07002,S002,Standing,20500
SEC07003,S004,Standing,22300
SEC07004,S001,VIP,900
SEC07005,S003,VIP,700
SEC07006,S002,VIP,100
SEC07007,S002,VIP,700
SEC07008,S003,Standing,17700
SEC07009,S005,Standard,5800
SEC07010,S002,Standard,2600
SEC07011,S005,Standing,19000
SEC07012,S001,Standing,12600
SEC07013,S001,VIP,800
SEC07014,S003,Standing,17800
SEC07015,S001,Standard,3400
SEC07016,S001,Economy,10700
SEC07017,S003,VIP,700
SEC07018,S004,Standing,13400
SEC07019,S005,VIP,400
SEC07020,S001,Economy,10600
SEC07021,S002,Economy,14300
SEC07022,S004,VIP,600
SEC07023,S005,Economy,7600
SEC07024,S002,Standing,20100
SEC07025,S001,Standard,5700
SEC07026,S001,Standard,5700
SEC07027,S001,Economy,6500
SEC07028,S004,Economy,13400
SEC07029,S004,Standing,21700
SEC07030,S003,Standard,3000
SEC07031,S001,Standard,3400
SEC07032,S004,Standard,5400
SEC07033,S001,Standing,16400
SEC07034,S002,Economy,13600
SEC07035,S005,VIP,300
SEC07036,S001,Economy,5300
SEC07037,S003,Standard,3300
SEC07038,S004,Standing,29900
SEC07039,S003,VIP,800
SEC07040,S003,Economy,11600
SEC07041,S003,Standard,4700
SEC07042,S002,VIP,500
SEC07043,S004,Standing,24100
SEC07044,S002,VIP,1000
SEC07045,S001,VIP,500
SEC07046,S005,VIP,400
SEC07047,S004,Standard,3600
SEC07048,S001,VIP,800
SEC07049,S002,Economy,11200
SEC07050,S003,Standing,25700
SEC07051,S001,Standard,2400
SEC07052,S004,VIP,700
SEC07053,S003,Economy,10700
SEC07054,S002,VIP,300
SEC07055,S002,Standing,11700
SEC07056,S004,Standard,2300
SEC07057,S001,Standard,2700
SEC07058,S004,Economy,13400
SEC07059,S002,Standard,3900
SEC07060,S005,Standard,3400
SEC07061,S005,VIP,200
SEC07062,S002,VIP,900
SEC07063,S005,Standard,3100
SEC07064,S003,VIP,800
SEC07065,S001,Economy,6800
SEC07066,S005,VIP,600
SEC07067,S001,VIP,700
SEC07068,S004,Standing,27800
SEC07069,S005,VIP,800
SEC07070,S003,Standing,21200
SEC07071,S004,VIP,1000
SEC07072,S005,Economy,9500
SEC07073,S001,Standing,21400
SEC07074,S005,Standing,18700
SEC07075,S004,Standard,3700
SEC07076,S002,Standard,3000
SEC07077,S005,Standard,3100
SEC07078,S003,Standard,2200
SEC07079,S003,Standing,24600
SEC07080,S002,Standing,19700
SEC07081,S002,VIP,500
SEC07082,S002,Standing,27800
SEC07083,S005,Standing,12600
SEC07084,S001,Standing,13500
SEC07085,S005,Standard,2200
SEC07086,S001,Standing,29600
SEC07087,S002,Economy,10400
SEC07088,S001,VIP,400
SEC07089,S003,Economy,13800
SEC07090,S004,Economy,12200
SEC07091,S005,Standing,24600
SEC07092,S005,Standing,11300
SEC07093,S002,Economy,7900
SEC07094,S004,VIP,400
SEC07095,S001,Standing,11800
SEC07096,S004,Standard,2200
SEC07097,S003,Standing,17400
SEC07098,S001,VIP,600
SEC07099,S003,Standard,3700
SEC07100,S002,VIP,900
SEC07101,S003,Standing,18400
SEC07102,S004,Economy,12200
SEC07103,S003,VIP,600
SEC07104,S004,Economy,9400
SEC07105,S002,VIP,800
SEC07106,S001,Standard,5800
SEC07107,S001,Standard,3000
SEC07108,S005,Standing,12500
SEC07109,S003,Economy,13800
SEC07110,S003,Standard,4800
SEC07111,S002,Economy,5300
SEC07112,S003,Standing,10100
SEC07113,S005,Economy,7400
SEC07114,S003,Standard,4800
SEC07115,S001,Standard,2900
SEC07116,S004,Standing,23000
SEC07117,S004,Standard,2100
SEC07118,S005,Economy,14600
SEC07119,S003,Economy,9300
SEC07120,S005,Economy,12600
SEC07121,S002,Standard,4500
SEC07122,S004,VIP,300
SEC07123,S004,Standard,4400
SEC07124,S001,Standard,5900
SEC07125,S002,Economy,9300
SEC07126,S002,VIP,300
SEC07127,S002,VIP,600
SEC07128,S002,Economy,6400
SEC07129,S003,Economy,11600
SEC07130,S003,Standing,12700
SEC07131,S003,VIP,900
SEC07132,S002,VIP,400
SEC07133,S003,Economy,11900
SEC07134,S003,Economy,11000
SEC07135,S003,Economy,5200
SEC07136,S002,VIP,900
SEC07137,S002,Standing,20500
SEC07138,S004,Standard,4100
SEC07139,S002,Standard,2800
SEC07140,S003,VIP,200
SEC07141,S003,Standing,18600
SEC07142,S002,Standard,5100
SEC07143,S003,Standard,5300
SEC07144,S001,Economy,11200
SEC07145,S002,VIP,400
SEC07146,S003,Standing,21500
SEC07147,S003,VIP,600
SEC07148,S002,Standing,25200
SEC07149,S005,Economy,12100
SEC07150,S001,VIP,200
SEC07151,S001,Economy,11500
SEC07152,S001,Standard,4800
SEC07153,S002,Standing,15300
SEC07154,S003,VIP,700
SEC07155,S001,Standing,22100
SEC07156,S004,VIP,300
SEC07157,S005,Standard,2500
SEC07158,S004,Economy,13600
SEC07159,S002,Standard,3200
SEC07160,S002,VIP,900
SEC07161,S002,Standing,18300
SEC07162,S003,Economy,8100
SEC07163,S004,Standing,19800
SEC07164,S004,Standard,4800
SEC07165,S001,VIP,400
SEC07166,S005,Economy,7000
SEC07167,S001,VIP,300
SEC07168,S002,Economy,8200
SEC07169,S001,VIP,500
SEC07170,S001,VIP,400
SEC07171,S002,Economy,7800
SEC07172,S004,VIP,900
SEC07173,S005,VIP,400
SEC07174,S004,Standard,2600
SEC07175,S001,Standard,2900
SEC07176,S002,Standing,19200
SEC07177,S002,Economy,11400
SEC07178,S004,Standard,5200
SEC07179,S004,VIP,800
SEC07180,S005,VIP,600
SEC07181,S005,VIP,800
SEC07182,S002,Standing,10500
SEC07183,S004,Economy,13900
SEC07184,S003,VIP,500
SEC07185,S001,VIP,1000
SEC07186,S003,VIP,900
SEC07187,S001,Standard,2100
SEC07188,S005,VIP,900
SEC07189,S004,Standard,2100
SEC07190,S004,Standing,17600
SEC07191,S002,Economy,14500
SEC07192,S003,Economy,7400
SEC07193,S004,VIP,200
SEC07194,S004,Standard,2600
SEC07195,S005,Standard,5900
SEC07196,S005,VIP,600
SEC07197,S004,Standing,27700
SEC07198,S002,Standard,5700
SEC07199,S004,Economy,11900
SEC07200,S005,VIP,600
SEC07201,S003,Economy,7600
SEC07202,S003,VIP,200
SEC07203,S004,Standard,4400
SEC07204,S003,Standing,27900
SEC07205,S002,Standard,5400
SEC07206,S003,Standard,5700
SEC07207,S005,Economy,13800
SEC07208,S004,Standing,17700
SEC07209,S003,VIP,800
SEC07210,S001,Standard,4800
SEC07211,S001,VIP,100
SEC07212,S005,Standing,21400
SEC07213,S002,VIP,600
SEC07214,S002,Standard,2800
SEC07215,S003,Standing,25800
SEC07216,S003,Standard,3200
SEC07217,S005,VIP,500
SEC07218,S003,Economy,5800
SEC07219,S005,Standing,19400
SEC07220,S001,Economy,5300
SEC07221,S002,Economy,12300
SEC07222,S005,Standing,12000
SEC07223,S005,Standing,10500
SEC07224,S002,Standing,11600
SEC07225,S001,Standing,17700
SEC07226,S002,VIP,300
SEC07227,S001,Standing,15000
SEC07228,S001,VIP,800
SEC07229,S005,VIP,300
SEC07230,S002,Economy,12100
SEC07231,S005,Economy,14200
SEC07232,S005,Economy,9300
SEC07233,S003,Standard,5000
SEC07234,S002,VIP,400
SEC07235,S005,Standing,20500
SEC07236,S002,Standard,2200
SEC07237,S001,Economy,11200
SEC07238,S001,VIP,400
SEC07239,S001,Standard,5700
SEC07240,S002,Standard,2400
SEC07241,S003,Standard,5500
SEC07242,S004,Economy,11500
SEC07243,S003,Standard,3500
SEC07244,S003,Standing,19800
SEC07245,S004,VIP,200
SEC07246,S001,Standing,22600
SEC07247,S004,Standing,16800
SEC07248,S001,Standard,2800
SEC07249,S002,VIP,500
SEC07250,S003,Standing,27700
SEC07251,S005,Standard,2900
SEC07252,S001,Standard,3300
SEC07253,S004,VIP,600
SEC07254,S004,Standard,2900
SEC07255,S003,Standing,28500
SEC07256,S004,VIP,500
SEC07257,S002,Economy,7700
SEC07258,S001,Economy,11400
SEC07259,S005,Economy,10700
SEC07260,S002,Standing,14800
SEC07261,S005,VIP,800
SEC07262,S001,VIP,400
SEC07263,S001,Standing,29500
SEC07264,S005,VIP,500
SEC07265,S004,VIP,500
SEC07266,S004,Standing,13300
SEC07267,S004,Economy,6100
SEC07268,S003,VIP,600
SEC07269,S003,Standing,22900
SEC07270,S002,VIP,1000
SEC07271,S001,VIP,500
SEC07272,S002,Standard,3900
SEC07273,S003,Standard,3200
SEC07274,S002,VIP,800
SEC07275,S004,Standard,4100
SEC07276,S005,Standing,23700
SEC07277,S004,Standing,17500
SEC07278,S005,Economy,10600
SEC07279,S005,Standard,3800
SEC07280,S003,Economy,12000
SEC07281,S001,Standard,3000
SEC07282,S001,Standing,18100
SEC07283,S003,Standing,27900
SEC07284,S002,Standing,17400
SEC07285,S002,Economy,12800
SEC07286,S001,Economy,7000
SEC07287,S002,Economy,10800
SEC07288,S003,Standing,30000
SEC07289,S004,Standing,14900
SEC07290,S003,VIP,500
SEC07291,S001,Standard,5800
SEC07292,S005,VIP,400
SEC07293,S004,Economy,12200
SEC07294,S004,VIP,300
SEC07295,S004,Standard,3500
SEC07296,S004,VIP,100
SEC07297,S003,Standing,12000
SEC07298,S003,VIP,400
SEC07299,S005,Standing,10800
SEC07300,S002,VIP,800
SEC07301,S004,Standard,2800
SEC07302,S004,VIP,400
SEC07303,S002,Economy,14100
SEC07304,S005,Economy,12900
SEC07305,S005,Standard,3400
SEC07306,S001,Standard,2800
SEC07307,S002,Standard,3700
SEC07308,S002,Economy,12500
SEC07309,S004,Economy,13900
SEC07310,S001,VIP,700
SEC07311,S001,Economy,10600
SEC07312,S002,VIP,1000
SEC07313,S003,Economy,7300
SEC07314,S002,VIP,700
SEC07315,S002,Standing,20100
SEC07316,S005,Standard,2100
SEC07317,S001,Economy,9800
SEC07318,S005,Standing,13800
SEC07319,S002,VIP,600
SEC07320,S001,Economy,14500
SEC07321,S004,Standard,2400
SEC07322,S002,Standard,4200
SEC07323,S001,Standing,11500
SEC07324,S005,Standard,2600
SEC07325,S001,Standing,21400
SEC07326,S002,Standing,25600
SEC07327,S005,VIP,400
SEC07328,S005,Standard,3000
SEC07329,S001,Economy,10100
SEC07330,S003,Standing,19500
SEC07331,S004,Standing,20000
SEC07332,S005,Standing,25700
SEC07333,S005,Economy,14200
SEC07334,S002,Standard,3700
SEC07335,S002,Standing,24100
SEC07336,S001,Standard,3900
SEC07337,S005,Economy,13400
SEC07338,S001,VIP,900
SEC07339,S002,VIP,400
SEC07340,S003,Economy,12500
SEC07341,S004,Standard,2900
SEC07342,S001,Standing,24500
SEC07343,S003,Standard,5400
SEC07344,S001,Standard,4200
SEC07345,S004,VIP,900
SEC07346,S003,VIP,700
SEC07347,S005,Standing,29100
SEC07348,S002,Standard,5400
SEC07349,S004,Standard,2600
SEC07350,S005,Standard,5300
SEC07351,S004,Standard,4800
SEC07352,S005,Standing,26400
SEC07353,S004,VIP,600
SEC07354,S002,Standard,5800
SEC07355,S004,Standard,3600
SEC07356,S005,Standing,10500
SEC07357,S004,VIP,300
SEC07358,S001,VIP,600
SEC07359,S003,Economy,6300
SEC07360,S001,Standard,3300
SEC07361,S001,Standard,5900
SEC07362,S005,Standing,18800
SEC07363,S002,Standard,3300
SEC07364,S005,Standard,3600
SEC07365,S001,Standing,12400
SEC07366,S001,VIP,800
SEC07367,S004,Standing,19300
SEC07368,S003,Economy,5100
SEC07369,S005,Standing,14300
SEC07370,S002,Economy,12100
SEC07371,S005,Economy,7000
SEC07372,S005,Standard,5800
SEC07373,S005,Standard,5500
SEC07374,S001,Standard,2200
SEC07375,S002,VIP,200
SEC07376,S003,VIP,200
SEC07377,S001,VIP,900
SEC07378,S001,Standing,24300
SEC07379,S005,VIP,700
SEC07380,S002,Standard,4400
SEC07381,S004,Standard,4500
SEC07382,S003,Standard,4600
SEC07383,S001,Economy,6200
SEC07384,S004,Standard,2300
SEC07385,S001,Economy,11300
SEC07386,S005,Standard,2600
SEC07387,S001,Standing,15100
SEC07388,S005,Standard,4600
SEC07389,S003,VIP,1000
SEC07390,S004,Standing,17700
SEC07391,S003,Standard,3500
SEC07392,S001,VIP,900
SEC07393,S002,Standard,3200
SEC07394,S004,VIP,700
SEC07395,S003,Standard,2800
SEC07396,S002,Standard,3400
SEC07397,S003,Economy,5300
SEC07398,S001,Economy,10100
SEC07399,S005,Standing,18600
SEC07400,S005,Standing,24500
SEC07401,S002,Standard,3300
SEC07402,S005,Standard,2000
SEC07403,S003,Standing,29800
SEC07404,S002,Standing,23500
SEC07405,S001,Economy,9900
SEC07406,S002,Standard,3000
SEC07407,S004,Economy,12000
SEC07408,S004,VIP,600
SEC07409,S004,VIP,700
SEC07410,S005,VIP,100
SEC07411,S005,Economy,6800
SEC07412,S002,Standing,15400
SEC07413,S003,Standard,3000
SEC07414,S004,Standing,15900
SEC07415,S002,Standing,15600
SEC07416,S005,Economy,12100
SEC07417,S005,Standing,10700
SEC07418,S005,Standard,5200
SEC07419,S001,Standing,26100
SEC07420,S003,Standard,5300
SEC07421,S005,Standing,23700
SEC07422,S003,Standing,29900
SEC07423,S004,Standing,15300
SEC07424,S005,Standard,2200
SEC07425,S002,Standing,22500
SEC07426,S001,Economy,10200
SEC07427,S004,Standard,4900
SEC07428,S002,Standing,12900
SEC07429,S003,Standard,4600
SEC07430,S002,Standing,18800
SEC07431,S001,Economy,5700
SEC07432,S004,Standard,3500
SEC07433,S002,VIP,800
SEC07434,S001,Standing,26600
SEC07435,S001,VIP,700
SEC07436,S003,Economy,13200
SEC07437,S001,Economy,5700
SEC07438,S004,Standard,5600
SEC07439,S004,VIP,500
SEC07440,S002,Standing,13000
SEC07441,S004,VIP,800
SEC07442,S003,Standing,25800
SEC07443,S002,Standing,11000
SEC07444,S002,VIP,500
SEC07445,S004,Standard,5000
SEC07446,S002,Standard,3000
SEC07447,S003,Economy,13300
SEC07448,S003,Economy,6000
SEC07449,S004,Standing,25900
SEC07450,S003,VIP,1000
SEC07451,S001,Standing,21400
SEC07452,S002,Standing,25000
SEC07453,S002,Standard,2900
SEC07454,S001,Economy,9300
SEC07455,S001,Standard,2900
SEC07456,S001,Economy,12200
SEC07457,S005,Standing,27500
SEC07458,S003,VIP,400
SEC07459,S005,Economy,5400
SEC07460,S001,Standing,14400
SEC07461,S002,Standing,13400
SEC07462,S003,VIP,200
SEC07463,S005,Economy,9500
SEC07464,S005,Economy,6100
SEC07465,S004,Economy,11400
SEC07466,S001,Standing,29300
SEC07467,S005,VIP,200
SEC07468,S005,Standard,4700
SEC07469,S005,Economy,5700
SEC07470,S001,Economy,8800
SEC07471,S001,Standard,2200
SEC07472,S001,Economy,10000
SEC07473,S005,Standing,29700
SEC07474,S002,Standard,4600
SEC07475,S004,VIP,400
SEC07476,S001,VIP,200
SEC07477,S003,Standard,3200
SEC07478,S005,Standing,13500
SEC07479,S001,Standard,5600
SEC07480,S001,Economy,6400
SEC07481,S002,Standard,2600
SEC07482,S004,Standard,5600
SEC07483,S005,Economy,7700
SEC07484,S001,Standing,18400
SEC07485,S003,Standard,4700
SEC07486,S004,Standing,16200
SEC07487,S001,Economy,8700
SEC07488,S003,Standing,13700
SEC07489,S003,VIP,600
SEC07490,S003,Standing,24700
SEC07491,S002,Economy,14600
SEC07492,S004,Standing,15600
SEC07493,S004,Economy,8600
SEC07494,S004,Economy,6800
SEC07495,S001,Standard,4200
SEC07496,S004,Standing,28300
SEC07497,S002,Economy,8400
SEC07498,S005,VIP,500
SEC07499,S001,Economy,12900
SEC07500,S003,Standing,28300
SEC07501,S005,Standing,16100
SEC07502,S001,VIP,700
SEC07503,S001,VIP,200
SEC07504,S002,Standard,4800
SEC07505,S005,Standard,3000
SEC07506,S004,Standing,14300
SEC07507,S002,Standing,18900
SEC07508,S002,Economy,10100
SEC07509,S001,VIP,300
SEC07510,S004,Economy,8700
SEC07511,S004,Economy,10000
SEC07512,S003,VIP,500
SEC07513,S002,Economy,8800
SEC07514,S003,Standing,25700
SEC07515,S002,Economy,8700
SEC07516,S005,Economy,12300
SEC07517,S003,Standard,2300
SEC07518,S002,Economy,6100
SEC07519,S005,Standard,2700
SEC07520,S004,Economy,7900
SEC07521,S005,VIP,900
SEC07522,S004,VIP,600
SEC07523,S001,Standing,15700
SEC07524,S003,Standing,21500
SEC07525,S001,Standard,3500
SEC07526,S003,Economy,9200
SEC07527,S003,Economy,9400
SEC07528,S005,Standing,14100
SEC07529,S005,Standard,4800
SEC07530,S002,Standard,5800
SEC07531,S005,VIP,500
SEC07532,S004,Standing,27700
SEC07533,S005,VIP,800
SEC07534,S005,VIP,700
SEC07535,S002,Standard,2900
SEC07536,S005,Standing,11500
SEC07537,S005,Standing,29700
SEC07538,S004,VIP,300
SEC07539,S001,VIP,100
SEC07540,S003,Standard,4500
SEC07541,S003,VIP,500
SEC07542,S002,Standard,2800
SEC07543,S004,VIP,500
SEC07544,S005,Economy,9500
SEC07545,S003,Economy,14300
SEC07546,S001,VIP,600
SEC07547,S001,Standing,29100
SEC07548,S003,Economy,8100
SEC07549,S004,Economy,12100
SEC07550,S002,Standard,5400
SEC07551,S001,Standing,18400
SEC07552,S002,VIP,600
SEC07553,S004,Standard,5800
SEC07554,S001,Standard,3200
SEC07555,S003,Economy,5200
SEC07556,S005,Standing,15500
SEC07557,S001,VIP,100
SEC07558,S001,Standard,4300
SEC07559,S004,Standard,4700
SEC07560,S001,Standing,10600
SEC07561,S004,Economy,13600
SEC07562,S003,Standing,12600
SEC07563,S005,Economy,5100
SEC07564,S005,VIP,400
SEC07565,S005,Economy,12400
SEC07566,S003,Standard,5100
SEC07567,S002,Standard,4600
SEC07568,S003,Standard,3400
SEC07569,S002,VIP,200
SEC07570,S002,Standard,3600
SEC07571,S004,Standard,4400
SEC07572,S005,Standard,3500
SEC07573,S002,Standard,2300
SEC07574,S003,Standard,4200
SEC07575,S004,Economy,10900
SEC07576,S004,Standard,3900
SEC07577,S002,Standard,5100
SEC07578,S005,Standard,5800
SEC07579,S001,Standard,4000
SEC07580,S003,Standard,3600
SEC07581,S001,VIP,1000
SEC07582,S003,Standing,10500
SEC07583,S001,Standing,24400
SEC07584,S002,VIP,300
SEC07585,S003,Standing,19500
SEC07586,S001,VIP,900
SEC07587,S002,Economy,7400
SEC07588,S002,Economy,12800
SEC07589,S001,VIP,700
SEC07590,S001,VIP,600
SEC07591,S002,Standing,14700
SEC07592,S003,VIP,1000
SEC07593,S002,Economy,7900
SEC07594,S004,Standing,26800
SEC07595,S002,Standing,20500
SEC07596,S004,Economy,5100
SEC07597,S002,Economy,13700
SEC07598,S004,Standard,3600
SEC07599,S005,Standard,3900
SEC07600,S005,Standard,5000
SEC07601,S002,Standing,18800
SEC07602,S005,Economy,8400
SEC07603,S002,VIP,700
SEC07604,S001,VIP,200
SEC07605,S004,Standing,14600
SEC07606,S002,Standard,2600
SEC07607,S001,Economy,9500
SEC07608,S004,VIP,400
SEC07609,S002,Standard,2200
SEC07610,S005,Standard,3800
SEC07611,S003,VIP,800
SEC07612,S005,Standing,12500
SEC07613,S002,Standard,4100
SEC07614,S001,Standing,22000
SEC07615,S004,Standard,2500
SEC07616,S001,VIP,100
SEC07617,S004,Standing,14300
SEC07618,S005,VIP,400
SEC07619,S005,Standing,26600
SEC07620,S001,Standing,29900
SEC07621,S001,VIP,500
SEC07622,S005,Economy,13000
SEC07623,S004,Standard,2000
SEC07624,S002,Standard,3800
SEC07625,S003,Economy,7600
SEC07626,S002,Standard,3500
SEC07627,S001,Standard,5500
SEC07628,S004,Economy,10100
SEC07629,S002,Standing,21500
SEC07630,S004,Standard,4600
SEC07631,S002,Standard,2000
SEC07632,S005,Standard,2100
SEC07633,S001,VIP,300
SEC07634,S005,Standing,21300
SEC07635,S003,VIP,800
SEC07636,S005,Standing,17300
SEC07637,S001,Economy,9600
SEC07638,S003,Economy,10000
SEC07639,S005,Economy,5400
SEC07640,S004,Economy,5900
SEC07641,S002,VIP,400
SEC07642,S003,Economy,8700
SEC07643,S003,Standing,12700
SEC07644,S003,Economy,14500
SEC07645,S001,Standing,21300
SEC07646,S005,Economy,14300
SEC07647,S003,Standard,4100
SEC07648,S003,Economy,10000
SEC07649,S001,VIP,400
SEC07650,S005,VIP,1000
SEC07651,S005,Standing,20000
SEC07652,S001,Standard,2000
SEC07653,S004,VIP,900
SEC07654,S002,VIP,900
SEC07655,S001,Economy,12200
SEC07656,S004,Economy,13300
SEC07657,S004,Standard,4200
SEC07658,S001,Economy,7400
SEC07659,S002,Economy,9500
SEC07660,S004,Standing,18600
SEC07661,S001,Standing,15800
SEC07662,S003,Standing,23100
SEC07663,S005,Standing,27600
SEC07664,S004,Standard,2500
SEC07665,S003,VIP,100
SEC07666,S003,VIP,200
SEC07667,S001,Standing,15500
SEC07668,S002,Economy,11600
SEC07669,S002,Standing,26300
SEC07670,S001,VIP,1000
SEC07671,S005,Standard,2100
SEC07672,S003,Economy,12000
SEC07673,S003,Standard,4500
SEC07674,S002,Economy,5500
SEC07675,S001,Standard,5100
SEC07676,S002,VIP,300
SEC07677,S005,Standing,28000
SEC07678,S004,Standard,4600
SEC07679,S001,Economy,11400
SEC07680,S002,Standard,4300
SEC07681,S005,VIP,600
SEC07682,S005,Standing,28500
SEC07683,S003,Standing,14700
SEC07684,S001,VIP,500
SEC07685,S004,Standing,13700
SEC07686,S003,Standard,3700
SEC07687,S004,Standard,3000
SEC07688,S005,Economy,11000
SEC07689,S004,VIP,400
SEC07690,S005,Standard,4000
SEC07691,S002,Economy,5400
SEC07692,S002,Standard,5000
SEC07693,S003,Standard,4000
SEC07694,S005,Standard,2900
SEC07695,S002,Standard,2000
SEC07696,S005,VIP,1000
SEC07697,S003,Economy,7000
SEC07698,S005,Economy,9100
SEC07699,S005,Standard,2200
SEC07700,S001,VIP,500
SEC07701,S005,Economy,12700
SEC07702,S003,VIP,300
SEC07703,S002,Standing,12500
SEC07704,S005,Standing,20900
SEC07705,S001,Economy,8500
SEC07706,S005,Standard,3100
SEC07707,S004,VIP,800
SEC07708,S001,Economy,12700
SEC07709,S001,Standard,2300
SEC07710,S002,Standing,10100
SEC07711,S005,VIP,300
SEC07712,S001,Standing,14500
SEC07713,S004,Standard,2400
SEC07714,S004,Standing,12200
SEC07715,S001,Standard,2300
SEC07716,S004,Economy,13700
SEC07717,S001,Standing,16700
SEC07718,S002,Standing,22700
SEC07719,S001,VIP,400
SEC07720,S004,Economy,14200
SEC07721,S005,Standard,5700
SEC07722,S002,Standard,3700
SEC07723,S005,Standard,5500
SEC07724,S002,Economy,10800
SEC07725,S004,VIP,900
SEC07726,S002,Economy,11200
SEC07727,S003,Standing,13100
SEC07728,S003,Standard,2100
SEC07729,S001,Economy,13000
SEC07730,S002,Economy,12400
SEC07731,S002,Economy,6200
SEC07732,S005,Standard,5100
SEC07733,S005,VIP,400
SEC07734,S001,Standing,13000
SEC07735,S002,Economy,12600
SEC07736,S002,Economy,13100
SEC07737,S005,Standard,4600
SEC07738,S001,Standard,5600
SEC07739,S005,Standing,19000
SEC07740,S004,Standing,18100
SEC07741,S001,Standing,25700
SEC07742,S001,VIP,200
SEC07743,S001,VIP,400
SEC07744,S002,Economy,10600
SEC07745,S005,Standing,18000
SEC07746,S005,Standing,24700
SEC07747,S004,Standing,29100
SEC07748,S003,Standing,17000
SEC07749,S005,Standing,19000
SEC07750,S001,Standard,4700
SEC07751,S002,VIP,400
SEC07752,S003,Economy,11200
SEC07753,S002,VIP,700
SEC07754,S003,Standard,2900
SEC07755,S002,Standard,2200
SEC07756,S001,VIP,500
SEC07757,S003,Economy,8200
SEC07758,S004,Economy,12300
SEC07759,S004,Standing,15100
SEC07760,S003,VIP,500
SEC07761,S002,Standing,28500
SEC07762,S001,Economy,5000
SEC07763,S001,VIP,700
SEC07764,S003,Standing,27300
SEC07765,S001,Economy,11900
SEC07766,S003,Standard,4300
SEC07767,S003,Standard,2800
SEC07768,S005,VIP,200
SEC07769,S002,Economy,10400
SEC07770,S003,Standing,16500
SEC07771,S002,Standing,18300
SEC07772,S003,Standard,5100
SEC07773,S005,VIP,300
SEC07774,S001,Economy,11600
SEC07775,S002,VIP,300
SEC07776,S004,Economy,13800
SEC07777,S002,Economy,10900
SEC07778,S005,Economy,7200
SEC07779,S004,Economy,7500
SEC07780,S001,Standard,4700
SEC07781,S004,Standard,4100
SEC07782,S003,Standing,12900
SEC07783,S003,Economy,9400
SEC07784,S002,Economy,5900
SEC07785,S002,VIP,400
SEC07786,S003,Economy,8500
SEC07787,S003,Standing,13500
SEC07788,S001,VIP,800
SEC07789,S005,Economy,13400
SEC07790,S005,Economy,7900
SEC07791,S003,Standing,24000
SEC07792,S005,Standard,3300
SEC07793,S002,Economy,8900
SEC07794,S004,Economy,14000
SEC07795,S005,Standing,18000
SEC07796,S004,Standing,16100
SEC07797,S004,VIP,100
SEC07798,S005,Standing,24200
SEC07799,S001,VIP,500
SEC07800,S003,Standard,5400
SEC07801,S002,VIP,500
SEC07802,S002,Economy,12800
SEC07803,S005,Standing,10500
SEC07804,S005,Economy,6800
SEC07805,S005,Standing,29200
SEC07806,S005,Economy,7300
SEC07807,S002,VIP,300
SEC07808,S005,Economy,10500
SEC07809,S002,Economy,7700
SEC07810,S001,Economy,12200
SEC07811,S002,Standard,5200
SEC07812,S005,Standard,3600
SEC07813,S001,Standing,27900
SEC07814,S002,Standing,16000
SEC07815,S003,Economy,12200
SEC07816,S002,Standard,2100
SEC07817,S004,Standing,24000
SEC07818,S005,Standard,4100
SEC07819,S004,Economy,14300
SEC07820,S001,VIP,1000
SEC07821,S004,Economy,9700
SEC07822,S005,Economy,9300
SEC07823,S003,Standing,25800
SEC07824,S002,Economy,9900
SEC07825,S004,Standard,3200
SEC07826,S001,Standard,2800
SEC07827,S002,Standard,3800
SEC07828,S003,Economy,14200
SEC07829,S001,Economy,12400
SEC07830,S003,Economy,5000
SEC07831,S001,Standard,3500
SEC07832,S002,Standing,16200
SEC07833,S004,Economy,13400
SEC07834,S001,Standard,4200
SEC07835,S005,VIP,100
SEC07836,S001,VIP,300
SEC07837,S001,Standing,26800
SEC07838,S003,Standing,25400
SEC07839,S003,Standing,20500
SEC07840,S005,VIP,200
SEC07841,S002,VIP,200
SEC07842,S001,Economy,11700
SEC07843,S002,Standard,2600
SEC07844,S001,Economy,10600
SEC07845,S005,Standard,3600
SEC07846,S001,Economy,6200
SEC07847,S004,Economy,11600
SEC07848,S005,VIP,400
SEC07849,S001,Economy,12200
SEC07850,S001,Standing,18000
SEC07851,S005,Economy,11900
SEC07852,S001,Standing,15300
SEC07853,S004,Economy,11100
SEC07854,S004,Standing,10600
SEC07855,S003,VIP,400
SEC07856,S001,Standard,4200
SEC07857,S001,Standing,25900
SEC07858,S004,VIP,400
SEC07859,S005,Standing,17400
SEC07860,S003,Economy,6700
SEC07861,S004,Standing,18100
SEC07862,S005,Standing,19900
SEC07863,S003,Economy,11700
SEC07864,S003,Economy,12200
SEC07865,S001,Economy,12300
SEC07866,S004,Standing,26100
SEC07867,S003,Economy,9200
SEC07868,S004,Standing,16500
SEC07869,S002,Standard,5700
SEC07870,S002,Standard,4300
SEC07871,S003,VIP,200
SEC07872,S001,Economy,10700
SEC07873,S005,Economy,5500
SEC07874,S001,Standard,5300
SEC07875,S004,Standing,12900
SEC07876,S002,Standard,5500
SEC07877,S004,Standard,3800
SEC07878,S002,VIP,500
SEC07879,S002,Economy,7000
SEC07880,S001,VIP,600
SEC07881,S004,Standing,14200
SEC07882,S001,Standard,5500
SEC07883,S001,Economy,6200
SEC07884,S001,Standing,16200
SEC07885,S003,Standing,17800
SEC07886,S004,Economy,11000
SEC07887,S001,Standard,2600
SEC07888,S001,Standing,28900
SEC07889,S001,Standing,18500
SEC07890,S003,VIP,300
SEC07891,S003,VIP,100
SEC07892,S002,VIP,200
SEC07893,S002,Standing,20600
SEC07894,S001,Economy,5900
SEC07895,S003,Standing,28300
SEC07896,S004,VIP,400
SEC07897,S005,Standard,5100
SEC07898,S004,Economy,14200
SEC07899,S002,Standard,2300
SEC07900,S005,Standard,4800
SEC07901,S005,Standing,24300
SEC07902,S004,Standing,15600
SEC07903,S005,Standard,2400
SEC07904,S001,VIP,200
SEC07905,S003,Economy,9900
SEC07906,S002,Standard,3400
SEC07907,S003,Standing,13200
SEC07908,S001,VIP,400
SEC07909,S001,Economy,10000
SEC07910,S002,Standard,2700
SEC07911,S005,VIP,1000
SEC07912,S001,Standard,3100
SEC07913,S004,Standard,2100
SEC07914,S003,Standard,2400
SEC07915,S002,Standing,15900
SEC07916,S004,Economy,10800
SEC07917,S005,Standing,12100
SEC07918,S004,Standing,11400
SEC07919,S005,VIP,700
SEC07920,S003,Standing,20900
SEC07921,S002,Standing,23700
SEC07922,S002,VIP,900
SEC07923,S003,Standing,26500
SEC07924,S004,Standing,14900
SEC07925,S005,VIP,1000
SEC07926,S004,Economy,10000
SEC07927,S001,Standard,5900
SEC07928,S001,VIP,700
SEC07929,S001,Standing,28000
SEC07930,S002,Economy,7500
SEC07931,S002,Standard,4200
SEC07932,S005,Economy,8300
SEC07933,S001,VIP,800
SEC07934,S002,Standing,13200
SEC07935,S001,Economy,13500
SEC07936,S003,Economy,5800
SEC07937,S005,Economy,13900
SEC07938,S003,Standard,5300
SEC07939,S001,VIP,900
SEC07940,S003,Standing,17300
SEC07941,S004,Standing,24100
SEC07942,S005,Standard,4000
SEC07943,S002,VIP,400
SEC07944,S002,Economy,11000
SEC07945,S005,Standard,5900
SEC07946,S005,Economy,12300
SEC07947,S004,Standing,23200
SEC07948,S001,Standing,10300
SEC07949,S002,VIP,300
SEC07950,S001,Economy,13300
SEC07951,S004,Economy,6600
SEC07952,S004,Standard,4600
SEC07953,S004,Economy,10000
SEC07954,S004,VIP,800
SEC07955,S001,Standing,18100
SEC07956,S004,Standard,2200
SEC07957,S002,Economy,10800
SEC07958,S003,Standing,19000
SEC07959,S002,Standing,24900
SEC07960,S004,Economy,12200
SEC07961,S004,Economy,14900
SEC07962,S001,Economy,10500
SEC07963,S003,Standing,23300
SEC07964,S002,Economy,5800
SEC07965,S005,Economy,13300
SEC07966,S004,Standing,26400
SEC07967,S003,Standard,4700
SEC07968,S004,Economy,5500
SEC07969,S004,Standard,4800
SEC07970,S001,Standard,4100
SEC07971,S004,Economy,6200
SEC07972,S005,Standing,15500
SEC07973,S005,Economy,11200
SEC07974,S003,VIP,100
SEC07975,S005,Standing,27700
SEC07976,S005,VIP,1000
SEC07977,S004,Standard,3600
SEC07978,S001,Standing,20100
SEC07979,S004,Standing,21100
SEC07980,S001,Economy,15000
SEC07981,S003,Standing,13800
SEC07982,S004,VIP,700
SEC07983,S004,Standard,4800
SEC07984,S005,Standard,5300
SEC07985,S005,Standing,24800
SEC07986,S003,Economy,8600
SEC07987,S003,Standard,3300
SEC07988,S001,Standard,2200
SEC07989,S005,VIP,400
SEC07990,S001,Standing,25600
SEC07991,S003,Standard,3500
SEC07992,S001,VIP,200
SEC07993,S003,Standard,5600
SEC07994,S003,Standard,2200
SEC07995,S002,Standing,21200
SEC07996,S004,Standard,4800
SEC07997,S003,VIP,300
SEC07998,S002,Standing,20100
SEC07999,S005,Economy,12400
SEC08000,S001,VIP,700
SEC08001,S005,VIP,700
SEC08002,S001,Standard,3700
SEC08003,S001,Standard,2900
SEC08004,S005,Standard,3100
SEC08005,S005,Economy,13600
SEC08006,S004,Standing,22700
SEC08007,S003,Economy,9600
SEC08008,S001,Economy,7400
SEC08009,S003,Economy,12700
SEC08010,S003,Economy,8400
SEC08011,S004,VIP,200
SEC08012,S004,Standing,25900
SEC08013,S003,Standing,16500
SEC08014,S004,Economy,14500
SEC08015,S002,Economy,14900
SEC08016,S002,Standing,21000
SEC08017,S003,Standard,3900
SEC08018,S003,Economy,9600
SEC08019,S004,Standard,5900
SEC08020,S005,VIP,900
SEC08021,S003,VIP,300
SEC08022,S005,Standing,14600
SEC08023,S001,VIP,300
SEC08024,S002,Standard,5300
SEC08025,S001,Standing,12900
SEC08026,S002,Standard,3200
SEC08027,S005,Economy,8100
SEC08028,S005,VIP,700
SEC08029,S002,Economy,14200
SEC08030,S004,VIP,1000
SEC08031,S004,Standing,15400
SEC08032,S005,VIP,900
SEC08033,S004,VIP,500
SEC08034,S004,Economy,12300
SEC08035,S003,Economy,9100
SEC08036,S003,VIP,1000
SEC08037,S003,Standard,3600
SEC08038,S003,Economy,5000
SEC08039,S005,VIP,400
SEC08040,S001,Economy,13300
SEC08041,S004,Standing,25800
SEC08042,S003,VIP,200
SEC08043,S003,VIP,800
SEC08044,S003,Standing,25200
SEC08045,S004,VIP,900
SEC08046,S005,Standard,2900
SEC08047,S003,Standard,5700
SEC08048,S003,Economy,10100
SEC08049,S003,VIP,200
SEC08050,S004,Standard,5900
SEC08051,S001,Economy,14200
SEC08052,S005,Standard,4200
SEC08053,S005,Standard,5400
SEC08054,S005,Standard,3000
SEC08055,S004,VIP,700
SEC08056,S005,VIP,600
SEC08057,S005,Standard,5700
SEC08058,S004,VIP,800
SEC08059,S001,Standard,2000
SEC08060,S004,Standing,18200
SEC08061,S005,VIP,600
SEC08062,S001,VIP,700
SEC08063,S004,Standing,20700
SEC08064,S003,VIP,800
SEC08065,S005,Standard,6000
SEC08066,S004,VIP,300
SEC08067,S005,Economy,7400
SEC08068,S004,VIP,300
SEC08069,S004,Standing,12500
SEC08070,S004,Standing,10700
SEC08071,S005,VIP,900
SEC08072,S004,VIP,500
SEC08073,S005,Standing,20300
SEC08074,S001,Standard,5800
SEC08075,S002,Standing,14600
SEC08076,S001,VIP,800
SEC08077,S005,Economy,7300
SEC08078,S001,VIP,800
SEC08079,S005,Standing,29200
SEC08080,S002,Standing,17300
SEC08081,S003,Economy,13400
SEC08082,S003,VIP,400
SEC08083,S003,Standard,5600
SEC08084,S001,VIP,900
SEC08085,S001,Economy,7400
SEC08086,S003,Standard,5300
SEC08087,S005,VIP,300
SEC08088,S003,Standard,3400
SEC08089,S005,Standard,3600
SEC08090,S002,Standing,24700
SEC08091,S005,Standing,15500
SEC08092,S004,Standing,19500
SEC08093,S002,Economy,9400
SEC08094,S004,VIP,100
SEC08095,S005,Standard,3200
SEC08096,S004,Standard,5700
SEC08097,S003,Economy,5900
SEC08098,S003,Standing,15100
SEC08099,S005,Standing,13700
SEC08100,S002,Standard,5800
SEC08101,S005,Standard,3600
SEC08102,S003,Standing,29600
SEC08103,S001,VIP,500
SEC08104,S003,Standing,18700
SEC08105,S003,Economy,15000
SEC08106,S002,Economy,13600
SEC08107,S001,Standard,3600
SEC08108,S003,VIP,700
SEC08109,S002,Standing,28700
SEC08110,S002,VIP,200
SEC08111,S002,VIP,800
SEC08112,S003,VIP,700
SEC08113,S004,Economy,6400
SEC08114,S005,VIP,700
SEC08115,S003,Standard,2600
SEC08116,S002,Standard,3900
SEC08117,S001,Standard,4800
SEC08118,S002,Standing,20200
SEC08119,S005,Standing,15300
SEC08120,S002,Standard,3600
SEC08121,S004,Standard,4500
SEC08122,S004,VIP,800
SEC08123,S001,VIP,900
SEC08124,S003,Standing,14300
SEC08125,S004,Standing,18600
SEC08126,S002,Economy,13600
SEC08127,S003,VIP,400
SEC08128,S003,Standard,5800
SEC08129,S003,Economy,9900
SEC08130,S004,Standard,5100
SEC08131,S004,VIP,900
SEC08132,S002,Standard,5800
SEC08133,S004,Economy,14300
SEC08134,S003,VIP,300
SEC08135,S002,VIP,500
SEC08136,S005,Standard,5300
SEC08137,S004,Standard,2100
SEC08138,S004,Standing,22500
SEC08139,S005,Standing,24900
SEC08140,S002,Economy,11800
SEC08141,S004,Economy,8900
SEC08142,S002,VIP,400
SEC08143,S005,VIP,300
SEC08144,S004,Economy,14700
SEC08145,S002,Standing,29200
SEC08146,S004,Standing,19000
SEC08147,S004,Standard,4300
SEC08148,S005,Economy,14500
SEC08149,S005,Economy,12900
SEC08150,S005,Standard,5800
SEC08151,S002,Standing,28500
SEC08152,S005,Standing,14300
SEC08153,S004,VIP,400
SEC08154,S003,Standard,2800
SEC08155,S002,Standard,2100
SEC08156,S005,Economy,8200
SEC08157,S001,Standing,14300
SEC08158,S004,VIP,700
SEC08159,S005,Standard,5700
SEC08160,S003,Economy,8200
SEC08161,S005,VIP,700
SEC08162,S004,Standard,5800
SEC08163,S003,VIP,500
SEC08164,S001,VIP,900
SEC08165,S004,VIP,700
SEC08166,S003,Economy,7600
SEC08167,S003,Standard,4200
SEC08168,S005,VIP,300
SEC08169,S003,Standing,10600
SEC08170,S004,VIP,600
SEC08171,S004,Standing,26000
SEC08172,S001,Standing,12800
SEC08173,S003,Economy,14200
SEC08174,S005,Economy,10700
SEC08175,S003,Standard,5600
SEC08176,S002,Standing,13900
SEC08177,S001,Standard,4200
SEC08178,S005,VIP,800
SEC08179,S002,Economy,6500
SEC08180,S002,VIP,800
SEC08181,S003,Standard,4500
SEC08182,S003,Standing,25400
SEC08183,S001,Economy,10300
SEC08184,S002,Standard,6000
SEC08185,S001,Economy,14700
SEC08186,S001,Standing,16600
SEC08187,S002,VIP,700
SEC08188,S001,VIP,800
SEC08189,S001,Standard,3700
SEC08190,S003,Standard,5700
SEC08191,S005,VIP,200
SEC08192,S005,VIP,500
SEC08193,S004,Standing,17800
SEC08194,S003,VIP,300
SEC08195,S003,Standard,5900
SEC08196,S004,Standard,3900
SEC08197,S001,VIP,700
SEC08198,S001,Standard,3700
SEC08199,S003,VIP,500
SEC08200,S004,VIP,300
SEC08201,S005,Standing,20600
SEC08202,S004,Economy,5400
SEC08203,S004,VIP,600
SEC08204,S003,Standing,17200
SEC08205,S004,Standing,12700
SEC08206,S004,Economy,13200
SEC08207,S004,Economy,12400
SEC08208,S005,VIP,500
SEC08209,S004,Standing,23900
SEC08210,S004,Standard,5800
SEC08211,S002,VIP,500
SEC08212,S005,Standing,16200
SEC08213,S001,Standing,10800
SEC08214,S002,Standing,23100
SEC08215,S005,Standing,27700
SEC08216,S001,VIP,700
SEC08217,S002,Economy,5300
SEC08218,S005,VIP,900
SEC08219,S001,Standing,16000
SEC08220,S003,Economy,11000
SEC08221,S004,Economy,14600
SEC08222,S002,Standing,10800
SEC08223,S002,Standing,11800
SEC08224,S001,Standard,2800
SEC08225,S004,Standard,5200
SEC08226,S004,Standing,20100
SEC08227,S003,Economy,12500
SEC08228,S003,Standard,3800
SEC08229,S003,Economy,6200
SEC08230,S005,Standing,22900
SEC08231,S003,Standing,28200
SEC08232,S001,Economy,5000
SEC08233,S005,Economy,7500
SEC08234,S001,Standard,5700
SEC08235,S004,VIP,900
SEC08236,S005,Standing,23300
SEC08237,S001,VIP,300
SEC08238,S001,Standing,13300
SEC08239,S004,VIP,200
SEC08240,S003,Standard,4400
SEC08241,S002,Economy,10600
SEC08242,S003,Standing,14800
SEC08243,S005,Standing,23800
SEC08244,S004,Economy,11900
SEC08245,S002,VIP,200
SEC08246,S004,VIP,400
SEC08247,S004,Standard,3100
SEC08248,S005,Standing,23100
SEC08249,S001,VIP,1000
SEC08250,S005,Standing,18200
SEC08251,S001,Standard,3600
SEC08252,S001,VIP,300
SEC08253,S005,VIP,800
SEC08254,S005,VIP,200
SEC08255,S002,Standing,23600
SEC08256,S001,Standard,2800
SEC08257,S003,VIP,700
SEC08258,S002,Standing,19400
SEC08259,S002,Standing,26000
SEC08260,S001,VIP,300
SEC08261,S003,Standard,2700
SEC08262,S003,Standard,2700
SEC08263,S005,VIP,800
SEC08264,S005,Standing,19900
SEC08265,S002,Economy,14300
SEC08266,S004,Standing,17700
SEC08267,S001,VIP,700
SEC08268,S002,VIP,500
SEC08269,S003,VIP,200
SEC08270,S002,Economy,7200
SEC08271,S005,VIP,800
SEC08272,S003,Standing,28900
SEC08273,S003,Economy,14000
SEC08274,S003,Economy,5500
SEC08275,S005,Standing,10400
SEC08276,S005,VIP,1000
SEC08277,S001,Standard,2400
SEC08278,S004,VIP,700
SEC08279,S001,Standard,3100
SEC08280,S001,Standing,10200
SEC08281,S005,Standing,19800
SEC08282,S001,Standing,18200
SEC08283,S002,Standard,5400
SEC08284,S003,Economy,11200
SEC08285,S005,Economy,8200
SEC08286,S005,Economy,11800
SEC08287,S005,VIP,900
SEC08288,S005,Standard,4500
SEC08289,S003,Standing,19800
SEC08290,S002,Economy,12700
SEC08291,S004,Economy,10500
SEC08292,S001,Economy,7300
SEC08293,S001,Standing,29600
SEC08294,S002,Standing,11700
SEC08295,S004,VIP,300
SEC08296,S001,VIP,100
SEC08297,S002,VIP,700
SEC08298,S003,Standard,3600
SEC08299,S004,Standing,26500
SEC08300,S001,Standard,3700
SEC08301,S001,Standing,27200
SEC08302,S005,Standard,3400
SEC08303,S005,VIP,700
SEC08304,S002,VIP,400
SEC08305,S005,VIP,400
SEC08306,S002,Standard,4400
SEC08307,S004,Economy,9200
SEC08308,S001,Economy,5400
SEC08309,S004,Economy,5900
SEC08310,S004,Economy,14700
SEC08311,S001,VIP,600
SEC08312,S004,VIP,700
SEC08313,S002,Standard,5100
SEC08314,S002,Economy,7100
SEC08315,S004,Standard,3400
SEC08316,S002,VIP,700
SEC08317,S001,Standing,22500
SEC08318,S002,Economy,9600
SEC08319,S005,VIP,300
SEC08320,S005,VIP,900
SEC08321,S005,Standard,3900
SEC08322,S002,Standard,3900
SEC08323,S004,Standing,23000
SEC08324,S002,VIP,700
SEC08325,S003,VIP,1000
SEC08326,S003,Standing,19700
SEC08327,S001,Standing,29100
SEC08328,S002,VIP,1000
SEC08329,S003,Standard,2400
SEC08330,S003,Economy,13000
SEC08331,S001,VIP,700
SEC08332,S001,Economy,9800
SEC08333,S004,Standing,13900
SEC08334,S004,Standing,28200
SEC08335,S001,Standing,22500
SEC08336,S001,Economy,6400
SEC08337,S002,Standard,3800
SEC08338,S001,VIP,200
SEC08339,S001,VIP,200
SEC08340,S003,VIP,700
SEC08341,S002,Standing,11900
SEC08342,S002,Standing,10600
SEC08343,S002,Standing,15100
SEC08344,S002,VIP,100
SEC08345,S005,Economy,6500
SEC08346,S005,Standing,23700
SEC08347,S002,Standing,29000
SEC08348,S005,VIP,300
SEC08349,S005,Standing,18500
SEC08350,S001,Standard,4100
SEC08351,S001,Standard,5700
SEC08352,S002,Standing,10300
SEC08353,S002,Standard,2500
SEC08354,S005,Standard,5600
SEC08355,S003,VIP,100
SEC08356,S004,Standard,3300
SEC08357,S004,Economy,5100
SEC08358,S004,Economy,6900
SEC08359,S005,Economy,6600
SEC08360,S005,Standard,3400
SEC08361,S002,VIP,300
SEC08362,S004,Economy,12800
SEC08363,S005,Standard,2200
SEC08364,S005,VIP,200
SEC08365,S002,VIP,900
SEC08366,S003,Standard,6000
SEC08367,S003,Economy,11600
SEC08368,S001,Standing,11900
SEC08369,S002,Standing,25100
SEC08370,S003,Standard,4400
SEC08371,S004,VIP,600
SEC08372,S003,VIP,100
SEC08373,S002,VIP,900
SEC08374,S005,Standing,13500
SEC08375,S005,VIP,1000
SEC08376,S005,Economy,13200
SEC08377,S005,Standard,4100
SEC08378,S005,Standing,17100
SEC08379,S002,Economy,5200
SEC08380,S003,VIP,900
SEC08381,S002,Standing,14900
SEC08382,S004,Standard,3900
SEC08383,S005,Standing,29300
SEC08384,S002,Economy,11800
SEC08385,S002,Standing,10800
SEC08386,S003,Standard,5600
SEC08387,S003,VIP,600
SEC08388,S002,Economy,10800
SEC08389,S003,Standing,18900
SEC08390,S005,Standard,4000
SEC08391,S004,Economy,8500
SEC08392,S005,VIP,800
SEC08393,S001,VIP,100
SEC08394,S001,VIP,400
SEC08395,S004,Standard,3700
SEC08396,S002,Standing,28000
SEC08397,S004,Standing,21500
SEC08398,S001,Standard,2200
SEC08399,S001,VIP,900
SEC08400,S002,Standing,17500
SEC08401,S005,Standing,19400
SEC08402,S003,Standard,5000
SEC08403,S004,Economy,9100
SEC08404,S004,Standard,2600
SEC08405,S002,Economy,14900
SEC08406,S001,Standard,3100
SEC08407,S005,VIP,200
SEC08408,S002,Standing,16600
SEC08409,S001,VIP,900
SEC08410,S003,Standing,28700
SEC08411,S001,Economy,11300
SEC08412,S003,Economy,12100
SEC08413,S002,Economy,10200
SEC08414,S001,Standing,27700
SEC08415,S001,Standard,3900
SEC08416,S001,Standing,14200
SEC08417,S001,Standard,5600
SEC08418,S005,Economy,10300
SEC08419,S002,Standing,27600
SEC08420,S005,Standing,24500
SEC08421,S004,Standard,3400
SEC08422,S004,Standard,2800
SEC08423,S003,Standing,16700
SEC08424,S005,Standing,13000
SEC08425,S001,VIP,900
SEC08426,S002,Standing,13700
SEC08427,S003,Standing,22100
SEC08428,S004,VIP,500
SEC08429,S004,Standard,4500
SEC08430,S003,VIP,600
SEC08431,S002,Standard,4000
SEC08432,S004,Standard,2500
SEC08433,S003,Standard,4400
SEC08434,S003,Standing,26900
SEC08435,S004,Economy,12600
SEC08436,S004,Standing,12700
SEC08437,S003,VIP,900
SEC08438,S001,Standard,3400
SEC08439,S002,Standard,2400
SEC08440,S002,VIP,200
SEC08441,S001,VIP,500
SEC08442,S003,Standing,28200
SEC08443,S004,Standing,21500
SEC08444,S005,Standard,2600
SEC08445,S002,VIP,200
SEC08446,S003,Economy,10500
SEC08447,S005,VIP,700
SEC08448,S003,VIP,200
SEC08449,S005,Economy,10300
SEC08450,S002,Economy,8400
SEC08451,S002,VIP,600
SEC08452,S004,Standard,3100
SEC08453,S002,Standing,26000
SEC08454,S002,Standard,3900
SEC08455,S001,Economy,5700
SEC08456,S001,Economy,10200
SEC08457,S005,Economy,5900
SEC08458,S002,VIP,300
SEC08459,S002,Standard,5500
SEC08460,S003,Economy,10700
SEC08461,S003,Standing,14600
SEC08462,S005,Standing,27500
SEC08463,S004,Economy,12000
SEC08464,S005,Economy,9600
SEC08465,S001,Standard,3500
SEC08466,S004,Standing,11000
SEC08467,S005,Economy,7200
SEC08468,S005,Standard,4700
SEC08469,S003,Economy,8300
SEC08470,S003,Standing,19500
SEC08471,S005,Standard,2400
SEC08472,S002,Standard,2000
SEC08473,S004,Economy,11400
SEC08474,S002,Standing,16800
SEC08475,S002,VIP,700
SEC08476,S005,Standard,5500
SEC08477,S001,Standard,2500
SEC08478,S001,Standing,19200
SEC08479,S004,Standing,26100
SEC08480,S005,VIP,800
SEC08481,S003,VIP,700
SEC08482,S005,Economy,10200
SEC08483,S004,Standard,6000
SEC08484,S004,Standard,2800
SEC08485,S002,Standing,14100
SEC08486,S004,Standing,13400
SEC08487,S005,Economy,13800
SEC08488,S002,Economy,5900
SEC08489,S003,Standard,5500
SEC08490,S001,VIP,400
SEC08491,S001,Standard,5000
SEC08492,S005,VIP,100
SEC08493,S003,Standing,17500
SEC08494,S001,Economy,11500
SEC08495,S005,Economy,14100
SEC08496,S005,VIP,600
SEC08497,S005,Economy,6800
SEC08498,S003,Standing,12100
SEC08499,S003,Standing,12300
SEC08500,S003,Economy,12600
SEC08501,S003,VIP,900
SEC08502,S004,Standing,21100
SEC08503,S003,VIP,200
SEC08504,S001,Economy,14600
SEC08505,S003,Economy,13800
SEC08506,S003,Economy,9100
SEC08507,S003,VIP,600
SEC08508,S001,Economy,5600
SEC08509,S005,VIP,800
SEC08510,S004,Standing,23700
SEC08511,S005,Economy,5800
SEC08512,S002,Standard,5400
SEC08513,S005,Economy,8000
SEC08514,S003,Economy,11200
SEC08515,S002,VIP,400
SEC08516,S004,Standard,4200
SEC08517,S003,Economy,9800
SEC08518,S003,Standard,5400
SEC08519,S002,Standing,10600
SEC08520,S003,Standard,4300
SEC08521,S004,Standard,3600
SEC08522,S002,VIP,300
SEC08523,S004,Standing,25200
SEC08524,S003,Economy,5500
SEC08525,S001,VIP,700
SEC08526,S005,VIP,200
SEC08527,S005,Economy,5200
SEC08528,S005,VIP,300
SEC08529,S002,Economy,10900
SEC08530,S005,VIP,600
SEC08531,S004,Standing,22000
SEC08532,S004,VIP,1000
SEC08533,S003,VIP,400
SEC08534,S001,Standing,28100
SEC08535,S003,Standard,3800
SEC08536,S003,Economy,11800
SEC08537,S003,VIP,400
SEC08538,S003,Standing,25500
SEC08539,S001,Standard,5400
SEC08540,S005,VIP,800
SEC08541,S005,VIP,600
SEC08542,S005,Standard,2300
SEC08543,S003,Standing,22500
SEC08544,S002,Standard,6000
SEC08545,S003,Standard,5100
SEC08546,S003,Standard,2800
SEC08547,S002,Standard,5800
SEC08548,S002,VIP,200
SEC08549,S005,Standing,21000
SEC08550,S002,Standard,4300
SEC08551,S002,VIP,400
SEC08552,S004,VIP,700
SEC08553,S004,Economy,11200
SEC08554,S005,Economy,12300
SEC08555,S002,VIP,300
SEC08556,S004,Standing,21600
SEC08557,S004,Standing,10800
SEC08558,S004,VIP,600
SEC08559,S004,Economy,9600
SEC08560,S002,Standard,3100
SEC08561,S005,Standard,5900
SEC08562,S001,Standing,20400
SEC08563,S002,VIP,900
SEC08564,S005,VIP,700
SEC08565,S002,VIP,200
SEC08566,S005,Standing,29200
SEC08567,S005,Standing,29100
SEC08568,S004,Economy,7900
SEC08569,S001,Economy,5900
SEC08570,S004,Standard,5500
SEC08571,S001,Economy,9900
SEC08572,S004,VIP,300
SEC08573,S004,Standard,5900
SEC08574,S001,VIP,200
SEC08575,S004,Standard,4500
SEC08576,S001,Economy,9000
SEC08577,S002,VIP,400
SEC08578,S001,Economy,9900
SEC08579,S005,Standard,4100
SEC08580,S005,Standing,29500
SEC08581,S004,Standing,26700
SEC08582,S001,Economy,9900
SEC08583,S003,Standing,14600
SEC08584,S003,Standard,3100
SEC08585,S003,Standing,12800
SEC08586,S005,Economy,7600
SEC08587,S004,Standard,3600
SEC08588,S004,Economy,5700
SEC08589,S002,Standard,4900
SEC08590,S004,Standard,5600
SEC08591,S005,Standing,27000
SEC08592,S001,Standing,18100
SEC08593,S002,Economy,9000
SEC08594,S001,Standing,13400
SEC08595,S001,Economy,7000
SEC08596,S002,Economy,5400
SEC08597,S001,VIP,800
SEC08598,S004,Standard,2500
SEC08599,S001,Standing,14700
SEC08600,S005,Standard,5900
SEC08601,S001,Standing,25000
SEC08602,S005,Economy,10000
SEC08603,S005,Standard,4900
SEC08604,S001,VIP,400
SEC08605,S005,Standard,4400
SEC08606,S002,Standing,12900
SEC08607,S002,Economy,10700
SEC08608,S004,Standing,17800
SEC08609,S003,Economy,6800
SEC08610,S001,VIP,500
SEC08611,S001,Economy,6100
SEC08612,S005,Economy,8900
SEC08613,S005,Standard,5500
SEC08614,S003,Standing,18400
SEC08615,S003,Standard,3800
SEC08616,S003,VIP,200
SEC08617,S004,VIP,800
SEC08618,S001,Standard,4500
SEC08619,S003,Economy,8600
SEC08620,S001,Economy,11600
SEC08621,S001,VIP,500
SEC08622,S002,Standard,4200
SEC08623,S005,Standing,19000
SEC08624,S003,Standard,5400
SEC08625,S003,Standing,18100
SEC08626,S002,Standing,28100
SEC08627,S003,Standing,28300
SEC08628,S001,Standard,4100
SEC08629,S005,Economy,7500
SEC08630,S005,Standard,5800
SEC08631,S003,Economy,13400
SEC08632,S004,Standing,28100
SEC08633,S005,Standard,3900
SEC08634,S003,Economy,7000
SEC08635,S004,Standing,13600
SEC08636,S005,Standing,13000
SEC08637,S005,Standing,23600
SEC08638,S005,Standing,27200
SEC08639,S004,VIP,600
SEC08640,S002,VIP,700
SEC08641,S005,VIP,900
SEC08642,S001,VIP,900
SEC08643,S002,Economy,6700
SEC08644,S005,Standing,12900
SEC08645,S002,Standing,10200
SEC08646,S004,Standing,19100
SEC08647,S003,VIP,500
SEC08648,S003,Standard,3200
SEC08649,S005,VIP,700
SEC08650,S001,VIP,300
SEC08651,S004,Economy,5800
SEC08652,S001,Standing,24800
SEC08653,S004,VIP,500
SEC08654,S005,Economy,10700
SEC08655,S003,Economy,6700
SEC08656,S002,Standard,3100
SEC08657,S005,Standard,3700
SEC08658,S004,VIP,500
SEC08659,S004,Standard,3300
SEC08660,S003,Standard,2500
SEC08661,S004,Standing,15700
SEC08662,S005,Economy,12600
SEC08663,S003,Standard,3300
SEC08664,S005,Standing,21000
SEC08665,S005,Standing,12300
SEC08666,S003,Standard,2100
SEC08667,S004,Standing,13300
SEC08668,S001,Standing,20700
SEC08669,S004,Standard,2200
SEC08670,S005,Standing,26700
SEC08671,S001,Standard,4200
SEC08672,S002,Standard,5700
SEC08673,S002,Economy,5800
SEC08674,S005,Economy,12100
SEC08675,S005,Standard,2100
SEC08676,S003,VIP,600
SEC08677,S001,VIP,200
SEC08678,S005,Standing,19800
SEC08679,S005,Standard,5800
SEC08680,S004,Economy,7600
SEC08681,S001,Standing,26900
SEC08682,S003,Standing,20500
SEC08683,S003,Economy,9600
SEC08684,S003,Standard,2400
SEC08685,S005,VIP,600
SEC08686,S004,Standard,3800
SEC08687,S004,Standing,13400
SEC08688,S003,Economy,14100
SEC08689,S005,Standard,3400
SEC08690,S003,Economy,13100
SEC08691,S005,Economy,8000
SEC08692,S002,VIP,300
SEC08693,S001,Economy,11000
SEC08694,S003,Standing,13600
SEC08695,S003,Standing,22900
SEC08696,S002,Standard,3800
SEC08697,S003,VIP,700
SEC08698,S002,Standing,10300
SEC08699,S004,Standing,25500
SEC08700,S005,Economy,14900
SEC08701,S003,Economy,5400
SEC08702,S001,Economy,5600
SEC08703,S001,Economy,9400
SEC08704,S004,Economy,9200
SEC08705,S002,Standard,2200
SEC08706,S001,Standing,11200
SEC08707,S002,VIP,400
SEC08708,S005,Standing,11600
SEC08709,S003,VIP,700
SEC08710,S001,Standard,4400
SEC08711,S003,Economy,9500
SEC08712,S001,Economy,14700
SEC08713,S004,Economy,5300
SEC08714,S001,Standard,5700
SEC08715,S005,Standing,29300
SEC08716,S005,VIP,1000
SEC08717,S003,VIP,1000
SEC08718,S003,Standard,2400
SEC08719,S004,VIP,800
SEC08720,S002,Standing,21300
SEC08721,S001,Standing,27400
SEC08722,S005,Standing,26500
SEC08723,S002,Economy,12700
SEC08724,S001,Economy,6800
SEC08725,S001,Standard,2200
SEC08726,S005,Economy,14200
SEC08727,S005,Standing,29100
SEC08728,S004,Standing,16600
SEC08729,S005,Standard,5300
SEC08730,S003,VIP,800
SEC08731,S005,Standing,23000
SEC08732,S005,Economy,12700
SEC08733,S002,Standard,5000
SEC08734,S002,Economy,8200
SEC08735,S001,Economy,11700
SEC08736,S001,Standard,3400
SEC08737,S003,Standard,4600
SEC08738,S004,Economy,7100
SEC08739,S002,Standard,3500
SEC08740,S004,Standing,11100
SEC08741,S004,Standing,19400
SEC08742,S004,Economy,12500
SEC08743,S001,Standard,4100
SEC08744,S004,Economy,8400
SEC08745,S004,Economy,11700
SEC08746,S001,Economy,5900
SEC08747,S002,Economy,10000
SEC08748,S004,VIP,800
SEC08749,S001,Economy,13900
SEC08750,S003,Standard,2000
SEC08751,S001,Economy,5100
SEC08752,S001,Standing,27800
SEC08753,S002,VIP,1000
SEC08754,S004,Economy,12900
SEC08755,S004,Standard,2400
SEC08756,S004,Standard,5200
SEC08757,S001,Standard,4700
SEC08758,S004,Economy,6000
SEC08759,S002,VIP,400
SEC08760,S001,Standard,5600
SEC08761,S001,VIP,900
SEC08762,S001,Standard,5400
SEC08763,S005,VIP,200
SEC08764,S002,Economy,13000
SEC08765,S002,Economy,13000
SEC08766,S005,Standard,5900
SEC08767,S001,Economy,5200
SEC08768,S005,Standard,5500
SEC08769,S002,Economy,12000
SEC08770,S004,Standard,4800
SEC08771,S002,VIP,600
SEC08772,S003,Standard,2400
SEC08773,S001,Standard,5700
SEC08774,S002,Standing,10000
SEC08775,S001,Standard,2400
SEC08776,S001,VIP,700
SEC08777,S001,Standing,11000
SEC08778,S005,Economy,14400
SEC08779,S002,Standard,3900
SEC08780,S005,Economy,7100
SEC08781,S002,Standing,24900
SEC08782,S001,Economy,10000
SEC08783,S005,Standing,20100
SEC08784,S001,Economy,10400
SEC08785,S003,VIP,200
SEC08786,S002,Economy,8100
SEC08787,S002,VIP,300
SEC08788,S002,Economy,13800
SEC08789,S003,Standard,3800
SEC08790,S003,VIP,400
SEC08791,S003,Standard,2100
SEC08792,S004,Standing,21200
SEC08793,S002,Standing,18900
SEC08794,S003,Economy,13800
SEC08795,S001,VIP,400
SEC08796,S004,Standing,24300
SEC08797,S001,VIP,700
SEC08798,S003,VIP,900
SEC08799,S004,VIP,600
SEC08800,S002,VIP,300
SEC08801,S005,Standard,5000
SEC08802,S003,Standard,4200
SEC08803,S004,Standard,3600
SEC08804,S004,Standing,26700
SEC08805,S005,Standard,4700
SEC08806,S001,Economy,10300
SEC08807,S004,Standard,3900
SEC08808,S003,Standing,14300
SEC08809,S003,Standard,5000
SEC08810,S003,Standing,12600
SEC08811,S004,Economy,8100
SEC08812,S001,VIP,800
SEC08813,S001,Economy,12600
SEC08814,S003,Standard,4300
SEC08815,S004,VIP,500
SEC08816,S002,Standing,10900
SEC08817,S005,Standard,3100
SEC08818,S003,VIP,500
SEC08819,S003,Economy,6700
SEC08820,S005,Standard,2500
SEC08821,S004,Standard,4200
SEC08822,S004,Economy,5000
SEC08823,S001,Economy,14500
SEC08824,S003,Standing,11300
SEC08825,S001,Standard,4900
SEC08826,S002,VIP,300
SEC08827,S001,Standing,13000
SEC08828,S005,Standing,18900
SEC08829,S001,Economy,10600
SEC08830,S003,Standard,2000
SEC08831,S003,Standing,11900
SEC08832,S001,Economy,14200
SEC08833,S002,Economy,10500
SEC08834,S003,Standard,3200
SEC08835,S002,Standard,3700
SEC08836,S002,Economy,9100
SEC08837,S005,Standard,2100
SEC08838,S005,VIP,400
SEC08839,S001,VIP,400
SEC08840,S004,Standing,24800
SEC08841,S002,Economy,7700
SEC08842,S002,Standard,4500
SEC08843,S002,Standing,16400
SEC08844,S002,Economy,5100
SEC08845,S001,Standard,3600
SEC08846,S002,Economy,8000
SEC08847,S005,VIP,500
SEC08848,S004,Economy,14000
SEC08849,S003,Standing,18100
SEC08850,S004,VIP,800
SEC08851,S001,Economy,10800
SEC08852,S005,Standard,4100
SEC08853,S004,Standing,23300
SEC08854,S005,Standing,20900
SEC08855,S002,VIP,500
SEC08856,S002,Standard,4500
SEC08857,S003,Standing,20900
SEC08858,S003,VIP,200
SEC08859,S001,VIP,500
SEC08860,S005,Standing,27200
SEC08861,S005,Economy,11900
SEC08862,S004,Standard,5200
SEC08863,S002,Standard,5100
SEC08864,S003,VIP,500
SEC08865,S005,Economy,14200
SEC08866,S002,Standing,27500
SEC08867,S003,VIP,100
SEC08868,S002,Economy,7600
SEC08869,S005,Standard,4400
SEC08870,S002,Standard,2500
SEC08871,S001,Standard,5300
SEC08872,S001,VIP,800
SEC08873,S001,Standing,25300
SEC08874,S005,Standard,2400
SEC08875,S002,Standard,5800
SEC08876,S004,Economy,14200
SEC08877,S005,VIP,100
SEC08878,S005,Economy,12800
SEC08879,S005,VIP,900
SEC08880,S004,Standard,5200
SEC08881,S003,Standing,10300
SEC08882,S005,VIP,200
SEC08883,S004,Standing,11800
SEC08884,S003,Standard,4000
SEC08885,S004,Standard,2800
SEC08886,S003,Economy,13500
SEC08887,S004,Standard,5000
SEC08888,S003,Economy,8200
SEC08889,S003,Economy,14900
SEC08890,S003,Economy,9900
SEC08891,S003,VIP,800
SEC08892,S005,Standard,5000
SEC08893,S003,Standing,18800
SEC08894,S001,Standard,3100
SEC08895,S003,Economy,14600
SEC08896,S004,VIP,700
SEC08897,S002,VIP,800
SEC08898,S001,VIP,600
SEC08899,S003,Economy,10300
SEC08900,S001,Economy,8300
SEC08901,S003,Standing,10900
SEC08902,S005,VIP,600
SEC08903,S001,Standard,3300
SEC08904,S003,VIP,800
SEC08905,S005,VIP,600
SEC08906,S002,Standing,18300
SEC08907,S001,Standing,16700
SEC08908,S003,Economy,14900
SEC08909,S004,VIP,700
SEC08910,S005,VIP,200
SEC08911,S003,VIP,900
SEC08912,S004,VIP,1000
SEC08913,S003,VIP,600
SEC08914,S001,Standard,5400
SEC08915,S001,Standing,11200
SEC08916,S004,Standard,2000
SEC08917,S002,Economy,7900
SEC08918,S002,Standing,22400
SEC08919,S001,Standing,27100
SEC08920,S003,Standing,17800
SEC08921,S004,Economy,5800
SEC08922,S005,VIP,300
SEC08923,S001,Economy,6500
SEC08924,S005,Standing,28300
SEC08925,S002,VIP,400
SEC08926,S002,Standard,3300
SEC08927,S001,VIP,800
SEC08928,S002,Standard,4400
SEC08929,S002,Standard,5700
SEC08930,S004,VIP,500
SEC08931,S004,VIP,600
SEC08932,S003,Economy,8200
SEC08933,S003,Economy,6500
SEC08934,S003,Standing,14200
SEC08935,S005,VIP,900
SEC08936,S002,Economy,10700
SEC08937,S004,Standard,5300
SEC08938,S004,Standing,28700
SEC08939,S002,Standing,10900
SEC08940,S002,VIP,900
SEC08941,S001,VIP,300
SEC08942,S002,VIP,900
SEC08943,S003,Standing,27200
SEC08944,S003,Standard,4600
SEC08945,S001,Standing,29600
SEC08946,S001,Standing,11700
SEC08947,S003,Standing,18400
SEC08948,S003,Standing,28800
SEC08949,S001,Economy,9500
SEC08950,S002,Economy,13200
SEC08951,S004,Economy,9300
SEC08952,S002,Standing,14800
SEC08953,S004,Standing,21200
SEC08954,S005,Standard,3900
SEC08955,S005,Standard,5000
SEC08956,S003,Standing,12300
SEC08957,S002,Standard,2700
SEC08958,S005,Economy,5100
SEC08959,S001,Standing,11600
SEC08960,S001,Economy,11300
SEC08961,S003,VIP,400
SEC08962,S005,VIP,1000
SEC08963,S003,VIP,600
SEC08964,S004,Standing,14900
SEC08965,S001,Standing,13400
SEC08966,S005,Standard,2000
SEC08967,S003,VIP,900
SEC08968,S005,Standing,13000
SEC08969,S005,Standing,17800
SEC08970,S004,Standard,3200
SEC08971,S001,Standing,13700
SEC08972,S001,Economy,11300
SEC08973,S002,Economy,11900
SEC08974,S002,Economy,6300
SEC08975,S005,Standing,16400
SEC08976,S004,Economy,9800
SEC08977,S005,Economy,6100
SEC08978,S001,Standard,4600
SEC08979,S005,Standing,16100
SEC08980,S003,Standard,3200
SEC08981,S001,Standard,3900
SEC08982,S005,Standing,29100
SEC08983,S002,Standing,28900
SEC08984,S003,Economy,14800
SEC08985,S003,VIP,800
SEC08986,S002,Economy,9600
SEC08987,S004,VIP,500
SEC08988,S002,Standard,5200
SEC08989,S005,VIP,500
SEC08990,S003,VIP,1000
SEC08991,S003,VIP,700
SEC08992,S001,VIP,800
SEC08993,S005,Standing,29600
SEC08994,S001,Standing,24300
SEC08995,S001,Standing,28500
SEC08996,S001,Standard,4900
SEC08997,S002,VIP,500
SEC08998,S002,Standing,18300
SEC08999,S001,Standing,25100
SEC09000,S002,Economy,6100
SEC09001,S004,Standing,25000
SEC09002,S003,VIP,500
SEC09003,S002,Standing,28800
SEC09004,S005,Economy,14200
SEC09005,S001,Standing,29800
SEC09006,S003,VIP,200
SEC09007,S004,Economy,12800
SEC09008,S003,Standard,2400
SEC09009,S003,Economy,12400
SEC09010,S003,Standing,16100
SEC09011,S005,VIP,1000
SEC09012,S003,Standing,16600
SEC09013,S001,Economy,12200
SEC09014,S001,Economy,10600
SEC09015,S003,Standard,2900
SEC09016,S005,Standard,3200
SEC09017,S001,Standard,4500
SEC09018,S002,VIP,900
SEC09019,S005,Economy,9100
SEC09020,S004,Standing,21000
SEC09021,S003,Economy,9100
SEC09022,S002,Standard,5900
SEC09023,S003,Economy,11100
SEC09024,S001,Economy,6600
SEC09025,S003,Standing,27800
SEC09026,S001,Economy,14500
SEC09027,S002,VIP,100
SEC09028,S005,VIP,700
SEC09029,S002,Economy,6300
SEC09030,S005,Standing,17200
SEC09031,S004,Economy,5400
SEC09032,S001,Standard,5100
SEC09033,S005,Standing,14900
SEC09034,S002,VIP,800
SEC09035,S001,Economy,13500
SEC09036,S005,Standard,2700
SEC09037,S005,VIP,200
SEC09038,S001,Economy,12600
SEC09039,S002,Standard,3100
SEC09040,S002,Standing,16200
SEC09041,S002,Economy,9200
SEC09042,S004,VIP,300
SEC09043,S003,Economy,6600
SEC09044,S001,VIP,200
SEC09045,S001,Standard,4200
SEC09046,S001,Economy,7300
SEC09047,S001,Standard,5700
SEC09048,S005,Standing,29800
SEC09049,S002,Standard,2500
SEC09050,S005,Standing,18700
SEC09051,S002,Standard,5500
SEC09052,S002,Standing,16300
SEC09053,S002,Standard,3500
SEC09054,S002,Standard,4600
SEC09055,S001,Standard,3600
SEC09056,S002,VIP,800
SEC09057,S001,Standing,27900
SEC09058,S003,VIP,200
SEC09059,S002,VIP,300
SEC09060,S004,VIP,400
SEC09061,S003,Standard,2600
SEC09062,S001,Standing,26900
SEC09063,S002,Economy,14700
SEC09064,S004,Economy,10800
SEC09065,S003,Economy,6000
SEC09066,S003,Standard,5400
SEC09067,S001,Standing,22200
SEC09068,S001,Standing,22900
SEC09069,S003,VIP,900
SEC09070,S005,Economy,5500
SEC09071,S003,Economy,5200
SEC09072,S001,Economy,15000
SEC09073,S005,Standard,3300
SEC09074,S005,VIP,400
SEC09075,S001,Economy,12100
SEC09076,S004,Standard,2300
SEC09077,S001,Standard,5200
SEC09078,S002,Standing,21700
SEC09079,S002,VIP,600
SEC09080,S004,Economy,12400
SEC09081,S003,VIP,600
SEC09082,S004,Economy,7900
SEC09083,S001,Standing,15500
SEC09084,S003,Standing,12000
SEC09085,S001,Standard,3200
SEC09086,S005,Standard,3900
SEC09087,S001,Economy,7600
SEC09088,S003,Standing,21100
SEC09089,S001,Standing,25900
SEC09090,S003,Standard,2400
SEC09091,S004,Standing,22600
SEC09092,S005,VIP,1000
SEC09093,S004,Standing,25700
SEC09094,S003,Economy,8100
SEC09095,S002,Standing,14100
SEC09096,S004,Standing,25500
SEC09097,S002,Economy,10900
SEC09098,S002,Standard,4300
SEC09099,S005,Standard,3400
SEC09100,S003,VIP,300
SEC09101,S004,Standard,5700
SEC09102,S001,VIP,200
SEC09103,S004,VIP,100
SEC09104,S004,VIP,300
SEC09105,S005,Standard,4200
SEC09106,S004,Economy,9700
SEC09107,S003,Standing,17500
SEC09108,S003,Standing,22200
SEC09109,S002,Standing,19600
SEC09110,S001,Standard,3300
SEC09111,S004,VIP,100
SEC09112,S003,VIP,600
SEC09113,S004,Standard,5800
SEC09114,S004,Standing,16400
SEC09115,S005,Economy,9400
SEC09116,S003,VIP,300
SEC09117,S005,Economy,5800
SEC09118,S003,Standard,4400
SEC09119,S005,VIP,600
SEC09120,S005,Standing,29000
SEC09121,S005,VIP,1000
SEC09122,S001,Economy,11500
SEC09123,S002,VIP,400
SEC09124,S004,Economy,10100
SEC09125,S003,Economy,14300
SEC09126,S002,Standard,4600
SEC09127,S001,Standing,24400
SEC09128,S003,Economy,10700
SEC09129,S003,Standing,17400
SEC09130,S003,Standard,5300
SEC09131,S004,VIP,300
SEC09132,S002,Standing,12900
SEC09133,S004,Standard,4600
SEC09134,S001,Economy,12500
SEC09135,S002,Standard,5400
SEC09136,S005,VIP,500
SEC09137,S005,Standing,24300
SEC09138,S002,VIP,200
SEC09139,S003,Standing,19200
SEC09140,S004,Standing,25600
SEC09141,S004,VIP,300
SEC09142,S004,Standing,28200
SEC09143,S002,VIP,800
SEC09144,S005,Standard,3700
SEC09145,S003,Economy,10200
SEC09146,S005,Standing,22000
SEC09147,S001,Economy,7900
SEC09148,S002,Economy,8700
SEC09149,S002,Economy,6700
SEC09150,S004,VIP,900
SEC09151,S005,VIP,700
SEC09152,S001,Standard,4800
SEC09153,S003,Standard,2500
SEC09154,S005,VIP,100
SEC09155,S004,VIP,900
SEC09156,S003,Economy,11200
SEC09157,S002,VIP,300
SEC09158,S001,VIP,700
SEC09159,S001,Standard,5000
SEC09160,S005,VIP,700
SEC09161,S001,VIP,500
SEC09162,S004,Economy,7400
SEC09163,S005,VIP,900
SEC09164,S004,Standing,18600
SEC09165,S002,Economy,12800
SEC09166,S001,Economy,12900
SEC09167,S001,Standard,4300
SEC09168,S002,VIP,600
SEC09169,S002,VIP,600
SEC09170,S001,Standing,24800
SEC09171,S002,Standard,4100
SEC09172,S004,Standard,4200
SEC09173,S004,Standard,3600
SEC09174,S005,Standing,28200
SEC09175,S001,VIP,700
SEC09176,S001,Standard,2900
SEC09177,S001,VIP,800
SEC09178,S001,Standing,27800
SEC09179,S004,Standard,5100
SEC09180,S003,Standing,25300
SEC09181,S005,Economy,5200
SEC09182,S002,Standing,22200
SEC09183,S001,VIP,400
SEC09184,S005,Economy,14100
SEC09185,S003,VIP,900
SEC09186,S003,Standing,16600
SEC09187,S005,Standing,24300
SEC09188,S005,Standard,4800
SEC09189,S004,VIP,700
SEC09190,S003,Standard,3600
SEC09191,S005,Standing,22200
SEC09192,S005,Economy,11000
SEC09193,S003,Economy,7500
SEC09194,S003,VIP,500
SEC09195,S003,Standing,14800
SEC09196,S003,Standing,19200
SEC09197,S001,Economy,13300
SEC09198,S005,Economy,10000
SEC09199,S005,VIP,100
SEC09200,S003,Standard,3200
SEC09201,S001,Economy,5600
SEC09202,S001,Standing,17200
SEC09203,S003,VIP,900
SEC09204,S004,Standard,2000
SEC09205,S002,Economy,12600
SEC09206,S001,Standard,4100
SEC09207,S005,Economy,12500
SEC09208,S004,VIP,200
SEC09209,S001,VIP,800
SEC09210,S002,VIP,500
SEC09211,S005,VIP,600
SEC09212,S004,Standard,5000
SEC09213,S003,Standing,14300
SEC09214,S001,Standard,2100
SEC09215,S004,VIP,800
SEC09216,S003,Standard,3900
SEC09217,S001,VIP,800
SEC09218,S001,Standard,3900
SEC09219,S003,Economy,10700
SEC09220,S001,Economy,10800
SEC09221,S004,Economy,14400
SEC09222,S003,Standing,20100
SEC09223,S005,Standing,13000
SEC09224,S003,VIP,500
SEC09225,S004,Standard,2400
SEC09226,S005,VIP,400
SEC09227,S003,VIP,900
SEC09228,S002,Standard,3400
SEC09229,S002,Standard,4100
SEC09230,S004,Standing,20100
SEC09231,S003,VIP,1000
SEC09232,S001,VIP,1000
SEC09233,S001,Standing,15100
SEC09234,S002,VIP,700
SEC09235,S004,Standard,3500
SEC09236,S004,Economy,11400
SEC09237,S003,Standard,5600
SEC09238,S003,Standing,14200
SEC09239,S003,Economy,5700
SEC09240,S003,VIP,900
SEC09241,S002,Economy,11100
SEC09242,S003,Standard,5300
SEC09243,S002,VIP,600
SEC09244,S005,VIP,300
SEC09245,S005,Economy,13800
SEC09246,S002,Economy,6800
SEC09247,S005,VIP,600
SEC09248,S005,VIP,400
SEC09249,S001,Standing,20000
SEC09250,S001,Standard,3700
SEC09251,S003,Economy,14600
SEC09252,S003,Standard,3800
SEC09253,S001,Standing,26700
SEC09254,S002,VIP,800
SEC09255,S005,Standing,24700
SEC09256,S003,Economy,6300
SEC09257,S001,Standard,3400
SEC09258,S005,VIP,800
SEC09259,S001,Standing,26200
SEC09260,S003,Economy,6300
SEC09261,S003,VIP,200
SEC09262,S003,VIP,400
SEC09263,S003,Standard,3500
SEC09264,S001,VIP,200
SEC09265,S005,VIP,500
SEC09266,S002,Standard,4100
SEC09267,S003,VIP,300
SEC09268,S005,Economy,12700
SEC09269,S001,Standard,5000
SEC09270,S005,Economy,14200
SEC09271,S005,Standing,26200
SEC09272,S001,Economy,6700
SEC09273,S005,Standing,15100
SEC09274,S005,Economy,8900
SEC09275,S001,Standing,19400
SEC09276,S003,VIP,300
SEC09277,S001,VIP,200
SEC09278,S005,Economy,7800
SEC09279,S002,VIP,700
SEC09280,S003,Standard,3900
SEC09281,S005,Standard,2500
SEC09282,S004,VIP,100
SEC09283,S001,Economy,12400
SEC09284,S005,VIP,500
SEC09285,S005,Standing,22200
SEC09286,S002,VIP,800
SEC09287,S005,Standard,4200
SEC09288,S003,Economy,13300
SEC09289,S002,Standard,2500
SEC09290,S001,Standard,2300
SEC09291,S002,Economy,5900
SEC09292,S003,VIP,700
SEC09293,S002,Standard,4400
SEC09294,S004,Standard,5000
SEC09295,S005,Standing,11700
SEC09296,S002,VIP,900
SEC09297,S003,Standard,2000
SEC09298,S005,Standard,3400
SEC09299,S005,Standing,13300
SEC09300,S005,Standard,5300
SEC09301,S005,VIP,200
SEC09302,S003,Standard,3700
SEC09303,S001,Standing,11500
SEC09304,S001,Standard,5400
SEC09305,S004,VIP,300
SEC09306,S001,Standard,3000
SEC09307,S003,Economy,12200
SEC09308,S004,VIP,300
SEC09309,S001,Economy,11300
SEC09310,S003,Economy,9800
SEC09311,S002,Standard,2800
SEC09312,S004,Economy,9700
SEC09313,S004,Economy,9300
SEC09314,S005,Standard,5300
SEC09315,S005,VIP,600
SEC09316,S001,Standard,5400
SEC09317,S001,Standing,13900
SEC09318,S004,Economy,11300
SEC09319,S001,Standing,13300
SEC09320,S004,Standard,4000
SEC09321,S005,Standard,4600
SEC09322,S005,Economy,14900
SEC09323,S001,Economy,7400
SEC09324,S004,Standing,20400
SEC09325,S002,Standing,26700
SEC09326,S003,Standing,21300
SEC09327,S004,Economy,14400
SEC09328,S002,VIP,800
SEC09329,S004,Standing,28800
SEC09330,S004,Economy,6500
SEC09331,S003,VIP,700
SEC09332,S004,VIP,900
SEC09333,S001,VIP,500
SEC09334,S005,Economy,11500
SEC09335,S002,VIP,800
SEC09336,S004,Standing,26500
SEC09337,S005,Economy,9200
SEC09338,S004,VIP,700
SEC09339,S002,Standard,2000
SEC09340,S004,Standing,27500
SEC09341,S001,VIP,500
SEC09342,S004,Standing,24300
SEC09343,S003,VIP,200
SEC09344,S004,Economy,11900
SEC09345,S005,Standard,4600
SEC09346,S003,Standing,22900
SEC09347,S005,Standing,22600
SEC09348,S002,Standing,20000
SEC09349,S002,Economy,9100
SEC09350,S001,VIP,700
SEC09351,S001,Economy,9500
SEC09352,S003,VIP,400
SEC09353,S005,Economy,7800
SEC09354,S004,Standing,20100
SEC09355,S005,VIP,200
SEC09356,S003,VIP,900
SEC09357,S002,Economy,11800
SEC09358,S004,Standard,4600
SEC09359,S003,Economy,13400
SEC09360,S003,VIP,800
SEC09361,S005,Economy,9400
SEC09362,S002,VIP,900
SEC09363,S002,VIP,400
SEC09364,S003,Economy,14900
SEC09365,S002,Economy,9800
SEC09366,S001,Standing,26200
SEC09367,S005,Standard,2700
SEC09368,S001,VIP,400
SEC09369,S002,Standard,4700
SEC09370,S003,Standing,26400
SEC09371,S003,Economy,12100
SEC09372,S004,Standing,21700
SEC09373,S005,VIP,900
SEC09374,S001,Standing,14500
SEC09375,S001,Economy,11100
SEC09376,S004,Standard,4700
SEC09377,S003,VIP,300
SEC09378,S005,Standing,26300
SEC09379,S005,VIP,1000
SEC09380,S002,Standard,2100
SEC09381,S001,Standard,3800
SEC09382,S005,Standard,4900
SEC09383,S002,VIP,500
SEC09384,S004,Economy,12500
SEC09385,S003,VIP,200
SEC09386,S001,VIP,300
SEC09387,S005,Standard,5800
SEC09388,S004,Standard,5100
SEC09389,S005,VIP,500
SEC09390,S004,Economy,10000
SEC09391,S004,Economy,10000
SEC09392,S003,Standing,21400
SEC09393,S004,VIP,600
SEC09394,S004,VIP,500
SEC09395,S002,Standard,4900
SEC09396,S002,Standing,21800
SEC09397,S004,Standing,20900
SEC09398,S004,Standing,24100
SEC09399,S003,VIP,800
SEC09400,S005,Economy,13900
SEC09401,S003,VIP,300
SEC09402,S001,VIP,800
SEC09403,S004,Economy,9800
SEC09404,S005,Standing,24800
SEC09405,S003,Standard,5500
SEC09406,S002,Economy,10400
SEC09407,S001,Economy,6800
SEC09408,S003,Economy,12000
SEC09409,S003,VIP,400
SEC09410,S001,VIP,300
SEC09411,S002,Economy,11400
SEC09412,S001,Standing,15600
SEC09413,S005,Standing,19300
SEC09414,S001,Standing,11000
SEC09415,S004,Standard,4400
SEC09416,S005,Standard,2500
SEC09417,S001,VIP,700
SEC09418,S005,Standing,27000
SEC09419,S001,Standard,4400
SEC09420,S004,Economy,13400
SEC09421,S003,Economy,6600
SEC09422,S002,VIP,900
SEC09423,S003,VIP,400
SEC09424,S005,VIP,500
SEC09425,S004,Standing,18800
SEC09426,S002,VIP,900
SEC09427,S002,Standing,18400
SEC09428,S004,Standing,28000
SEC09429,S003,Economy,12200
SEC09430,S002,Standing,12400
SEC09431,S003,Standing,20800
SEC09432,S005,Standing,16000
SEC09433,S004,Economy,5600
SEC09434,S002,Economy,5600
SEC09435,S004,Standard,2800
SEC09436,S004,VIP,400
SEC09437,S003,Economy,13700
SEC09438,S005,VIP,800
SEC09439,S005,Economy,7200
SEC09440,S005,Economy,6600
SEC09441,S002,VIP,300
SEC09442,S001,Standard,4500
SEC09443,S002,Economy,8200
SEC09444,S005,Standard,5700
SEC09445,S001,Economy,6300
SEC09446,S001,Standing,12900
SEC09447,S004,Standing,28400
SEC09448,S001,Standing,13400
SEC09449,S004,Standing,17800
SEC09450,S003,Economy,11700
SEC09451,S004,VIP,1000
SEC09452,S004,Standard,2400
SEC09453,S001,Economy,13000
SEC09454,S002,VIP,500
SEC09455,S003,Standard,3600
SEC09456,S001,Standing,28800
SEC09457,S002,Economy,6500
SEC09458,S005,Standard,4100
SEC09459,S005,Economy,6300
SEC09460,S001,Standard,2500
SEC09461,S003,VIP,800
SEC09462,S005,Standing,14300
SEC09463,S005,Standard,3800
SEC09464,S001,VIP,900
SEC09465,S001,Economy,14200
SEC09466,S003,VIP,1000
SEC09467,S004,Economy,5100
SEC09468,S002,Standing,15900
SEC09469,S004,Economy,9900
SEC09470,S003,Economy,5100
SEC09471,S003,Standard,2700
SEC09472,S003,Economy,13000
SEC09473,S003,Standing,24700
SEC09474,S002,Standing,27400
SEC09475,S002,VIP,100
SEC09476,S004,VIP,1000
SEC09477,S003,Standard,5300
SEC09478,S003,Economy,10600
SEC09479,S004,Economy,14700
SEC09480,S001,Standing,25800
SEC09481,S004,Economy,12200
SEC09482,S003,Standard,5700
SEC09483,S002,Economy,7600
SEC09484,S004,Economy,5300
SEC09485,S004,Economy,7700
SEC09486,S001,VIP,300
SEC09487,S002,Economy,11600
SEC09488,S004,Economy,10900
SEC09489,S003,Standing,25600
SEC09490,S002,VIP,700
SEC09491,S002,Standing,28600
SEC09492,S003,VIP,900
SEC09493,S005,VIP,800
SEC09494,S002,Economy,8600
SEC09495,S001,Standing,22400
SEC09496,S001,VIP,700
SEC09497,S002,Economy,11900
SEC09498,S003,Economy,12800
SEC09499,S003,Standard,2400
SEC09500,S005,Economy,11200
SEC09501,S001,VIP,600
SEC09502,S005,Standard,3300
SEC09503,S003,Standard,4900
SEC09504,S001,Standard,3400
SEC09505,S005,Economy,13100
SEC09506,S005,Economy,12200
SEC09507,S005,Standard,5300
SEC09508,S003,Standard,4000
SEC09509,S001,Standing,20300
SEC09510,S005,Standing,12500
SEC09511,S002,Standard,3700
SEC09512,S005,Standing,19400
SEC09513,S002,Economy,9000
SEC09514,S005,Economy,13800
SEC09515,S005,Economy,13700
SEC09516,S004,Standing,23700
SEC09517,S002,Economy,5500
SEC09518,S004,Standard,3000
SEC09519,S002,Standing,23600
SEC09520,S005,Standard,5900
SEC09521,S003,VIP,100
SEC09522,S004,Standard,5900
SEC09523,S004,Standard,2700
SEC09524,S002,VIP,300
SEC09525,S001,Standard,3900
SEC09526,S002,Economy,8500
SEC09527,S004,Standing,23500
SEC09528,S005,Standing,23100
SEC09529,S005,Standard,3200
SEC09530,S002,VIP,600
SEC09531,S002,Economy,6900
SEC09532,S003,VIP,1000
SEC09533,S003,Economy,9400
SEC09534,S004,Economy,14400
SEC09535,S004,Economy,13000
SEC09536,S001,Standard,2400
SEC09537,S002,Standard,4800
SEC09538,S002,Standard,5500
SEC09539,S003,VIP,600
SEC09540,S004,Economy,11100
SEC09541,S005,Standing,27400
SEC09542,S005,VIP,500
SEC09543,S005,Economy,8200
SEC09544,S005,VIP,300
SEC09545,S004,Standard,5400
SEC09546,S005,Economy,6200
SEC09547,S005,Economy,12000
SEC09548,S005,Standard,2500
SEC09549,S005,VIP,400
SEC09550,S001,Economy,5200
SEC09551,S005,Standing,28500
SEC09552,S003,VIP,100
SEC09553,S003,Standard,2600
SEC09554,S003,Economy,9700
SEC09555,S003,Economy,12900
SEC09556,S001,Economy,7900
SEC09557,S005,Economy,5400
SEC09558,S001,Standard,2900
SEC09559,S005,Standing,15900
SEC09560,S003,Standard,6000
SEC09561,S004,Standard,4100
SEC09562,S004,Standing,15500
SEC09563,S004,Economy,14300
SEC09564,S004,Standard,4200
SEC09565,S001,Standing,16400
SEC09566,S003,Economy,8500
SEC09567,S001,Standing,17500
SEC09568,S003,Economy,10200
SEC09569,S004,Standing,22700
SEC09570,S003,Standard,3200
SEC09571,S001,Economy,11600
SEC09572,S001,VIP,900
SEC09573,S004,Economy,12100
SEC09574,S005,Standing,16200
SEC09575,S002,VIP,200
SEC09576,S001,Standard,5400
SEC09577,S001,Economy,14800
SEC09578,S004,Standard,3700
SEC09579,S001,Standard,5700
SEC09580,S005,Standing,18900
SEC09581,S005,Standing,10400
SEC09582,S003,Standard,2200
SEC09583,S003,Standing,24800
SEC09584,S005,Standard,3400
SEC09585,S003,VIP,500
SEC09586,S003,Standard,4100
SEC09587,S001,Economy,12900
SEC09588,S001,Standard,4700
SEC09589,S005,Standard,2900
SEC09590,S004,Standing,23800
SEC09591,S004,VIP,400
SEC09592,S003,Economy,9200
SEC09593,S002,Standard,3400
SEC09594,S001,VIP,400
SEC09595,S001,VIP,600
SEC09596,S001,Economy,5300
SEC09597,S004,Economy,8100
SEC09598,S001,Standing,26200
SEC09599,S003,Standing,17000
SEC09600,S005,Standard,4400
SEC09601,S001,VIP,200
SEC09602,S002,Economy,5300
SEC09603,S004,Economy,7500
SEC09604,S001,Standing,24000
SEC09605,S002,VIP,900
SEC09606,S003,VIP,700
SEC09607,S002,Standing,14000
SEC09608,S003,VIP,700
SEC09609,S001,Economy,11400
SEC09610,S005,Economy,8600
SEC09611,S003,Economy,14100
SEC09612,S005,VIP,400
SEC09613,S001,Standing,28500
SEC09614,S001,Standing,24300
SEC09615,S005,Standing,21500
SEC09616,S005,VIP,700
SEC09617,S002,Standing,23200
SEC09618,S005,Standard,4500
SEC09619,S002,Standing,18200
SEC09620,S002,VIP,300
SEC09621,S004,Economy,12500
SEC09622,S004,Standard,4900
SEC09623,S005,VIP,1000
SEC09624,S002,Standing,13100
SEC09625,S003,Economy,6500
SEC09626,S004,Economy,11000
SEC09627,S001,Standard,2500
SEC09628,S001,Standing,21500
SEC09629,S002,Standing,28400
SEC09630,S005,Standing,24900
SEC09631,S003,VIP,500
SEC09632,S002,VIP,500
SEC09633,S003,Standard,3300
SEC09634,S005,Economy,7900
SEC09635,S005,Economy,14200
SEC09636,S003,Economy,12000
SEC09637,S001,Economy,14600
SEC09638,S003,Standard,2200
SEC09639,S005,Economy,11500
SEC09640,S004,Standard,3700
SEC09641,S003,Economy,13200
SEC09642,S001,Standing,22500
SEC09643,S003,Standing,27800
SEC09644,S004,Standing,24400
SEC09645,S004,Economy,9800
SEC09646,S002,VIP,400
SEC09647,S001,VIP,300
SEC09648,S002,Standard,5100
SEC09649,S004,Standard,2100
SEC09650,S001,Economy,10000
SEC09651,S002,Standard,4800
SEC09652,S003,Economy,6100
SEC09653,S003,VIP,900
SEC09654,S003,Economy,12900
SEC09655,S002,Economy,10100
SEC09656,S001,Standing,15500
SEC09657,S001,Economy,7400
SEC09658,S005,Standing,20400
SEC09659,S002,Economy,8000
SEC09660,S001,Economy,12000
SEC09661,S003,VIP,400
SEC09662,S004,Standard,2400
SEC09663,S003,VIP,400
SEC09664,S005,Economy,9700
SEC09665,S005,Standing,23800
SEC09666,S002,Standard,2800
SEC09667,S003,Economy,13500
SEC09668,S001,Economy,8700
SEC09669,S003,Economy,13000
SEC09670,S004,Standing,29800
SEC09671,S003,Standard,4600
SEC09672,S004,Economy,10300
SEC09673,S003,Standard,5100
SEC09674,S003,Standing,22000
SEC09675,S002,Economy,15000
SEC09676,S001,VIP,900
SEC09677,S003,VIP,700
SEC09678,S001,VIP,500
SEC09679,S002,Economy,6300
SEC09680,S005,Standard,2300
SEC09681,S004,VIP,400
SEC09682,S004,VIP,200
SEC09683,S001,VIP,800
SEC09684,S002,VIP,500
SEC09685,S002,VIP,700
SEC09686,S005,Economy,11600
SEC09687,S005,Standard,3700
SEC09688,S004,Standard,3700
SEC09689,S001,VIP,900
SEC09690,S005,Standard,3900
SEC09691,S001,Economy,13800
SEC09692,S002,Standing,19400
SEC09693,S002,Standard,5500
SEC09694,S002,VIP,400
SEC09695,S005,Standing,12000
SEC09696,S003,Standing,16800
SEC09697,S001,Standard,4400
SEC09698,S005,Standing,16400
SEC09699,S003,Standard,5900
SEC09700,S005,Economy,9800
SEC09701,S005,VIP,500
SEC09702,S002,Standing,27600
SEC09703,S004,Standing,18100
SEC09704,S003,VIP,500
SEC09705,S004,Standing,15800
SEC09706,S003,Standing,17800
SEC09707,S005,Standing,29500
SEC09708,S003,VIP,400
SEC09709,S001,Standing,21100
SEC09710,S005,VIP,800
SEC09711,S005,VIP,900
SEC09712,S002,VIP,400
SEC09713,S001,Economy,13400
SEC09714,S001,Standard,4600
SEC09715,S005,Standard,3500
SEC09716,S003,VIP,500
SEC09717,S003,Economy,13900
SEC09718,S005,VIP,500
SEC09719,S004,Standing,29800
SEC09720,S001,Economy,8600
SEC09721,S002,Standard,5300
SEC09722,S005,VIP,700
SEC09723,S002,Standard,3600
SEC09724,S002,VIP,300
SEC09725,S001,VIP,400
SEC09726,S005,Economy,5800
SEC09727,S003,VIP,300
SEC09728,S001,Standard,5000
SEC09729,S001,VIP,600
SEC09730,S003,Economy,12300
SEC09731,S002,Standing,12900
SEC09732,S003,Standing,16500
SEC09733,S001,Economy,10000
SEC09734,S002,Standing,24000
SEC09735,S004,Standard,3500
SEC09736,S003,Standard,5300
SEC09737,S001,Economy,9000
SEC09738,S004,VIP,400
SEC09739,S005,Economy,10800
SEC09740,S001,Standing,20700
SEC09741,S002,VIP,800
SEC09742,S002,Economy,7000
SEC09743,S005,Standing,17500
SEC09744,S004,VIP,500
SEC09745,S004,VIP,300
SEC09746,S003,Standing,17200
SEC09747,S005,Standard,4300
SEC09748,S001,Standard,5200
SEC09749,S005,VIP,400
SEC09750,S005,VIP,900
SEC09751,S001,Economy,13200
SEC09752,S003,Economy,13300
SEC09753,S004,VIP,200
SEC09754,S002,VIP,300
SEC09755,S002,Standard,5800
SEC09756,S001,VIP,900
SEC09757,S005,Standing,25100
SEC09758,S004,Standard,2800
SEC09759,S004,Standard,3400
SEC09760,S003,Standing,20700
SEC09761,S001,VIP,700
SEC09762,S002,Standing,28300
SEC09763,S002,Standing,11300
SEC09764,S001,Standing,23100
SEC09765,S003,Economy,9600
SEC09766,S003,Standing,23900
SEC09767,S005,Standing,23800
SEC09768,S002,VIP,600
SEC09769,S003,Standard,2500
SEC09770,S004,VIP,800
SEC09771,S002,Economy,8500
SEC09772,S005,Economy,8800
SEC09773,S001,Economy,10200
SEC09774,S005,Economy,11000
SEC09775,S001,Standing,26800
SEC09776,S001,Standing,13600
SEC09777,S005,Economy,8100
SEC09778,S004,Economy,8300
SEC09779,S003,Economy,12900
SEC09780,S003,Standing,10900
SEC09781,S002,Standing,15100
SEC09782,S005,Standing,27000
SEC09783,S003,VIP,600
SEC09784,S005,Standing,17000
SEC09785,S005,Economy,14900
SEC09786,S005,Standard,4000
SEC09787,S004,Standard,3200
SEC09788,S001,Economy,7700
SEC09789,S001,Standing,14600
SEC09790,S004,VIP,600
SEC09791,S002,VIP,200
SEC09792,S003,Standing,25800
SEC09793,S004,Standing,16000
SEC09794,S005,Standing,19100
SEC09795,S003,VIP,200
SEC09796,S001,Economy,12600
SEC09797,S005,Standing,12400
SEC09798,S002,Standing,11900
SEC09799,S005,Economy,7000
SEC09800,S004,Economy,11000
SEC09801,S005,Standing,16700
SEC09802,S003,Standing,29300
SEC09803,S004,Standard,3200
SEC09804,S001,Economy,6300
SEC09805,S003,VIP,300
SEC09806,S001,Economy,13000
SEC09807,S005,VIP,1000
SEC09808,S005,Standard,2400
SEC09809,S004,Standard,3100
SEC09810,S004,Standing,19800
SEC09811,S003,Standard,5600
SEC09812,S004,Standing,20300
SEC09813,S005,Standing,23200
SEC09814,S005,Standing,10900
SEC09815,S001,Economy,5000
SEC09816,S002,Standing,13800
SEC09817,S005,Standing,27800
SEC09818,S002,VIP,900
SEC09819,S003,Economy,14100
SEC09820,S005,Standard,5500
SEC09821,S001,Standing,23100
SEC09822,S005,Standing,13200
SEC09823,S001,Economy,6300
SEC09824,S004,VIP,900
SEC09825,S002,Standing,28800
SEC09826,S005,Standing,12400
SEC09827,S001,VIP,300
SEC09828,S003,Economy,12300
SEC09829,S003,Standing,16200
SEC09830,S002,Standard,2400
SEC09831,S005,Standard,2200
SEC09832,S004,Standard,3100
SEC09833,S004,Standard,5200
SEC09834,S005,Standard,5900
SEC09835,S001,Economy,12800
SEC09836,S003,Economy,7900
SEC09837,S003,VIP,400
SEC09838,S004,VIP,900
SEC09839,S005,VIP,600
SEC09840,S004,Economy,8300
SEC09841,S001,Standard,3200
SEC09842,S004,VIP,700
SEC09843,S001,Economy,9500
SEC09844,S003,Economy,7200
SEC09845,S003,Standard,3900
SEC09846,S005,Standard,5600
SEC09847,S001,VIP,800
SEC09848,S001,VIP,200
SEC09849,S001,Standard,2600
SEC09850,S003,Standard,5000
SEC09851,S002,VIP,200
SEC09852,S003,VIP,1000
SEC09853,S002,Economy,10400
SEC09854,S001,Standing,12100
SEC09855,S001,VIP,200
SEC09856,S005,Standing,14300
SEC09857,S004,Standard,3500
SEC09858,S005,VIP,200
SEC09859,S001,Standard,4000
SEC09860,S005,Standing,16600
SEC09861,S005,Standard,4400
SEC09862,S002,VIP,100
SEC09863,S004,Standard,4500
SEC09864,S001,Standing,12000
SEC09865,S005,Standard,5600
SEC09866,S001,Economy,13700
SEC09867,S001,Economy,9100
SEC09868,S001,Standard,2400
SEC09869,S005,VIP,800
SEC09870,S005,Standard,4600
SEC09871,S004,Standing,28200
SEC09872,S002,Economy,6700
SEC09873,S001,VIP,500
SEC09874,S004,Standard,3600
SEC09875,S001,Economy,11800
SEC09876,S001,Standing,19400
SEC09877,S002,Standard,3900
SEC09878,S004,Economy,10300
SEC09879,S005,Standard,3000
SEC09880,S001,Economy,7700
SEC09881,S002,Standard,3600
SEC09882,S005,VIP,200
SEC09883,S004,VIP,1000
SEC09884,S005,Standing,17500
SEC09885,S001,Economy,8400
SEC09886,S001,VIP,900
SEC09887,S005,Standard,3200
SEC09888,S004,VIP,600
SEC09889,S005,Standing,21900
SEC09890,S004,Standing,28000
SEC09891,S003,VIP,700
SEC09892,S005,Economy,10700
SEC09893,S002,VIP,200
SEC09894,S004,VIP,600
SEC09895,S004,Standing,27000
SEC09896,S003,Economy,9900
SEC09897,S003,Economy,7500
SEC09898,S002,VIP,400
SEC09899,S003,Standing,15300
SEC09900,S004,Standard,5800
SEC09901,S001,VIP,1000
SEC09902,S002,Standing,28900
SEC09903,S002,Standard,3600
SEC09904,S005,Economy,13100
SEC09905,S003,Economy,6600
SEC09906,S003,VIP,900
SEC09907,S001,Standard,2700
SEC09908,S002,Standing,15600
SEC09909,S002,VIP,1000
SEC09910,S004,VIP,800
SEC09911,S001,VIP,300
SEC09912,S005,VIP,1000
SEC09913,S001,Standard,6000
SEC09914,S005,Economy,10900
SEC09915,S002,Economy,9700
SEC09916,S002,Standing,27600
SEC09917,S001,Economy,10000
SEC09918,S002,Standard,5500
SEC09919,S002,Economy,9000
SEC09920,S003,Standard,2900
SEC09921,S002,VIP,900
SEC09922,S002,Economy,8900
SEC09923,S001,Standing,12900
SEC09924,S003,Standing,19600
SEC09925,S003,Standard,2900
SEC09926,S002,Economy,11500
SEC09927,S003,Standard,3700
SEC09928,S005,Standard,2700
SEC09929,S004,VIP,800
SEC09930,S003,VIP,800
SEC09931,S005,Standing,22500
SEC09932,S003,Standing,26500
SEC09933,S003,Economy,9000
SEC09934,S004,Standard,3900
SEC09935,S003,Economy,5000
SEC09936,S003,Standing,14500
SEC09937,S001,Economy,13300
SEC09938,S004,Standing,19100
SEC09939,S005,Standard,2500
SEC09940,S005,Standard,4400
SEC09941,S001,Standard,4800
SEC09942,S003,VIP,100
SEC09943,S001,Standard,3000
SEC09944,S002,VIP,200
SEC09945,S001,Standing,25700
SEC09946,S003,Standard,3700
SEC09947,S002,Standing,14200
SEC09948,S001,Standing,20000
SEC09949,S004,Standing,16900
SEC09950,S005,VIP,400
SEC09951,S001,Economy,10100
SEC09952,S003,Standard,5400
SEC09953,S005,Standard,4800
SEC09954,S001,VIP,600
SEC09955,S001,Standard,5100
SEC09956,S004,Economy,15000
SEC09957,S005,VIP,300
SEC09958,S005,Standing,17200
SEC09959,S004,Economy,10100
SEC09960,S005,Standing,27400
SEC09961,S001,VIP,300
SEC09962,S001,Economy,13500
SEC09963,S003,VIP,900
SEC09964,S001,Standing,25200
SEC09965,S001,Standing,27100
SEC09966,S002,Economy,8000
SEC09967,S004,VIP,500
SEC09968,S004,Economy,12600
SEC09969,S005,VIP,500
SEC09970,S002,VIP,600
SEC09971,S004,Standard,5900
SEC09972,S001,Standard,5100
SEC09973,S002,Economy,12500
SEC09974,S002,Standard,2500
SEC09975,S002,Standing,13800
SEC09976,S005,Standing,17500
SEC09977,S005,VIP,200
SEC09978,S004,Standard,5200
SEC09979,S005,Economy,6700
SEC09980,S005,VIP,500
SEC09981,S001,Standard,2700
SEC09982,S001,Economy,5500
SEC09983,S003,VIP,600
SEC09984,S005,Economy,14800
SEC09985,S002,Economy,7300
SEC09986,S005,Standing,11800
SEC09987,S002,VIP,800
SEC09988,S003,Economy,13900
SEC09989,S003,VIP,900
SEC09990,S002,VIP,600
SEC09991,S005,Standing,29900
SEC09992,S004,Standard,2300
SEC09993,S001,Standard,2700
SEC09994,S005,Standing,20400
SEC09995,S004,Standing,15900
SEC09996,S001,Standing,13300
SEC09997,S003,Economy,12600
SEC09998,S001,Economy,7200
SEC09999,S003,Standing,26500
SEC10000,S003,Standard,4000
