stadiumId,name,location,capacity
S00001,Nam Dinh Arena 1,Nam Dinh,53000
S00002,Nam Dinh National Stadium 2,Nam Dinh,55500
S00003,Ho Chi Minh City Dome 3,Ho Chi Minh City,58000
S00004,Nam Dinh Park 4,Nam Dinh,49500
S00005,Can Tho Sports Complex 5,Can Tho,28500
S00006,Can Tho Arena 6,Can Tho,32500
S00007,Hue Arena 7,Hue,59000
S00008,Nha Trang Dome 8,Nha Trang,35500
S00009,Ho Chi Minh City National Stadium 9,Ho Chi Minh City,45000
S00010,Nam Dinh Park 10,Nam Dinh,21500
S00011,Ho Chi Minh City Park 11,Ho Chi Minh City,29000
S00012,Binh Duong Sports Complex 12,Binh Duong,23500
S00013,Can Tho National Stadium 13,Can Tho,72500
S00014,Hai Phong Sports Complex 14,Hai Phong,33500
S00015,Da Nang Dome 15,Da Nang,69500
S00016,Binh Duong Sports Complex 16,Binh Duong,55000
S00017,Binh Duong National Stadium 17,Binh Duong,59000
S00018,Binh Duong Sports Complex 18,Binh Duong,76000
S00019,Ho Chi Minh City Arena 19,Ho Chi Minh City,32500
S00020,Ho Chi Minh City National Stadium 20,Ho Chi Minh City,63500
S00021,Binh Duong Arena 21,Binh Duong,33000
S00022,Nha Trang Park 22,Nha Trang,29000
S00023,Can Tho Arena 23,Can Tho,60000
S00024,Nha Trang Park 24,Nha Trang,47000
S00025,Nha Trang National Stadium 25,Nha Trang,21000
S00026,Hue Sports Complex 26,Hue,18000
S00027,Hanoi Sports Complex 27,Hanoi,65500
S00028,Da Nang Sports Complex 28,Da Nang,25500
S00029,Quy Nhon Park 29,Quy Nhon,61000
S00030,Hue Park 30,Hue,15500
S00031,Ho Chi Minh City National Stadium 31,Ho Chi Minh City,77000
S00032,Da Nang Park 32,Da Nang,17500
S00033,Can Tho Park 33,Can Tho,51000
S00034,Da Nang Dome 34,Da Nang,23500
S00035,Hanoi Sports Complex 35,Hanoi,39000
S00036,Hanoi Sports Complex 36,Hanoi,29000
S00037,Hai Phong National Stadium 37,Hai Phong,38000
S00038,Binh Duong Dome 38,Binh Duong,79000
S00039,Nam Dinh Arena 39,Nam Dinh,75500
S00040,Hai Phong Arena 40,Hai Phong,79000
S00041,Da Nang Dome 41,Da Nang,16500
S00042,Da Nang Sports Complex 42,Da Nang,66500
S00043,Hue Arena 43,Hue,32500
S00044,Da Nang National Stadium 44,Da Nang,40000
S00045,Hanoi Dome 45,Hanoi,29500
S00046,Hai Phong Dome 46,Hai Phong,38000
S00047,Nha Trang Arena 47,Nha Trang,29500
S00048,Hanoi Arena 48,Hanoi,41000
S00049,Can Tho Sports Complex 49,Can Tho,71500
S00050,Ho Chi Minh City Sports Complex 50,Ho Chi Minh City,38000
S00051,Binh Duong Dome 51,Binh Duong,59500
S00052,Binh Duong Sports Complex 52,Binh Duong,76500
S00053,Hanoi National Stadium 53,Hanoi,72500
S00054,Nha Trang Arena 54,Nha Trang,53000
S00055,Nha Trang National Stadium 55,Nha Trang,22000
S00056,Nam Dinh Dome 56,Nam Dinh,37500
S00057,Can Tho Dome 57,Can Tho,54500
S00058,Binh Duong National Stadium 58,Binh Duong,40000
S00059,Nam Dinh Arena 59,Nam Dinh,31500
S00060,Hanoi Dome 60,Hanoi,15000
S00061,Binh Duong Park 61,Binh Duong,60000
S00062,Hai Phong Sports Complex 62,Hai Phong,43500
S00063,Ho Chi Minh City Sports Complex 63,Ho Chi Minh City,56000
S00064,Can Tho National Stadium 64,Can Tho,62000
S00065,Nha Trang Park 65,Nha Trang,35500
S00066,Hue Sports Complex 66,Hue,41500
S00067,Nha Trang Park 67,Nha Trang,23500
S00068,Hai Phong Dome 68,Hai Phong,58500
S00069,Hue Arena 69,Hue,55500
S00070,Nam Dinh Sports Complex 70,Nam Dinh,41500
S00071,Binh Duong National Stadium 71,Binh Duong,35000
S00072,Nha Trang Arena 72,Nha Trang,43000
S00073,Nam Dinh Park 73,Nam Dinh,58000
S00074,Can Tho Dome 74,Can Tho,44000
S00075,Quy Nhon Arena 75,Quy Nhon,48500
S00076,Quy Nhon Arena 76,Quy Nhon,58000
S00077,Ho Chi Minh City Sports Complex 77,Ho Chi Minh City,49000
S00078,Nam Dinh Sports Complex 78,Nam Dinh,21000
S00079,Hai Phong Sports Complex 79,Hai Phong,29500
S00080,Hai Phong Arena 80,Hai Phong,16500
S00081,Hanoi Arena 81,Hanoi,79500
S00082,Quy Nhon Park 82,Quy Nhon,70500
S00083,Ho Chi Minh City Dome 83,Ho Chi Minh City,42000
S00084,Nam Dinh Arena 84,Nam Dinh,62000
S00085,Hue Dome 85,Hue,41000
S00086,Hai Phong Arena 86,Hai Phong,58000
S00087,Hanoi National Stadium 87,Hanoi,66000
S00088,Hue Arena 88,Hue,26500
S00089,Binh Duong Dome 89,Binh Duong,18500
S00090,Binh Duong Arena 90,Binh Duong,75000
S00091,Ho Chi Minh City Dome 91,Ho Chi Minh City,23500
S00092,Quy Nhon Park 92,Quy Nhon,79500
S00093,Binh Duong Park 93,Binh Duong,36000
S00094,Quy Nhon Park 94,Quy Nhon,68500
S00095,Binh Duong Dome 95,Binh Duong,69500
S00096,Binh Duong Dome 96,Binh Duong,74000
S00097,Da Nang Dome 97,Da Nang,44500
S00098,Nha Trang Arena 98,Nha Trang,70000
S00099,Nha Trang Park 99,Nha Trang,47000
S00100,Hai Phong Sports Complex 100,Hai Phong,44000
S00101,Ho Chi Minh City Sports Complex 101,Ho Chi Minh City,30500
S00102,Nha Trang Sports Complex 102,Nha Trang,36000
S00103,Binh Duong National Stadium 103,Binh Duong,24000
S00104,Da Nang Arena 104,Da Nang,40000
S00105,Da Nang Arena 105,Da Nang,19000
S00106,Hue Dome 106,Hue,36500
S00107,Binh Duong Dome 107,Binh Duong,42000
S00108,Hanoi Arena 108,Hanoi,69500
S00109,Hue Dome 109,Hue,74500
S00110,Nam Dinh National Stadium 110,Nam Dinh,71000
S00111,Nam Dinh Dome 111,Nam Dinh,46500
S00112,Hanoi Sports Complex 112,Hanoi,34500
S00113,Hue Dome 113,Hue,50500
S00114,Binh Duong Park 114,Binh Duong,74000
S00115,Hai Phong Dome 115,Hai Phong,29500
S00116,Nha Trang Dome 116,Nha Trang,47000
S00117,Hanoi Dome 117,Hanoi,37000
S00118,Hue Arena 118,Hue,70000
S00119,Quy Nhon Arena 119,Quy Nhon,79500
S00120,Nam Dinh Park 120,Nam Dinh,17000
S00121,Hue Park 121,Hue,52000
S00122,Hanoi National Stadium 122,Hanoi,57000
S00123,Hue Arena 123,Hue,72000
S00124,Quy Nhon Arena 124,Quy Nhon,18500
S00125,Nha Trang Dome 125,Nha Trang,36500
S00126,Hai Phong Dome 126,Hai Phong,36500
S00127,Can Tho Dome 127,Can Tho,33000
S00128,Hue Sports Complex 128,Hue,69500
S00129,Ho Chi Minh City Dome 129,Ho Chi Minh City,16500
S00130,Binh Duong National Stadium 130,Binh Duong,77500
S00131,Can Tho Arena 131,Can Tho,57500
S00132,Ho Chi Minh City National Stadium 132,Ho Chi Minh City,64500
S00133,Hanoi Arena 133,Hanoi,28000
S00134,Hanoi Park 134,Hanoi,25000
S00135,Hai Phong Arena 135,Hai Phong,46000
S00136,Ho Chi Minh City Park 136,Ho Chi Minh City,77000
S00137,Hai Phong Dome 137,Hai Phong,61000
S00138,Nha Trang Sports Complex 138,Nha Trang,26000
S00139,Nam Dinh Park 139,Nam Dinh,78000
S00140,Ho Chi Minh City Arena 140,Ho Chi Minh City,78000
S00141,Nha Trang National Stadium 141,Nha Trang,53000
S00142,Hanoi Sports Complex 142,Hanoi,52500
S00143,Hue Dome 143,Hue,76500
S00144,Hai Phong National Stadium 144,Hai Phong,54000
S00145,Hai Phong National Stadium 145,Hai Phong,60500
S00146,Nha Trang Park 146,Nha Trang,68000
S00147,Ho Chi Minh City Park 147,Ho Chi Minh City,66500
S00148,Hanoi Sports Complex 148,Hanoi,50000
S00149,Hue Sports Complex 149,Hue,19500
S00150,Binh Duong Sports Complex 150,Binh Duong,16000
S00151,Hue Dome 151,Hue,22000
S00152,Hue Sports Complex 152,Hue,56500
S00153,Quy Nhon Arena 153,Quy Nhon,43500
S00154,Da Nang Park 154,Da Nang,78500
S00155,Nha Trang Park 155,Nha Trang,68000
S00156,Binh Duong Dome 156,Binh Duong,45500
S00157,Hue Park 157,Hue,32500
S00158,Can Tho Arena 158,Can Tho,69500
S00159,Ho Chi Minh City Sports Complex 159,Ho Chi Minh City,73000
S00160,Quy Nhon Arena 160,Quy Nhon,64000
S00161,Quy Nhon Park 161,Quy Nhon,55000
S00162,Hue Sports Complex 162,Hue,17000
S00163,Quy Nhon Sports Complex 163,Quy Nhon,27000
S00164,Quy Nhon Arena 164,Quy Nhon,38500
S00165,Nha Trang Sports Complex 165,Nha Trang,33500
S00166,Nam Dinh Sports Complex 166,Nam Dinh,51500
S00167,Hanoi Park 167,Hanoi,77000
S00168,Hai Phong National Stadium 168,Hai Phong,31000
S00169,Hue Dome 169,Hue,51500
S00170,Hai Phong Dome 170,Hai Phong,57500
S00171,Quy Nhon Dome 171,Quy Nhon,67000
S00172,Hanoi National Stadium 172,Hanoi,34500
S00173,Hai Phong Dome 173,Hai Phong,60500
S00174,Hai Phong Sports Complex 174,Hai Phong,58500
S00175,Nam Dinh Sports Complex 175,Nam Dinh,46000
S00176,Binh Duong Park 176,Binh Duong,37500
S00177,Hue Park 177,Hue,36500
S00178,Can Tho Dome 178,Can Tho,33000
S00179,Nha Trang Sports Complex 179,Nha Trang,30000
S00180,Ho Chi Minh City Arena 180,Ho Chi Minh City,35500
S00181,Ho Chi Minh City Park 181,Ho Chi Minh City,77500
S00182,Da Nang Arena 182,Da Nang,29000
S00183,Quy Nhon Sports Complex 183,Quy Nhon,62500
S00184,Nam Dinh Park 184,Nam Dinh,54000
S00185,Nha Trang National Stadium 185,Nha Trang,69500
S00186,Hai Phong Sports Complex 186,Hai Phong,30000
S00187,Can Tho Arena 187,Can Tho,35000
S00188,Hanoi Park 188,Hanoi,23500
S00189,Nha Trang National Stadium 189,Nha Trang,79000
S00190,Hanoi Park 190,Hanoi,34000
S00191,Da Nang Dome 191,Da Nang,21500
S00192,Hanoi Park 192,Hanoi,33500
S00193,Quy Nhon Dome 193,Quy Nhon,44000
S00194,Can Tho Arena 194,Can Tho,78500
S00195,Hanoi Sports Complex 195,Hanoi,76500
S00196,Quy Nhon National Stadium 196,Quy Nhon,69000
S00197,Ho Chi Minh City Dome 197,Ho Chi Minh City,47000
S00198,Ho Chi Minh City Park 198,Ho Chi Minh City,56500
S00199,Hanoi Arena 199,Hanoi,25000
S00200,Nam Dinh Sports Complex 200,Nam Dinh,20500
S00201,Hai Phong National Stadium 201,Hai Phong,51500
S00202,Hue Park 202,Hue,54000
S00203,Nam Dinh Arena 203,Nam Dinh,66000
S00204,Binh Duong Dome 204,Binh Duong,44500
S00205,Quy Nhon Sports Complex 205,Quy Nhon,71500
S00206,Nam Dinh Dome 206,Nam Dinh,35000
S00207,Nam Dinh Park 207,Nam Dinh,19000
S00208,Nam Dinh National Stadium 208,Nam Dinh,77000
S00209,Hai Phong Arena 209,Hai Phong,32500
S00210,Ho Chi Minh City Arena 210,Ho Chi Minh City,30500
S00211,Da Nang Park 211,Da Nang,20000
S00212,Da Nang National Stadium 212,Da Nang,42000
S00213,Quy Nhon Park 213,Quy Nhon,46000
S00214,Nha Trang National Stadium 214,Nha Trang,30000
S00215,Nha Trang Sports Complex 215,Nha Trang,61000
S00216,Quy Nhon National Stadium 216,Quy Nhon,60000
S00217,Hai Phong Sports Complex 217,Hai Phong,66500
S00218,Nam Dinh Arena 218,Nam Dinh,43000
S00219,Ho Chi Minh City Park 219,Ho Chi Minh City,29500
S00220,Da Nang Sports Complex 220,Da Nang,69000
S00221,Da Nang National Stadium 221,Da Nang,19000
S00222,Da Nang Sports Complex 222,Da Nang,54000
S00223,Nam Dinh Sports Complex 223,Nam Dinh,44000
S00224,Ho Chi Minh City Dome 224,Ho Chi Minh City,60000
S00225,Nha Trang Dome 225,Nha Trang,77000
S00226,Nha Trang Park 226,Nha Trang,50500
S00227,Quy Nhon Dome 227,Quy Nhon,20500
S00228,Nam Dinh National Stadium 228,Nam Dinh,73500
S00229,Hue Sports Complex 229,Hue,54500
S00230,Nha Trang National Stadium 230,Nha Trang,21000
S00231,Hai Phong Park 231,Hai Phong,53500
S00232,Hanoi Sports Complex 232,Hanoi,53000
S00233,Hanoi Arena 233,Hanoi,46000
S00234,Binh Duong Dome 234,Binh Duong,75000
S00235,Nha Trang Arena 235,Nha Trang,53500
S00236,Hue Dome 236,Hue,78500
S00237,Ho Chi Minh City Dome 237,Ho Chi Minh City,38000
S00238,Hue Sports Complex 238,Hue,36000
S00239,Ho Chi Minh City Arena 239,Ho Chi Minh City,36500
S00240,Hue Dome 240,Hue,34000
S00241,Hue Park 241,Hue,17500
S00242,Quy Nhon National Stadium 242,Quy Nhon,35500
S00243,Nha Trang Sports Complex 243,Nha Trang,22500
S00244,Hue Park 244,Hue,69000
S00245,Hanoi Park 245,Hanoi,45500
S00246,Hue National Stadium 246,Hue,27500
S00247,Binh Duong Sports Complex 247,Binh Duong,56000
S00248,Quy Nhon Dome 248,Quy Nhon,65000
S00249,Hanoi Arena 249,Hanoi,32500
S00250,Binh Duong Arena 250,Binh Duong,76000
S00251,Nha Trang Dome 251,Nha Trang,72500
S00252,Quy Nhon National Stadium 252,Quy Nhon,17000
S00253,Nam Dinh Arena 253,Nam Dinh,61500
S00254,Da Nang Sports Complex 254,Da Nang,51000
S00255,Hanoi Park 255,Hanoi,41500
S00256,Ho Chi Minh City Arena 256,Ho Chi Minh City,70000
S00257,Ho Chi Minh City Dome 257,Ho Chi Minh City,77000
S00258,Ho Chi Minh City Arena 258,Ho Chi Minh City,47500
S00259,Nha Trang Park 259,Nha Trang,61000
S00260,Nha Trang Dome 260,Nha Trang,69500
S00261,Quy Nhon Dome 261,Quy Nhon,31000
S00262,Quy Nhon Park 262,Quy Nhon,24500
S00263,Hue Arena 263,Hue,75500
S00264,Nam Dinh Park 264,Nam Dinh,64000
S00265,Da Nang National Stadium 265,Da Nang,33000
S00266,Hue Sports Complex 266,Hue,76000
S00267,Binh Duong Sports Complex 267,Binh Duong,69000
S00268,Hanoi Sports Complex 268,Hanoi,62500
S00269,Nha Trang Park 269,Nha Trang,53000
S00270,Quy Nhon Arena 270,Quy Nhon,44500
S00271,Binh Duong Dome 271,Binh Duong,37500
S00272,Can Tho Park 272,Can Tho,65000
S00273,Binh Duong Dome 273,Binh Duong,45000
S00274,Can Tho Arena 274,Can Tho,79500
S00275,Hai Phong Park 275,Hai Phong,40000
S00276,Hai Phong Dome 276,Hai Phong,18000
S00277,Can Tho Dome 277,Can Tho,61000
S00278,Hue Dome 278,Hue,80000
S00279,Da Nang Dome 279,Da Nang,78000
S00280,Hanoi Arena 280,Hanoi,48000
S00281,Nam Dinh Sports Complex 281,Nam Dinh,72000
S00282,Ho Chi Minh City Dome 282,Ho Chi Minh City,21500
S00283,Binh Duong Dome 283,Binh Duong,16000
S00284,Da Nang Dome 284,Da Nang,72000
S00285,Da Nang National Stadium 285,Da Nang,46000
S00286,Nha Trang Sports Complex 286,Nha Trang,56000
S00287,Hue National Stadium 287,Hue,71000
S00288,Can Tho Park 288,Can Tho,40000
S00289,Can Tho Dome 289,Can Tho,72000
S00290,Binh Duong National Stadium 290,Binh Duong,55500
S00291,Ho Chi Minh City Arena 291,Ho Chi Minh City,56500
S00292,Nha Trang Arena 292,Nha Trang,64000
S00293,Ho Chi Minh City Dome 293,Ho Chi Minh City,79000
S00294,Ho Chi Minh City National Stadium 294,Ho Chi Minh City,44000
S00295,Da Nang Sports Complex 295,Da Nang,74000
S00296,Hanoi National Stadium 296,Hanoi,36500
S00297,Hanoi Sports Complex 297,Hanoi,38500
S00298,Can Tho Dome 298,Can Tho,24500
S00299,Hai Phong Park 299,Hai Phong,42000
S00300,Nam Dinh Arena 300,Nam Dinh,26000
S00301,Da Nang National Stadium 301,Da Nang,55000
S00302,Hue Park 302,Hue,60000
S00303,Hai Phong Dome 303,Hai Phong,75000
S00304,Nam Dinh Arena 304,Nam Dinh,30000
S00305,Quy Nhon Sports Complex 305,Quy Nhon,45000
S00306,Nha Trang National Stadium 306,Nha Trang,74000
S00307,Quy Nhon Sports Complex 307,Quy Nhon,59500
S00308,Binh Duong Arena 308,Binh Duong,20000
S00309,Quy Nhon Sports Complex 309,Quy Nhon,79500
S00310,Nam Dinh Sports Complex 310,Nam Dinh,57000
S00311,Hue Sports Complex 311,Hue,45000
S00312,Nha Trang Arena 312,Nha Trang,40000
S00313,Quy Nhon National Stadium 313,Quy Nhon,30500
S00314,Hue Park 314,Hue,38500
S00315,Nam Dinh Sports Complex 315,Nam Dinh,61000
S00316,Nha Trang National Stadium 316,Nha Trang,79000
S00317,Hue Sports Complex 317,Hue,15500
S00318,Nam Dinh National Stadium 318,Nam Dinh,74500
S00319,Nam Dinh Dome 319,Nam Dinh,69500
S00320,Nha Trang Arena 320,Nha Trang,55000
S00321,Can Tho Arena 321,Can Tho,56500
S00322,Hai Phong Park 322,Hai Phong,31500
S00323,Da Nang National Stadium 323,Da Nang,74000
S00324,Hanoi Sports Complex 324,Hanoi,66500
S00325,Quy Nhon National Stadium 325,Quy Nhon,53000
S00326,Can Tho Arena 326,Can Tho,21000
S00327,Nha Trang Sports Complex 327,Nha Trang,64000
S00328,Hue Arena 328,Hue,28000
S00329,Da Nang Park 329,Da Nang,72500
S00330,Can Tho Park 330,Can Tho,48000
S00331,Nha Trang Arena 331,Nha Trang,32000
S00332,Quy Nhon Sports Complex 332,Quy Nhon,64000
S00333,Can Tho National Stadium 333,Can Tho,45500
S00334,Ho Chi Minh City Arena 334,Ho Chi Minh City,64500
S00335,Hai Phong Dome 335,Hai Phong,78500
S00336,Binh Duong Sports Complex 336,Binh Duong,21000
S00337,Hue National Stadium 337,Hue,32500
S00338,Binh Duong National Stadium 338,Binh Duong,45000
S00339,Can Tho Sports Complex 339,Can Tho,53500
S00340,Hue Sports Complex 340,Hue,22000
S00341,Hai Phong Dome 341,Hai Phong,16500
S00342,Nam Dinh Park 342,Nam Dinh,36500
S00343,Nam Dinh Arena 343,Nam Dinh,57500
S00344,Ho Chi Minh City Dome 344,Ho Chi Minh City,74500
S00345,Nha Trang Dome 345,Nha Trang,22500
S00346,Da Nang National Stadium 346,Da Nang,77000
S00347,Hanoi Sports Complex 347,Hanoi,47500
S00348,Ho Chi Minh City National Stadium 348,Ho Chi Minh City,30500
S00349,Binh Duong Arena 349,Binh Duong,40500
S00350,Quy Nhon Sports Complex 350,Quy Nhon,59000
S00351,Binh Duong Dome 351,Binh Duong,53500
S00352,Da Nang Dome 352,Da Nang,58000
S00353,Ho Chi Minh City Dome 353,Ho Chi Minh City,55500
S00354,Hue Sports Complex 354,Hue,17000
S00355,Can Tho Arena 355,Can Tho,44000
S00356,Quy Nhon Arena 356,Quy Nhon,71000
S00357,Can Tho National Stadium 357,Can Tho,79500
S00358,Can Tho Park 358,Can Tho,74000
S00359,Can Tho National Stadium 359,Can Tho,41000
S00360,Nha Trang Arena 360,Nha Trang,78500
S00361,Ho Chi Minh City Dome 361,Ho Chi Minh City,21000
S00362,Hai Phong Park 362,Hai Phong,78500
S00363,Hanoi National Stadium 363,Hanoi,66500
S00364,Can Tho Arena 364,Can Tho,80000
S00365,Da Nang Park 365,Da Nang,28500
S00366,Ho Chi Minh City Park 366,Ho Chi Minh City,28500
S00367,Nam Dinh Arena 367,Nam Dinh,68500
S00368,Hai Phong Sports Complex 368,Hai Phong,65500
S00369,Da Nang Park 369,Da Nang,15000
S00370,Nha Trang Arena 370,Nha Trang,79500
S00371,Da Nang Park 371,Da Nang,31500
S00372,Da Nang National Stadium 372,Da Nang,58500
S00373,Hanoi Arena 373,Hanoi,16000
S00374,Can Tho Arena 374,Can Tho,53500
S00375,Can Tho National Stadium 375,Can Tho,26500
S00376,Nha Trang National Stadium 376,Nha Trang,23500
S00377,Hue Park 377,Hue,22500
S00378,Ho Chi Minh City Dome 378,Ho Chi Minh City,44500
S00379,Can Tho Park 379,Can Tho,54000
S00380,Ho Chi Minh City Dome 380,Ho Chi Minh City,48000
S00381,Hai Phong Park 381,Hai Phong,18000
S00382,Binh Duong Sports Complex 382,Binh Duong,45000
S00383,Hanoi National Stadium 383,Hanoi,46500
S00384,Hue Dome 384,Hue,60000
S00385,Ho Chi Minh City Dome 385,Ho Chi Minh City,61500
S00386,Quy Nhon National Stadium 386,Quy Nhon,74000
S00387,Ho Chi Minh City Sports Complex 387,Ho Chi Minh City,55000
S00388,Da Nang National Stadium 388,Da Nang,23500
S00389,Nha Trang Park 389,Nha Trang,56500
S00390,Nam Dinh Park 390,Nam Dinh,61500
S00391,Can Tho Dome 391,Can Tho,54000
S00392,Binh Duong Sports Complex 392,Binh Duong,44500
S00393,Binh Duong Park 393,Binh Duong,43000
S00394,Ho Chi Minh City National Stadium 394,Ho Chi Minh City,71000
S00395,Binh Duong Arena 395,Binh Duong,43000
S00396,Quy Nhon Arena 396,Quy Nhon,42000
S00397,Can Tho Dome 397,Can Tho,41000
S00398,Hue National Stadium 398,Hue,35500
S00399,Hue Sports Complex 399,Hue,58500
S00400,Nha Trang Sports Complex 400,Nha Trang,77500
S00401,Da Nang Dome 401,Da Nang,19500
S00402,Ho Chi Minh City National Stadium 402,Ho Chi Minh City,21000
S00403,Hue National Stadium 403,Hue,64000
S00404,Can Tho Arena 404,Can Tho,51500
S00405,Hanoi Park 405,Hanoi,77500
S00406,Binh Duong Park 406,Binh Duong,36500
S00407,Ho Chi Minh City Dome 407,Ho Chi Minh City,38000
S00408,Hue National Stadium 408,Hue,78500
S00409,Nha Trang Park 409,Nha Trang,35500
S00410,Can Tho National Stadium 410,Can Tho,53000
S00411,Binh Duong Arena 411,Binh Duong,25000
S00412,Quy Nhon Arena 412,Quy Nhon,70500
S00413,Ho Chi Minh City Sports Complex 413,Ho Chi Minh City,70500
S00414,Binh Duong Sports Complex 414,Binh Duong,22500
S00415,Nha Trang Park 415,Nha Trang,30000
S00416,Hue Park 416,Hue,79000
S00417,Nam Dinh Park 417,Nam Dinh,59000
S00418,Binh Duong National Stadium 418,Binh Duong,55000
S00419,Nha Trang National Stadium 419,Nha Trang,27000
S00420,Nha Trang Sports Complex 420,Nha Trang,75500
S00421,Can Tho Sports Complex 421,Can Tho,15500
S00422,Da Nang Arena 422,Da Nang,52000
S00423,Hue National Stadium 423,Hue,24500
S00424,Hanoi National Stadium 424,Hanoi,64000
S00425,Binh Duong Arena 425,Binh Duong,39500
S00426,Hue Dome 426,Hue,37500
S00427,Da Nang Sports Complex 427,Da Nang,35500
S00428,Can Tho Park 428,Can Tho,54000
S00429,Ho Chi Minh City National Stadium 429,Ho Chi Minh City,25000
S00430,Da Nang Park 430,Da Nang,18500
S00431,Ho Chi Minh City Sports Complex 431,Ho Chi Minh City,44000
S00432,Hue Dome 432,Hue,55000
S00433,Quy Nhon Dome 433,Quy Nhon,33000
S00434,Hai Phong Park 434,Hai Phong,22500
S00435,Can Tho Dome 435,Can Tho,22500
S00436,Nha Trang Park 436,Nha Trang,47000
S00437,Binh Duong Sports Complex 437,Binh Duong,18000
S00438,Hai Phong Dome 438,Hai Phong,79500
S00439,Nam Dinh National Stadium 439,Nam Dinh,15500
S00440,Hai Phong Sports Complex 440,Hai Phong,77000
S00441,Hai Phong Arena 441,Hai Phong,65000
S00442,Nha Trang Sports Complex 442,Nha Trang,36500
S00443,Ho Chi Minh City National Stadium 443,Ho Chi Minh City,47500
S00444,Hue Arena 444,Hue,23500
S00445,Hue Park 445,Hue,61000
S00446,Hai Phong Park 446,Hai Phong,51500
S00447,Can Tho National Stadium 447,Can Tho,41000
S00448,Hanoi Dome 448,Hanoi,16000
S00449,Quy Nhon National Stadium 449,Quy Nhon,71500
S00450,Can Tho Park 450,Can Tho,43000
S00451,Nam Dinh Dome 451,Nam Dinh,61500
S00452,Hue Sports Complex 452,Hue,22500
S00453,Hue National Stadium 453,Hue,78500
S00454,Can Tho Arena 454,Can Tho,67500
S00455,Nam Dinh Dome 455,Nam Dinh,69500
S00456,Can Tho National Stadium 456,Can Tho,43500
S00457,Ho Chi Minh City Arena 457,Ho Chi Minh City,43500
S00458,Nam Dinh Dome 458,Nam Dinh,49500
S00459,Ho Chi Minh City Dome 459,Ho Chi Minh City,72000
S00460,Nha Trang Sports Complex 460,Nha Trang,29500
S00461,Can Tho Arena 461,Can Tho,20000
S00462,Binh Duong National Stadium 462,Binh Duong,50000
S00463,Binh Duong Arena 463,Binh Duong,74500
S00464,Can Tho Sports Complex 464,Can Tho,62500
S00465,Da Nang Arena 465,Da Nang,21500
S00466,Da Nang Sports Complex 466,Da Nang,28000
S00467,Da Nang Park 467,Da Nang,25000
S00468,Ho Chi Minh City Arena 468,Ho Chi Minh City,77500
S00469,Quy Nhon Dome 469,Quy Nhon,64500
S00470,Nam Dinh Park 470,Nam Dinh,44500
S00471,Nam Dinh Park 471,Nam Dinh,36000
S00472,Can Tho Arena 472,Can Tho,44000
S00473,Ho Chi Minh City Dome 473,Ho Chi Minh City,44000
S00474,Nha Trang Sports Complex 474,Nha Trang,54000
S00475,Hanoi Sports Complex 475,Hanoi,48000
S00476,Ho Chi Minh City Sports Complex 476,Ho Chi Minh City,45500
S00477,Quy Nhon National Stadium 477,Quy Nhon,18500
S00478,Can Tho Sports Complex 478,Can Tho,20000
S00479,Ho Chi Minh City Park 479,Ho Chi Minh City,54000
S00480,Binh Duong Dome 480,Binh Duong,45500
S00481,Nam Dinh Park 481,Nam Dinh,77500
S00482,Hanoi Dome 482,Hanoi,74500
S00483,Nam Dinh Arena 483,Nam Dinh,36000
S00484,Nam Dinh Dome 484,Nam Dinh,48000
S00485,Da Nang National Stadium 485,Da Nang,44500
S00486,Ho Chi Minh City Sports Complex 486,Ho Chi Minh City,79500
S00487,Ho Chi Minh City Park 487,Ho Chi Minh City,57500
S00488,Da Nang National Stadium 488,Da Nang,31000
S00489,Quy Nhon Dome 489,Quy Nhon,49500
S00490,Binh Duong Park 490,Binh Duong,25500
S00491,Can Tho Sports Complex 491,Can Tho,75000
S00492,Nha Trang Dome 492,Nha Trang,42000
S00493,Can Tho Park 493,Can Tho,18500
S00494,Can Tho National Stadium 494,Can Tho,36500
S00495,Ho Chi Minh City Park 495,Ho Chi Minh City,59500
S00496,Hue Sports Complex 496,Hue,31500
S00497,Nam Dinh Arena 497,Nam Dinh,37000
S00498,Ho Chi Minh City Park 498,Ho Chi Minh City,58500
S00499,Da Nang Sports Complex 499,Da Nang,35500
S00500,Hue Arena 500,Hue,54000
S00501,Ho Chi Minh City Sports Complex 501,Ho Chi Minh City,51500
S00502,Hue Sports Complex 502,Hue,68500
S00503,Da Nang Park 503,Da Nang,21000
S00504,Hue Park 504,Hue,38500
S00505,Hanoi Sports Complex 505,Hanoi,35000
S00506,Da Nang Arena 506,Da Nang,37500
S00507,Quy Nhon Arena 507,Quy Nhon,30000
S00508,Da Nang Arena 508,Da Nang,20000
S00509,Nha Trang National Stadium 509,Nha Trang,48500
S00510,Binh Duong Park 510,Binh Duong,17500
S00511,Can Tho Park 511,Can Tho,23500
S00512,Nam Dinh Dome 512,Nam Dinh,25000
S00513,Da Nang Arena 513,Da Nang,69500
S00514,Nam Dinh Arena 514,Nam Dinh,62500
S00515,Quy Nhon National Stadium 515,Quy Nhon,42000
S00516,Can Tho Arena 516,Can Tho,78500
S00517,Quy Nhon Park 517,Quy Nhon,33500
S00518,Quy Nhon Arena 518,Quy Nhon,50000
S00519,Hai Phong Sports Complex 519,Hai Phong,78500
S00520,Quy Nhon Arena 520,Quy Nhon,39000
S00521,Nam Dinh Dome 521,Nam Dinh,45500
S00522,Nha Trang Dome 522,Nha Trang,48000
S00523,Binh Duong Dome 523,Binh Duong,78500
S00524,Da Nang Arena 524,Da Nang,67500
S00525,Nam Dinh Arena 525,Nam Dinh,72000
S00526,Nha Trang National Stadium 526,Nha Trang,57000
S00527,Quy Nhon Sports Complex 527,Quy Nhon,51500
S00528,Ho Chi Minh City Park 528,Ho Chi Minh City,71000
S00529,Ho Chi Minh City Sports Complex 529,Ho Chi Minh City,20500
S00530,Da Nang Sports Complex 530,Da Nang,44500
S00531,Binh Duong Arena 531,Binh Duong,69500
S00532,Hue National Stadium 532,Hue,77000
S00533,Hai Phong Dome 533,Hai Phong,73000
S00534,Can Tho National Stadium 534,Can Tho,42000
S00535,Hanoi Dome 535,Hanoi,48000
S00536,Can Tho Arena 536,Can Tho,40500
S00537,Ho Chi Minh City Sports Complex 537,Ho Chi Minh City,29500
S00538,Hanoi Sports Complex 538,Hanoi,76000
S00539,Ho Chi Minh City Sports Complex 539,Ho Chi Minh City,67000
S00540,Da Nang Arena 540,Da Nang,17500
S00541,Nha Trang Dome 541,Nha Trang,60500
S00542,Da Nang Dome 542,Da Nang,44500
S00543,Nam Dinh National Stadium 543,Nam Dinh,74500
S00544,Ho Chi Minh City National Stadium 544,Ho Chi Minh City,32000
S00545,Hai Phong Arena 545,Hai Phong,51000
S00546,Nam Dinh Park 546,Nam Dinh,42500
S00547,Ho Chi Minh City Sports Complex 547,Ho Chi Minh City,30500
S00548,Nha Trang National Stadium 548,Nha Trang,18000
S00549,Hai Phong Dome 549,Hai Phong,57000
S00550,Nam Dinh Dome 550,Nam Dinh,19000
S00551,Ho Chi Minh City Dome 551,Ho Chi Minh City,54000
S00552,Binh Duong National Stadium 552,Binh Duong,56500
S00553,Binh Duong Park 553,Binh Duong,31000
S00554,Da Nang Sports Complex 554,Da Nang,43000
S00555,Hanoi Park 555,Hanoi,38000
S00556,Hai Phong Park 556,Hai Phong,42500
S00557,Da Nang National Stadium 557,Da Nang,49500
S00558,Can Tho National Stadium 558,Can Tho,77500
S00559,Binh Duong Park 559,Binh Duong,48000
S00560,Binh Duong Park 560,Binh Duong,16500
S00561,Hue Dome 561,Hue,18000
S00562,Hue Sports Complex 562,Hue,31500
S00563,Hanoi Sports Complex 563,Hanoi,66500
S00564,Ho Chi Minh City Sports Complex 564,Ho Chi Minh City,31000
S00565,Ho Chi Minh City Park 565,Ho Chi Minh City,63000
S00566,Can Tho Arena 566,Can Tho,18000
S00567,Can Tho Park 567,Can Tho,37000
S00568,Da Nang Dome 568,Da Nang,79500
S00569,Quy Nhon Arena 569,Quy Nhon,68000
S00570,Da Nang National Stadium 570,Da Nang,62000
S00571,Quy Nhon National Stadium 571,Quy Nhon,34000
S00572,Hai Phong National Stadium 572,Hai Phong,67000
S00573,Hai Phong National Stadium 573,Hai Phong,35500
S00574,Nha Trang Park 574,Nha Trang,41000
S00575,Binh Duong Dome 575,Binh Duong,31500
S00576,Hanoi Arena 576,Hanoi,34000
S00577,Can Tho National Stadium 577,Can Tho,71500
S00578,Can Tho Sports Complex 578,Can Tho,23000
S00579,Can Tho Dome 579,Can Tho,73500
S00580,Hue Dome 580,Hue,73500
S00581,Hue Sports Complex 581,Hue,79000
S00582,Da Nang Dome 582,Da Nang,60500
S00583,Quy Nhon Sports Complex 583,Quy Nhon,75500
S00584,Binh Duong Sports Complex 584,Binh Duong,67500
S00585,Ho Chi Minh City Dome 585,Ho Chi Minh City,20000
S00586,Hue Park 586,Hue,69000
S00587,Da Nang Park 587,Da Nang,34500
S00588,Can Tho National Stadium 588,Can Tho,20000
S00589,Can Tho Sports Complex 589,Can Tho,35000
S00590,Quy Nhon Park 590,Quy Nhon,62000
S00591,Hue Arena 591,Hue,60000
S00592,Quy Nhon Sports Complex 592,Quy Nhon,44500
S00593,Hanoi Sports Complex 593,Hanoi,55500
S00594,Hue Sports Complex 594,Hue,57000
S00595,Hanoi National Stadium 595,Hanoi,59000
S00596,Hue Sports Complex 596,Hue,48500
S00597,Da Nang National Stadium 597,Da Nang,24500
S00598,Nam Dinh Dome 598,Nam Dinh,17500
S00599,Da Nang National Stadium 599,Da Nang,30500
S00600,Can Tho Sports Complex 600,Can Tho,40000
S00601,Nam Dinh National Stadium 601,Nam Dinh,54500
S00602,Da Nang Dome 602,Da Nang,77000
S00603,Can Tho Sports Complex 603,Can Tho,44000
S00604,Ho Chi Minh City Park 604,Ho Chi Minh City,24000
S00605,Binh Duong Sports Complex 605,Binh Duong,41000
S00606,Can Tho Sports Complex 606,Can Tho,31500
S00607,Ho Chi Minh City National Stadium 607,Ho Chi Minh City,63000
S00608,Da Nang Dome 608,Da Nang,49000
S00609,Hue Park 609,Hue,22500
S00610,Nha Trang Sports Complex 610,Nha Trang,61000
S00611,Quy Nhon Arena 611,Quy Nhon,55000
S00612,Nha Trang Dome 612,Nha Trang,28000
S00613,Ho Chi Minh City Arena 613,Ho Chi Minh City,71000
S00614,Ho Chi Minh City Dome 614,Ho Chi Minh City,26500
S00615,Quy Nhon National Stadium 615,Quy Nhon,68000
S00616,Can Tho Sports Complex 616,Can Tho,61500
S00617,Ho Chi Minh City Park 617,Ho Chi Minh City,50500
S00618,Nha Trang Sports Complex 618,Nha Trang,71000
S00619,Da Nang Arena 619,Da Nang,67000
S00620,Can Tho Park 620,Can Tho,29500
S00621,Ho Chi Minh City Arena 621,Ho Chi Minh City,67000
S00622,Da Nang Arena 622,Da Nang,67000
S00623,Quy Nhon National Stadium 623,Quy Nhon,38500
S00624,Binh Duong Park 624,Binh Duong,39000
S00625,Quy Nhon Park 625,Quy Nhon,23500
S00626,Nam Dinh National Stadium 626,Nam Dinh,19500
S00627,Nha Trang Dome 627,Nha Trang,62000
S00628,Quy Nhon Park 628,Quy Nhon,42000
S00629,Hue Park 629,Hue,20000
S00630,Da Nang Sports Complex 630,Da Nang,57000
S00631,Ho Chi Minh City Dome 631,Ho Chi Minh City,45500
S00632,Binh Duong Sports Complex 632,Binh Duong,23500
S00633,Binh Duong Park 633,Binh Duong,27000
S00634,Da Nang Dome 634,Da Nang,48000
S00635,Hanoi National Stadium 635,Hanoi,49000
S00636,Da Nang Sports Complex 636,Da Nang,26000
S00637,Da Nang Sports Complex 637,Da Nang,76500
S00638,Hai Phong Sports Complex 638,Hai Phong,77000
S00639,Binh Duong Sports Complex 639,Binh Duong,70500
S00640,Ho Chi Minh City Sports Complex 640,Ho Chi Minh City,28000
S00641,Binh Duong Sports Complex 641,Binh Duong,23000
S00642,Nha Trang Park 642,Nha Trang,50000
S00643,Ho Chi Minh City Park 643,Ho Chi Minh City,57000
S00644,Da Nang Park 644,Da Nang,76500
S00645,Nam Dinh Arena 645,Nam Dinh,26000
S00646,Nam Dinh Park 646,Nam Dinh,37000
S00647,Nam Dinh National Stadium 647,Nam Dinh,69000
S00648,Hanoi National Stadium 648,Hanoi,18000
S00649,Nam Dinh Sports Complex 649,Nam Dinh,57500
S00650,Hai Phong Park 650,Hai Phong,42500
S00651,Nam Dinh National Stadium 651,Nam Dinh,47500
S00652,Binh Duong Sports Complex 652,Binh Duong,57000
S00653,Nha Trang Dome 653,Nha Trang,31000
S00654,Hue Sports Complex 654,Hue,44500
S00655,Ho Chi Minh City National Stadium 655,Ho Chi Minh City,25500
S00656,Quy Nhon Dome 656,Quy Nhon,46500
S00657,Quy Nhon Arena 657,Quy Nhon,37500
S00658,Nam Dinh Arena 658,Nam Dinh,35500
S00659,Can Tho Sports Complex 659,Can Tho,79000
S00660,Hue Arena 660,Hue,65000
S00661,Can Tho Park 661,Can Tho,52000
S00662,Ho Chi Minh City Sports Complex 662,Ho Chi Minh City,31000
S00663,Quy Nhon National Stadium 663,Quy Nhon,32500
S00664,Quy Nhon Arena 664,Quy Nhon,24000
S00665,Ho Chi Minh City National Stadium 665,Ho Chi Minh City,34000
S00666,Hue Park 666,Hue,42500
S00667,Hai Phong Arena 667,Hai Phong,68500
S00668,Can Tho Park 668,Can Tho,62500
S00669,Can Tho Arena 669,Can Tho,65000
S00670,Da Nang Dome 670,Da Nang,48500
S00671,Quy Nhon Dome 671,Quy Nhon,72500
S00672,Nha Trang Dome 672,Nha Trang,16500
S00673,Ho Chi Minh City Dome 673,Ho Chi Minh City,48000
S00674,Quy Nhon Arena 674,Quy Nhon,29000
S00675,Nam Dinh Sports Complex 675,Nam Dinh,18000
S00676,Hanoi Sports Complex 676,Hanoi,47500
S00677,Nam Dinh Dome 677,Nam Dinh,33500
S00678,Binh Duong National Stadium 678,Binh Duong,70500
S00679,Ho Chi Minh City Dome 679,Ho Chi Minh City,24000
S00680,Nha Trang Sports Complex 680,Nha Trang,65000
S00681,Hue Sports Complex 681,Hue,18000
S00682,Hue National Stadium 682,Hue,52500
S00683,Binh Duong Arena 683,Binh Duong,39000
S00684,Binh Duong Sports Complex 684,Binh Duong,20000
S00685,Hue Park 685,Hue,44500
S00686,Binh Duong Sports Complex 686,Binh Duong,69000
S00687,Nam Dinh Park 687,Nam Dinh,23000
S00688,Da Nang National Stadium 688,Da Nang,41000
S00689,Can Tho Sports Complex 689,Can Tho,51500
S00690,Can Tho Arena 690,Can Tho,28000
S00691,Nam Dinh Park 691,Nam Dinh,41500
S00692,Binh Duong National Stadium 692,Binh Duong,18000
S00693,Hanoi Arena 693,Hanoi,62000
S00694,Can Tho Dome 694,Can Tho,49000
S00695,Quy Nhon Arena 695,Quy Nhon,54500
S00696,Binh Duong Arena 696,Binh Duong,36500
S00697,Nam Dinh Sports Complex 697,Nam Dinh,25500
S00698,Hue Park 698,Hue,63500
S00699,Nha Trang Park 699,Nha Trang,37000
S00700,Binh Duong Park 700,Binh Duong,50000
S00701,Quy Nhon Park 701,Quy Nhon,34500
S00702,Quy Nhon National Stadium 702,Quy Nhon,39000
S00703,Can Tho National Stadium 703,Can Tho,79000
S00704,Hue Park 704,Hue,35000
S00705,Hanoi Park 705,Hanoi,46000
S00706,Nha Trang Park 706,Nha Trang,53000
S00707,Hai Phong National Stadium 707,Hai Phong,53000
S00708,Quy Nhon Arena 708,Quy Nhon,49500
S00709,Nam Dinh Dome 709,Nam Dinh,24500
S00710,Hai Phong National Stadium 710,Hai Phong,52500
S00711,Ho Chi Minh City Arena 711,Ho Chi Minh City,16000
S00712,Quy Nhon Sports Complex 712,Quy Nhon,42500
S00713,Da Nang Dome 713,Da Nang,60500
S00714,Hai Phong Dome 714,Hai Phong,48000
S00715,Nam Dinh Dome 715,Nam Dinh,72000
S00716,Hanoi Arena 716,Hanoi,49000
S00717,Hai Phong Park 717,Hai Phong,36500
S00718,Quy Nhon Park 718,Quy Nhon,39500
S00719,Can Tho Arena 719,Can Tho,45000
S00720,Binh Duong Sports Complex 720,Binh Duong,51000
S00721,Can Tho Sports Complex 721,Can Tho,55000
S00722,Quy Nhon Arena 722,Quy Nhon,77500
S00723,Hai Phong Sports Complex 723,Hai Phong,51500
S00724,Nha Trang Arena 724,Nha Trang,76500
S00725,Nha Trang Sports Complex 725,Nha Trang,61000
S00726,Hai Phong Dome 726,Hai Phong,36000
S00727,Quy Nhon Sports Complex 727,Quy Nhon,51500
S00728,Nha Trang Sports Complex 728,Nha Trang,23000
S00729,Nam Dinh Park 729,Nam Dinh,40000
S00730,Hue Sports Complex 730,Hue,77500
S00731,Da Nang Sports Complex 731,Da Nang,18000
S00732,Nha Trang National Stadium 732,Nha Trang,37500
S00733,Quy Nhon Sports Complex 733,Quy Nhon,64000
S00734,Quy Nhon Arena 734,Quy Nhon,28000
S00735,Binh Duong Sports Complex 735,Binh Duong,76000
S00736,Binh Duong Sports Complex 736,Binh Duong,24000
S00737,Ho Chi Minh City Park 737,Ho Chi Minh City,63500
S00738,Nam Dinh Arena 738,Nam Dinh,31000
S00739,Hanoi Park 739,Hanoi,30000
S00740,Hai Phong National Stadium 740,Hai Phong,21500
S00741,Hue Sports Complex 741,Hue,62000
S00742,Quy Nhon National Stadium 742,Quy Nhon,59500
S00743,Da Nang National Stadium 743,Da Nang,78000
S00744,Binh Duong Arena 744,Binh Duong,41500
S00745,Quy Nhon Dome 745,Quy Nhon,57500
S00746,Hai Phong Sports Complex 746,Hai Phong,36000
S00747,Nha Trang National Stadium 747,Nha Trang,74500
S00748,Ho Chi Minh City Park 748,Ho Chi Minh City,30000
S00749,Binh Duong National Stadium 749,Binh Duong,75000
S00750,Da Nang Dome 750,Da Nang,73000
S00751,Da Nang National Stadium 751,Da Nang,70000
S00752,Hue Dome 752,Hue,27000
S00753,Nha Trang National Stadium 753,Nha Trang,15500
S00754,Nha Trang Park 754,Nha Trang,54500
S00755,Ho Chi Minh City Sports Complex 755,Ho Chi Minh City,33500
S00756,Quy Nhon Park 756,Quy Nhon,49500
S00757,Quy Nhon Arena 757,Quy Nhon,71000
S00758,Binh Duong Dome 758,Binh Duong,33000
S00759,Hai Phong National Stadium 759,Hai Phong,36500
S00760,Da Nang Dome 760,Da Nang,57500
S00761,Nha Trang Arena 761,Nha Trang,16000
S00762,Can Tho Sports Complex 762,Can Tho,52000
S00763,Hai Phong Arena 763,Hai Phong,55000
S00764,Hue Dome 764,Hue,49000
S00765,Can Tho National Stadium 765,Can Tho,41500
S00766,Ho Chi Minh City Arena 766,Ho Chi Minh City,79500
S00767,Da Nang Dome 767,Da Nang,36000
S00768,Hai Phong National Stadium 768,Hai Phong,32000
S00769,Hue Arena 769,Hue,44500
S00770,Nha Trang Sports Complex 770,Nha Trang,35000
S00771,Nam Dinh Park 771,Nam Dinh,15500
S00772,Nha Trang Sports Complex 772,Nha Trang,60500
S00773,Hai Phong National Stadium 773,Hai Phong,59000
S00774,Ho Chi Minh City Dome 774,Ho Chi Minh City,35000
S00775,Da Nang Dome 775,Da Nang,60000
S00776,Binh Duong Sports Complex 776,Binh Duong,60000
S00777,Ho Chi Minh City Sports Complex 777,Ho Chi Minh City,39000
S00778,Nam Dinh Arena 778,Nam Dinh,29500
S00779,Da Nang Dome 779,Da Nang,25000
S00780,Quy Nhon Park 780,Quy Nhon,39500
S00781,Hue Park 781,Hue,75000
S00782,Quy Nhon Park 782,Quy Nhon,67500
S00783,Hai Phong Arena 783,Hai Phong,59500
S00784,Nam Dinh National Stadium 784,Nam Dinh,49500
S00785,Quy Nhon Park 785,Quy Nhon,61000
S00786,Can Tho National Stadium 786,Can Tho,75000
S00787,Nam Dinh National Stadium 787,Nam Dinh,19000
S00788,Binh Duong Park 788,Binh Duong,28000
S00789,Nam Dinh Park 789,Nam Dinh,25000
S00790,Da Nang Sports Complex 790,Da Nang,71000
S00791,Binh Duong Dome 791,Binh Duong,22500
S00792,Hai Phong Park 792,Hai Phong,47000
S00793,Ho Chi Minh City Park 793,Ho Chi Minh City,44000
S00794,Hanoi Dome 794,Hanoi,23500
S00795,Binh Duong Dome 795,Binh Duong,45000
S00796,Nam Dinh National Stadium 796,Nam Dinh,51500
S00797,Quy Nhon Sports Complex 797,Quy Nhon,62500
S00798,Hanoi Dome 798,Hanoi,31500
S00799,Hanoi Arena 799,Hanoi,53000
S00800,Ho Chi Minh City National Stadium 800,Ho Chi Minh City,43000
S00801,Can Tho National Stadium 801,Can Tho,50500
S00802,Hanoi National Stadium 802,Hanoi,79500
S00803,Quy Nhon National Stadium 803,Quy Nhon,34000
S00804,Hue Arena 804,Hue,65500
S00805,Da Nang Dome 805,Da Nang,39500
S00806,Hue Dome 806,Hue,72000
S00807,Hue Dome 807,Hue,20500
S00808,Binh Duong Arena 808,Binh Duong,58000
S00809,Can Tho National Stadium 809,Can Tho,26500
S00810,Binh Duong Dome 810,Binh Duong,49500
S00811,Da Nang Arena 811,Da Nang,69500
S00812,Hanoi National Stadium 812,Hanoi,79000
S00813,Nha Trang Dome 813,Nha Trang,59000
S00814,Binh Duong Dome 814,Binh Duong,50000
S00815,Hue Arena 815,Hue,31000
S00816,Quy Nhon Sports Complex 816,Quy Nhon,25000
S00817,Nha Trang Arena 817,Nha Trang,76500
S00818,Ho Chi Minh City National Stadium 818,Ho Chi Minh City,68000
S00819,Hue Park 819,Hue,65000
S00820,Hanoi Arena 820,Hanoi,28500
S00821,Ho Chi Minh City National Stadium 821,Ho Chi Minh City,54000
S00822,Hanoi Dome 822,Hanoi,54000
S00823,Hanoi Arena 823,Hanoi,63500
S00824,Hanoi Dome 824,Hanoi,44000
S00825,Hai Phong Park 825,Hai Phong,29000
S00826,Hanoi Arena 826,Hanoi,48000
S00827,Nha Trang Arena 827,Nha Trang,68500
S00828,Nam Dinh Sports Complex 828,Nam Dinh,53000
S00829,Nam Dinh Sports Complex 829,Nam Dinh,30500
S00830,Nha Trang Arena 830,Nha Trang,79500
S00831,Binh Duong Arena 831,Binh Duong,42000
S00832,Nha Trang Sports Complex 832,Nha Trang,19000
S00833,Binh Duong Park 833,Binh Duong,72500
S00834,Da Nang Dome 834,Da Nang,51500
S00835,Quy Nhon National Stadium 835,Quy Nhon,78500
S00836,Can Tho Dome 836,Can Tho,66500
S00837,Binh Duong Sports Complex 837,Binh Duong,60500
S00838,Hue Dome 838,Hue,25000
S00839,Nha Trang Dome 839,Nha Trang,27000
S00840,Binh Duong Dome 840,Binh Duong,31000
S00841,Hai Phong Sports Complex 841,Hai Phong,71000
S00842,Da Nang Dome 842,Da Nang,75000
S00843,Hanoi Park 843,Hanoi,42000
S00844,Hue Park 844,Hue,49500
S00845,Da Nang Dome 845,Da Nang,31000
S00846,Nha Trang Arena 846,Nha Trang,36500
S00847,Ho Chi Minh City Dome 847,Ho Chi Minh City,70500
S00848,Can Tho National Stadium 848,Can Tho,50000
S00849,Hai Phong National Stadium 849,Hai Phong,32500
S00850,Hue Park 850,Hue,54500
S00851,Hanoi National Stadium 851,Hanoi,27500
S00852,Nam Dinh Park 852,Nam Dinh,29000
S00853,Quy Nhon Arena 853,Quy Nhon,72000
S00854,Can Tho Sports Complex 854,Can Tho,77500
S00855,Hanoi Arena 855,Hanoi,76500
S00856,Hai Phong National Stadium 856,Hai Phong,64000
S00857,Quy Nhon Arena 857,Quy Nhon,60500
S00858,Nam Dinh Arena 858,Nam Dinh,41000
S00859,Hai Phong Park 859,Hai Phong,36000
S00860,Nha Trang Dome 860,Nha Trang,45500
S00861,Binh Duong Sports Complex 861,Binh Duong,35000
S00862,Nha Trang Sports Complex 862,Nha Trang,48500
S00863,Quy Nhon Dome 863,Quy Nhon,21500
S00864,Quy Nhon Sports Complex 864,Quy Nhon,75000
S00865,Hai Phong Sports Complex 865,Hai Phong,35500
S00866,Hue National Stadium 866,Hue,52000
S00867,Hai Phong Arena 867,Hai Phong,16000
S00868,Nha Trang Park 868,Nha Trang,76500
S00869,Nam Dinh Park 869,Nam Dinh,62000
S00870,Hue Sports Complex 870,Hue,25000
S00871,Hai Phong Sports Complex 871,Hai Phong,30000
S00872,Hue Park 872,Hue,69500
S00873,Hai Phong Dome 873,Hai Phong,51000
S00874,Can Tho Sports Complex 874,Can Tho,65000
S00875,Quy Nhon Dome 875,Quy Nhon,45000
S00876,Da Nang Sports Complex 876,Da Nang,26000
S00877,Da Nang Park 877,Da Nang,47000
S00878,Da Nang Park 878,Da Nang,80000
S00879,Hanoi Park 879,Hanoi,17000
S00880,Ho Chi Minh City National Stadium 880,Ho Chi Minh City,65000
S00881,Hanoi Dome 881,Hanoi,24000
S00882,Hai Phong National Stadium 882,Hai Phong,61500
S00883,Da Nang National Stadium 883,Da Nang,29500
S00884,Binh Duong Dome 884,Binh Duong,39500
S00885,Hanoi Park 885,Hanoi,57000
S00886,Nam Dinh Dome 886,Nam Dinh,58000
S00887,Quy Nhon National Stadium 887,Quy Nhon,15500
S00888,Binh Duong Park 888,Binh Duong,42000
S00889,Hanoi National Stadium 889,Hanoi,49500
S00890,Nha Trang Park 890,Nha Trang,79000
S00891,Nha Trang National Stadium 891,Nha Trang,48000
S00892,Hue Arena 892,Hue,22000
S00893,Ho Chi Minh City Park 893,Ho Chi Minh City,25000
S00894,Hai Phong Arena 894,Hai Phong,55500
S00895,Binh Duong Sports Complex 895,Binh Duong,68500
S00896,Can Tho Sports Complex 896,Can Tho,67000
S00897,Hue National Stadium 897,Hue,39500
S00898,Hue Dome 898,Hue,52000
S00899,Hai Phong Arena 899,Hai Phong,34500
S00900,Ho Chi Minh City National Stadium 900,Ho Chi Minh City,21000
S00901,Hue Dome 901,Hue,39500
S00902,Binh Duong Dome 902,Binh Duong,18500
S00903,Hanoi Arena 903,Hanoi,20500
S00904,Quy Nhon Dome 904,Quy Nhon,57500
S00905,Can Tho Park 905,Can Tho,79000
S00906,Ho Chi Minh City Park 906,Ho Chi Minh City,75000
S00907,Hanoi Arena 907,Hanoi,29000
S00908,Nam Dinh Dome 908,Nam Dinh,33000
S00909,Hanoi National Stadium 909,Hanoi,60000
S00910,Nha Trang Park 910,Nha Trang,52000
S00911,Hanoi Arena 911,Hanoi,76000
S00912,Can Tho National Stadium 912,Can Tho,78000
S00913,Hai Phong Park 913,Hai Phong,24500
S00914,Hue National Stadium 914,Hue,34500
S00915,Da Nang Park 915,Da Nang,31000
S00916,Nam Dinh Dome 916,Nam Dinh,59500
S00917,Binh Duong Sports Complex 917,Binh Duong,40000
S00918,Da Nang National Stadium 918,Da Nang,48000
S00919,Can Tho National Stadium 919,Can Tho,21500
S00920,Hue Arena 920,Hue,70000
S00921,Ho Chi Minh City Sports Complex 921,Ho Chi Minh City,54500
S00922,Nam Dinh Park 922,Nam Dinh,41000
S00923,Can Tho National Stadium 923,Can Tho,56500
S00924,Nha Trang Dome 924,Nha Trang,47000
S00925,Hai Phong Sports Complex 925,Hai Phong,51000
S00926,Hue Dome 926,Hue,27000
S00927,Nam Dinh Dome 927,Nam Dinh,20500
S00928,Nam Dinh Sports Complex 928,Nam Dinh,67500
S00929,Hai Phong National Stadium 929,Hai Phong,20500
S00930,Nha Trang Arena 930,Nha Trang,40000
S00931,Da Nang Dome 931,Da Nang,36000
S00932,Can Tho National Stadium 932,Can Tho,21000
S00933,Hanoi Sports Complex 933,Hanoi,44000
S00934,Can Tho Sports Complex 934,Can Tho,21500
S00935,Da Nang National Stadium 935,Da Nang,27500
S00936,Hue Dome 936,Hue,51500
S00937,Binh Duong Park 937,Binh Duong,41500
S00938,Ho Chi Minh City National Stadium 938,Ho Chi Minh City,21000
S00939,Can Tho Park 939,Can Tho,21000
S00940,Nam Dinh Park 940,Nam Dinh,66500
S00941,Can Tho Dome 941,Can Tho,16000
S00942,Nha Trang Dome 942,Nha Trang,40500
S00943,Ho Chi Minh City Park 943,Ho Chi Minh City,74500
S00944,Hai Phong Park 944,Hai Phong,49000
S00945,Da Nang Dome 945,Da Nang,26000
S00946,Da Nang Sports Complex 946,Da Nang,34500
S00947,Nha Trang Dome 947,Nha Trang,24500
S00948,Ho Chi Minh City Arena 948,Ho Chi Minh City,43500
S00949,Nha Trang Dome 949,Nha Trang,34500
S00950,Quy Nhon National Stadium 950,Quy Nhon,38500
S00951,Nha Trang Arena 951,Nha Trang,62000
S00952,Quy Nhon Park 952,Quy Nhon,55500
S00953,Hai Phong Dome 953,Hai Phong,22000
S00954,Da Nang Sports Complex 954,Da Nang,15500
S00955,Hue Sports Complex 955,Hue,70000
S00956,Nam Dinh Dome 956,Nam Dinh,67500
S00957,Can Tho Dome 957,Can Tho,37000
S00958,Hue Park 958,Hue,24000
S00959,Nha Trang Sports Complex 959,Nha Trang,54500
S00960,Hai Phong Dome 960,Hai Phong,35500
S00961,Da Nang Dome 961,Da Nang,78500
S00962,Can Tho Sports Complex 962,Can Tho,63000
S00963,Quy Nhon Park 963,Quy Nhon,66000
S00964,Hai Phong Sports Complex 964,Hai Phong,39500
S00965,Nha Trang Dome 965,Nha Trang,39000
S00966,Ho Chi Minh City Park 966,Ho Chi Minh City,28000
S00967,Nam Dinh Park 967,Nam Dinh,27000
S00968,Binh Duong National Stadium 968,Binh Duong,77500
S00969,Quy Nhon Arena 969,Quy Nhon,43500
S00970,Nha Trang National Stadium 970,Nha Trang,68500
S00971,Hue Dome 971,Hue,24000
S00972,Nha Trang Arena 972,Nha Trang,31500
S00973,Da Nang Dome 973,Da Nang,66500
S00974,Hue National Stadium 974,Hue,44500
S00975,Nam Dinh Dome 975,Nam Dinh,53000
S00976,Hue Park 976,Hue,48000
S00977,Hue Park 977,Hue,17500
S00978,Can Tho Park 978,Can Tho,54000
S00979,Ho Chi Minh City National Stadium 979,Ho Chi Minh City,65500
S00980,Hai Phong Sports Complex 980,Hai Phong,26000
S00981,Nam Dinh National Stadium 981,Nam Dinh,52000
S00982,Hue Sports Complex 982,Hue,78500
S00983,Hue National Stadium 983,Hue,15500
S00984,Ho Chi Minh City Sports Complex 984,Ho Chi Minh City,29500
S00985,Binh Duong Park 985,Binh Duong,51500
S00986,Nam Dinh Park 986,Nam Dinh,29500
S00987,Quy Nhon Sports Complex 987,Quy Nhon,40500
S00988,Quy Nhon Park 988,Quy Nhon,60000
S00989,Binh Duong Arena 989,Binh Duong,37500
S00990,Hanoi Dome 990,Hanoi,22000
S00991,Nha Trang Dome 991,Nha Trang,75500
S00992,Ho Chi Minh City National Stadium 992,Ho Chi Minh City,69500
S00993,Da Nang Sports Complex 993,Da Nang,35500
S00994,Can Tho Dome 994,Can Tho,66500
S00995,Hai Phong Park 995,Hai Phong,46500
S00996,Can Tho Dome 996,Can Tho,21500
S00997,Quy Nhon Dome 997,Quy Nhon,36000
S00998,Ho Chi Minh City Sports Complex 998,Ho Chi Minh City,18000
S00999,Ho Chi Minh City National Stadium 999,Ho Chi Minh City,70500
S01000,Can Tho National Stadium 1000,Can Tho,59500
S01001,Da Nang Arena 1001,Da Nang,49000
S01002,Da Nang Park 1002,Da Nang,25500
S01003,Can Tho Park 1003,Can Tho,43000
S01004,Quy Nhon Arena 1004,Quy Nhon,67500
S01005,Hue Arena 1005,Hue,27000
S01006,Hue Dome 1006,Hue,17000
S01007,Nam Dinh Arena 1007,Nam Dinh,44500
S01008,Nam Dinh Dome 1008,Nam Dinh,40500
S01009,Hanoi Arena 1009,Hanoi,28500
S01010,Nha Trang National Stadium 1010,Nha Trang,53000
S01011,Ho Chi Minh City Park 1011,Ho Chi Minh City,27500
S01012,Can Tho Sports Complex 1012,Can Tho,28000
S01013,Quy Nhon National Stadium 1013,Quy Nhon,32000
S01014,Quy Nhon Park 1014,Quy Nhon,78500
S01015,Can Tho Park 1015,Can Tho,40500
S01016,Nam Dinh Dome 1016,Nam Dinh,53500
S01017,Ho Chi Minh City Sports Complex 1017,Ho Chi Minh City,38000
S01018,Quy Nhon Park 1018,Quy Nhon,26500
S01019,Nha Trang Park 1019,Nha Trang,53500
S01020,Ho Chi Minh City Arena 1020,Ho Chi Minh City,35500
S01021,Ho Chi Minh City Arena 1021,Ho Chi Minh City,35000
S01022,Ho Chi Minh City Arena 1022,Ho Chi Minh City,39500
S01023,Da Nang Park 1023,Da Nang,40500
S01024,Hue Park 1024,Hue,24000
S01025,Nam Dinh Dome 1025,Nam Dinh,42500
S01026,Da Nang Dome 1026,Da Nang,56500
S01027,Binh Duong Arena 1027,Binh Duong,51500
S01028,Da Nang Dome 1028,Da Nang,34000
S01029,Da Nang Arena 1029,Da Nang,35500
S01030,Quy Nhon Park 1030,Quy Nhon,18500
S01031,Can Tho National Stadium 1031,Can Tho,47000
S01032,Da Nang Arena 1032,Da Nang,68500
S01033,Hue Park 1033,Hue,48000
S01034,Quy Nhon Dome 1034,Quy Nhon,60000
S01035,Quy Nhon Dome 1035,Quy Nhon,61500
S01036,Quy Nhon Dome 1036,Quy Nhon,26000
S01037,Ho Chi Minh City Park 1037,Ho Chi Minh City,17000
S01038,Hai Phong Sports Complex 1038,Hai Phong,17000
S01039,Nha Trang Arena 1039,Nha Trang,50000
S01040,Nha Trang Arena 1040,Nha Trang,66000
S01041,Quy Nhon Park 1041,Quy Nhon,63500
S01042,Quy Nhon Park 1042,Quy Nhon,48500
S01043,Ho Chi Minh City Park 1043,Ho Chi Minh City,22500
S01044,Nha Trang Park 1044,Nha Trang,69000
S01045,Can Tho Park 1045,Can Tho,69000
S01046,Hanoi Dome 1046,Hanoi,51000
S01047,Hai Phong Dome 1047,Hai Phong,21500
S01048,Hai Phong Sports Complex 1048,Hai Phong,72500
S01049,Hanoi Dome 1049,Hanoi,32000
S01050,Can Tho National Stadium 1050,Can Tho,44000
S01051,Ho Chi Minh City Arena 1051,Ho Chi Minh City,29000
S01052,Nam Dinh Sports Complex 1052,Nam Dinh,71500
S01053,Nam Dinh Dome 1053,Nam Dinh,26000
S01054,Nam Dinh Arena 1054,Nam Dinh,66500
S01055,Hai Phong Arena 1055,Hai Phong,68000
S01056,Hanoi Park 1056,Hanoi,38000
S01057,Binh Duong Sports Complex 1057,Binh Duong,54000
S01058,Binh Duong Arena 1058,Binh Duong,36000
S01059,Nha Trang Sports Complex 1059,Nha Trang,52500
S01060,Nha Trang Park 1060,Nha Trang,79500
S01061,Ho Chi Minh City Arena 1061,Ho Chi Minh City,78000
S01062,Hue National Stadium 1062,Hue,33000
S01063,Da Nang Arena 1063,Da Nang,31500
S01064,Da Nang Sports Complex 1064,Da Nang,69500
S01065,Hai Phong Dome 1065,Hai Phong,47000
S01066,Da Nang Park 1066,Da Nang,56500
S01067,Nha Trang Dome 1067,Nha Trang,39500
S01068,Quy Nhon National Stadium 1068,Quy Nhon,56500
S01069,Ho Chi Minh City Dome 1069,Ho Chi Minh City,49000
S01070,Nha Trang Sports Complex 1070,Nha Trang,45000
S01071,Quy Nhon Sports Complex 1071,Quy Nhon,53000
S01072,Hanoi National Stadium 1072,Hanoi,63000
S01073,Quy Nhon Sports Complex 1073,Quy Nhon,70500
S01074,Ho Chi Minh City Park 1074,Ho Chi Minh City,41000
S01075,Hai Phong Dome 1075,Hai Phong,69000
S01076,Hai Phong Dome 1076,Hai Phong,32500
S01077,Can Tho Sports Complex 1077,Can Tho,37000
S01078,Binh Duong Park 1078,Binh Duong,23500
S01079,Nam Dinh Dome 1079,Nam Dinh,66500
S01080,Can Tho National Stadium 1080,Can Tho,18000
S01081,Ho Chi Minh City Dome 1081,Ho Chi Minh City,16000
S01082,Ho Chi Minh City Arena 1082,Ho Chi Minh City,44000
S01083,Quy Nhon National Stadium 1083,Quy Nhon,78000
S01084,Hue Arena 1084,Hue,60000
S01085,Da Nang Sports Complex 1085,Da Nang,25500
S01086,Nha Trang National Stadium 1086,Nha Trang,58000
S01087,Can Tho Sports Complex 1087,Can Tho,20500
S01088,Can Tho Arena 1088,Can Tho,18500
S01089,Hue Sports Complex 1089,Hue,62500
S01090,Hai Phong Dome 1090,Hai Phong,58000
S01091,Ho Chi Minh City National Stadium 1091,Ho Chi Minh City,15000
S01092,Hai Phong Dome 1092,Hai Phong,20000
S01093,Da Nang Park 1093,Da Nang,30000
S01094,Binh Duong Dome 1094,Binh Duong,15500
S01095,Hanoi Sports Complex 1095,Hanoi,68500
S01096,Ho Chi Minh City Dome 1096,Ho Chi Minh City,60500
S01097,Da Nang Dome 1097,Da Nang,19500
S01098,Hai Phong Dome 1098,Hai Phong,21000
S01099,Ho Chi Minh City National Stadium 1099,Ho Chi Minh City,35500
S01100,Can Tho Sports Complex 1100,Can Tho,24000
S01101,Hue Arena 1101,Hue,57000
S01102,Da Nang National Stadium 1102,Da Nang,50000
S01103,Nam Dinh National Stadium 1103,Nam Dinh,55000
S01104,Da Nang Dome 1104,Da Nang,38000
S01105,Hai Phong Arena 1105,Hai Phong,75500
S01106,Hue Park 1106,Hue,60000
S01107,Quy Nhon Arena 1107,Quy Nhon,20500
S01108,Ho Chi Minh City Arena 1108,Ho Chi Minh City,64500
S01109,Ho Chi Minh City Park 1109,Ho Chi Minh City,63000
S01110,Hue Sports Complex 1110,Hue,78000
S01111,Hue Sports Complex 1111,Hue,67000
S01112,Da Nang Arena 1112,Da Nang,33000
S01113,Ho Chi Minh City Arena 1113,Ho Chi Minh City,51500
S01114,Nam Dinh Park 1114,Nam Dinh,62500
S01115,Nam Dinh Sports Complex 1115,Nam Dinh,66000
S01116,Hanoi Sports Complex 1116,Hanoi,28500
S01117,Binh Duong Park 1117,Binh Duong,48500
S01118,Hai Phong Dome 1118,Hai Phong,34500
S01119,Hanoi Arena 1119,Hanoi,47500
S01120,Hue National Stadium 1120,Hue,31000
S01121,Quy Nhon Park 1121,Quy Nhon,19500
S01122,Binh Duong National Stadium 1122,Binh Duong,79500
S01123,Can Tho Sports Complex 1123,Can Tho,23500
S01124,Hue Park 1124,Hue,42500
S01125,Can Tho Park 1125,Can Tho,60000
S01126,Da Nang Dome 1126,Da Nang,77500
S01127,Ho Chi Minh City National Stadium 1127,Ho Chi Minh City,53500
S01128,Ho Chi Minh City National Stadium 1128,Ho Chi Minh City,32000
S01129,Hai Phong National Stadium 1129,Hai Phong,75500
S01130,Hanoi Dome 1130,Hanoi,48000
S01131,Nha Trang Park 1131,Nha Trang,65500
S01132,Hue Dome 1132,Hue,61000
S01133,Hue National Stadium 1133,Hue,57000
S01134,Binh Duong Park 1134,Binh Duong,55500
S01135,Da Nang Sports Complex 1135,Da Nang,20500
S01136,Nha Trang National Stadium 1136,Nha Trang,48500
S01137,Hai Phong Arena 1137,Hai Phong,50000
S01138,Can Tho Dome 1138,Can Tho,53500
S01139,Ho Chi Minh City Sports Complex 1139,Ho Chi Minh City,61000
S01140,Hue Arena 1140,Hue,19000
S01141,Hai Phong National Stadium 1141,Hai Phong,75500
S01142,Hue National Stadium 1142,Hue,44500
S01143,Nam Dinh Park 1143,Nam Dinh,18500
S01144,Nha Trang Arena 1144,Nha Trang,23000
S01145,Hanoi Arena 1145,Hanoi,61000
S01146,Hanoi Arena 1146,Hanoi,47500
S01147,Can Tho Park 1147,Can Tho,49000
S01148,Nha Trang Arena 1148,Nha Trang,39500
S01149,Da Nang Sports Complex 1149,Da Nang,63000
S01150,Ho Chi Minh City National Stadium 1150,Ho Chi Minh City,37000
S01151,Hue Sports Complex 1151,Hue,49500
S01152,Ho Chi Minh City Sports Complex 1152,Ho Chi Minh City,61500
S01153,Nam Dinh National Stadium 1153,Nam Dinh,47500
S01154,Quy Nhon Park 1154,Quy Nhon,38500
S01155,Hanoi Dome 1155,Hanoi,71500
S01156,Nam Dinh Arena 1156,Nam Dinh,39000
S01157,Da Nang Sports Complex 1157,Da Nang,65500
S01158,Ho Chi Minh City Park 1158,Ho Chi Minh City,59000
S01159,Ho Chi Minh City Arena 1159,Ho Chi Minh City,63500
S01160,Binh Duong National Stadium 1160,Binh Duong,18000
S01161,Hanoi Arena 1161,Hanoi,18000
S01162,Quy Nhon Sports Complex 1162,Quy Nhon,40000
S01163,Da Nang Arena 1163,Da Nang,76000
S01164,Hanoi Park 1164,Hanoi,67500
S01165,Hue Arena 1165,Hue,36000
S01166,Hai Phong Dome 1166,Hai Phong,75000
S01167,Can Tho Sports Complex 1167,Can Tho,69000
S01168,Ho Chi Minh City Park 1168,Ho Chi Minh City,39500
S01169,Ho Chi Minh City Park 1169,Ho Chi Minh City,59000
S01170,Hanoi Arena 1170,Hanoi,29500
S01171,Binh Duong National Stadium 1171,Binh Duong,77500
S01172,Hue National Stadium 1172,Hue,72500
S01173,Quy Nhon Sports Complex 1173,Quy Nhon,65500
S01174,Nha Trang Sports Complex 1174,Nha Trang,20500
S01175,Binh Duong Dome 1175,Binh Duong,15500
S01176,Can Tho Arena 1176,Can Tho,34000
S01177,Nam Dinh Sports Complex 1177,Nam Dinh,63500
S01178,Nam Dinh Arena 1178,Nam Dinh,45500
S01179,Can Tho Park 1179,Can Tho,78500
S01180,Quy Nhon Arena 1180,Quy Nhon,63000
S01181,Binh Duong Arena 1181,Binh Duong,25000
S01182,Hanoi Dome 1182,Hanoi,16500
S01183,Hai Phong Park 1183,Hai Phong,37500
S01184,Hanoi Sports Complex 1184,Hanoi,15000
S01185,Hue Sports Complex 1185,Hue,22000
S01186,Hai Phong Park 1186,Hai Phong,79500
S01187,Hai Phong Dome 1187,Hai Phong,47000
S01188,Hanoi Arena 1188,Hanoi,61500
S01189,Nha Trang National Stadium 1189,Nha Trang,18000
S01190,Hai Phong Park 1190,Hai Phong,42000
S01191,Can Tho Dome 1191,Can Tho,79000
S01192,Ho Chi Minh City Park 1192,Ho Chi Minh City,21500
S01193,Binh Duong Arena 1193,Binh Duong,57000
S01194,Hue National Stadium 1194,Hue,54000
S01195,Nam Dinh National Stadium 1195,Nam Dinh,43500
S01196,Da Nang Arena 1196,Da Nang,34000
S01197,Nha Trang Sports Complex 1197,Nha Trang,75500
S01198,Hue Sports Complex 1198,Hue,36000
S01199,Quy Nhon Sports Complex 1199,Quy Nhon,30500
S01200,Ho Chi Minh City Arena 1200,Ho Chi Minh City,24000
S01201,Nam Dinh National Stadium 1201,Nam Dinh,25000
S01202,Ho Chi Minh City Arena 1202,Ho Chi Minh City,44500
S01203,Quy Nhon Sports Complex 1203,Quy Nhon,41500
S01204,Ho Chi Minh City Park 1204,Ho Chi Minh City,38500
S01205,Hai Phong Dome 1205,Hai Phong,35000
S01206,Quy Nhon Sports Complex 1206,Quy Nhon,71000
S01207,Ho Chi Minh City National Stadium 1207,Ho Chi Minh City,25500
S01208,Nha Trang Park 1208,Nha Trang,17500
S01209,Hai Phong Sports Complex 1209,Hai Phong,24500
S01210,Ho Chi Minh City Arena 1210,Ho Chi Minh City,78500
S01211,Can Tho Dome 1211,Can Tho,48500
S01212,Hanoi Sports Complex 1212,Hanoi,32000
S01213,Da Nang National Stadium 1213,Da Nang,77500
S01214,Hue Dome 1214,Hue,51500
S01215,Binh Duong Arena 1215,Binh Duong,21000
S01216,Quy Nhon National Stadium 1216,Quy Nhon,67500
S01217,Da Nang National Stadium 1217,Da Nang,16000
S01218,Hanoi Arena 1218,Hanoi,23500
S01219,Hai Phong Dome 1219,Hai Phong,39500
S01220,Ho Chi Minh City Park 1220,Ho Chi Minh City,53500
S01221,Nha Trang National Stadium 1221,Nha Trang,16500
S01222,Ho Chi Minh City Arena 1222,Ho Chi Minh City,74000
S01223,Quy Nhon Arena 1223,Quy Nhon,21000
S01224,Can Tho National Stadium 1224,Can Tho,18000
S01225,Quy Nhon National Stadium 1225,Quy Nhon,26000
S01226,Nam Dinh Dome 1226,Nam Dinh,69000
S01227,Hue Dome 1227,Hue,17000
S01228,Hue Dome 1228,Hue,26500
S01229,Can Tho Arena 1229,Can Tho,74500
S01230,Da Nang Sports Complex 1230,Da Nang,33500
S01231,Quy Nhon Arena 1231,Quy Nhon,17500
S01232,Nam Dinh Park 1232,Nam Dinh,55500
S01233,Hai Phong Sports Complex 1233,Hai Phong,47500
S01234,Hue Park 1234,Hue,46500
S01235,Hanoi National Stadium 1235,Hanoi,33500
S01236,Hue Arena 1236,Hue,42500
S01237,Hai Phong Park 1237,Hai Phong,31500
S01238,Binh Duong National Stadium 1238,Binh Duong,80000
S01239,Hue Sports Complex 1239,Hue,46500
S01240,Binh Duong Dome 1240,Binh Duong,37500
S01241,Nam Dinh Park 1241,Nam Dinh,36000
S01242,Hue Sports Complex 1242,Hue,27000
S01243,Hanoi Sports Complex 1243,Hanoi,54000
S01244,Hai Phong National Stadium 1244,Hai Phong,73500
S01245,Nha Trang National Stadium 1245,Nha Trang,68000
S01246,Quy Nhon Park 1246,Quy Nhon,38500
S01247,Nam Dinh Arena 1247,Nam Dinh,79000
S01248,Da Nang National Stadium 1248,Da Nang,31000
S01249,Hai Phong Sports Complex 1249,Hai Phong,50000
S01250,Hanoi Arena 1250,Hanoi,52500
S01251,Hue Sports Complex 1251,Hue,76500
S01252,Da Nang Arena 1252,Da Nang,30500
S01253,Nam Dinh Sports Complex 1253,Nam Dinh,68000
S01254,Can Tho Park 1254,Can Tho,17000
S01255,Can Tho Park 1255,Can Tho,52000
S01256,Da Nang Park 1256,Da Nang,77000
S01257,Hai Phong Dome 1257,Hai Phong,50500
S01258,Nha Trang Arena 1258,Nha Trang,47000
S01259,Hanoi National Stadium 1259,Hanoi,18500
S01260,Hai Phong Park 1260,Hai Phong,29500
S01261,Hanoi Park 1261,Hanoi,46500
S01262,Hanoi Sports Complex 1262,Hanoi,75000
S01263,Nam Dinh Arena 1263,Nam Dinh,68000
S01264,Da Nang Sports Complex 1264,Da Nang,62000
S01265,Da Nang Sports Complex 1265,Da Nang,19000
S01266,Hanoi Arena 1266,Hanoi,53500
S01267,Da Nang National Stadium 1267,Da Nang,70500
S01268,Binh Duong Sports Complex 1268,Binh Duong,78000
S01269,Ho Chi Minh City Sports Complex 1269,Ho Chi Minh City,61000
S01270,Hue Park 1270,Hue,21500
S01271,Can Tho Sports Complex 1271,Can Tho,36000
S01272,Da Nang Arena 1272,Da Nang,63000
S01273,Hue Dome 1273,Hue,57500
S01274,Can Tho Arena 1274,Can Tho,61500
S01275,Binh Duong Park 1275,Binh Duong,66500
S01276,Can Tho Arena 1276,Can Tho,58500
S01277,Nam Dinh Arena 1277,Nam Dinh,40000
S01278,Nha Trang Sports Complex 1278,Nha Trang,23500
S01279,Da Nang National Stadium 1279,Da Nang,77000
S01280,Nam Dinh Dome 1280,Nam Dinh,71000
S01281,Nam Dinh National Stadium 1281,Nam Dinh,27000
S01282,Nam Dinh Sports Complex 1282,Nam Dinh,75500
S01283,Nam Dinh Arena 1283,Nam Dinh,57000
S01284,Nam Dinh National Stadium 1284,Nam Dinh,76500
S01285,Quy Nhon Arena 1285,Quy Nhon,36500
S01286,Ho Chi Minh City Arena 1286,Ho Chi Minh City,37500
S01287,Can Tho Arena 1287,Can Tho,56500
S01288,Ho Chi Minh City Sports Complex 1288,Ho Chi Minh City,44500
S01289,Hanoi Sports Complex 1289,Hanoi,28500
S01290,Hai Phong National Stadium 1290,Hai Phong,38000
S01291,Nha Trang National Stadium 1291,Nha Trang,62000
S01292,Hanoi National Stadium 1292,Hanoi,40500
S01293,Quy Nhon Dome 1293,Quy Nhon,78500
S01294,Da Nang Dome 1294,Da Nang,47500
S01295,Hue Sports Complex 1295,Hue,51000
S01296,Hue National Stadium 1296,Hue,69500
S01297,Quy Nhon Park 1297,Quy Nhon,57500
S01298,Hai Phong Arena 1298,Hai Phong,44500
S01299,Ho Chi Minh City National Stadium 1299,Ho Chi Minh City,34500
S01300,Hanoi Sports Complex 1300,Hanoi,32000
S01301,Ho Chi Minh City National Stadium 1301,Ho Chi Minh City,37500
S01302,Da Nang Dome 1302,Da Nang,25500
S01303,Ho Chi Minh City Park 1303,Ho Chi Minh City,76500
S01304,Ho Chi Minh City Sports Complex 1304,Ho Chi Minh City,54000
S01305,Nam Dinh Dome 1305,Nam Dinh,61000
S01306,Hanoi Dome 1306,Hanoi,77000
S01307,Da Nang Park 1307,Da Nang,73500
S01308,Hue Arena 1308,Hue,18500
S01309,Ho Chi Minh City Sports Complex 1309,Ho Chi Minh City,28500
S01310,Hai Phong Dome 1310,Hai Phong,60500
S01311,Binh Duong Park 1311,Binh Duong,32500
S01312,Nha Trang Sports Complex 1312,Nha Trang,30500
S01313,Ho Chi Minh City National Stadium 1313,Ho Chi Minh City,40500
S01314,Nam Dinh Park 1314,Nam Dinh,70000
S01315,Quy Nhon Arena 1315,Quy Nhon,18500
S01316,Can Tho National Stadium 1316,Can Tho,43000
S01317,Ho Chi Minh City Sports Complex 1317,Ho Chi Minh City,69000
S01318,Nam Dinh Dome 1318,Nam Dinh,28000
S01319,Ho Chi Minh City National Stadium 1319,Ho Chi Minh City,28500
S01320,Da Nang Sports Complex 1320,Da Nang,79000
S01321,Ho Chi Minh City Dome 1321,Ho Chi Minh City,70500
S01322,Ho Chi Minh City Sports Complex 1322,Ho Chi Minh City,66500
S01323,Hue Dome 1323,Hue,47000
S01324,Nha Trang National Stadium 1324,Nha Trang,57000
S01325,Binh Duong Dome 1325,Binh Duong,27000
S01326,Can Tho Dome 1326,Can Tho,39000
S01327,Da Nang Dome 1327,Da Nang,18000
S01328,Nha Trang Dome 1328,Nha Trang,45500
S01329,Nha Trang Arena 1329,Nha Trang,70000
S01330,Nha Trang Park 1330,Nha Trang,19000
S01331,Da Nang National Stadium 1331,Da Nang,20500
S01332,Can Tho Park 1332,Can Tho,42000
S01333,Nam Dinh Arena 1333,Nam Dinh,51500
S01334,Hanoi Dome 1334,Hanoi,68500
S01335,Binh Duong Dome 1335,Binh Duong,78500
S01336,Binh Duong Dome 1336,Binh Duong,52500
S01337,Hai Phong Dome 1337,Hai Phong,34500
S01338,Ho Chi Minh City Dome 1338,Ho Chi Minh City,74000
S01339,Hanoi Park 1339,Hanoi,52500
S01340,Binh Duong Park 1340,Binh Duong,59500
S01341,Nam Dinh Arena 1341,Nam Dinh,23000
S01342,Quy Nhon Arena 1342,Quy Nhon,77000
S01343,Da Nang Arena 1343,Da Nang,68000
S01344,Hai Phong Arena 1344,Hai Phong,18000
S01345,Hue National Stadium 1345,Hue,80000
S01346,Hue Arena 1346,Hue,69000
S01347,Da Nang Park 1347,Da Nang,32000
S01348,Can Tho National Stadium 1348,Can Tho,20500
S01349,Hue Park 1349,Hue,41000
S01350,Binh Duong Sports Complex 1350,Binh Duong,71000
S01351,Nha Trang Park 1351,Nha Trang,45000
S01352,Hanoi Park 1352,Hanoi,53500
S01353,Binh Duong Dome 1353,Binh Duong,22500
S01354,Hue Arena 1354,Hue,24500
S01355,Nam Dinh Park 1355,Nam Dinh,53000
S01356,Ho Chi Minh City National Stadium 1356,Ho Chi Minh City,52000
S01357,Ho Chi Minh City Sports Complex 1357,Ho Chi Minh City,72000
S01358,Binh Duong Sports Complex 1358,Binh Duong,72500
S01359,Hue Sports Complex 1359,Hue,40000
S01360,Quy Nhon Park 1360,Quy Nhon,55000
S01361,Quy Nhon National Stadium 1361,Quy Nhon,26500
S01362,Nha Trang Dome 1362,Nha Trang,24500
S01363,Nam Dinh Park 1363,Nam Dinh,59500
S01364,Hue National Stadium 1364,Hue,41000
S01365,Can Tho Arena 1365,Can Tho,18000
S01366,Quy Nhon Sports Complex 1366,Quy Nhon,74000
S01367,Can Tho National Stadium 1367,Can Tho,37000
S01368,Nha Trang Sports Complex 1368,Nha Trang,33500
S01369,Quy Nhon National Stadium 1369,Quy Nhon,78500
S01370,Hai Phong Arena 1370,Hai Phong,34500
S01371,Quy Nhon Sports Complex 1371,Quy Nhon,32500
S01372,Hue Park 1372,Hue,57500
S01373,Ho Chi Minh City Arena 1373,Ho Chi Minh City,44000
S01374,Hai Phong Dome 1374,Hai Phong,63500
S01375,Quy Nhon Park 1375,Quy Nhon,72000
S01376,Can Tho National Stadium 1376,Can Tho,49000
S01377,Da Nang National Stadium 1377,Da Nang,35500
S01378,Binh Duong Dome 1378,Binh Duong,24000
S01379,Binh Duong Park 1379,Binh Duong,17000
S01380,Da Nang Arena 1380,Da Nang,72500
S01381,Hai Phong National Stadium 1381,Hai Phong,31500
S01382,Hanoi Dome 1382,Hanoi,18500
S01383,Can Tho Arena 1383,Can Tho,33000
S01384,Can Tho Dome 1384,Can Tho,48000
S01385,Hue National Stadium 1385,Hue,59500
S01386,Hanoi Arena 1386,Hanoi,39500
S01387,Quy Nhon Park 1387,Quy Nhon,44000
S01388,Da Nang Dome 1388,Da Nang,53500
S01389,Binh Duong Sports Complex 1389,Binh Duong,37500
S01390,Da Nang Sports Complex 1390,Da Nang,64000
S01391,Ho Chi Minh City Sports Complex 1391,Ho Chi Minh City,17000
S01392,Hue National Stadium 1392,Hue,25500
S01393,Nam Dinh Arena 1393,Nam Dinh,71000
S01394,Hai Phong Arena 1394,Hai Phong,59500
S01395,Hai Phong Sports Complex 1395,Hai Phong,57500
S01396,Hue Park 1396,Hue,16500
S01397,Hanoi Dome 1397,Hanoi,74500
S01398,Da Nang Arena 1398,Da Nang,54500
S01399,Hanoi Arena 1399,Hanoi,31500
S01400,Nam Dinh Sports Complex 1400,Nam Dinh,61500
S01401,Nha Trang Dome 1401,Nha Trang,73500
S01402,Hue Sports Complex 1402,Hue,45000
S01403,Nha Trang Arena 1403,Nha Trang,45500
S01404,Nha Trang Park 1404,Nha Trang,69000
S01405,Nam Dinh Dome 1405,Nam Dinh,53500
S01406,Ho Chi Minh City National Stadium 1406,Ho Chi Minh City,48500
S01407,Can Tho Park 1407,Can Tho,57500
S01408,Nam Dinh Park 1408,Nam Dinh,33500
S01409,Nha Trang National Stadium 1409,Nha Trang,46500
S01410,Ho Chi Minh City Sports Complex 1410,Ho Chi Minh City,80000
S01411,Nha Trang Sports Complex 1411,Nha Trang,71500
S01412,Nha Trang Sports Complex 1412,Nha Trang,58000
S01413,Nha Trang Arena 1413,Nha Trang,25000
S01414,Binh Duong Arena 1414,Binh Duong,74000
S01415,Hanoi Park 1415,Hanoi,41500
S01416,Can Tho Arena 1416,Can Tho,62500
S01417,Hanoi Dome 1417,Hanoi,34500
S01418,Nha Trang Dome 1418,Nha Trang,41500
S01419,Hue National Stadium 1419,Hue,53000
S01420,Nam Dinh Arena 1420,Nam Dinh,37500
S01421,Hai Phong Park 1421,Hai Phong,57000
S01422,Quy Nhon Sports Complex 1422,Quy Nhon,48000
S01423,Nha Trang Arena 1423,Nha Trang,70000
S01424,Binh Duong Arena 1424,Binh Duong,34500
S01425,Ho Chi Minh City Dome 1425,Ho Chi Minh City,23500
S01426,Nha Trang Park 1426,Nha Trang,65000
S01427,Da Nang Sports Complex 1427,Da Nang,58000
S01428,Ho Chi Minh City Arena 1428,Ho Chi Minh City,38500
S01429,Hai Phong Sports Complex 1429,Hai Phong,42500
S01430,Can Tho Sports Complex 1430,Can Tho,32000
S01431,Nam Dinh Sports Complex 1431,Nam Dinh,45500
S01432,Ho Chi Minh City Dome 1432,Ho Chi Minh City,18500
S01433,Nam Dinh Park 1433,Nam Dinh,77000
S01434,Nam Dinh National Stadium 1434,Nam Dinh,46000
S01435,Hai Phong Park 1435,Hai Phong,23000
S01436,Hue Park 1436,Hue,34500
S01437,Hue National Stadium 1437,Hue,72000
S01438,Da Nang Arena 1438,Da Nang,28000
S01439,Can Tho Dome 1439,Can Tho,79500
S01440,Nam Dinh Dome 1440,Nam Dinh,24500
S01441,Can Tho Arena 1441,Can Tho,66000
S01442,Ho Chi Minh City Dome 1442,Ho Chi Minh City,37000
S01443,Da Nang Sports Complex 1443,Da Nang,56500
S01444,Hanoi National Stadium 1444,Hanoi,44500
S01445,Nha Trang Arena 1445,Nha Trang,65000
S01446,Da Nang Park 1446,Da Nang,65000
S01447,Da Nang Dome 1447,Da Nang,66500
S01448,Ho Chi Minh City Arena 1448,Ho Chi Minh City,55500
S01449,Hue Dome 1449,Hue,41500
S01450,Hue Dome 1450,Hue,40000
S01451,Hanoi National Stadium 1451,Hanoi,50000
S01452,Hai Phong Sports Complex 1452,Hai Phong,77500
S01453,Hanoi Sports Complex 1453,Hanoi,64500
S01454,Binh Duong Arena 1454,Binh Duong,16000
S01455,Hanoi Arena 1455,Hanoi,30000
S01456,Can Tho Sports Complex 1456,Can Tho,23500
S01457,Ho Chi Minh City Dome 1457,Ho Chi Minh City,48000
S01458,Nam Dinh Sports Complex 1458,Nam Dinh,26000
S01459,Ho Chi Minh City National Stadium 1459,Ho Chi Minh City,34500
S01460,Nha Trang Dome 1460,Nha Trang,62500
S01461,Binh Duong Park 1461,Binh Duong,49500
S01462,Can Tho Dome 1462,Can Tho,73000
S01463,Da Nang Sports Complex 1463,Da Nang,74000
S01464,Quy Nhon Sports Complex 1464,Quy Nhon,64000
S01465,Hai Phong Arena 1465,Hai Phong,77000
S01466,Hue National Stadium 1466,Hue,30000
S01467,Hai Phong Arena 1467,Hai Phong,29000
S01468,Hanoi Park 1468,Hanoi,48000
S01469,Da Nang National Stadium 1469,Da Nang,39000
S01470,Hanoi Dome 1470,Hanoi,72500
S01471,Nha Trang Park 1471,Nha Trang,56000
S01472,Hanoi Park 1472,Hanoi,18000
S01473,Ho Chi Minh City National Stadium 1473,Ho Chi Minh City,18000
S01474,Ho Chi Minh City Dome 1474,Ho Chi Minh City,44000
S01475,Hue National Stadium 1475,Hue,51000
S01476,Nha Trang Dome 1476,Nha Trang,61000
S01477,Da Nang Arena 1477,Da Nang,60500
S01478,Hanoi Sports Complex 1478,Hanoi,42500
S01479,Ho Chi Minh City Park 1479,Ho Chi Minh City,32500
S01480,Nam Dinh Park 1480,Nam Dinh,61000
S01481,Da Nang Dome 1481,Da Nang,69500
S01482,Ho Chi Minh City Park 1482,Ho Chi Minh City,62000
S01483,Nam Dinh National Stadium 1483,Nam Dinh,33500
S01484,Ho Chi Minh City National Stadium 1484,Ho Chi Minh City,47500
S01485,Hai Phong Park 1485,Hai Phong,28000
S01486,Nha Trang Park 1486,Nha Trang,79000
S01487,Hai Phong Sports Complex 1487,Hai Phong,61000
S01488,Hue Sports Complex 1488,Hue,25500
S01489,Hanoi Park 1489,Hanoi,47500
S01490,Hai Phong Dome 1490,Hai Phong,36500
S01491,Hai Phong National Stadium 1491,Hai Phong,16000
S01492,Ho Chi Minh City National Stadium 1492,Ho Chi Minh City,69500
S01493,Nam Dinh Dome 1493,Nam Dinh,25000
S01494,Ho Chi Minh City Park 1494,Ho Chi Minh City,20000
S01495,Ho Chi Minh City Sports Complex 1495,Ho Chi Minh City,57000
S01496,Hai Phong Dome 1496,Hai Phong,80000
S01497,Nha Trang Sports Complex 1497,Nha Trang,45500
S01498,Hanoi National Stadium 1498,Hanoi,68500
S01499,Da Nang National Stadium 1499,Da Nang,71000
S01500,Nha Trang Sports Complex 1500,Nha Trang,67500
S01501,Can Tho Dome 1501,Can Tho,63500
S01502,Ho Chi Minh City National Stadium 1502,Ho Chi Minh City,71000
S01503,Hanoi National Stadium 1503,Hanoi,71000
S01504,Da Nang Arena 1504,Da Nang,36500
S01505,Can Tho Dome 1505,Can Tho,77500
S01506,Nam Dinh Sports Complex 1506,Nam Dinh,72500
S01507,Ho Chi Minh City Sports Complex 1507,Ho Chi Minh City,68500
S01508,Can Tho Arena 1508,Can Tho,22500
S01509,Hue Dome 1509,Hue,78000
S01510,Quy Nhon Sports Complex 1510,Quy Nhon,70000
S01511,Hue Dome 1511,Hue,67500
S01512,Hue Arena 1512,Hue,22500
S01513,Da Nang National Stadium 1513,Da Nang,79500
S01514,Da Nang National Stadium 1514,Da Nang,42500
S01515,Nam Dinh Dome 1515,Nam Dinh,67500
S01516,Nam Dinh Dome 1516,Nam Dinh,27000
S01517,Nam Dinh Dome 1517,Nam Dinh,66000
S01518,Can Tho Park 1518,Can Tho,17000
S01519,Da Nang Dome 1519,Da Nang,75500
S01520,Quy Nhon National Stadium 1520,Quy Nhon,73000
S01521,Hue Dome 1521,Hue,18000
S01522,Ho Chi Minh City Sports Complex 1522,Ho Chi Minh City,58000
S01523,Can Tho National Stadium 1523,Can Tho,61000
S01524,Binh Duong Park 1524,Binh Duong,62500
S01525,Nam Dinh Arena 1525,Nam Dinh,79000
S01526,Can Tho Park 1526,Can Tho,49500
S01527,Nam Dinh National Stadium 1527,Nam Dinh,43500
S01528,Hai Phong Dome 1528,Hai Phong,37500
S01529,Hue Arena 1529,Hue,70000
S01530,Binh Duong Park 1530,Binh Duong,18500
S01531,Hanoi Arena 1531,Hanoi,48000
S01532,Quy Nhon Dome 1532,Quy Nhon,72000
S01533,Da Nang National Stadium 1533,Da Nang,64000
S01534,Quy Nhon Sports Complex 1534,Quy Nhon,31000
S01535,Can Tho Sports Complex 1535,Can Tho,18500
S01536,Binh Duong Arena 1536,Binh Duong,51000
S01537,Hue Dome 1537,Hue,68500
S01538,Hai Phong National Stadium 1538,Hai Phong,45000
S01539,Quy Nhon Park 1539,Quy Nhon,44500
S01540,Ho Chi Minh City Dome 1540,Ho Chi Minh City,44500
S01541,Can Tho National Stadium 1541,Can Tho,79500
S01542,Quy Nhon National Stadium 1542,Quy Nhon,21500
S01543,Hue Dome 1543,Hue,17500
S01544,Binh Duong Park 1544,Binh Duong,15000
S01545,Ho Chi Minh City Park 1545,Ho Chi Minh City,78000
S01546,Nam Dinh Sports Complex 1546,Nam Dinh,73500
S01547,Binh Duong Park 1547,Binh Duong,28500
S01548,Quy Nhon Sports Complex 1548,Quy Nhon,39000
S01549,Hanoi Arena 1549,Hanoi,70500
S01550,Quy Nhon Sports Complex 1550,Quy Nhon,51500
S01551,Nam Dinh Park 1551,Nam Dinh,46000
S01552,Can Tho Dome 1552,Can Tho,22500
S01553,Ho Chi Minh City Arena 1553,Ho Chi Minh City,15000
S01554,Can Tho Sports Complex 1554,Can Tho,69500
S01555,Nha Trang Park 1555,Nha Trang,49000
S01556,Can Tho National Stadium 1556,Can Tho,18000
S01557,Da Nang Dome 1557,Da Nang,24000
S01558,Hue National Stadium 1558,Hue,31500
S01559,Nam Dinh Arena 1559,Nam Dinh,27500
S01560,Ho Chi Minh City Dome 1560,Ho Chi Minh City,29000
S01561,Quy Nhon Arena 1561,Quy Nhon,62000
S01562,Can Tho National Stadium 1562,Can Tho,64500
S01563,Hue National Stadium 1563,Hue,75500
S01564,Nam Dinh National Stadium 1564,Nam Dinh,65500
S01565,Quy Nhon Dome 1565,Quy Nhon,58000
S01566,Nam Dinh Park 1566,Nam Dinh,24000
S01567,Quy Nhon National Stadium 1567,Quy Nhon,50000
S01568,Hanoi Park 1568,Hanoi,76500
S01569,Hue Park 1569,Hue,46500
S01570,Binh Duong Arena 1570,Binh Duong,60500
S01571,Nam Dinh Arena 1571,Nam Dinh,63000
S01572,Da Nang National Stadium 1572,Da Nang,40500
S01573,Nam Dinh Park 1573,Nam Dinh,73000
S01574,Can Tho Park 1574,Can Tho,73000
S01575,Hue Dome 1575,Hue,79000
S01576,Nam Dinh Arena 1576,Nam Dinh,33000
S01577,Hue Sports Complex 1577,Hue,78500
S01578,Nha Trang Dome 1578,Nha Trang,67500
S01579,Da Nang Arena 1579,Da Nang,42000
S01580,Nam Dinh Park 1580,Nam Dinh,34500
S01581,Binh Duong Sports Complex 1581,Binh Duong,61500
S01582,Binh Duong Arena 1582,Binh Duong,28000
S01583,Hai Phong Park 1583,Hai Phong,62000
S01584,Nha Trang Sports Complex 1584,Nha Trang,75500
S01585,Da Nang Arena 1585,Da Nang,48000
S01586,Binh Duong Sports Complex 1586,Binh Duong,61500
S01587,Ho Chi Minh City Sports Complex 1587,Ho Chi Minh City,52000
S01588,Quy Nhon Park 1588,Quy Nhon,52500
S01589,Hue Park 1589,Hue,33500
S01590,Hue National Stadium 1590,Hue,49500
S01591,Ho Chi Minh City National Stadium 1591,Ho Chi Minh City,40000
S01592,Da Nang National Stadium 1592,Da Nang,59000
S01593,Hanoi Arena 1593,Hanoi,32500
S01594,Da Nang Sports Complex 1594,Da Nang,60000
S01595,Nha Trang Arena 1595,Nha Trang,70000
S01596,Hanoi Sports Complex 1596,Hanoi,28500
S01597,Binh Duong National Stadium 1597,Binh Duong,38500
S01598,Quy Nhon National Stadium 1598,Quy Nhon,55500
S01599,Binh Duong Arena 1599,Binh Duong,63500
S01600,Binh Duong Dome 1600,Binh Duong,30500
S01601,Binh Duong Sports Complex 1601,Binh Duong,60500
S01602,Hanoi Dome 1602,Hanoi,40500
S01603,Hue Sports Complex 1603,Hue,78500
S01604,Binh Duong National Stadium 1604,Binh Duong,16000
S01605,Nha Trang Arena 1605,Nha Trang,55500
S01606,Quy Nhon Arena 1606,Quy Nhon,74500
S01607,Can Tho Park 1607,Can Tho,51000
S01608,Nam Dinh Arena 1608,Nam Dinh,66000
S01609,Hai Phong Sports Complex 1609,Hai Phong,44500
S01610,Da Nang National Stadium 1610,Da Nang,27500
S01611,Da Nang Park 1611,Da Nang,23000
S01612,Hue National Stadium 1612,Hue,43000
S01613,Nha Trang Park 1613,Nha Trang,32500
S01614,Da Nang Arena 1614,Da Nang,53500
S01615,Nha Trang National Stadium 1615,Nha Trang,36500
S01616,Quy Nhon Arena 1616,Quy Nhon,17500
S01617,Da Nang Sports Complex 1617,Da Nang,54000
S01618,Hanoi Park 1618,Hanoi,70500
S01619,Nha Trang Dome 1619,Nha Trang,67000
S01620,Nam Dinh Park 1620,Nam Dinh,38500
S01621,Ho Chi Minh City Sports Complex 1621,Ho Chi Minh City,49500
S01622,Hai Phong Arena 1622,Hai Phong,49000
S01623,Ho Chi Minh City Park 1623,Ho Chi Minh City,25500
S01624,Hue Park 1624,Hue,50000
S01625,Hue National Stadium 1625,Hue,38000
S01626,Hai Phong Arena 1626,Hai Phong,58500
S01627,Can Tho Sports Complex 1627,Can Tho,38500
S01628,Nha Trang Arena 1628,Nha Trang,77500
S01629,Nam Dinh Park 1629,Nam Dinh,46000
S01630,Binh Duong National Stadium 1630,Binh Duong,22500
S01631,Can Tho Dome 1631,Can Tho,31000
S01632,Nam Dinh Park 1632,Nam Dinh,31000
S01633,Hanoi Sports Complex 1633,Hanoi,40000
S01634,Ho Chi Minh City Dome 1634,Ho Chi Minh City,32000
S01635,Binh Duong Sports Complex 1635,Binh Duong,16500
S01636,Binh Duong Sports Complex 1636,Binh Duong,48500
S01637,Binh Duong Dome 1637,Binh Duong,47000
S01638,Hanoi Sports Complex 1638,Hanoi,74000
S01639,Hai Phong Sports Complex 1639,Hai Phong,48500
S01640,Ho Chi Minh City National Stadium 1640,Ho Chi Minh City,26000
S01641,Binh Duong Park 1641,Binh Duong,15500
S01642,Ho Chi Minh City Arena 1642,Ho Chi Minh City,59000
S01643,Hai Phong Dome 1643,Hai Phong,70000
S01644,Ho Chi Minh City Arena 1644,Ho Chi Minh City,50000
S01645,Hue National Stadium 1645,Hue,64000
S01646,Da Nang National Stadium 1646,Da Nang,45000
S01647,Can Tho National Stadium 1647,Can Tho,20500
S01648,Ho Chi Minh City National Stadium 1648,Ho Chi Minh City,26500
S01649,Nha Trang Park 1649,Nha Trang,19500
S01650,Nam Dinh Arena 1650,Nam Dinh,74500
S01651,Nha Trang Dome 1651,Nha Trang,40500
S01652,Quy Nhon Dome 1652,Quy Nhon,43500
S01653,Can Tho National Stadium 1653,Can Tho,40500
S01654,Ho Chi Minh City Park 1654,Ho Chi Minh City,15500
S01655,Nam Dinh National Stadium 1655,Nam Dinh,64500
S01656,Nam Dinh National Stadium 1656,Nam Dinh,61000
S01657,Ho Chi Minh City Sports Complex 1657,Ho Chi Minh City,76000
S01658,Binh Duong National Stadium 1658,Binh Duong,34000
S01659,Nha Trang Park 1659,Nha Trang,20500
S01660,Nha Trang Dome 1660,Nha Trang,40000
S01661,Hue National Stadium 1661,Hue,46000
S01662,Da Nang Park 1662,Da Nang,29500
S01663,Da Nang Dome 1663,Da Nang,67000
S01664,Binh Duong Sports Complex 1664,Binh Duong,78000
S01665,Da Nang Sports Complex 1665,Da Nang,59500
S01666,Can Tho National Stadium 1666,Can Tho,51500
S01667,Binh Duong Arena 1667,Binh Duong,23000
S01668,Hanoi National Stadium 1668,Hanoi,52500
S01669,Nam Dinh Dome 1669,Nam Dinh,50000
S01670,Binh Duong National Stadium 1670,Binh Duong,35000
S01671,Hai Phong Sports Complex 1671,Hai Phong,29000
S01672,Hue Park 1672,Hue,24500
S01673,Da Nang Arena 1673,Da Nang,29500
S01674,Nam Dinh Sports Complex 1674,Nam Dinh,27500
S01675,Ho Chi Minh City Arena 1675,Ho Chi Minh City,59000
S01676,Nam Dinh National Stadium 1676,Nam Dinh,71000
S01677,Binh Duong Dome 1677,Binh Duong,57000
S01678,Binh Duong National Stadium 1678,Binh Duong,34000
S01679,Ho Chi Minh City Sports Complex 1679,Ho Chi Minh City,21500
S01680,Hai Phong Park 1680,Hai Phong,47000
S01681,Can Tho Sports Complex 1681,Can Tho,23500
S01682,Hai Phong National Stadium 1682,Hai Phong,33500
S01683,Nam Dinh National Stadium 1683,Nam Dinh,74000
S01684,Hai Phong Sports Complex 1684,Hai Phong,47000
S01685,Quy Nhon Sports Complex 1685,Quy Nhon,55500
S01686,Nha Trang Park 1686,Nha Trang,25000
S01687,Nam Dinh Park 1687,Nam Dinh,39000
S01688,Can Tho Dome 1688,Can Tho,26000
S01689,Hanoi Sports Complex 1689,Hanoi,31000
S01690,Hai Phong Dome 1690,Hai Phong,33000
S01691,Can Tho Arena 1691,Can Tho,59500
S01692,Can Tho Dome 1692,Can Tho,45500
S01693,Quy Nhon Sports Complex 1693,Quy Nhon,66000
S01694,Nha Trang Dome 1694,Nha Trang,51000
S01695,Ho Chi Minh City Arena 1695,Ho Chi Minh City,57500
S01696,Nam Dinh National Stadium 1696,Nam Dinh,70000
S01697,Nha Trang Arena 1697,Nha Trang,73500
S01698,Binh Duong Arena 1698,Binh Duong,32500
S01699,Ho Chi Minh City National Stadium 1699,Ho Chi Minh City,73500
S01700,Hanoi Park 1700,Hanoi,56500
S01701,Hanoi Park 1701,Hanoi,53000
S01702,Hue Park 1702,Hue,29000
S01703,Hanoi Park 1703,Hanoi,32000
S01704,Binh Duong Park 1704,Binh Duong,46000
S01705,Da Nang Sports Complex 1705,Da Nang,40500
S01706,Hai Phong Park 1706,Hai Phong,63000
S01707,Nha Trang Arena 1707,Nha Trang,45500
S01708,Binh Duong Park 1708,Binh Duong,21000
S01709,Hue Sports Complex 1709,Hue,48000
S01710,Hanoi Arena 1710,Hanoi,70500
S01711,Nam Dinh Arena 1711,Nam Dinh,64500
S01712,Binh Duong Arena 1712,Binh Duong,44000
S01713,Da Nang Arena 1713,Da Nang,52000
S01714,Nam Dinh Arena 1714,Nam Dinh,63000
S01715,Quy Nhon Sports Complex 1715,Quy Nhon,17500
S01716,Hai Phong Dome 1716,Hai Phong,30000
S01717,Ho Chi Minh City Sports Complex 1717,Ho Chi Minh City,39000
S01718,Hai Phong National Stadium 1718,Hai Phong,59000
S01719,Hai Phong Park 1719,Hai Phong,74500
S01720,Can Tho Dome 1720,Can Tho,46000
S01721,Quy Nhon National Stadium 1721,Quy Nhon,17500
S01722,Can Tho National Stadium 1722,Can Tho,61000
S01723,Binh Duong Sports Complex 1723,Binh Duong,69500
S01724,Nha Trang Park 1724,Nha Trang,50500
S01725,Nam Dinh Arena 1725,Nam Dinh,39500
S01726,Hue Sports Complex 1726,Hue,53500
S01727,Ho Chi Minh City Park 1727,Ho Chi Minh City,31500
S01728,Hue Arena 1728,Hue,49000
S01729,Hue Sports Complex 1729,Hue,68500
S01730,Can Tho Dome 1730,Can Tho,67000
S01731,Quy Nhon Park 1731,Quy Nhon,15500
S01732,Binh Duong Arena 1732,Binh Duong,44000
S01733,Da Nang Arena 1733,Da Nang,20000
S01734,Binh Duong Sports Complex 1734,Binh Duong,29000
S01735,Da Nang Arena 1735,Da Nang,25500
S01736,Can Tho Park 1736,Can Tho,62000
S01737,Ho Chi Minh City Arena 1737,Ho Chi Minh City,42000
S01738,Can Tho National Stadium 1738,Can Tho,46500
S01739,Quy Nhon Dome 1739,Quy Nhon,29000
S01740,Nam Dinh Arena 1740,Nam Dinh,57500
S01741,Hue National Stadium 1741,Hue,31000
S01742,Hanoi Arena 1742,Hanoi,52500
S01743,Nam Dinh Arena 1743,Nam Dinh,24000
S01744,Binh Duong National Stadium 1744,Binh Duong,73500
S01745,Nam Dinh Arena 1745,Nam Dinh,18500
S01746,Da Nang Sports Complex 1746,Da Nang,75500
S01747,Da Nang Park 1747,Da Nang,78000
S01748,Hue Park 1748,Hue,78500
S01749,Nam Dinh National Stadium 1749,Nam Dinh,72500
S01750,Nha Trang National Stadium 1750,Nha Trang,29000
S01751,Quy Nhon Park 1751,Quy Nhon,46000
S01752,Quy Nhon Arena 1752,Quy Nhon,29500
S01753,Hue Park 1753,Hue,24500
S01754,Nam Dinh Arena 1754,Nam Dinh,56000
S01755,Binh Duong Sports Complex 1755,Binh Duong,26000
S01756,Can Tho Dome 1756,Can Tho,54000
S01757,Nam Dinh National Stadium 1757,Nam Dinh,30000
S01758,Hue Dome 1758,Hue,23500
S01759,Ho Chi Minh City National Stadium 1759,Ho Chi Minh City,28500
S01760,Binh Duong Park 1760,Binh Duong,60000
S01761,Hue Arena 1761,Hue,54500
S01762,Ho Chi Minh City Arena 1762,Ho Chi Minh City,46000
S01763,Nam Dinh Park 1763,Nam Dinh,17500
S01764,Binh Duong Park 1764,Binh Duong,64500
S01765,Ho Chi Minh City National Stadium 1765,Ho Chi Minh City,46500
S01766,Da Nang Park 1766,Da Nang,50500
S01767,Hanoi Dome 1767,Hanoi,49000
S01768,Hue Sports Complex 1768,Hue,72500
S01769,Hanoi Park 1769,Hanoi,43000
S01770,Hai Phong Dome 1770,Hai Phong,66500
S01771,Hue Sports Complex 1771,Hue,53500
S01772,Nam Dinh National Stadium 1772,Nam Dinh,43000
S01773,Da Nang Sports Complex 1773,Da Nang,46500
S01774,Hai Phong National Stadium 1774,Hai Phong,33500
S01775,Nam Dinh Park 1775,Nam Dinh,42000
S01776,Nha Trang Arena 1776,Nha Trang,15500
S01777,Hanoi Park 1777,Hanoi,49000
S01778,Ho Chi Minh City Park 1778,Ho Chi Minh City,15500
S01779,Hue Arena 1779,Hue,60000
S01780,Can Tho Dome 1780,Can Tho,38500
S01781,Ho Chi Minh City Arena 1781,Ho Chi Minh City,43000
S01782,Nam Dinh Sports Complex 1782,Nam Dinh,32000
S01783,Binh Duong Dome 1783,Binh Duong,52000
S01784,Can Tho Park 1784,Can Tho,33000
S01785,Hue Arena 1785,Hue,42000
S01786,Binh Duong Park 1786,Binh Duong,46500
S01787,Da Nang Sports Complex 1787,Da Nang,51500
S01788,Binh Duong Dome 1788,Binh Duong,31500
S01789,Nha Trang Park 1789,Nha Trang,37500
S01790,Hue Arena 1790,Hue,71000
S01791,Ho Chi Minh City Arena 1791,Ho Chi Minh City,44500
S01792,Da Nang National Stadium 1792,Da Nang,29000
S01793,Binh Duong Dome 1793,Binh Duong,66500
S01794,Can Tho Park 1794,Can Tho,55000
S01795,Hanoi Arena 1795,Hanoi,40500
S01796,Hanoi National Stadium 1796,Hanoi,69000
S01797,Da Nang Dome 1797,Da Nang,75500
S01798,Nam Dinh Dome 1798,Nam Dinh,21000
S01799,Ho Chi Minh City Sports Complex 1799,Ho Chi Minh City,29500
S01800,Can Tho National Stadium 1800,Can Tho,55000
S01801,Hanoi Dome 1801,Hanoi,76000
S01802,Hue Park 1802,Hue,58000
S01803,Binh Duong Sports Complex 1803,Binh Duong,61500
S01804,Nam Dinh National Stadium 1804,Nam Dinh,77000
S01805,Da Nang Dome 1805,Da Nang,44000
S01806,Hanoi Arena 1806,Hanoi,70500
S01807,Binh Duong Sports Complex 1807,Binh Duong,28000
S01808,Hanoi Park 1808,Hanoi,48500
S01809,Binh Duong Arena 1809,Binh Duong,55500
S01810,Da Nang National Stadium 1810,Da Nang,38500
S01811,Hai Phong National Stadium 1811,Hai Phong,79000
S01812,Da Nang National Stadium 1812,Da Nang,33000
S01813,Hue Sports Complex 1813,Hue,59000
S01814,Hue Dome 1814,Hue,53500
S01815,Hai Phong Park 1815,Hai Phong,16000
S01816,Ho Chi Minh City National Stadium 1816,Ho Chi Minh City,51000
S01817,Nha Trang Park 1817,Nha Trang,75000
S01818,Nam Dinh Sports Complex 1818,Nam Dinh,38000
S01819,Nha Trang Arena 1819,Nha Trang,54500
S01820,Hai Phong Dome 1820,Hai Phong,76000
S01821,Hue Park 1821,Hue,15500
S01822,Nha Trang Arena 1822,Nha Trang,41500
S01823,Binh Duong National Stadium 1823,Binh Duong,51500
S01824,Ho Chi Minh City Park 1824,Ho Chi Minh City,34500
S01825,Can Tho National Stadium 1825,Can Tho,67500
S01826,Binh Duong Sports Complex 1826,Binh Duong,72500
S01827,Binh Duong Park 1827,Binh Duong,31500
S01828,Quy Nhon Dome 1828,Quy Nhon,52000
S01829,Quy Nhon Arena 1829,Quy Nhon,64500
S01830,Can Tho Dome 1830,Can Tho,59500
S01831,Quy Nhon Park 1831,Quy Nhon,71500
S01832,Hanoi Dome 1832,Hanoi,22500
S01833,Nha Trang National Stadium 1833,Nha Trang,40000
S01834,Hai Phong Arena 1834,Hai Phong,67500
S01835,Can Tho Dome 1835,Can Tho,77500
S01836,Can Tho Park 1836,Can Tho,50000
S01837,Hanoi Sports Complex 1837,Hanoi,31500
S01838,Nha Trang National Stadium 1838,Nha Trang,41000
S01839,Can Tho National Stadium 1839,Can Tho,51500
S01840,Da Nang Dome 1840,Da Nang,35500
S01841,Can Tho Arena 1841,Can Tho,73500
S01842,Nam Dinh Sports Complex 1842,Nam Dinh,27000
S01843,Hai Phong Dome 1843,Hai Phong,63500
S01844,Hai Phong Arena 1844,Hai Phong,63000
S01845,Hai Phong Sports Complex 1845,Hai Phong,28500
S01846,Hai Phong Arena 1846,Hai Phong,69500
S01847,Hai Phong Park 1847,Hai Phong,38500
S01848,Da Nang National Stadium 1848,Da Nang,23000
S01849,Ho Chi Minh City Dome 1849,Ho Chi Minh City,55000
S01850,Hanoi Park 1850,Hanoi,78000
S01851,Hanoi Dome 1851,Hanoi,39500
S01852,Nam Dinh Sports Complex 1852,Nam Dinh,47500
S01853,Nam Dinh Sports Complex 1853,Nam Dinh,47000
S01854,Da Nang Park 1854,Da Nang,33500
S01855,Hue Arena 1855,Hue,64000
S01856,Nam Dinh Arena 1856,Nam Dinh,18500
S01857,Binh Duong Dome 1857,Binh Duong,46500
S01858,Binh Duong National Stadium 1858,Binh Duong,48000
S01859,Can Tho Dome 1859,Can Tho,71500
S01860,Da Nang Dome 1860,Da Nang,79000
S01861,Ho Chi Minh City Park 1861,Ho Chi Minh City,45000
S01862,Can Tho National Stadium 1862,Can Tho,16000
S01863,Hai Phong Dome 1863,Hai Phong,53000
S01864,Ho Chi Minh City Sports Complex 1864,Ho Chi Minh City,38500
S01865,Nam Dinh Sports Complex 1865,Nam Dinh,27500
S01866,Binh Duong Sports Complex 1866,Binh Duong,30500
S01867,Nha Trang Dome 1867,Nha Trang,78000
S01868,Nam Dinh Sports Complex 1868,Nam Dinh,39000
S01869,Da Nang Dome 1869,Da Nang,43000
S01870,Hai Phong Dome 1870,Hai Phong,61000
S01871,Can Tho Sports Complex 1871,Can Tho,71000
S01872,Hue Sports Complex 1872,Hue,44500
S01873,Da Nang Park 1873,Da Nang,23500
S01874,Nam Dinh Arena 1874,Nam Dinh,68500
S01875,Ho Chi Minh City Sports Complex 1875,Ho Chi Minh City,67500
S01876,Hai Phong Park 1876,Hai Phong,43500
S01877,Hue Arena 1877,Hue,24500
S01878,Da Nang Dome 1878,Da Nang,68000
S01879,Hanoi Arena 1879,Hanoi,42500
S01880,Quy Nhon Arena 1880,Quy Nhon,73500
S01881,Binh Duong Park 1881,Binh Duong,62000
S01882,Can Tho Dome 1882,Can Tho,34500
S01883,Nha Trang Park 1883,Nha Trang,71500
S01884,Nam Dinh National Stadium 1884,Nam Dinh,41000
S01885,Ho Chi Minh City Arena 1885,Ho Chi Minh City,19000
S01886,Hai Phong Sports Complex 1886,Hai Phong,46000
S01887,Ho Chi Minh City Dome 1887,Ho Chi Minh City,64000
S01888,Can Tho Sports Complex 1888,Can Tho,38500
S01889,Can Tho Park 1889,Can Tho,51500
S01890,Nha Trang Sports Complex 1890,Nha Trang,16500
S01891,Hue National Stadium 1891,Hue,38000
S01892,Nam Dinh Arena 1892,Nam Dinh,53000
S01893,Nam Dinh Park 1893,Nam Dinh,26500
S01894,Nha Trang Sports Complex 1894,Nha Trang,36500
S01895,Binh Duong Dome 1895,Binh Duong,66000
S01896,Quy Nhon National Stadium 1896,Quy Nhon,40000
S01897,Nam Dinh Sports Complex 1897,Nam Dinh,45500
S01898,Da Nang Arena 1898,Da Nang,57000
S01899,Can Tho Dome 1899,Can Tho,56500
S01900,Nam Dinh Park 1900,Nam Dinh,41500
S01901,Ho Chi Minh City National Stadium 1901,Ho Chi Minh City,25500
S01902,Can Tho Arena 1902,Can Tho,35500
S01903,Can Tho Sports Complex 1903,Can Tho,61500
S01904,Nha Trang Park 1904,Nha Trang,57000
S01905,Hue Sports Complex 1905,Hue,73000
S01906,Quy Nhon Sports Complex 1906,Quy Nhon,64000
S01907,Nam Dinh Park 1907,Nam Dinh,78500
S01908,Quy Nhon Dome 1908,Quy Nhon,26000
S01909,Da Nang National Stadium 1909,Da Nang,23000
S01910,Hai Phong Sports Complex 1910,Hai Phong,76500
S01911,Ho Chi Minh City Arena 1911,Ho Chi Minh City,26000
S01912,Hue National Stadium 1912,Hue,21500
S01913,Ho Chi Minh City Dome 1913,Ho Chi Minh City,51000
S01914,Hanoi National Stadium 1914,Hanoi,65500
S01915,Hue Park 1915,Hue,65000
S01916,Ho Chi Minh City National Stadium 1916,Ho Chi Minh City,32000
S01917,Nam Dinh Arena 1917,Nam Dinh,20500
S01918,Hue Sports Complex 1918,Hue,30000
S01919,Hai Phong Sports Complex 1919,Hai Phong,44000
S01920,Da Nang Arena 1920,Da Nang,49500
S01921,Da Nang National Stadium 1921,Da Nang,17500
S01922,Can Tho Sports Complex 1922,Can Tho,71500
S01923,Quy Nhon Dome 1923,Quy Nhon,79000
S01924,Binh Duong Sports Complex 1924,Binh Duong,51000
S01925,Quy Nhon Arena 1925,Quy Nhon,78500
S01926,Binh Duong Arena 1926,Binh Duong,53500
S01927,Nam Dinh Dome 1927,Nam Dinh,56500
S01928,Nam Dinh Dome 1928,Nam Dinh,49500
S01929,Binh Duong Sports Complex 1929,Binh Duong,74500
S01930,Can Tho Dome 1930,Can Tho,50500
S01931,Hai Phong National Stadium 1931,Hai Phong,44000
S01932,Nha Trang Sports Complex 1932,Nha Trang,42000
S01933,Nha Trang Arena 1933,Nha Trang,35000
S01934,Hanoi National Stadium 1934,Hanoi,49500
S01935,Da Nang Sports Complex 1935,Da Nang,34000
S01936,Quy Nhon Park 1936,Quy Nhon,15500
S01937,Quy Nhon Dome 1937,Quy Nhon,34500
S01938,Hanoi Dome 1938,Hanoi,67500
S01939,Nha Trang Park 1939,Nha Trang,30000
S01940,Hanoi Park 1940,Hanoi,39500
S01941,Hai Phong Dome 1941,Hai Phong,73000
S01942,Binh Duong Dome 1942,Binh Duong,41000
S01943,Hai Phong Arena 1943,Hai Phong,62000
S01944,Hue Dome 1944,Hue,29500
S01945,Nha Trang National Stadium 1945,Nha Trang,42500
S01946,Hai Phong Park 1946,Hai Phong,65000
S01947,Nam Dinh Sports Complex 1947,Nam Dinh,33500
S01948,Binh Duong Sports Complex 1948,Binh Duong,42000
S01949,Hai Phong National Stadium 1949,Hai Phong,27000
S01950,Da Nang Sports Complex 1950,Da Nang,22000
S01951,Quy Nhon Park 1951,Quy Nhon,44500
S01952,Nha Trang Park 1952,Nha Trang,47000
S01953,Hai Phong Sports Complex 1953,Hai Phong,16500
S01954,Da Nang National Stadium 1954,Da Nang,78500
S01955,Binh Duong National Stadium 1955,Binh Duong,27000
S01956,Ho Chi Minh City Sports Complex 1956,Ho Chi Minh City,32500
S01957,Da Nang Dome 1957,Da Nang,62500
S01958,Hanoi Arena 1958,Hanoi,21000
S01959,Da Nang National Stadium 1959,Da Nang,47500
S01960,Hai Phong Sports Complex 1960,Hai Phong,42500
S01961,Nha Trang Dome 1961,Nha Trang,39500
S01962,Quy Nhon National Stadium 1962,Quy Nhon,36500
S01963,Ho Chi Minh City Arena 1963,Ho Chi Minh City,18500
S01964,Nha Trang Dome 1964,Nha Trang,19500
S01965,Binh Duong Dome 1965,Binh Duong,27000
S01966,Hai Phong Sports Complex 1966,Hai Phong,68500
S01967,Hue National Stadium 1967,Hue,23000
S01968,Hai Phong Dome 1968,Hai Phong,65500
S01969,Quy Nhon Arena 1969,Quy Nhon,63500
S01970,Hanoi Arena 1970,Hanoi,45000
S01971,Ho Chi Minh City Park 1971,Ho Chi Minh City,58500
S01972,Hai Phong Dome 1972,Hai Phong,40500
S01973,Nha Trang Sports Complex 1973,Nha Trang,25500
S01974,Hanoi Park 1974,Hanoi,49000
S01975,Ho Chi Minh City Sports Complex 1975,Ho Chi Minh City,46500
S01976,Nha Trang Arena 1976,Nha Trang,38500
S01977,Hanoi Arena 1977,Hanoi,79000
S01978,Ho Chi Minh City Arena 1978,Ho Chi Minh City,56500
S01979,Hue Sports Complex 1979,Hue,16000
S01980,Da Nang Sports Complex 1980,Da Nang,53500
S01981,Ho Chi Minh City Dome 1981,Ho Chi Minh City,66500
S01982,Hai Phong National Stadium 1982,Hai Phong,78500
S01983,Hanoi Park 1983,Hanoi,66500
S01984,Quy Nhon Park 1984,Quy Nhon,25000
S01985,Can Tho National Stadium 1985,Can Tho,31500
S01986,Da Nang Dome 1986,Da Nang,21000
S01987,Nam Dinh Sports Complex 1987,Nam Dinh,76000
S01988,Hanoi National Stadium 1988,Hanoi,38500
S01989,Da Nang Park 1989,Da Nang,67000
S01990,Ho Chi Minh City Arena 1990,Ho Chi Minh City,47000
S01991,Hai Phong Sports Complex 1991,Hai Phong,79500
S01992,Binh Duong Sports Complex 1992,Binh Duong,68000
S01993,Quy Nhon Arena 1993,Quy Nhon,16500
S01994,Hue Sports Complex 1994,Hue,62500
S01995,Da Nang Sports Complex 1995,Da Nang,74000
S01996,Hanoi Dome 1996,Hanoi,61500
S01997,Quy Nhon Park 1997,Quy Nhon,34500
S01998,Binh Duong Dome 1998,Binh Duong,27500
S01999,Nam Dinh Arena 1999,Nam Dinh,50500
S02000,Can Tho Sports Complex 2000,Can Tho,63000
S02001,Quy Nhon Sports Complex 2001,Quy Nhon,72000
S02002,Nam Dinh Park 2002,Nam Dinh,25500
S02003,Ho Chi Minh City Park 2003,Ho Chi Minh City,25000
S02004,Quy Nhon Sports Complex 2004,Quy Nhon,68500
S02005,Nha Trang Park 2005,Nha Trang,39000
S02006,Quy Nhon National Stadium 2006,Quy Nhon,66000
S02007,Binh Duong Dome 2007,Binh Duong,63000
S02008,Da Nang National Stadium 2008,Da Nang,55500
S02009,Can Tho Park 2009,Can Tho,30500
S02010,Can Tho National Stadium 2010,Can Tho,58000
S02011,Binh Duong Dome 2011,Binh Duong,27500
S02012,Binh Duong Dome 2012,Binh Duong,65000
S02013,Binh Duong Arena 2013,Binh Duong,55000
S02014,Nha Trang Sports Complex 2014,Nha Trang,42000
S02015,Can Tho National Stadium 2015,Can Tho,21500
S02016,Binh Duong National Stadium 2016,Binh Duong,18000
S02017,Da Nang Arena 2017,Da Nang,72000
S02018,Hanoi Arena 2018,Hanoi,22000
S02019,Quy Nhon Arena 2019,Quy Nhon,21500
S02020,Hanoi Park 2020,Hanoi,57000
S02021,Hue Dome 2021,Hue,49500
S02022,Nam Dinh Park 2022,Nam Dinh,32000
S02023,Hanoi Sports Complex 2023,Hanoi,29500
S02024,Nam Dinh National Stadium 2024,Nam Dinh,16000
S02025,Hai Phong Dome 2025,Hai Phong,76000
S02026,Ho Chi Minh City Dome 2026,Ho Chi Minh City,67500
S02027,Hanoi Sports Complex 2027,Hanoi,51500
S02028,Hue Sports Complex 2028,Hue,67000
S02029,Hanoi Park 2029,Hanoi,32500
S02030,Binh Duong National Stadium 2030,Binh Duong,63000
S02031,Ho Chi Minh City Sports Complex 2031,Ho Chi Minh City,20000
S02032,Hai Phong Park 2032,Hai Phong,21500
S02033,Ho Chi Minh City Arena 2033,Ho Chi Minh City,50000
S02034,Hue Arena 2034,Hue,27500
S02035,Binh Duong Arena 2035,Binh Duong,52500
S02036,Da Nang Park 2036,Da Nang,64000
S02037,Binh Duong Dome 2037,Binh Duong,64000
S02038,Ho Chi Minh City Park 2038,Ho Chi Minh City,38500
S02039,Quy Nhon Dome 2039,Quy Nhon,73000
S02040,Ho Chi Minh City Arena 2040,Ho Chi Minh City,67000
S02041,Da Nang Park 2041,Da Nang,41500
S02042,Binh Duong Sports Complex 2042,Binh Duong,58000
S02043,Da Nang Park 2043,Da Nang,54500
S02044,Quy Nhon Sports Complex 2044,Quy Nhon,74000
S02045,Can Tho Park 2045,Can Tho,80000
S02046,Can Tho Sports Complex 2046,Can Tho,42000
S02047,Hue Sports Complex 2047,Hue,55000
S02048,Hai Phong Park 2048,Hai Phong,51000
S02049,Hai Phong Dome 2049,Hai Phong,65000
S02050,Binh Duong Sports Complex 2050,Binh Duong,38500
S02051,Quy Nhon Dome 2051,Quy Nhon,78000
S02052,Hue National Stadium 2052,Hue,62500
S02053,Hanoi Sports Complex 2053,Hanoi,54000
S02054,Hanoi Park 2054,Hanoi,24000
S02055,Nha Trang National Stadium 2055,Nha Trang,34500
S02056,Hai Phong Arena 2056,Hai Phong,71000
S02057,Can Tho National Stadium 2057,Can Tho,65500
S02058,Nha Trang Park 2058,Nha Trang,48500
S02059,Binh Duong Park 2059,Binh Duong,75500
S02060,Nam Dinh Arena 2060,Nam Dinh,21000
S02061,Hanoi Dome 2061,Hanoi,38500
S02062,Da Nang Arena 2062,Da Nang,32500
S02063,Can Tho Park 2063,Can Tho,31500
S02064,Hai Phong Sports Complex 2064,Hai Phong,68000
S02065,Nha Trang National Stadium 2065,Nha Trang,52500
S02066,Hue Park 2066,Hue,75000
S02067,Hai Phong National Stadium 2067,Hai Phong,62500
S02068,Can Tho Dome 2068,Can Tho,26500
S02069,Quy Nhon Park 2069,Quy Nhon,68500
S02070,Ho Chi Minh City Park 2070,Ho Chi Minh City,57000
S02071,Nha Trang National Stadium 2071,Nha Trang,63000
S02072,Nam Dinh Dome 2072,Nam Dinh,20000
S02073,Hanoi Sports Complex 2073,Hanoi,38000
S02074,Hue Dome 2074,Hue,76000
S02075,Ho Chi Minh City Arena 2075,Ho Chi Minh City,64000
S02076,Nam Dinh National Stadium 2076,Nam Dinh,56500
S02077,Hue National Stadium 2077,Hue,35000
S02078,Binh Duong National Stadium 2078,Binh Duong,36000
S02079,Binh Duong Park 2079,Binh Duong,25000
S02080,Can Tho Park 2080,Can Tho,60500
S02081,Hai Phong Arena 2081,Hai Phong,18500
S02082,Hue Dome 2082,Hue,64500
S02083,Nam Dinh Park 2083,Nam Dinh,48000
S02084,Ho Chi Minh City Arena 2084,Ho Chi Minh City,43500
S02085,Nha Trang Dome 2085,Nha Trang,24500
S02086,Da Nang Sports Complex 2086,Da Nang,20500
S02087,Quy Nhon Park 2087,Quy Nhon,64000
S02088,Hanoi Park 2088,Hanoi,41000
S02089,Nha Trang National Stadium 2089,Nha Trang,41000
S02090,Binh Duong Dome 2090,Binh Duong,65500
S02091,Da Nang Arena 2091,Da Nang,46500
S02092,Binh Duong Arena 2092,Binh Duong,47000
S02093,Hue Park 2093,Hue,28000
S02094,Binh Duong Park 2094,Binh Duong,63000
S02095,Binh Duong Arena 2095,Binh Duong,31000
S02096,Ho Chi Minh City Sports Complex 2096,Ho Chi Minh City,66000
S02097,Hue Sports Complex 2097,Hue,60000
S02098,Nam Dinh National Stadium 2098,Nam Dinh,22500
S02099,Hue Dome 2099,Hue,39000
S02100,Can Tho Arena 2100,Can Tho,36000
S02101,Can Tho Park 2101,Can Tho,58000
S02102,Hanoi Sports Complex 2102,Hanoi,26000
S02103,Can Tho Park 2103,Can Tho,69000
S02104,Quy Nhon Park 2104,Quy Nhon,24500
S02105,Quy Nhon National Stadium 2105,Quy Nhon,75500
S02106,Hai Phong Arena 2106,Hai Phong,60000
S02107,Can Tho Arena 2107,Can Tho,64500
S02108,Ho Chi Minh City National Stadium 2108,Ho Chi Minh City,63500
S02109,Hanoi Arena 2109,Hanoi,77000
S02110,Nam Dinh Arena 2110,Nam Dinh,72000
S02111,Nha Trang National Stadium 2111,Nha Trang,37500
S02112,Ho Chi Minh City Sports Complex 2112,Ho Chi Minh City,44500
S02113,Quy Nhon National Stadium 2113,Quy Nhon,36500
S02114,Hai Phong Park 2114,Hai Phong,29000
S02115,Hai Phong Park 2115,Hai Phong,49500
S02116,Nha Trang Park 2116,Nha Trang,46500
S02117,Nam Dinh Arena 2117,Nam Dinh,60500
S02118,Hanoi Dome 2118,Hanoi,53000
S02119,Binh Duong National Stadium 2119,Binh Duong,31500
S02120,Da Nang National Stadium 2120,Da Nang,33500
S02121,Hai Phong Park 2121,Hai Phong,33000
S02122,Hanoi Dome 2122,Hanoi,58000
S02123,Hanoi National Stadium 2123,Hanoi,40500
S02124,Nha Trang Sports Complex 2124,Nha Trang,71500
S02125,Ho Chi Minh City National Stadium 2125,Ho Chi Minh City,34000
S02126,Hue Arena 2126,Hue,79000
S02127,Hue Park 2127,Hue,79000
S02128,Ho Chi Minh City Sports Complex 2128,Ho Chi Minh City,47000
S02129,Nam Dinh Park 2129,Nam Dinh,21000
S02130,Da Nang Arena 2130,Da Nang,48000
S02131,Quy Nhon Park 2131,Quy Nhon,75500
S02132,Hanoi National Stadium 2132,Hanoi,31000
S02133,Binh Duong Sports Complex 2133,Binh Duong,37000
S02134,Quy Nhon Dome 2134,Quy Nhon,64000
S02135,Da Nang National Stadium 2135,Da Nang,37500
S02136,Can Tho Sports Complex 2136,Can Tho,56000
S02137,Nha Trang Arena 2137,Nha Trang,79000
S02138,Binh Duong Sports Complex 2138,Binh Duong,68000
S02139,Hanoi Sports Complex 2139,Hanoi,72500
S02140,Hue National Stadium 2140,Hue,77000
S02141,Binh Duong Sports Complex 2141,Binh Duong,30000
S02142,Da Nang Sports Complex 2142,Da Nang,74000
S02143,Hue Arena 2143,Hue,21000
S02144,Hue Park 2144,Hue,78000
S02145,Nam Dinh Arena 2145,Nam Dinh,42500
S02146,Hai Phong Park 2146,Hai Phong,25000
S02147,Hue Sports Complex 2147,Hue,74500
S02148,Nam Dinh Sports Complex 2148,Nam Dinh,44500
S02149,Binh Duong Arena 2149,Binh Duong,28500
S02150,Da Nang Park 2150,Da Nang,50500
S02151,Hai Phong Arena 2151,Hai Phong,35000
S02152,Binh Duong Arena 2152,Binh Duong,43000
S02153,Da Nang Park 2153,Da Nang,75000
S02154,Da Nang Sports Complex 2154,Da Nang,19500
S02155,Binh Duong Park 2155,Binh Duong,77000
S02156,Ho Chi Minh City Arena 2156,Ho Chi Minh City,36000
S02157,Da Nang National Stadium 2157,Da Nang,65000
S02158,Can Tho Dome 2158,Can Tho,78000
S02159,Hue Sports Complex 2159,Hue,44000
S02160,Nha Trang Arena 2160,Nha Trang,66000
S02161,Hai Phong National Stadium 2161,Hai Phong,23500
S02162,Da Nang National Stadium 2162,Da Nang,65000
S02163,Nam Dinh Park 2163,Nam Dinh,32500
S02164,Nam Dinh Park 2164,Nam Dinh,55000
S02165,Hai Phong Park 2165,Hai Phong,30000
S02166,Hai Phong National Stadium 2166,Hai Phong,38500
S02167,Ho Chi Minh City Dome 2167,Ho Chi Minh City,24000
S02168,Binh Duong Park 2168,Binh Duong,45500
S02169,Can Tho Arena 2169,Can Tho,71000
S02170,Hue Dome 2170,Hue,46000
S02171,Da Nang Arena 2171,Da Nang,27500
S02172,Hai Phong National Stadium 2172,Hai Phong,42000
S02173,Hanoi Sports Complex 2173,Hanoi,77500
S02174,Hue Arena 2174,Hue,63500
S02175,Hai Phong Arena 2175,Hai Phong,19500
S02176,Da Nang Dome 2176,Da Nang,72000
S02177,Nam Dinh Dome 2177,Nam Dinh,60000
S02178,Can Tho Dome 2178,Can Tho,73000
S02179,Hai Phong Dome 2179,Hai Phong,41500
S02180,Hanoi Park 2180,Hanoi,63000
S02181,Hue Sports Complex 2181,Hue,41000
S02182,Nam Dinh Park 2182,Nam Dinh,54000
S02183,Binh Duong Park 2183,Binh Duong,57000
S02184,Hanoi Park 2184,Hanoi,22000
S02185,Quy Nhon Dome 2185,Quy Nhon,69000
S02186,Hanoi Arena 2186,Hanoi,49000
S02187,Binh Duong Dome 2187,Binh Duong,79500
S02188,Hanoi Park 2188,Hanoi,40500
S02189,Binh Duong National Stadium 2189,Binh Duong,27500
S02190,Nha Trang Dome 2190,Nha Trang,41000
S02191,Nha Trang Sports Complex 2191,Nha Trang,45000
S02192,Da Nang Dome 2192,Da Nang,34500
S02193,Nam Dinh National Stadium 2193,Nam Dinh,60000
S02194,Binh Duong Arena 2194,Binh Duong,45500
S02195,Quy Nhon National Stadium 2195,Quy Nhon,62500
S02196,Binh Duong National Stadium 2196,Binh Duong,27000
S02197,Nam Dinh Park 2197,Nam Dinh,24000
S02198,Hue Dome 2198,Hue,36000
S02199,Quy Nhon National Stadium 2199,Quy Nhon,26500
S02200,Quy Nhon Park 2200,Quy Nhon,74000
S02201,Hai Phong Dome 2201,Hai Phong,21000
S02202,Nha Trang Sports Complex 2202,Nha Trang,60500
S02203,Da Nang National Stadium 2203,Da Nang,21000
S02204,Ho Chi Minh City Dome 2204,Ho Chi Minh City,56500
S02205,Can Tho National Stadium 2205,Can Tho,49500
S02206,Hue Park 2206,Hue,55000
S02207,Da Nang Dome 2207,Da Nang,51000
S02208,Hue National Stadium 2208,Hue,65500
S02209,Da Nang Sports Complex 2209,Da Nang,52000
S02210,Da Nang Arena 2210,Da Nang,72000
S02211,Da Nang Arena 2211,Da Nang,65500
S02212,Hanoi Dome 2212,Hanoi,35000
S02213,Nha Trang Dome 2213,Nha Trang,34000
S02214,Da Nang National Stadium 2214,Da Nang,74000
S02215,Da Nang Arena 2215,Da Nang,15000
S02216,Nam Dinh Sports Complex 2216,Nam Dinh,16000
S02217,Quy Nhon Dome 2217,Quy Nhon,71000
S02218,Quy Nhon Park 2218,Quy Nhon,68000
S02219,Hanoi Park 2219,Hanoi,73000
S02220,Quy Nhon Arena 2220,Quy Nhon,29000
S02221,Nam Dinh Dome 2221,Nam Dinh,44500
S02222,Hue Dome 2222,Hue,20000
S02223,Nam Dinh Park 2223,Nam Dinh,15500
S02224,Hai Phong Park 2224,Hai Phong,33000
S02225,Nam Dinh Park 2225,Nam Dinh,68500
S02226,Hai Phong National Stadium 2226,Hai Phong,27000
S02227,Da Nang National Stadium 2227,Da Nang,58000
S02228,Can Tho National Stadium 2228,Can Tho,24500
S02229,Hanoi Park 2229,Hanoi,70000
S02230,Nam Dinh Sports Complex 2230,Nam Dinh,36500
S02231,Ho Chi Minh City National Stadium 2231,Ho Chi Minh City,22000
S02232,Hue Arena 2232,Hue,25500
S02233,Nha Trang Park 2233,Nha Trang,58500
S02234,Nam Dinh Park 2234,Nam Dinh,66500
S02235,Binh Duong Arena 2235,Binh Duong,78500
S02236,Quy Nhon Park 2236,Quy Nhon,38500
S02237,Hanoi National Stadium 2237,Hanoi,65500
S02238,Nha Trang Sports Complex 2238,Nha Trang,39000
S02239,Hue National Stadium 2239,Hue,64500
S02240,Hue Park 2240,Hue,19500
S02241,Nha Trang Dome 2241,Nha Trang,24000
S02242,Ho Chi Minh City Sports Complex 2242,Ho Chi Minh City,36500
S02243,Binh Duong Dome 2243,Binh Duong,49500
S02244,Hai Phong Arena 2244,Hai Phong,55000
S02245,Hanoi National Stadium 2245,Hanoi,52500
S02246,Binh Duong National Stadium 2246,Binh Duong,46500
S02247,Nam Dinh Sports Complex 2247,Nam Dinh,43000
S02248,Nam Dinh Sports Complex 2248,Nam Dinh,32000
S02249,Binh Duong Park 2249,Binh Duong,56000
S02250,Can Tho Arena 2250,Can Tho,55500
S02251,Nam Dinh Dome 2251,Nam Dinh,49000
S02252,Quy Nhon Dome 2252,Quy Nhon,68000
S02253,Da Nang Park 2253,Da Nang,30500
S02254,Nha Trang Arena 2254,Nha Trang,15000
S02255,Ho Chi Minh City National Stadium 2255,Ho Chi Minh City,45500
S02256,Ho Chi Minh City Arena 2256,Ho Chi Minh City,67500
S02257,Nam Dinh Dome 2257,Nam Dinh,42000
S02258,Hanoi Sports Complex 2258,Hanoi,38000
S02259,Binh Duong Arena 2259,Binh Duong,15500
S02260,Hai Phong Sports Complex 2260,Hai Phong,31500
S02261,Ho Chi Minh City Sports Complex 2261,Ho Chi Minh City,34500
S02262,Binh Duong Park 2262,Binh Duong,36000
S02263,Hanoi National Stadium 2263,Hanoi,60000
S02264,Can Tho Sports Complex 2264,Can Tho,41000
S02265,Nam Dinh Park 2265,Nam Dinh,78000
S02266,Hanoi Arena 2266,Hanoi,27500
S02267,Can Tho Sports Complex 2267,Can Tho,75500
S02268,Quy Nhon Dome 2268,Quy Nhon,67000
S02269,Hanoi Arena 2269,Hanoi,46500
S02270,Da Nang Dome 2270,Da Nang,73500
S02271,Binh Duong Sports Complex 2271,Binh Duong,45500
S02272,Hue National Stadium 2272,Hue,69500
S02273,Binh Duong Sports Complex 2273,Binh Duong,52000
S02274,Can Tho Park 2274,Can Tho,50000
S02275,Hanoi Arena 2275,Hanoi,53000
S02276,Can Tho Sports Complex 2276,Can Tho,19500
S02277,Da Nang Sports Complex 2277,Da Nang,70000
S02278,Hanoi Sports Complex 2278,Hanoi,79500
S02279,Hue Park 2279,Hue,70000
S02280,Da Nang Park 2280,Da Nang,54500
S02281,Hue Arena 2281,Hue,54000
S02282,Ho Chi Minh City Sports Complex 2282,Ho Chi Minh City,61000
S02283,Can Tho National Stadium 2283,Can Tho,33000
S02284,Hue National Stadium 2284,Hue,47500
S02285,Hai Phong Sports Complex 2285,Hai Phong,44500
S02286,Nha Trang Arena 2286,Nha Trang,49500
S02287,Nha Trang Arena 2287,Nha Trang,22500
S02288,Can Tho National Stadium 2288,Can Tho,66000
S02289,Hai Phong National Stadium 2289,Hai Phong,44000
S02290,Binh Duong National Stadium 2290,Binh Duong,67500
S02291,Quy Nhon Park 2291,Quy Nhon,25000
S02292,Hai Phong Sports Complex 2292,Hai Phong,75500
S02293,Quy Nhon Park 2293,Quy Nhon,35500
S02294,Can Tho Arena 2294,Can Tho,65500
S02295,Ho Chi Minh City Park 2295,Ho Chi Minh City,59500
S02296,Da Nang Arena 2296,Da Nang,62500
S02297,Hanoi Dome 2297,Hanoi,40500
S02298,Binh Duong National Stadium 2298,Binh Duong,15500
S02299,Nha Trang National Stadium 2299,Nha Trang,60000
S02300,Nam Dinh National Stadium 2300,Nam Dinh,37000
S02301,Quy Nhon National Stadium 2301,Quy Nhon,22000
S02302,Binh Duong Sports Complex 2302,Binh Duong,16500
S02303,Nam Dinh Sports Complex 2303,Nam Dinh,57000
S02304,Hai Phong Sports Complex 2304,Hai Phong,28000
S02305,Hai Phong Sports Complex 2305,Hai Phong,33000
S02306,Binh Duong Sports Complex 2306,Binh Duong,65500
S02307,Quy Nhon National Stadium 2307,Quy Nhon,33000
S02308,Da Nang Arena 2308,Da Nang,33000
S02309,Ho Chi Minh City National Stadium 2309,Ho Chi Minh City,78000
S02310,Nam Dinh Park 2310,Nam Dinh,48500
S02311,Ho Chi Minh City Arena 2311,Ho Chi Minh City,50500
S02312,Can Tho Park 2312,Can Tho,36000
S02313,Nha Trang Arena 2313,Nha Trang,77000
S02314,Nha Trang Park 2314,Nha Trang,31000
S02315,Da Nang National Stadium 2315,Da Nang,35500
S02316,Nam Dinh Sports Complex 2316,Nam Dinh,50500
S02317,Quy Nhon National Stadium 2317,Quy Nhon,23500
S02318,Hanoi Dome 2318,Hanoi,74000
S02319,Hanoi National Stadium 2319,Hanoi,40000
S02320,Hanoi National Stadium 2320,Hanoi,43000
S02321,Hue Arena 2321,Hue,61000
S02322,Nam Dinh Park 2322,Nam Dinh,56500
S02323,Quy Nhon Park 2323,Quy Nhon,38500
S02324,Nha Trang Sports Complex 2324,Nha Trang,68500
S02325,Hai Phong Park 2325,Hai Phong,20000
S02326,Quy Nhon Park 2326,Quy Nhon,23500
S02327,Ho Chi Minh City Dome 2327,Ho Chi Minh City,21500
S02328,Quy Nhon Sports Complex 2328,Quy Nhon,60000
S02329,Quy Nhon Dome 2329,Quy Nhon,30000
S02330,Hai Phong Arena 2330,Hai Phong,71500
S02331,Nam Dinh Sports Complex 2331,Nam Dinh,75000
S02332,Can Tho Dome 2332,Can Tho,27000
S02333,Can Tho Sports Complex 2333,Can Tho,44500
S02334,Quy Nhon National Stadium 2334,Quy Nhon,19500
S02335,Quy Nhon National Stadium 2335,Quy Nhon,38000
S02336,Quy Nhon Dome 2336,Quy Nhon,70500
S02337,Da Nang Sports Complex 2337,Da Nang,65500
S02338,Can Tho Park 2338,Can Tho,52500
S02339,Da Nang Park 2339,Da Nang,21500
S02340,Hue National Stadium 2340,Hue,36500
S02341,Binh Duong National Stadium 2341,Binh Duong,67000
S02342,Nha Trang Park 2342,Nha Trang,45000
S02343,Hue Park 2343,Hue,42000
S02344,Hai Phong Park 2344,Hai Phong,31000
S02345,Binh Duong Arena 2345,Binh Duong,79000
S02346,Quy Nhon Dome 2346,Quy Nhon,19500
S02347,Can Tho Arena 2347,Can Tho,68500
S02348,Nam Dinh Dome 2348,Nam Dinh,66500
S02349,Hue Park 2349,Hue,66500
S02350,Can Tho Park 2350,Can Tho,60500
S02351,Hai Phong Arena 2351,Hai Phong,58500
S02352,Ho Chi Minh City Park 2352,Ho Chi Minh City,70000
S02353,Quy Nhon National Stadium 2353,Quy Nhon,54000
S02354,Nam Dinh Dome 2354,Nam Dinh,36500
S02355,Binh Duong National Stadium 2355,Binh Duong,69000
S02356,Quy Nhon Arena 2356,Quy Nhon,35000
S02357,Hue National Stadium 2357,Hue,54000
S02358,Ho Chi Minh City Park 2358,Ho Chi Minh City,65500
S02359,Hue Sports Complex 2359,Hue,47500
S02360,Hanoi National Stadium 2360,Hanoi,29500
S02361,Da Nang Park 2361,Da Nang,74000
S02362,Hanoi Arena 2362,Hanoi,58500
S02363,Da Nang Dome 2363,Da Nang,50000
S02364,Nha Trang Dome 2364,Nha Trang,55500
S02365,Nam Dinh Dome 2365,Nam Dinh,28000
S02366,Hai Phong Sports Complex 2366,Hai Phong,34500
S02367,Nam Dinh Sports Complex 2367,Nam Dinh,75000
S02368,Hue Sports Complex 2368,Hue,80000
S02369,Ho Chi Minh City Park 2369,Ho Chi Minh City,15500
S02370,Nam Dinh Park 2370,Nam Dinh,41500
S02371,Da Nang Sports Complex 2371,Da Nang,19000
S02372,Can Tho Park 2372,Can Tho,78500
S02373,Hanoi National Stadium 2373,Hanoi,61000
S02374,Binh Duong Sports Complex 2374,Binh Duong,22000
S02375,Nha Trang National Stadium 2375,Nha Trang,30500
S02376,Hue Park 2376,Hue,41000
S02377,Can Tho Dome 2377,Can Tho,41500
S02378,Hue Dome 2378,Hue,50500
S02379,Hai Phong Arena 2379,Hai Phong,46000
S02380,Da Nang Arena 2380,Da Nang,51500
S02381,Hue Sports Complex 2381,Hue,70000
S02382,Hue Arena 2382,Hue,34000
S02383,Da Nang Arena 2383,Da Nang,16000
S02384,Ho Chi Minh City National Stadium 2384,Ho Chi Minh City,24500
S02385,Quy Nhon Dome 2385,Quy Nhon,79000
S02386,Da Nang National Stadium 2386,Da Nang,24000
S02387,Hue Dome 2387,Hue,73500
S02388,Nam Dinh Dome 2388,Nam Dinh,56000
S02389,Da Nang Dome 2389,Da Nang,48500
S02390,Hue Park 2390,Hue,68500
S02391,Quy Nhon Dome 2391,Quy Nhon,38500
S02392,Hai Phong Arena 2392,Hai Phong,43000
S02393,Nam Dinh National Stadium 2393,Nam Dinh,53000
S02394,Quy Nhon Arena 2394,Quy Nhon,61500
S02395,Binh Duong Sports Complex 2395,Binh Duong,42000
S02396,Binh Duong Park 2396,Binh Duong,39000
S02397,Hanoi National Stadium 2397,Hanoi,52000
S02398,Quy Nhon Sports Complex 2398,Quy Nhon,22500
S02399,Nam Dinh Dome 2399,Nam Dinh,78000
S02400,Ho Chi Minh City Arena 2400,Ho Chi Minh City,63000
S02401,Binh Duong Sports Complex 2401,Binh Duong,45500
S02402,Binh Duong National Stadium 2402,Binh Duong,49500
S02403,Nam Dinh National Stadium 2403,Nam Dinh,31000
S02404,Quy Nhon National Stadium 2404,Quy Nhon,60000
S02405,Binh Duong Park 2405,Binh Duong,35500
S02406,Nam Dinh National Stadium 2406,Nam Dinh,74000
S02407,Can Tho Park 2407,Can Tho,66000
S02408,Hanoi Dome 2408,Hanoi,45000
S02409,Binh Duong Dome 2409,Binh Duong,52500
S02410,Can Tho Dome 2410,Can Tho,38000
S02411,Nha Trang Sports Complex 2411,Nha Trang,26000
S02412,Hanoi Park 2412,Hanoi,64000
S02413,Nha Trang Park 2413,Nha Trang,32000
S02414,Hanoi Dome 2414,Hanoi,53000
S02415,Da Nang Park 2415,Da Nang,18500
S02416,Nha Trang Park 2416,Nha Trang,17000
S02417,Nha Trang Dome 2417,Nha Trang,20500
S02418,Da Nang Park 2418,Da Nang,20000
S02419,Nha Trang Sports Complex 2419,Nha Trang,23500
S02420,Nam Dinh Sports Complex 2420,Nam Dinh,33000
S02421,Nha Trang National Stadium 2421,Nha Trang,63500
S02422,Ho Chi Minh City Park 2422,Ho Chi Minh City,26500
S02423,Nam Dinh Arena 2423,Nam Dinh,58000
S02424,Quy Nhon Sports Complex 2424,Quy Nhon,68000
S02425,Da Nang Sports Complex 2425,Da Nang,66500
S02426,Hai Phong Dome 2426,Hai Phong,27000
S02427,Binh Duong National Stadium 2427,Binh Duong,37500
S02428,Ho Chi Minh City Arena 2428,Ho Chi Minh City,54000
S02429,Da Nang Dome 2429,Da Nang,64500
S02430,Hue Dome 2430,Hue,30500
S02431,Quy Nhon Arena 2431,Quy Nhon,29000
S02432,Nam Dinh Sports Complex 2432,Nam Dinh,18500
S02433,Nha Trang National Stadium 2433,Nha Trang,18500
S02434,Da Nang Dome 2434,Da Nang,41000
S02435,Quy Nhon Sports Complex 2435,Quy Nhon,46000
S02436,Binh Duong Arena 2436,Binh Duong,40000
S02437,Hue Dome 2437,Hue,32000
S02438,Da Nang Park 2438,Da Nang,72000
S02439,Hue National Stadium 2439,Hue,34000
S02440,Quy Nhon Dome 2440,Quy Nhon,59500
S02441,Can Tho Park 2441,Can Tho,60000
S02442,Hanoi National Stadium 2442,Hanoi,75000
S02443,Binh Duong Sports Complex 2443,Binh Duong,77500
S02444,Hue Park 2444,Hue,75000
S02445,Nha Trang Sports Complex 2445,Nha Trang,32500
S02446,Nha Trang National Stadium 2446,Nha Trang,31500
S02447,Nam Dinh Dome 2447,Nam Dinh,45000
S02448,Hai Phong Park 2448,Hai Phong,65500
S02449,Hai Phong Park 2449,Hai Phong,37000
S02450,Da Nang Sports Complex 2450,Da Nang,51000
S02451,Hanoi National Stadium 2451,Hanoi,69500
S02452,Ho Chi Minh City National Stadium 2452,Ho Chi Minh City,42000
S02453,Ho Chi Minh City Park 2453,Ho Chi Minh City,22000
S02454,Quy Nhon Sports Complex 2454,Quy Nhon,29500
S02455,Nha Trang Sports Complex 2455,Nha Trang,27500
S02456,Hanoi National Stadium 2456,Hanoi,55500
S02457,Ho Chi Minh City National Stadium 2457,Ho Chi Minh City,76500
S02458,Nam Dinh Arena 2458,Nam Dinh,77500
S02459,Nam Dinh National Stadium 2459,Nam Dinh,61500
S02460,Ho Chi Minh City National Stadium 2460,Ho Chi Minh City,71000
S02461,Nam Dinh Arena 2461,Nam Dinh,39500
S02462,Nam Dinh Arena 2462,Nam Dinh,73500
S02463,Ho Chi Minh City Arena 2463,Ho Chi Minh City,31500
S02464,Nha Trang Dome 2464,Nha Trang,58500
S02465,Ho Chi Minh City Dome 2465,Ho Chi Minh City,75500
S02466,Nha Trang Dome 2466,Nha Trang,60500
S02467,Can Tho Sports Complex 2467,Can Tho,25500
S02468,Ho Chi Minh City Sports Complex 2468,Ho Chi Minh City,66000
S02469,Hanoi Dome 2469,Hanoi,40500
S02470,Can Tho National Stadium 2470,Can Tho,32000
S02471,Nha Trang Arena 2471,Nha Trang,44000
S02472,Ho Chi Minh City Dome 2472,Ho Chi Minh City,79000
S02473,Hai Phong Park 2473,Hai Phong,40500
S02474,Da Nang Dome 2474,Da Nang,22000
S02475,Da Nang Park 2475,Da Nang,65500
S02476,Hue Arena 2476,Hue,55000
S02477,Ho Chi Minh City Dome 2477,Ho Chi Minh City,62000
S02478,Nha Trang National Stadium 2478,Nha Trang,17500
S02479,Ho Chi Minh City National Stadium 2479,Ho Chi Minh City,52500
S02480,Nha Trang Dome 2480,Nha Trang,16000
S02481,Quy Nhon Arena 2481,Quy Nhon,58000
S02482,Hanoi National Stadium 2482,Hanoi,58500
S02483,Hue Sports Complex 2483,Hue,25000
S02484,Can Tho Dome 2484,Can Tho,52500
S02485,Hanoi Park 2485,Hanoi,61500
S02486,Quy Nhon Dome 2486,Quy Nhon,43500
S02487,Hue National Stadium 2487,Hue,50500
S02488,Hai Phong National Stadium 2488,Hai Phong,40000
S02489,Quy Nhon National Stadium 2489,Quy Nhon,52000
S02490,Binh Duong Sports Complex 2490,Binh Duong,37000
S02491,Nha Trang Dome 2491,Nha Trang,18500
S02492,Ho Chi Minh City Sports Complex 2492,Ho Chi Minh City,50000
S02493,Can Tho National Stadium 2493,Can Tho,70000
S02494,Quy Nhon Sports Complex 2494,Quy Nhon,57500
S02495,Hai Phong Arena 2495,Hai Phong,51500
S02496,Hanoi Dome 2496,Hanoi,58500
S02497,Hai Phong Sports Complex 2497,Hai Phong,60500
S02498,Hue National Stadium 2498,Hue,56500
S02499,Can Tho Dome 2499,Can Tho,20500
S02500,Quy Nhon Arena 2500,Quy Nhon,24000
S02501,Hanoi Arena 2501,Hanoi,16500
S02502,Nam Dinh Arena 2502,Nam Dinh,47000
S02503,Hue National Stadium 2503,Hue,67000
S02504,Binh Duong Sports Complex 2504,Binh Duong,47500
S02505,Binh Duong Dome 2505,Binh Duong,78500
S02506,Hanoi National Stadium 2506,Hanoi,37000
S02507,Hanoi Sports Complex 2507,Hanoi,66500
S02508,Hanoi Dome 2508,Hanoi,22500
S02509,Hai Phong Park 2509,Hai Phong,45000
S02510,Binh Duong Arena 2510,Binh Duong,63500
S02511,Nam Dinh Arena 2511,Nam Dinh,75500
S02512,Ho Chi Minh City National Stadium 2512,Ho Chi Minh City,63000
S02513,Da Nang Dome 2513,Da Nang,58000
S02514,Hanoi Dome 2514,Hanoi,74500
S02515,Nam Dinh National Stadium 2515,Nam Dinh,31000
S02516,Da Nang National Stadium 2516,Da Nang,26500
S02517,Hanoi Sports Complex 2517,Hanoi,69000
S02518,Ho Chi Minh City Dome 2518,Ho Chi Minh City,55000
S02519,Da Nang Park 2519,Da Nang,19000
S02520,Ho Chi Minh City National Stadium 2520,Ho Chi Minh City,47500
S02521,Nam Dinh Park 2521,Nam Dinh,29500
S02522,Ho Chi Minh City Arena 2522,Ho Chi Minh City,43000
S02523,Can Tho Dome 2523,Can Tho,36000
S02524,Ho Chi Minh City Park 2524,Ho Chi Minh City,51000
S02525,Da Nang Sports Complex 2525,Da Nang,70000
S02526,Hai Phong National Stadium 2526,Hai Phong,54000
S02527,Da Nang Sports Complex 2527,Da Nang,19000
S02528,Ho Chi Minh City Sports Complex 2528,Ho Chi Minh City,24500
S02529,Hue Arena 2529,Hue,60500
S02530,Can Tho Park 2530,Can Tho,26000
S02531,Quy Nhon Arena 2531,Quy Nhon,75500
S02532,Nam Dinh National Stadium 2532,Nam Dinh,23500
S02533,Ho Chi Minh City Park 2533,Ho Chi Minh City,39500
S02534,Da Nang National Stadium 2534,Da Nang,72500
S02535,Quy Nhon National Stadium 2535,Quy Nhon,15500
S02536,Hanoi Arena 2536,Hanoi,75500
S02537,Ho Chi Minh City Park 2537,Ho Chi Minh City,73000
S02538,Nha Trang Dome 2538,Nha Trang,60500
S02539,Quy Nhon Arena 2539,Quy Nhon,28500
S02540,Da Nang Sports Complex 2540,Da Nang,49500
S02541,Quy Nhon Dome 2541,Quy Nhon,30500
S02542,Da Nang Park 2542,Da Nang,60500
S02543,Hanoi Park 2543,Hanoi,27000
S02544,Quy Nhon Park 2544,Quy Nhon,77500
S02545,Ho Chi Minh City Sports Complex 2545,Ho Chi Minh City,38000
S02546,Hue National Stadium 2546,Hue,51500
S02547,Hai Phong Arena 2547,Hai Phong,22500
S02548,Binh Duong National Stadium 2548,Binh Duong,55500
S02549,Can Tho Park 2549,Can Tho,48500
S02550,Hai Phong Dome 2550,Hai Phong,65500
S02551,Hai Phong Sports Complex 2551,Hai Phong,18500
S02552,Hai Phong National Stadium 2552,Hai Phong,67000
S02553,Da Nang Dome 2553,Da Nang,47500
S02554,Da Nang Arena 2554,Da Nang,59000
S02555,Hanoi National Stadium 2555,Hanoi,57500
S02556,Can Tho Sports Complex 2556,Can Tho,28500
S02557,Hue Sports Complex 2557,Hue,37000
S02558,Nam Dinh Dome 2558,Nam Dinh,18000
S02559,Ho Chi Minh City National Stadium 2559,Ho Chi Minh City,75500
S02560,Binh Duong Arena 2560,Binh Duong,25500
S02561,Hanoi Dome 2561,Hanoi,48500
S02562,Ho Chi Minh City National Stadium 2562,Ho Chi Minh City,73500
S02563,Hai Phong Dome 2563,Hai Phong,54000
S02564,Nam Dinh Sports Complex 2564,Nam Dinh,42500
S02565,Hai Phong Sports Complex 2565,Hai Phong,30000
S02566,Ho Chi Minh City Sports Complex 2566,Ho Chi Minh City,30000
S02567,Ho Chi Minh City Arena 2567,Ho Chi Minh City,63500
S02568,Hue Arena 2568,Hue,39500
S02569,Hai Phong National Stadium 2569,Hai Phong,46000
S02570,Nam Dinh Dome 2570,Nam Dinh,18500
S02571,Hue Arena 2571,Hue,29000
S02572,Nam Dinh Dome 2572,Nam Dinh,26500
S02573,Hue Sports Complex 2573,Hue,24000
S02574,Quy Nhon Arena 2574,Quy Nhon,56500
S02575,Can Tho Sports Complex 2575,Can Tho,28500
S02576,Can Tho Arena 2576,Can Tho,17000
S02577,Nam Dinh National Stadium 2577,Nam Dinh,33500
S02578,Da Nang National Stadium 2578,Da Nang,71000
S02579,Quy Nhon Dome 2579,Quy Nhon,42500
S02580,Da Nang Sports Complex 2580,Da Nang,29500
S02581,Nha Trang Park 2581,Nha Trang,25500
S02582,Nam Dinh Arena 2582,Nam Dinh,53000
S02583,Binh Duong Arena 2583,Binh Duong,20500
S02584,Hue Park 2584,Hue,47000
S02585,Hai Phong Park 2585,Hai Phong,46000
S02586,Quy Nhon Sports Complex 2586,Quy Nhon,16000
S02587,Hue Arena 2587,Hue,31000
S02588,Can Tho Dome 2588,Can Tho,53000
S02589,Hai Phong Park 2589,Hai Phong,77000
S02590,Da Nang Park 2590,Da Nang,74000
S02591,Hanoi Dome 2591,Hanoi,79000
S02592,Hanoi National Stadium 2592,Hanoi,80000
S02593,Quy Nhon Park 2593,Quy Nhon,17000
S02594,Hue Park 2594,Hue,41000
S02595,Quy Nhon National Stadium 2595,Quy Nhon,44500
S02596,Quy Nhon Arena 2596,Quy Nhon,20500
S02597,Binh Duong National Stadium 2597,Binh Duong,60500
S02598,Hue Arena 2598,Hue,23500
S02599,Can Tho Sports Complex 2599,Can Tho,30500
S02600,Ho Chi Minh City National Stadium 2600,Ho Chi Minh City,46500
S02601,Nha Trang Arena 2601,Nha Trang,61000
S02602,Quy Nhon Park 2602,Quy Nhon,64000
S02603,Nam Dinh National Stadium 2603,Nam Dinh,79000
S02604,Quy Nhon Dome 2604,Quy Nhon,65500
S02605,Da Nang Dome 2605,Da Nang,27000
S02606,Can Tho Dome 2606,Can Tho,61000
S02607,Hanoi National Stadium 2607,Hanoi,40000
S02608,Can Tho Park 2608,Can Tho,17000
S02609,Nha Trang Dome 2609,Nha Trang,64500
S02610,Nha Trang Park 2610,Nha Trang,50500
S02611,Nam Dinh Arena 2611,Nam Dinh,66500
S02612,Ho Chi Minh City Park 2612,Ho Chi Minh City,72500
S02613,Can Tho National Stadium 2613,Can Tho,48500
S02614,Can Tho National Stadium 2614,Can Tho,22500
S02615,Hue Sports Complex 2615,Hue,45500
S02616,Nam Dinh National Stadium 2616,Nam Dinh,39000
S02617,Can Tho Arena 2617,Can Tho,57500
S02618,Binh Duong National Stadium 2618,Binh Duong,51500
S02619,Hai Phong Arena 2619,Hai Phong,79500
S02620,Can Tho Arena 2620,Can Tho,50500
S02621,Ho Chi Minh City Dome 2621,Ho Chi Minh City,63500
S02622,Nam Dinh Arena 2622,Nam Dinh,64500
S02623,Hai Phong Sports Complex 2623,Hai Phong,38000
S02624,Nha Trang Park 2624,Nha Trang,59500
S02625,Hue Sports Complex 2625,Hue,18500
S02626,Ho Chi Minh City Sports Complex 2626,Ho Chi Minh City,37500
S02627,Quy Nhon Dome 2627,Quy Nhon,48000
S02628,Binh Duong National Stadium 2628,Binh Duong,46000
S02629,Binh Duong Park 2629,Binh Duong,74000
S02630,Nha Trang Dome 2630,Nha Trang,55500
S02631,Can Tho National Stadium 2631,Can Tho,27500
S02632,Quy Nhon National Stadium 2632,Quy Nhon,20500
S02633,Hue Arena 2633,Hue,34000
S02634,Ho Chi Minh City National Stadium 2634,Ho Chi Minh City,26000
S02635,Nha Trang National Stadium 2635,Nha Trang,60500
S02636,Da Nang Dome 2636,Da Nang,25000
S02637,Hai Phong Park 2637,Hai Phong,77500
S02638,Hanoi Sports Complex 2638,Hanoi,42500
S02639,Binh Duong Arena 2639,Binh Duong,46000
S02640,Can Tho Dome 2640,Can Tho,44000
S02641,Hanoi Sports Complex 2641,Hanoi,27500
S02642,Ho Chi Minh City National Stadium 2642,Ho Chi Minh City,72000
S02643,Hai Phong Park 2643,Hai Phong,57000
S02644,Can Tho Dome 2644,Can Tho,53000
S02645,Can Tho Sports Complex 2645,Can Tho,47000
S02646,Nam Dinh Park 2646,Nam Dinh,70000
S02647,Binh Duong Dome 2647,Binh Duong,45000
S02648,Nha Trang Park 2648,Nha Trang,23500
S02649,Nha Trang Arena 2649,Nha Trang,66500
S02650,Nha Trang Arena 2650,Nha Trang,46500
S02651,Can Tho Sports Complex 2651,Can Tho,65500
S02652,Hanoi Arena 2652,Hanoi,38000
S02653,Nha Trang Dome 2653,Nha Trang,77500
S02654,Da Nang Park 2654,Da Nang,75500
S02655,Da Nang Park 2655,Da Nang,33500
S02656,Da Nang Arena 2656,Da Nang,70000
S02657,Da Nang Arena 2657,Da Nang,30500
S02658,Ho Chi Minh City National Stadium 2658,Ho Chi Minh City,36000
S02659,Nam Dinh Arena 2659,Nam Dinh,44000
S02660,Nha Trang Sports Complex 2660,Nha Trang,27000
S02661,Hai Phong Park 2661,Hai Phong,61500
S02662,Hanoi Sports Complex 2662,Hanoi,79000
S02663,Can Tho Arena 2663,Can Tho,39500
S02664,Quy Nhon Park 2664,Quy Nhon,79000
S02665,Da Nang Park 2665,Da Nang,35000
S02666,Ho Chi Minh City National Stadium 2666,Ho Chi Minh City,41500
S02667,Quy Nhon Arena 2667,Quy Nhon,77000
S02668,Quy Nhon Sports Complex 2668,Quy Nhon,25000
S02669,Hanoi Park 2669,Hanoi,79000
S02670,Binh Duong Sports Complex 2670,Binh Duong,57500
S02671,Nha Trang Dome 2671,Nha Trang,73500
S02672,Nha Trang Park 2672,Nha Trang,58500
S02673,Da Nang Park 2673,Da Nang,62500
S02674,Quy Nhon Sports Complex 2674,Quy Nhon,60000
S02675,Ho Chi Minh City Dome 2675,Ho Chi Minh City,74000
S02676,Hanoi Arena 2676,Hanoi,59500
S02677,Binh Duong National Stadium 2677,Binh Duong,35000
S02678,Hanoi Dome 2678,Hanoi,55500
S02679,Hai Phong Dome 2679,Hai Phong,38500
S02680,Ho Chi Minh City Sports Complex 2680,Ho Chi Minh City,18500
S02681,Nam Dinh Arena 2681,Nam Dinh,53000
S02682,Binh Duong Arena 2682,Binh Duong,66000
S02683,Nha Trang Arena 2683,Nha Trang,16500
S02684,Ho Chi Minh City Park 2684,Ho Chi Minh City,70500
S02685,Quy Nhon National Stadium 2685,Quy Nhon,79000
S02686,Binh Duong Dome 2686,Binh Duong,27500
S02687,Quy Nhon Sports Complex 2687,Quy Nhon,54500
S02688,Nam Dinh Park 2688,Nam Dinh,77000
S02689,Hanoi Sports Complex 2689,Hanoi,41000
S02690,Da Nang Dome 2690,Da Nang,39000
S02691,Hue Sports Complex 2691,Hue,16000
S02692,Nha Trang Sports Complex 2692,Nha Trang,38000
S02693,Nha Trang Dome 2693,Nha Trang,72500
S02694,Binh Duong National Stadium 2694,Binh Duong,29000
S02695,Quy Nhon Dome 2695,Quy Nhon,67500
S02696,Quy Nhon Sports Complex 2696,Quy Nhon,25500
S02697,Hue Dome 2697,Hue,24000
S02698,Nam Dinh Park 2698,Nam Dinh,20500
S02699,Da Nang Arena 2699,Da Nang,35000
S02700,Quy Nhon Park 2700,Quy Nhon,79500
S02701,Can Tho National Stadium 2701,Can Tho,76000
S02702,Nam Dinh Dome 2702,Nam Dinh,21000
S02703,Hanoi Dome 2703,Hanoi,57000
S02704,Nha Trang Dome 2704,Nha Trang,26500
S02705,Binh Duong Dome 2705,Binh Duong,61500
S02706,Nam Dinh Arena 2706,Nam Dinh,28000
S02707,Da Nang Dome 2707,Da Nang,34000
S02708,Binh Duong Dome 2708,Binh Duong,18000
S02709,Nha Trang Park 2709,Nha Trang,35000
S02710,Quy Nhon Park 2710,Quy Nhon,63500
S02711,Quy Nhon Arena 2711,Quy Nhon,17000
S02712,Hanoi Arena 2712,Hanoi,32000
S02713,Nha Trang Dome 2713,Nha Trang,23000
S02714,Nha Trang Dome 2714,Nha Trang,27000
S02715,Quy Nhon Arena 2715,Quy Nhon,17000
S02716,Ho Chi Minh City Sports Complex 2716,Ho Chi Minh City,47500
S02717,Ho Chi Minh City Park 2717,Ho Chi Minh City,64000
S02718,Can Tho Park 2718,Can Tho,46500
S02719,Nam Dinh Dome 2719,Nam Dinh,72000
S02720,Nha Trang Dome 2720,Nha Trang,79000
S02721,Ho Chi Minh City Sports Complex 2721,Ho Chi Minh City,48500
S02722,Nam Dinh National Stadium 2722,Nam Dinh,70500
S02723,Nha Trang Arena 2723,Nha Trang,53000
S02724,Hanoi Arena 2724,Hanoi,36000
S02725,Quy Nhon Arena 2725,Quy Nhon,38500
S02726,Da Nang National Stadium 2726,Da Nang,33000
S02727,Can Tho Dome 2727,Can Tho,56500
S02728,Can Tho National Stadium 2728,Can Tho,34000
S02729,Nha Trang Park 2729,Nha Trang,57000
S02730,Ho Chi Minh City Park 2730,Ho Chi Minh City,27500
S02731,Da Nang National Stadium 2731,Da Nang,54000
S02732,Da Nang Park 2732,Da Nang,36000
S02733,Can Tho Sports Complex 2733,Can Tho,33000
S02734,Can Tho National Stadium 2734,Can Tho,50000
S02735,Nam Dinh Sports Complex 2735,Nam Dinh,69000
S02736,Da Nang National Stadium 2736,Da Nang,24000
S02737,Binh Duong Sports Complex 2737,Binh Duong,39500
S02738,Quy Nhon Dome 2738,Quy Nhon,37500
S02739,Da Nang National Stadium 2739,Da Nang,29500
S02740,Da Nang Park 2740,Da Nang,29500
S02741,Hai Phong Park 2741,Hai Phong,55000
S02742,Binh Duong Park 2742,Binh Duong,61500
S02743,Binh Duong National Stadium 2743,Binh Duong,42500
S02744,Quy Nhon National Stadium 2744,Quy Nhon,22500
S02745,Da Nang National Stadium 2745,Da Nang,46500
S02746,Can Tho Sports Complex 2746,Can Tho,60500
S02747,Can Tho Arena 2747,Can Tho,68500
S02748,Quy Nhon Park 2748,Quy Nhon,49500
S02749,Can Tho Arena 2749,Can Tho,61500
S02750,Nha Trang National Stadium 2750,Nha Trang,64000
S02751,Ho Chi Minh City Arena 2751,Ho Chi Minh City,23500
S02752,Da Nang Arena 2752,Da Nang,35000
S02753,Da Nang Arena 2753,Da Nang,23500
S02754,Ho Chi Minh City Dome 2754,Ho Chi Minh City,60500
S02755,Ho Chi Minh City National Stadium 2755,Ho Chi Minh City,16000
S02756,Quy Nhon Dome 2756,Quy Nhon,18000
S02757,Hai Phong National Stadium 2757,Hai Phong,17000
S02758,Binh Duong Park 2758,Binh Duong,19000
S02759,Quy Nhon National Stadium 2759,Quy Nhon,74500
S02760,Nha Trang National Stadium 2760,Nha Trang,19500
S02761,Nha Trang National Stadium 2761,Nha Trang,64500
S02762,Ho Chi Minh City National Stadium 2762,Ho Chi Minh City,75500
S02763,Nam Dinh Arena 2763,Nam Dinh,53500
S02764,Hai Phong Arena 2764,Hai Phong,59000
S02765,Can Tho National Stadium 2765,Can Tho,21000
S02766,Da Nang Sports Complex 2766,Da Nang,77000
S02767,Nam Dinh Sports Complex 2767,Nam Dinh,38000
S02768,Da Nang Park 2768,Da Nang,66000
S02769,Nam Dinh Arena 2769,Nam Dinh,48000
S02770,Nam Dinh National Stadium 2770,Nam Dinh,21500
S02771,Nam Dinh National Stadium 2771,Nam Dinh,49500
S02772,Hai Phong Arena 2772,Hai Phong,78000
S02773,Nha Trang Arena 2773,Nha Trang,74000
S02774,Binh Duong National Stadium 2774,Binh Duong,79000
S02775,Ho Chi Minh City Arena 2775,Ho Chi Minh City,75500
S02776,Binh Duong Dome 2776,Binh Duong,39000
S02777,Nam Dinh Arena 2777,Nam Dinh,44000
S02778,Ho Chi Minh City Arena 2778,Ho Chi Minh City,69500
S02779,Can Tho Dome 2779,Can Tho,43000
S02780,Hai Phong Park 2780,Hai Phong,30000
S02781,Hue National Stadium 2781,Hue,65000
S02782,Can Tho National Stadium 2782,Can Tho,45500
S02783,Ho Chi Minh City Park 2783,Ho Chi Minh City,24000
S02784,Quy Nhon Sports Complex 2784,Quy Nhon,61000
S02785,Nha Trang Park 2785,Nha Trang,62500
S02786,Hanoi National Stadium 2786,Hanoi,36500
S02787,Quy Nhon National Stadium 2787,Quy Nhon,40000
S02788,Nha Trang Dome 2788,Nha Trang,54500
S02789,Nha Trang Dome 2789,Nha Trang,30000
S02790,Binh Duong Dome 2790,Binh Duong,34000
S02791,Hue Arena 2791,Hue,71000
S02792,Ho Chi Minh City Dome 2792,Ho Chi Minh City,76500
S02793,Can Tho Arena 2793,Can Tho,16000
S02794,Quy Nhon National Stadium 2794,Quy Nhon,41000
S02795,Quy Nhon Park 2795,Quy Nhon,58000
S02796,Ho Chi Minh City National Stadium 2796,Ho Chi Minh City,24500
S02797,Hue Dome 2797,Hue,60500
S02798,Nam Dinh National Stadium 2798,Nam Dinh,63500
S02799,Da Nang National Stadium 2799,Da Nang,39000
S02800,Hai Phong Sports Complex 2800,Hai Phong,28000
S02801,Nam Dinh Dome 2801,Nam Dinh,23000
S02802,Hai Phong Dome 2802,Hai Phong,62500
S02803,Quy Nhon Sports Complex 2803,Quy Nhon,65000
S02804,Nam Dinh Park 2804,Nam Dinh,33000
S02805,Hue Sports Complex 2805,Hue,46000
S02806,Nam Dinh Dome 2806,Nam Dinh,79500
S02807,Quy Nhon Park 2807,Quy Nhon,33500
S02808,Da Nang Dome 2808,Da Nang,22000
S02809,Ho Chi Minh City Sports Complex 2809,Ho Chi Minh City,47000
S02810,Quy Nhon Arena 2810,Quy Nhon,56000
S02811,Da Nang National Stadium 2811,Da Nang,21500
S02812,Hanoi National Stadium 2812,Hanoi,47500
S02813,Hanoi Arena 2813,Hanoi,40000
S02814,Nam Dinh Sports Complex 2814,Nam Dinh,25000
S02815,Nha Trang Park 2815,Nha Trang,56000
S02816,Ho Chi Minh City National Stadium 2816,Ho Chi Minh City,58500
S02817,Binh Duong Dome 2817,Binh Duong,67000
S02818,Quy Nhon Arena 2818,Quy Nhon,34000
S02819,Quy Nhon Dome 2819,Quy Nhon,48000
S02820,Nha Trang Park 2820,Nha Trang,37500
S02821,Binh Duong Park 2821,Binh Duong,16000
S02822,Hanoi Dome 2822,Hanoi,72500
S02823,Ho Chi Minh City Dome 2823,Ho Chi Minh City,44500
S02824,Can Tho Dome 2824,Can Tho,44000
S02825,Quy Nhon National Stadium 2825,Quy Nhon,17000
S02826,Da Nang Park 2826,Da Nang,58000
S02827,Nha Trang Arena 2827,Nha Trang,47000
S02828,Hue Arena 2828,Hue,35500
S02829,Hue Dome 2829,Hue,65000
S02830,Ho Chi Minh City Park 2830,Ho Chi Minh City,59000
S02831,Quy Nhon Park 2831,Quy Nhon,60000
S02832,Binh Duong Park 2832,Binh Duong,46000
S02833,Quy Nhon Park 2833,Quy Nhon,71000
S02834,Da Nang Park 2834,Da Nang,18500
S02835,Hue Sports Complex 2835,Hue,47500
S02836,Nam Dinh Dome 2836,Nam Dinh,55500
S02837,Can Tho Sports Complex 2837,Can Tho,36000
S02838,Hanoi National Stadium 2838,Hanoi,53500
S02839,Hanoi Arena 2839,Hanoi,70000
S02840,Can Tho Sports Complex 2840,Can Tho,68000
S02841,Nam Dinh National Stadium 2841,Nam Dinh,65000
S02842,Can Tho Dome 2842,Can Tho,21500
S02843,Hue Sports Complex 2843,Hue,38500
S02844,Hue Sports Complex 2844,Hue,18500
S02845,Hai Phong Arena 2845,Hai Phong,30500
S02846,Nha Trang Park 2846,Nha Trang,20500
S02847,Ho Chi Minh City Sports Complex 2847,Ho Chi Minh City,22500
S02848,Can Tho Arena 2848,Can Tho,16500
S02849,Binh Duong Sports Complex 2849,Binh Duong,17500
S02850,Quy Nhon Dome 2850,Quy Nhon,52000
S02851,Binh Duong Dome 2851,Binh Duong,32500
S02852,Hanoi Dome 2852,Hanoi,53500
S02853,Hanoi Sports Complex 2853,Hanoi,40000
S02854,Nam Dinh Dome 2854,Nam Dinh,36000
S02855,Nam Dinh National Stadium 2855,Nam Dinh,68000
S02856,Quy Nhon National Stadium 2856,Quy Nhon,60500
S02857,Hai Phong Sports Complex 2857,Hai Phong,47500
S02858,Binh Duong Sports Complex 2858,Binh Duong,26000
S02859,Nam Dinh Sports Complex 2859,Nam Dinh,39000
S02860,Hue Arena 2860,Hue,47500
S02861,Ho Chi Minh City Park 2861,Ho Chi Minh City,29000
S02862,Nha Trang Sports Complex 2862,Nha Trang,18000
S02863,Nha Trang Park 2863,Nha Trang,41500
S02864,Hai Phong Park 2864,Hai Phong,63500
S02865,Ho Chi Minh City Park 2865,Ho Chi Minh City,21000
S02866,Nam Dinh Sports Complex 2866,Nam Dinh,33000
S02867,Ho Chi Minh City Park 2867,Ho Chi Minh City,67500
S02868,Binh Duong Dome 2868,Binh Duong,43000
S02869,Hai Phong Sports Complex 2869,Hai Phong,67000
S02870,Ho Chi Minh City Sports Complex 2870,Ho Chi Minh City,48000
S02871,Nha Trang Dome 2871,Nha Trang,58500
S02872,Binh Duong Sports Complex 2872,Binh Duong,28000
S02873,Hue Dome 2873,Hue,31500
S02874,Nam Dinh Park 2874,Nam Dinh,44500
S02875,Binh Duong Arena 2875,Binh Duong,72500
S02876,Hanoi Park 2876,Hanoi,71500
S02877,Da Nang Park 2877,Da Nang,47500
S02878,Hai Phong Dome 2878,Hai Phong,32500
S02879,Binh Duong Park 2879,Binh Duong,71000
S02880,Hue Park 2880,Hue,62500
S02881,Hanoi Park 2881,Hanoi,28000
S02882,Can Tho Dome 2882,Can Tho,24500
S02883,Hai Phong Arena 2883,Hai Phong,64000
S02884,Nha Trang Dome 2884,Nha Trang,42000
S02885,Can Tho National Stadium 2885,Can Tho,56500
S02886,Hai Phong Dome 2886,Hai Phong,32500
S02887,Nha Trang Arena 2887,Nha Trang,32000
S02888,Nam Dinh Arena 2888,Nam Dinh,41500
S02889,Hai Phong National Stadium 2889,Hai Phong,25000
S02890,Hai Phong National Stadium 2890,Hai Phong,31000
S02891,Nha Trang Dome 2891,Nha Trang,47000
S02892,Binh Duong Dome 2892,Binh Duong,42500
S02893,Hanoi Arena 2893,Hanoi,25500
S02894,Nha Trang Arena 2894,Nha Trang,17000
S02895,Nha Trang Sports Complex 2895,Nha Trang,58000
S02896,Binh Duong Arena 2896,Binh Duong,57000
S02897,Hanoi Dome 2897,Hanoi,66500
S02898,Hanoi National Stadium 2898,Hanoi,71500
S02899,Ho Chi Minh City Sports Complex 2899,Ho Chi Minh City,54500
S02900,Nha Trang National Stadium 2900,Nha Trang,74000
S02901,Hue Sports Complex 2901,Hue,59000
S02902,Ho Chi Minh City Dome 2902,Ho Chi Minh City,77000
S02903,Da Nang Arena 2903,Da Nang,22500
S02904,Nam Dinh Park 2904,Nam Dinh,76000
S02905,Ho Chi Minh City Park 2905,Ho Chi Minh City,58500
S02906,Nam Dinh Park 2906,Nam Dinh,31500
S02907,Quy Nhon National Stadium 2907,Quy Nhon,30500
S02908,Nam Dinh National Stadium 2908,Nam Dinh,65500
S02909,Can Tho Sports Complex 2909,Can Tho,69500
S02910,Nam Dinh Dome 2910,Nam Dinh,68000
S02911,Hai Phong Dome 2911,Hai Phong,29500
S02912,Da Nang National Stadium 2912,Da Nang,26500
S02913,Hai Phong Sports Complex 2913,Hai Phong,44000
S02914,Hue Sports Complex 2914,Hue,71500
S02915,Nam Dinh National Stadium 2915,Nam Dinh,47000
S02916,Binh Duong Sports Complex 2916,Binh Duong,61000
S02917,Ho Chi Minh City Sports Complex 2917,Ho Chi Minh City,51000
S02918,Hue Dome 2918,Hue,59500
S02919,Hai Phong Sports Complex 2919,Hai Phong,72500
S02920,Da Nang Sports Complex 2920,Da Nang,46000
S02921,Can Tho Sports Complex 2921,Can Tho,16500
S02922,Nam Dinh National Stadium 2922,Nam Dinh,70000
S02923,Hanoi Arena 2923,Hanoi,31500
S02924,Binh Duong Dome 2924,Binh Duong,35500
S02925,Can Tho National Stadium 2925,Can Tho,50000
S02926,Hai Phong Dome 2926,Hai Phong,40500
S02927,Hanoi Dome 2927,Hanoi,76000
S02928,Nha Trang Sports Complex 2928,Nha Trang,21000
S02929,Hai Phong Sports Complex 2929,Hai Phong,29000
S02930,Da Nang Dome 2930,Da Nang,56500
S02931,Can Tho Dome 2931,Can Tho,66500
S02932,Hanoi Sports Complex 2932,Hanoi,72000
S02933,Ho Chi Minh City Dome 2933,Ho Chi Minh City,46000
S02934,Hue Sports Complex 2934,Hue,62000
S02935,Hue National Stadium 2935,Hue,69000
S02936,Da Nang Sports Complex 2936,Da Nang,48000
S02937,Ho Chi Minh City Sports Complex 2937,Ho Chi Minh City,42500
S02938,Nam Dinh Park 2938,Nam Dinh,63500
S02939,Can Tho Dome 2939,Can Tho,60500
S02940,Hanoi National Stadium 2940,Hanoi,57000
S02941,Da Nang Dome 2941,Da Nang,67000
S02942,Da Nang National Stadium 2942,Da Nang,41500
S02943,Hai Phong Sports Complex 2943,Hai Phong,35500
S02944,Nam Dinh National Stadium 2944,Nam Dinh,22500
S02945,Da Nang Arena 2945,Da Nang,49000
S02946,Da Nang Park 2946,Da Nang,60000
S02947,Hue Sports Complex 2947,Hue,44500
S02948,Quy Nhon Arena 2948,Quy Nhon,32000
S02949,Da Nang Park 2949,Da Nang,69000
S02950,Can Tho Sports Complex 2950,Can Tho,28000
S02951,Ho Chi Minh City Dome 2951,Ho Chi Minh City,39000
S02952,Da Nang Dome 2952,Da Nang,72500
S02953,Hue Park 2953,Hue,29500
S02954,Hanoi National Stadium 2954,Hanoi,75500
S02955,Binh Duong Park 2955,Binh Duong,56000
S02956,Hai Phong National Stadium 2956,Hai Phong,79000
S02957,Quy Nhon Arena 2957,Quy Nhon,32000
S02958,Da Nang National Stadium 2958,Da Nang,41500
S02959,Nam Dinh Dome 2959,Nam Dinh,54500
S02960,Nha Trang Arena 2960,Nha Trang,21000
S02961,Can Tho Arena 2961,Can Tho,77000
S02962,Nam Dinh National Stadium 2962,Nam Dinh,16000
S02963,Binh Duong Dome 2963,Binh Duong,65500
S02964,Quy Nhon Dome 2964,Quy Nhon,23000
S02965,Hai Phong Arena 2965,Hai Phong,27500
S02966,Nha Trang Sports Complex 2966,Nha Trang,64000
S02967,Quy Nhon Dome 2967,Quy Nhon,23500
S02968,Hue Arena 2968,Hue,54500
S02969,Hai Phong Sports Complex 2969,Hai Phong,62500
S02970,Hai Phong Dome 2970,Hai Phong,27000
S02971,Hue Arena 2971,Hue,17000
S02972,Nha Trang Sports Complex 2972,Nha Trang,30500
S02973,Nam Dinh Dome 2973,Nam Dinh,74500
S02974,Hai Phong Sports Complex 2974,Hai Phong,53000
S02975,Quy Nhon National Stadium 2975,Quy Nhon,15500
S02976,Quy Nhon Arena 2976,Quy Nhon,72000
S02977,Can Tho Dome 2977,Can Tho,60000
S02978,Hai Phong Dome 2978,Hai Phong,61500
S02979,Hue Park 2979,Hue,32000
S02980,Ho Chi Minh City National Stadium 2980,Ho Chi Minh City,51500
S02981,Hanoi National Stadium 2981,Hanoi,37000
S02982,Hai Phong Dome 2982,Hai Phong,74500
S02983,Can Tho Park 2983,Can Tho,76500
S02984,Nam Dinh National Stadium 2984,Nam Dinh,15500
S02985,Nha Trang Park 2985,Nha Trang,55500
S02986,Hue Sports Complex 2986,Hue,79000
S02987,Hue Sports Complex 2987,Hue,23500
S02988,Binh Duong National Stadium 2988,Binh Duong,53000
S02989,Da Nang Sports Complex 2989,Da Nang,26000
S02990,Binh Duong Dome 2990,Binh Duong,76000
S02991,Can Tho Dome 2991,Can Tho,23500
S02992,Ho Chi Minh City Sports Complex 2992,Ho Chi Minh City,61500
S02993,Binh Duong Dome 2993,Binh Duong,24500
S02994,Nha Trang National Stadium 2994,Nha Trang,35500
S02995,Hanoi Arena 2995,Hanoi,47500
S02996,Nha Trang Sports Complex 2996,Nha Trang,75500
S02997,Hue Sports Complex 2997,Hue,74000
S02998,Nha Trang Park 2998,Nha Trang,69500
S02999,Nha Trang Park 2999,Nha Trang,35500
S03000,Hue Arena 3000,Hue,35500
S03001,Quy Nhon Arena 3001,Quy Nhon,51500
S03002,Quy Nhon National Stadium 3002,Quy Nhon,27500
S03003,Da Nang National Stadium 3003,Da Nang,30000
S03004,Da Nang National Stadium 3004,Da Nang,46000
S03005,Nha Trang Arena 3005,Nha Trang,61500
S03006,Quy Nhon Dome 3006,Quy Nhon,22500
S03007,Quy Nhon National Stadium 3007,Quy Nhon,44000
S03008,Can Tho Park 3008,Can Tho,47000
S03009,Quy Nhon Dome 3009,Quy Nhon,22500
S03010,Da Nang National Stadium 3010,Da Nang,38000
S03011,Ho Chi Minh City Arena 3011,Ho Chi Minh City,72000
S03012,Nha Trang Arena 3012,Nha Trang,69500
S03013,Da Nang Park 3013,Da Nang,69000
S03014,Nha Trang Park 3014,Nha Trang,73500
S03015,Nam Dinh Arena 3015,Nam Dinh,53000
S03016,Hanoi Park 3016,Hanoi,65500
S03017,Nam Dinh Arena 3017,Nam Dinh,42500
S03018,Ho Chi Minh City Arena 3018,Ho Chi Minh City,65500
S03019,Quy Nhon National Stadium 3019,Quy Nhon,73000
S03020,Can Tho National Stadium 3020,Can Tho,33500
S03021,Ho Chi Minh City Dome 3021,Ho Chi Minh City,39500
S03022,Nam Dinh National Stadium 3022,Nam Dinh,70000
S03023,Can Tho Arena 3023,Can Tho,17000
S03024,Ho Chi Minh City Dome 3024,Ho Chi Minh City,69500
S03025,Quy Nhon Dome 3025,Quy Nhon,56000
S03026,Nha Trang Park 3026,Nha Trang,58000
S03027,Hanoi Sports Complex 3027,Hanoi,78500
S03028,Hanoi Park 3028,Hanoi,77500
S03029,Quy Nhon Sports Complex 3029,Quy Nhon,77000
S03030,Nam Dinh Arena 3030,Nam Dinh,29000
S03031,Hanoi Sports Complex 3031,Hanoi,36000
S03032,Hanoi National Stadium 3032,Hanoi,51000
S03033,Nam Dinh Dome 3033,Nam Dinh,21000
S03034,Hue Sports Complex 3034,Hue,26500
S03035,Hai Phong Dome 3035,Hai Phong,21000
S03036,Hanoi Arena 3036,Hanoi,25500
S03037,Hue Dome 3037,Hue,33500
S03038,Da Nang National Stadium 3038,Da Nang,34500
S03039,Quy Nhon Dome 3039,Quy Nhon,63000
S03040,Nha Trang Park 3040,Nha Trang,23500
S03041,Can Tho National Stadium 3041,Can Tho,69500
S03042,Can Tho Park 3042,Can Tho,28000
S03043,Quy Nhon Dome 3043,Quy Nhon,73000
S03044,Hue Dome 3044,Hue,32500
S03045,Nam Dinh Park 3045,Nam Dinh,42500
S03046,Ho Chi Minh City Dome 3046,Ho Chi Minh City,68000
S03047,Can Tho Park 3047,Can Tho,27000
S03048,Hue Dome 3048,Hue,21000
S03049,Hanoi Park 3049,Hanoi,37500
S03050,Quy Nhon Arena 3050,Quy Nhon,57500
S03051,Da Nang Dome 3051,Da Nang,49500
S03052,Binh Duong National Stadium 3052,Binh Duong,34000
S03053,Quy Nhon Dome 3053,Quy Nhon,20000
S03054,Quy Nhon Sports Complex 3054,Quy Nhon,24500
S03055,Da Nang Sports Complex 3055,Da Nang,70000
S03056,Hai Phong Park 3056,Hai Phong,43000
S03057,Nha Trang Park 3057,Nha Trang,18000
S03058,Binh Duong National Stadium 3058,Binh Duong,75000
S03059,Hanoi Park 3059,Hanoi,22000
S03060,Binh Duong Dome 3060,Binh Duong,42000
S03061,Ho Chi Minh City Dome 3061,Ho Chi Minh City,58500
S03062,Nam Dinh Sports Complex 3062,Nam Dinh,38500
S03063,Nha Trang Park 3063,Nha Trang,20500
S03064,Binh Duong National Stadium 3064,Binh Duong,22500
S03065,Quy Nhon Arena 3065,Quy Nhon,66500
S03066,Da Nang Dome 3066,Da Nang,18000
S03067,Ho Chi Minh City Dome 3067,Ho Chi Minh City,72500
S03068,Nha Trang Sports Complex 3068,Nha Trang,53500
S03069,Quy Nhon Dome 3069,Quy Nhon,56000
S03070,Nha Trang Sports Complex 3070,Nha Trang,78500
S03071,Da Nang Arena 3071,Da Nang,27000
S03072,Ho Chi Minh City Park 3072,Ho Chi Minh City,32000
S03073,Ho Chi Minh City Dome 3073,Ho Chi Minh City,50000
S03074,Hanoi National Stadium 3074,Hanoi,41000
S03075,Ho Chi Minh City National Stadium 3075,Ho Chi Minh City,26500
S03076,Quy Nhon Dome 3076,Quy Nhon,60500
S03077,Hue Park 3077,Hue,62500
S03078,Quy Nhon Sports Complex 3078,Quy Nhon,55500
S03079,Nam Dinh Sports Complex 3079,Nam Dinh,60500
S03080,Hue Sports Complex 3080,Hue,20500
S03081,Da Nang Arena 3081,Da Nang,16000
S03082,Hai Phong National Stadium 3082,Hai Phong,68500
S03083,Hanoi Arena 3083,Hanoi,71500
S03084,Hanoi Arena 3084,Hanoi,46500
S03085,Da Nang Arena 3085,Da Nang,43500
S03086,Binh Duong Arena 3086,Binh Duong,20500
S03087,Nha Trang Dome 3087,Nha Trang,24500
S03088,Quy Nhon Dome 3088,Quy Nhon,16500
S03089,Ho Chi Minh City Arena 3089,Ho Chi Minh City,74000
S03090,Da Nang Dome 3090,Da Nang,78000
S03091,Quy Nhon Dome 3091,Quy Nhon,16500
S03092,Quy Nhon Park 3092,Quy Nhon,31000
S03093,Hai Phong Sports Complex 3093,Hai Phong,52500
S03094,Hue National Stadium 3094,Hue,37000
S03095,Hanoi National Stadium 3095,Hanoi,56500
S03096,Hue Dome 3096,Hue,70500
S03097,Quy Nhon Park 3097,Quy Nhon,54000
S03098,Binh Duong Sports Complex 3098,Binh Duong,17500
S03099,Quy Nhon Dome 3099,Quy Nhon,47000
S03100,Binh Duong Park 3100,Binh Duong,62500
S03101,Nam Dinh Dome 3101,Nam Dinh,30000
S03102,Hanoi Park 3102,Hanoi,16000
S03103,Hue Park 3103,Hue,35500
S03104,Binh Duong National Stadium 3104,Binh Duong,32500
S03105,Hue Dome 3105,Hue,22500
S03106,Quy Nhon Park 3106,Quy Nhon,76500
S03107,Can Tho Dome 3107,Can Tho,60500
S03108,Hue National Stadium 3108,Hue,25500
S03109,Nha Trang Arena 3109,Nha Trang,46000
S03110,Can Tho Dome 3110,Can Tho,30000
S03111,Binh Duong Arena 3111,Binh Duong,53500
S03112,Can Tho Park 3112,Can Tho,71000
S03113,Quy Nhon Arena 3113,Quy Nhon,73000
S03114,Nha Trang Dome 3114,Nha Trang,78000
S03115,Hue Sports Complex 3115,Hue,67000
S03116,Quy Nhon Arena 3116,Quy Nhon,56000
S03117,Hai Phong Sports Complex 3117,Hai Phong,60500
S03118,Ho Chi Minh City Dome 3118,Ho Chi Minh City,23500
S03119,Da Nang Arena 3119,Da Nang,25000
S03120,Nam Dinh Dome 3120,Nam Dinh,21500
S03121,Hue Dome 3121,Hue,35000
S03122,Hai Phong Arena 3122,Hai Phong,51500
S03123,Hanoi National Stadium 3123,Hanoi,38500
S03124,Nha Trang Sports Complex 3124,Nha Trang,59500
S03125,Da Nang Arena 3125,Da Nang,69500
S03126,Binh Duong National Stadium 3126,Binh Duong,68000
S03127,Ho Chi Minh City Sports Complex 3127,Ho Chi Minh City,43000
S03128,Ho Chi Minh City Park 3128,Ho Chi Minh City,30000
S03129,Ho Chi Minh City Park 3129,Ho Chi Minh City,29500
S03130,Quy Nhon Sports Complex 3130,Quy Nhon,37500
S03131,Can Tho National Stadium 3131,Can Tho,65500
S03132,Binh Duong Sports Complex 3132,Binh Duong,73500
S03133,Da Nang Park 3133,Da Nang,54500
S03134,Ho Chi Minh City National Stadium 3134,Ho Chi Minh City,75500
S03135,Quy Nhon Dome 3135,Quy Nhon,78000
S03136,Ho Chi Minh City National Stadium 3136,Ho Chi Minh City,66000
S03137,Nam Dinh Park 3137,Nam Dinh,66500
S03138,Ho Chi Minh City Park 3138,Ho Chi Minh City,18000
S03139,Binh Duong National Stadium 3139,Binh Duong,26000
S03140,Ho Chi Minh City Arena 3140,Ho Chi Minh City,74500
S03141,Can Tho Arena 3141,Can Tho,62500
S03142,Nha Trang Dome 3142,Nha Trang,65000
S03143,Binh Duong Dome 3143,Binh Duong,63000
S03144,Ho Chi Minh City Arena 3144,Ho Chi Minh City,57500
S03145,Can Tho Sports Complex 3145,Can Tho,68500
S03146,Da Nang National Stadium 3146,Da Nang,70500
S03147,Hai Phong Dome 3147,Hai Phong,78500
S03148,Hue National Stadium 3148,Hue,31000
S03149,Quy Nhon Sports Complex 3149,Quy Nhon,34000
S03150,Binh Duong Arena 3150,Binh Duong,20500
S03151,Nha Trang Sports Complex 3151,Nha Trang,62000
S03152,Hue Sports Complex 3152,Hue,56500
S03153,Hai Phong Arena 3153,Hai Phong,64500
S03154,Binh Duong Dome 3154,Binh Duong,66500
S03155,Hai Phong Arena 3155,Hai Phong,67500
S03156,Hue Dome 3156,Hue,75000
S03157,Hue Dome 3157,Hue,77500
S03158,Binh Duong Sports Complex 3158,Binh Duong,77000
S03159,Hanoi Dome 3159,Hanoi,24500
S03160,Hanoi Park 3160,Hanoi,77000
S03161,Ho Chi Minh City National Stadium 3161,Ho Chi Minh City,37000
S03162,Can Tho Dome 3162,Can Tho,79500
S03163,Da Nang Dome 3163,Da Nang,19000
S03164,Hue National Stadium 3164,Hue,58500
S03165,Da Nang Park 3165,Da Nang,19000
S03166,Binh Duong Sports Complex 3166,Binh Duong,42500
S03167,Hue Park 3167,Hue,72000
S03168,Nha Trang Sports Complex 3168,Nha Trang,74500
S03169,Can Tho National Stadium 3169,Can Tho,69000
S03170,Nha Trang Park 3170,Nha Trang,55000
S03171,Da Nang Dome 3171,Da Nang,44000
S03172,Hai Phong Park 3172,Hai Phong,56000
S03173,Nam Dinh Dome 3173,Nam Dinh,60500
S03174,Can Tho Dome 3174,Can Tho,66000
S03175,Hai Phong Sports Complex 3175,Hai Phong,20500
S03176,Hanoi Park 3176,Hanoi,37000
S03177,Hue Arena 3177,Hue,49000
S03178,Binh Duong Sports Complex 3178,Binh Duong,29000
S03179,Ho Chi Minh City Park 3179,Ho Chi Minh City,51000
S03180,Nha Trang Park 3180,Nha Trang,37500
S03181,Da Nang National Stadium 3181,Da Nang,17000
S03182,Binh Duong Park 3182,Binh Duong,32000
S03183,Hai Phong Sports Complex 3183,Hai Phong,62500
S03184,Hue Park 3184,Hue,22000
S03185,Hanoi Sports Complex 3185,Hanoi,32000
S03186,Binh Duong Sports Complex 3186,Binh Duong,23000
S03187,Hanoi National Stadium 3187,Hanoi,44500
S03188,Nha Trang Park 3188,Nha Trang,63500
S03189,Hanoi Dome 3189,Hanoi,37000
S03190,Hai Phong Park 3190,Hai Phong,52000
S03191,Binh Duong Park 3191,Binh Duong,30500
S03192,Can Tho Sports Complex 3192,Can Tho,33500
S03193,Nam Dinh Arena 3193,Nam Dinh,62000
S03194,Hue Park 3194,Hue,63500
S03195,Hai Phong National Stadium 3195,Hai Phong,36500
S03196,Binh Duong Park 3196,Binh Duong,27500
S03197,Can Tho Dome 3197,Can Tho,21500
S03198,Da Nang Dome 3198,Da Nang,69500
S03199,Hue National Stadium 3199,Hue,21000
S03200,Hanoi Dome 3200,Hanoi,73000
S03201,Da Nang Dome 3201,Da Nang,29000
S03202,Quy Nhon National Stadium 3202,Quy Nhon,39000
S03203,Binh Duong Dome 3203,Binh Duong,53500
S03204,Binh Duong Park 3204,Binh Duong,66000
S03205,Hue Sports Complex 3205,Hue,53500
S03206,Quy Nhon Dome 3206,Quy Nhon,44000
S03207,Quy Nhon Dome 3207,Quy Nhon,69000
S03208,Da Nang Arena 3208,Da Nang,48000
S03209,Da Nang Dome 3209,Da Nang,61500
S03210,Quy Nhon Arena 3210,Quy Nhon,78500
S03211,Binh Duong Park 3211,Binh Duong,22500
S03212,Hai Phong Dome 3212,Hai Phong,46000
S03213,Hanoi Arena 3213,Hanoi,77000
S03214,Binh Duong Sports Complex 3214,Binh Duong,75500
S03215,Ho Chi Minh City Park 3215,Ho Chi Minh City,71000
S03216,Hue National Stadium 3216,Hue,23000
S03217,Can Tho Park 3217,Can Tho,34000
S03218,Hanoi Park 3218,Hanoi,25000
S03219,Ho Chi Minh City Sports Complex 3219,Ho Chi Minh City,35000
S03220,Can Tho Sports Complex 3220,Can Tho,34500
S03221,Quy Nhon National Stadium 3221,Quy Nhon,67000
S03222,Da Nang Arena 3222,Da Nang,66500
S03223,Nam Dinh Dome 3223,Nam Dinh,18000
S03224,Nha Trang Sports Complex 3224,Nha Trang,29000
S03225,Da Nang Dome 3225,Da Nang,15000
S03226,Ho Chi Minh City Park 3226,Ho Chi Minh City,38000
S03227,Ho Chi Minh City National Stadium 3227,Ho Chi Minh City,42500
S03228,Quy Nhon Park 3228,Quy Nhon,35500
S03229,Nam Dinh Dome 3229,Nam Dinh,74000
S03230,Can Tho Dome 3230,Can Tho,46000
S03231,Nam Dinh Arena 3231,Nam Dinh,65000
S03232,Da Nang Park 3232,Da Nang,56500
S03233,Quy Nhon Dome 3233,Quy Nhon,58500
S03234,Quy Nhon Arena 3234,Quy Nhon,72000
S03235,Can Tho National Stadium 3235,Can Tho,67500
S03236,Nam Dinh Park 3236,Nam Dinh,42000
S03237,Hue Arena 3237,Hue,74000
S03238,Hue Sports Complex 3238,Hue,50500
S03239,Hanoi Dome 3239,Hanoi,63000
S03240,Nha Trang National Stadium 3240,Nha Trang,72000
S03241,Da Nang National Stadium 3241,Da Nang,52500
S03242,Nha Trang Park 3242,Nha Trang,57500
S03243,Ho Chi Minh City Park 3243,Ho Chi Minh City,20500
S03244,Hai Phong Park 3244,Hai Phong,50500
S03245,Nam Dinh National Stadium 3245,Nam Dinh,77500
S03246,Nam Dinh Park 3246,Nam Dinh,27500
S03247,Quy Nhon Park 3247,Quy Nhon,74000
S03248,Hanoi National Stadium 3248,Hanoi,58000
S03249,Binh Duong Arena 3249,Binh Duong,78000
S03250,Hanoi Sports Complex 3250,Hanoi,66500
S03251,Hai Phong Arena 3251,Hai Phong,69500
S03252,Nam Dinh Dome 3252,Nam Dinh,20500
S03253,Binh Duong Park 3253,Binh Duong,36000
S03254,Hue Park 3254,Hue,18000
S03255,Quy Nhon National Stadium 3255,Quy Nhon,37500
S03256,Hue Arena 3256,Hue,42000
S03257,Hanoi Park 3257,Hanoi,36000
S03258,Hue Sports Complex 3258,Hue,21000
S03259,Ho Chi Minh City National Stadium 3259,Ho Chi Minh City,50500
S03260,Da Nang Sports Complex 3260,Da Nang,24500
S03261,Da Nang Sports Complex 3261,Da Nang,65500
S03262,Ho Chi Minh City Arena 3262,Ho Chi Minh City,35000
S03263,Hue Arena 3263,Hue,19000
S03264,Nam Dinh Sports Complex 3264,Nam Dinh,27000
S03265,Hanoi National Stadium 3265,Hanoi,34500
S03266,Hue National Stadium 3266,Hue,36000
S03267,Da Nang Dome 3267,Da Nang,73500
S03268,Can Tho Sports Complex 3268,Can Tho,39500
S03269,Ho Chi Minh City National Stadium 3269,Ho Chi Minh City,28500
S03270,Hai Phong Park 3270,Hai Phong,53500
S03271,Hai Phong Dome 3271,Hai Phong,48500
S03272,Binh Duong Dome 3272,Binh Duong,77000
S03273,Ho Chi Minh City Sports Complex 3273,Ho Chi Minh City,19000
S03274,Can Tho Dome 3274,Can Tho,51000
S03275,Hue National Stadium 3275,Hue,46500
S03276,Hanoi Dome 3276,Hanoi,56500
S03277,Hai Phong National Stadium 3277,Hai Phong,32500
S03278,Binh Duong Park 3278,Binh Duong,59000
S03279,Ho Chi Minh City Arena 3279,Ho Chi Minh City,65000
S03280,Binh Duong Arena 3280,Binh Duong,35000
S03281,Nam Dinh Dome 3281,Nam Dinh,44000
S03282,Ho Chi Minh City Park 3282,Ho Chi Minh City,28500
S03283,Da Nang Sports Complex 3283,Da Nang,50500
S03284,Da Nang Arena 3284,Da Nang,50000
S03285,Hue Park 3285,Hue,44500
S03286,Hanoi National Stadium 3286,Hanoi,68500
S03287,Quy Nhon Park 3287,Quy Nhon,34000
S03288,Da Nang National Stadium 3288,Da Nang,19000
S03289,Quy Nhon Sports Complex 3289,Quy Nhon,54000
S03290,Nha Trang Dome 3290,Nha Trang,38000
S03291,Hai Phong Park 3291,Hai Phong,70000
S03292,Binh Duong Sports Complex 3292,Binh Duong,18000
S03293,Da Nang Park 3293,Da Nang,52000
S03294,Ho Chi Minh City Sports Complex 3294,Ho Chi Minh City,21000
S03295,Hue National Stadium 3295,Hue,69500
S03296,Da Nang Park 3296,Da Nang,33500
S03297,Hue Arena 3297,Hue,55000
S03298,Binh Duong Sports Complex 3298,Binh Duong,73000
S03299,Can Tho Sports Complex 3299,Can Tho,79000
S03300,Quy Nhon Sports Complex 3300,Quy Nhon,31000
S03301,Can Tho Sports Complex 3301,Can Tho,29000
S03302,Quy Nhon Park 3302,Quy Nhon,36500
S03303,Hanoi Arena 3303,Hanoi,57500
S03304,Hanoi Park 3304,Hanoi,46000
S03305,Hanoi National Stadium 3305,Hanoi,59000
S03306,Da Nang Dome 3306,Da Nang,51500
S03307,Quy Nhon Dome 3307,Quy Nhon,50500
S03308,Ho Chi Minh City National Stadium 3308,Ho Chi Minh City,50500
S03309,Hanoi Dome 3309,Hanoi,59000
S03310,Ho Chi Minh City Sports Complex 3310,Ho Chi Minh City,78500
S03311,Hue Park 3311,Hue,38500
S03312,Hue Arena 3312,Hue,70000
S03313,Hanoi National Stadium 3313,Hanoi,45500
S03314,Can Tho Arena 3314,Can Tho,44000
S03315,Hanoi Arena 3315,Hanoi,63500
S03316,Hanoi Sports Complex 3316,Hanoi,59500
S03317,Can Tho Arena 3317,Can Tho,21000
S03318,Nam Dinh Sports Complex 3318,Nam Dinh,68000
S03319,Hai Phong Arena 3319,Hai Phong,79000
S03320,Quy Nhon Sports Complex 3320,Quy Nhon,17500
S03321,Nha Trang Dome 3321,Nha Trang,74500
S03322,Nam Dinh Arena 3322,Nam Dinh,15500
S03323,Hai Phong Dome 3323,Hai Phong,22500
S03324,Nha Trang Park 3324,Nha Trang,48000
S03325,Quy Nhon Arena 3325,Quy Nhon,51000
S03326,Hai Phong Park 3326,Hai Phong,59000
S03327,Nam Dinh Park 3327,Nam Dinh,26500
S03328,Ho Chi Minh City Park 3328,Ho Chi Minh City,23500
S03329,Ho Chi Minh City Arena 3329,Ho Chi Minh City,32000
S03330,Nam Dinh Arena 3330,Nam Dinh,72500
S03331,Binh Duong Sports Complex 3331,Binh Duong,27500
S03332,Hanoi Park 3332,Hanoi,55500
S03333,Nha Trang Park 3333,Nha Trang,73000
S03334,Quy Nhon National Stadium 3334,Quy Nhon,76500
S03335,Hue National Stadium 3335,Hue,71000
S03336,Can Tho Dome 3336,Can Tho,70500
S03337,Hue Sports Complex 3337,Hue,23000
S03338,Binh Duong Dome 3338,Binh Duong,47500
S03339,Can Tho Park 3339,Can Tho,64500
S03340,Hanoi Arena 3340,Hanoi,18000
S03341,Nha Trang Dome 3341,Nha Trang,50000
S03342,Quy Nhon Sports Complex 3342,Quy Nhon,15500
S03343,Hue Arena 3343,Hue,37000
S03344,Ho Chi Minh City Park 3344,Ho Chi Minh City,68000
S03345,Hanoi Arena 3345,Hanoi,79000
S03346,Hue National Stadium 3346,Hue,75000
S03347,Hai Phong Arena 3347,Hai Phong,26000
S03348,Can Tho Sports Complex 3348,Can Tho,19000
S03349,Ho Chi Minh City National Stadium 3349,Ho Chi Minh City,46500
S03350,Hue National Stadium 3350,Hue,54000
S03351,Can Tho Sports Complex 3351,Can Tho,31000
S03352,Ho Chi Minh City Dome 3352,Ho Chi Minh City,30500
S03353,Can Tho National Stadium 3353,Can Tho,69000
S03354,Can Tho Park 3354,Can Tho,67000
S03355,Hai Phong National Stadium 3355,Hai Phong,66000
S03356,Nam Dinh Park 3356,Nam Dinh,43500
S03357,Ho Chi Minh City Dome 3357,Ho Chi Minh City,53000
S03358,Ho Chi Minh City National Stadium 3358,Ho Chi Minh City,79000
S03359,Hanoi National Stadium 3359,Hanoi,39500
S03360,Can Tho National Stadium 3360,Can Tho,66500
S03361,Da Nang National Stadium 3361,Da Nang,75000
S03362,Quy Nhon National Stadium 3362,Quy Nhon,35000
S03363,Nam Dinh Dome 3363,Nam Dinh,19500
S03364,Ho Chi Minh City National Stadium 3364,Ho Chi Minh City,51500
S03365,Hanoi Sports Complex 3365,Hanoi,70500
S03366,Hue Dome 3366,Hue,21500
S03367,Nam Dinh Dome 3367,Nam Dinh,30500
S03368,Nam Dinh Park 3368,Nam Dinh,15500
S03369,Quy Nhon Dome 3369,Quy Nhon,45500
S03370,Hue Park 3370,Hue,55500
S03371,Ho Chi Minh City Sports Complex 3371,Ho Chi Minh City,57500
S03372,Hanoi Dome 3372,Hanoi,49000
S03373,Can Tho Park 3373,Can Tho,27500
S03374,Ho Chi Minh City National Stadium 3374,Ho Chi Minh City,16000
S03375,Nam Dinh National Stadium 3375,Nam Dinh,54000
S03376,Hai Phong Park 3376,Hai Phong,23500
S03377,Binh Duong Sports Complex 3377,Binh Duong,38500
S03378,Hue Dome 3378,Hue,62500
S03379,Nam Dinh Dome 3379,Nam Dinh,27000
S03380,Hai Phong Arena 3380,Hai Phong,67000
S03381,Hanoi National Stadium 3381,Hanoi,23500
S03382,Nha Trang Park 3382,Nha Trang,43500
S03383,Binh Duong Sports Complex 3383,Binh Duong,35500
S03384,Nam Dinh Park 3384,Nam Dinh,66000
S03385,Da Nang Arena 3385,Da Nang,46000
S03386,Nha Trang Park 3386,Nha Trang,37500
S03387,Nha Trang Sports Complex 3387,Nha Trang,78500
S03388,Hanoi Park 3388,Hanoi,53500
S03389,Da Nang National Stadium 3389,Da Nang,30500
S03390,Binh Duong Park 3390,Binh Duong,71500
S03391,Hanoi Dome 3391,Hanoi,37500
S03392,Hai Phong Arena 3392,Hai Phong,57000
S03393,Hai Phong National Stadium 3393,Hai Phong,37500
S03394,Hai Phong Dome 3394,Hai Phong,60500
S03395,Quy Nhon Park 3395,Quy Nhon,60500
S03396,Can Tho Park 3396,Can Tho,52000
S03397,Can Tho Park 3397,Can Tho,34500
S03398,Hue Sports Complex 3398,Hue,25500
S03399,Ho Chi Minh City Dome 3399,Ho Chi Minh City,72500
S03400,Hanoi Dome 3400,Hanoi,29500
S03401,Hanoi Arena 3401,Hanoi,60500
S03402,Hai Phong Dome 3402,Hai Phong,56000
S03403,Hai Phong Arena 3403,Hai Phong,46500
S03404,Can Tho Dome 3404,Can Tho,28500
S03405,Hue Arena 3405,Hue,69000
S03406,Hanoi Sports Complex 3406,Hanoi,15500
S03407,Ho Chi Minh City Sports Complex 3407,Ho Chi Minh City,17000
S03408,Binh Duong National Stadium 3408,Binh Duong,24500
S03409,Nha Trang Dome 3409,Nha Trang,27500
S03410,Nam Dinh Sports Complex 3410,Nam Dinh,18000
S03411,Hanoi Arena 3411,Hanoi,28000
S03412,Nha Trang Arena 3412,Nha Trang,29500
S03413,Nha Trang Arena 3413,Nha Trang,37500
S03414,Binh Duong Arena 3414,Binh Duong,26500
S03415,Hai Phong National Stadium 3415,Hai Phong,26500
S03416,Nha Trang National Stadium 3416,Nha Trang,16500
S03417,Da Nang Dome 3417,Da Nang,58000
S03418,Ho Chi Minh City Sports Complex 3418,Ho Chi Minh City,76500
S03419,Hai Phong Sports Complex 3419,Hai Phong,45000
S03420,Hai Phong Sports Complex 3420,Hai Phong,68000
S03421,Can Tho Arena 3421,Can Tho,76500
S03422,Binh Duong Park 3422,Binh Duong,73000
S03423,Hue National Stadium 3423,Hue,23000
S03424,Da Nang Arena 3424,Da Nang,67000
S03425,Hai Phong Arena 3425,Hai Phong,50000
S03426,Hue Sports Complex 3426,Hue,36000
S03427,Nam Dinh Dome 3427,Nam Dinh,79000
S03428,Hai Phong National Stadium 3428,Hai Phong,65000
S03429,Nam Dinh Park 3429,Nam Dinh,27500
S03430,Binh Duong Sports Complex 3430,Binh Duong,66500
S03431,Da Nang Sports Complex 3431,Da Nang,31000
S03432,Hanoi Sports Complex 3432,Hanoi,72000
S03433,Da Nang Park 3433,Da Nang,78500
S03434,Nam Dinh Dome 3434,Nam Dinh,28500
S03435,Ho Chi Minh City Dome 3435,Ho Chi Minh City,67000
S03436,Nam Dinh National Stadium 3436,Nam Dinh,26000
S03437,Binh Duong Dome 3437,Binh Duong,64000
S03438,Binh Duong Sports Complex 3438,Binh Duong,47500
S03439,Binh Duong Dome 3439,Binh Duong,26500
S03440,Can Tho Sports Complex 3440,Can Tho,49500
S03441,Quy Nhon Dome 3441,Quy Nhon,46000
S03442,Nha Trang Park 3442,Nha Trang,41500
S03443,Nam Dinh National Stadium 3443,Nam Dinh,28500
S03444,Hai Phong Arena 3444,Hai Phong,44500
S03445,Hai Phong Dome 3445,Hai Phong,29500
S03446,Nha Trang Dome 3446,Nha Trang,73000
S03447,Hue Park 3447,Hue,25500
S03448,Can Tho Sports Complex 3448,Can Tho,51000
S03449,Ho Chi Minh City Arena 3449,Ho Chi Minh City,64500
S03450,Ho Chi Minh City Sports Complex 3450,Ho Chi Minh City,44000
S03451,Binh Duong Sports Complex 3451,Binh Duong,30000
S03452,Nam Dinh National Stadium 3452,Nam Dinh,45500
S03453,Binh Duong Park 3453,Binh Duong,37000
S03454,Hue Dome 3454,Hue,45500
S03455,Hue Dome 3455,Hue,39000
S03456,Quy Nhon Sports Complex 3456,Quy Nhon,33000
S03457,Hue National Stadium 3457,Hue,27000
S03458,Quy Nhon Arena 3458,Quy Nhon,32500
S03459,Ho Chi Minh City Sports Complex 3459,Ho Chi Minh City,74000
S03460,Ho Chi Minh City Sports Complex 3460,Ho Chi Minh City,70000
S03461,Binh Duong Park 3461,Binh Duong,51000
S03462,Ho Chi Minh City Sports Complex 3462,Ho Chi Minh City,75500
S03463,Hai Phong National Stadium 3463,Hai Phong,23000
S03464,Ho Chi Minh City Sports Complex 3464,Ho Chi Minh City,17500
S03465,Binh Duong Arena 3465,Binh Duong,37000
S03466,Hai Phong Sports Complex 3466,Hai Phong,31500
S03467,Nha Trang Sports Complex 3467,Nha Trang,27500
S03468,Nam Dinh Arena 3468,Nam Dinh,71000
S03469,Binh Duong Sports Complex 3469,Binh Duong,15500
S03470,Nha Trang Sports Complex 3470,Nha Trang,69000
S03471,Can Tho Dome 3471,Can Tho,77000
S03472,Hue Park 3472,Hue,64500
S03473,Hanoi Dome 3473,Hanoi,58000
S03474,Binh Duong Arena 3474,Binh Duong,71500
S03475,Hue Arena 3475,Hue,30000
S03476,Hai Phong Dome 3476,Hai Phong,30500
S03477,Binh Duong Park 3477,Binh Duong,66500
S03478,Binh Duong Dome 3478,Binh Duong,62500
S03479,Quy Nhon Sports Complex 3479,Quy Nhon,67000
S03480,Ho Chi Minh City Sports Complex 3480,Ho Chi Minh City,70500
S03481,Hai Phong Dome 3481,Hai Phong,65500
S03482,Hue Arena 3482,Hue,43500
S03483,Quy Nhon Park 3483,Quy Nhon,17000
S03484,Can Tho Arena 3484,Can Tho,53000
S03485,Da Nang Sports Complex 3485,Da Nang,77000
S03486,Hanoi Dome 3486,Hanoi,68000
S03487,Can Tho Sports Complex 3487,Can Tho,30000
S03488,Hue Dome 3488,Hue,60000
S03489,Hue Park 3489,Hue,34500
S03490,Can Tho Park 3490,Can Tho,16500
S03491,Nam Dinh National Stadium 3491,Nam Dinh,75500
S03492,Da Nang Arena 3492,Da Nang,79000
S03493,Can Tho Park 3493,Can Tho,56500
S03494,Nam Dinh Park 3494,Nam Dinh,52500
S03495,Hue Dome 3495,Hue,28500
S03496,Hue National Stadium 3496,Hue,50000
S03497,Hue Arena 3497,Hue,46000
S03498,Ho Chi Minh City Sports Complex 3498,Ho Chi Minh City,52500
S03499,Quy Nhon Sports Complex 3499,Quy Nhon,21000
S03500,Da Nang National Stadium 3500,Da Nang,59000
S03501,Binh Duong Arena 3501,Binh Duong,17000
S03502,Nam Dinh Dome 3502,Nam Dinh,17000
S03503,Da Nang Arena 3503,Da Nang,19500
S03504,Hue Sports Complex 3504,Hue,28500
S03505,Hai Phong Sports Complex 3505,Hai Phong,58000
S03506,Binh Duong National Stadium 3506,Binh Duong,45000
S03507,Hanoi Sports Complex 3507,Hanoi,49000
S03508,Hanoi Arena 3508,Hanoi,36500
S03509,Hue Dome 3509,Hue,25500
S03510,Ho Chi Minh City Arena 3510,Ho Chi Minh City,50000
S03511,Hue Dome 3511,Hue,63500
S03512,Ho Chi Minh City Dome 3512,Ho Chi Minh City,77500
S03513,Hai Phong Arena 3513,Hai Phong,72000
S03514,Hai Phong Sports Complex 3514,Hai Phong,43500
S03515,Quy Nhon Arena 3515,Quy Nhon,54500
S03516,Nam Dinh Sports Complex 3516,Nam Dinh,53500
S03517,Hai Phong Park 3517,Hai Phong,62000
S03518,Quy Nhon Sports Complex 3518,Quy Nhon,28000
S03519,Hanoi Arena 3519,Hanoi,44000
S03520,Ho Chi Minh City Dome 3520,Ho Chi Minh City,54500
S03521,Hai Phong Park 3521,Hai Phong,36500
S03522,Nam Dinh Dome 3522,Nam Dinh,45000
S03523,Quy Nhon Park 3523,Quy Nhon,17500
S03524,Ho Chi Minh City Sports Complex 3524,Ho Chi Minh City,57500
S03525,Quy Nhon Sports Complex 3525,Quy Nhon,61000
S03526,Nha Trang Dome 3526,Nha Trang,55000
S03527,Da Nang Dome 3527,Da Nang,31500
S03528,Da Nang Park 3528,Da Nang,63000
S03529,Hue Dome 3529,Hue,40000
S03530,Da Nang Park 3530,Da Nang,21500
S03531,Hue National Stadium 3531,Hue,30500
S03532,Da Nang Sports Complex 3532,Da Nang,73000
S03533,Binh Duong Sports Complex 3533,Binh Duong,58500
S03534,Ho Chi Minh City Arena 3534,Ho Chi Minh City,74500
S03535,Quy Nhon Dome 3535,Quy Nhon,65000
S03536,Binh Duong National Stadium 3536,Binh Duong,39000
S03537,Ho Chi Minh City National Stadium 3537,Ho Chi Minh City,48000
S03538,Can Tho Dome 3538,Can Tho,44500
S03539,Da Nang Sports Complex 3539,Da Nang,28500
S03540,Binh Duong National Stadium 3540,Binh Duong,45500
S03541,Hanoi National Stadium 3541,Hanoi,57000
S03542,Quy Nhon Dome 3542,Quy Nhon,37500
S03543,Hue Arena 3543,Hue,41000
S03544,Hanoi National Stadium 3544,Hanoi,31500
S03545,Ho Chi Minh City Arena 3545,Ho Chi Minh City,36500
S03546,Quy Nhon Dome 3546,Quy Nhon,45000
S03547,Ho Chi Minh City National Stadium 3547,Ho Chi Minh City,51000
S03548,Hai Phong Dome 3548,Hai Phong,24000
S03549,Quy Nhon Sports Complex 3549,Quy Nhon,70000
S03550,Da Nang Arena 3550,Da Nang,70000
S03551,Hanoi Park 3551,Hanoi,21500
S03552,Da Nang Sports Complex 3552,Da Nang,23000
S03553,Binh Duong Dome 3553,Binh Duong,26000
S03554,Ho Chi Minh City National Stadium 3554,Ho Chi Minh City,59500
S03555,Nha Trang Arena 3555,Nha Trang,44000
S03556,Can Tho Arena 3556,Can Tho,29000
S03557,Hanoi Park 3557,Hanoi,29000
S03558,Quy Nhon National Stadium 3558,Quy Nhon,70000
S03559,Binh Duong National Stadium 3559,Binh Duong,40500
S03560,Nha Trang Dome 3560,Nha Trang,18500
S03561,Nam Dinh National Stadium 3561,Nam Dinh,18000
S03562,Hue Arena 3562,Hue,76000
S03563,Hai Phong Sports Complex 3563,Hai Phong,74500
S03564,Hai Phong Arena 3564,Hai Phong,21000
S03565,Hanoi Dome 3565,Hanoi,17000
S03566,Hanoi Sports Complex 3566,Hanoi,69000
S03567,Hai Phong National Stadium 3567,Hai Phong,29500
S03568,Ho Chi Minh City Arena 3568,Ho Chi Minh City,62500
S03569,Da Nang National Stadium 3569,Da Nang,42000
S03570,Binh Duong National Stadium 3570,Binh Duong,68500
S03571,Can Tho Sports Complex 3571,Can Tho,52000
S03572,Hai Phong Park 3572,Hai Phong,28500
S03573,Binh Duong Dome 3573,Binh Duong,76500
S03574,Hue National Stadium 3574,Hue,30000
S03575,Hai Phong National Stadium 3575,Hai Phong,38500
S03576,Can Tho Arena 3576,Can Tho,16000
S03577,Hue Sports Complex 3577,Hue,16000
S03578,Hue Arena 3578,Hue,45000
S03579,Hai Phong National Stadium 3579,Hai Phong,58000
S03580,Nha Trang Park 3580,Nha Trang,39000
S03581,Hanoi National Stadium 3581,Hanoi,73000
S03582,Hai Phong Dome 3582,Hai Phong,35000
S03583,Nam Dinh Dome 3583,Nam Dinh,79500
S03584,Ho Chi Minh City Park 3584,Ho Chi Minh City,67000
S03585,Nam Dinh Arena 3585,Nam Dinh,31500
S03586,Ho Chi Minh City Park 3586,Ho Chi Minh City,36500
S03587,Hue Arena 3587,Hue,37000
S03588,Da Nang Sports Complex 3588,Da Nang,79000
S03589,Quy Nhon National Stadium 3589,Quy Nhon,37000
S03590,Hanoi Park 3590,Hanoi,75000
S03591,Nam Dinh Dome 3591,Nam Dinh,40000
S03592,Binh Duong Arena 3592,Binh Duong,48000
S03593,Nam Dinh National Stadium 3593,Nam Dinh,30000
S03594,Hanoi Park 3594,Hanoi,64500
S03595,Ho Chi Minh City Sports Complex 3595,Ho Chi Minh City,30500
S03596,Hue Arena 3596,Hue,55500
S03597,Ho Chi Minh City National Stadium 3597,Ho Chi Minh City,24000
S03598,Can Tho Dome 3598,Can Tho,34500
S03599,Hai Phong Arena 3599,Hai Phong,39500
S03600,Hai Phong National Stadium 3600,Hai Phong,30500
S03601,Nam Dinh Dome 3601,Nam Dinh,63500
S03602,Can Tho Arena 3602,Can Tho,33000
S03603,Can Tho National Stadium 3603,Can Tho,49000
S03604,Hue Sports Complex 3604,Hue,64000
S03605,Hanoi Arena 3605,Hanoi,70500
S03606,Can Tho Sports Complex 3606,Can Tho,31000
S03607,Hai Phong Park 3607,Hai Phong,18500
S03608,Hai Phong Arena 3608,Hai Phong,55000
S03609,Hue Park 3609,Hue,36000
S03610,Da Nang Dome 3610,Da Nang,56500
S03611,Hanoi National Stadium 3611,Hanoi,72000
S03612,Quy Nhon National Stadium 3612,Quy Nhon,77500
S03613,Hai Phong National Stadium 3613,Hai Phong,56500
S03614,Da Nang Arena 3614,Da Nang,23000
S03615,Ho Chi Minh City Arena 3615,Ho Chi Minh City,54000
S03616,Binh Duong Arena 3616,Binh Duong,30500
S03617,Binh Duong National Stadium 3617,Binh Duong,43000
S03618,Quy Nhon Sports Complex 3618,Quy Nhon,26000
S03619,Hai Phong Arena 3619,Hai Phong,43000
S03620,Da Nang Park 3620,Da Nang,31500
S03621,Nha Trang Sports Complex 3621,Nha Trang,53000
S03622,Quy Nhon Arena 3622,Quy Nhon,33000
S03623,Quy Nhon National Stadium 3623,Quy Nhon,77500
S03624,Can Tho Dome 3624,Can Tho,40000
S03625,Da Nang Dome 3625,Da Nang,44000
S03626,Hue Park 3626,Hue,55000
S03627,Hue Arena 3627,Hue,68500
S03628,Quy Nhon National Stadium 3628,Quy Nhon,65000
S03629,Hue Dome 3629,Hue,71000
S03630,Ho Chi Minh City Sports Complex 3630,Ho Chi Minh City,54000
S03631,Binh Duong Arena 3631,Binh Duong,51000
S03632,Da Nang Sports Complex 3632,Da Nang,40000
S03633,Quy Nhon Sports Complex 3633,Quy Nhon,44500
S03634,Nha Trang Dome 3634,Nha Trang,52000
S03635,Nam Dinh Dome 3635,Nam Dinh,19500
S03636,Can Tho Arena 3636,Can Tho,62000
S03637,Quy Nhon Arena 3637,Quy Nhon,25000
S03638,Hai Phong National Stadium 3638,Hai Phong,16000
S03639,Binh Duong Sports Complex 3639,Binh Duong,47000
S03640,Hue Dome 3640,Hue,76500
S03641,Hue Sports Complex 3641,Hue,40000
S03642,Quy Nhon Sports Complex 3642,Quy Nhon,57000
S03643,Nam Dinh National Stadium 3643,Nam Dinh,42000
S03644,Hanoi National Stadium 3644,Hanoi,40000
S03645,Nam Dinh Arena 3645,Nam Dinh,27500
S03646,Hue Sports Complex 3646,Hue,65500
S03647,Can Tho Park 3647,Can Tho,61500
S03648,Quy Nhon Sports Complex 3648,Quy Nhon,60500
S03649,Hanoi Dome 3649,Hanoi,75500
S03650,Hue Arena 3650,Hue,31000
S03651,Quy Nhon National Stadium 3651,Quy Nhon,75500
S03652,Can Tho National Stadium 3652,Can Tho,60500
S03653,Da Nang Sports Complex 3653,Da Nang,54500
S03654,Quy Nhon Arena 3654,Quy Nhon,31500
S03655,Hai Phong Park 3655,Hai Phong,53000
S03656,Da Nang National Stadium 3656,Da Nang,22500
S03657,Ho Chi Minh City Dome 3657,Ho Chi Minh City,41000
S03658,Nam Dinh National Stadium 3658,Nam Dinh,49000
S03659,Hai Phong Dome 3659,Hai Phong,26000
S03660,Hue Sports Complex 3660,Hue,60500
S03661,Nha Trang Park 3661,Nha Trang,78500
S03662,Binh Duong Dome 3662,Binh Duong,53500
S03663,Nha Trang Dome 3663,Nha Trang,64500
S03664,Ho Chi Minh City National Stadium 3664,Ho Chi Minh City,56500
S03665,Nam Dinh Sports Complex 3665,Nam Dinh,68500
S03666,Da Nang Sports Complex 3666,Da Nang,64000
S03667,Hai Phong Dome 3667,Hai Phong,61000
S03668,Nha Trang National Stadium 3668,Nha Trang,79500
S03669,Da Nang Dome 3669,Da Nang,15000
S03670,Ho Chi Minh City National Stadium 3670,Ho Chi Minh City,65500
S03671,Hue Park 3671,Hue,42500
S03672,Nha Trang Dome 3672,Nha Trang,26000
S03673,Da Nang Sports Complex 3673,Da Nang,27000
S03674,Da Nang Arena 3674,Da Nang,47000
S03675,Da Nang Park 3675,Da Nang,77000
S03676,Ho Chi Minh City Dome 3676,Ho Chi Minh City,52000
S03677,Hai Phong Arena 3677,Hai Phong,28000
S03678,Hanoi Arena 3678,Hanoi,68000
S03679,Hai Phong Sports Complex 3679,Hai Phong,79500
S03680,Hue Dome 3680,Hue,56000
S03681,Nam Dinh National Stadium 3681,Nam Dinh,72000
S03682,Da Nang National Stadium 3682,Da Nang,34000
S03683,Ho Chi Minh City Dome 3683,Ho Chi Minh City,23000
S03684,Nha Trang National Stadium 3684,Nha Trang,37500
S03685,Hanoi Park 3685,Hanoi,30500
S03686,Quy Nhon Dome 3686,Quy Nhon,59000
S03687,Ho Chi Minh City National Stadium 3687,Ho Chi Minh City,19000
S03688,Nha Trang National Stadium 3688,Nha Trang,58500
S03689,Nam Dinh National Stadium 3689,Nam Dinh,21500
S03690,Hai Phong Park 3690,Hai Phong,67000
S03691,Hanoi Dome 3691,Hanoi,54500
S03692,Binh Duong Sports Complex 3692,Binh Duong,76000
S03693,Quy Nhon Dome 3693,Quy Nhon,64500
S03694,Can Tho Park 3694,Can Tho,43000
S03695,Can Tho Sports Complex 3695,Can Tho,59500
S03696,Can Tho Sports Complex 3696,Can Tho,68500
S03697,Hai Phong Sports Complex 3697,Hai Phong,58500
S03698,Hue Dome 3698,Hue,55000
S03699,Hanoi Sports Complex 3699,Hanoi,72000
S03700,Can Tho National Stadium 3700,Can Tho,15000
S03701,Quy Nhon Dome 3701,Quy Nhon,62500
S03702,Da Nang National Stadium 3702,Da Nang,54500
S03703,Ho Chi Minh City Park 3703,Ho Chi Minh City,33500
S03704,Hai Phong Sports Complex 3704,Hai Phong,44500
S03705,Nam Dinh Dome 3705,Nam Dinh,48500
S03706,Hue Arena 3706,Hue,15000
S03707,Can Tho National Stadium 3707,Can Tho,56500
S03708,Can Tho National Stadium 3708,Can Tho,78500
S03709,Can Tho Dome 3709,Can Tho,30500
S03710,Nam Dinh Dome 3710,Nam Dinh,41000
S03711,Nam Dinh National Stadium 3711,Nam Dinh,38000
S03712,Hue Dome 3712,Hue,79500
S03713,Ho Chi Minh City Dome 3713,Ho Chi Minh City,34500
S03714,Nam Dinh Arena 3714,Nam Dinh,61500
S03715,Da Nang Park 3715,Da Nang,72500
S03716,Nam Dinh Park 3716,Nam Dinh,17000
S03717,Da Nang Dome 3717,Da Nang,67000
S03718,Ho Chi Minh City Sports Complex 3718,Ho Chi Minh City,69500
S03719,Binh Duong Dome 3719,Binh Duong,26000
S03720,Quy Nhon National Stadium 3720,Quy Nhon,46500
S03721,Binh Duong Arena 3721,Binh Duong,31000
S03722,Hai Phong Arena 3722,Hai Phong,64500
S03723,Ho Chi Minh City National Stadium 3723,Ho Chi Minh City,43500
S03724,Hanoi Arena 3724,Hanoi,76000
S03725,Can Tho Dome 3725,Can Tho,65000
S03726,Nha Trang Arena 3726,Nha Trang,62000
S03727,Nha Trang Dome 3727,Nha Trang,77500
S03728,Ho Chi Minh City Arena 3728,Ho Chi Minh City,75500
S03729,Binh Duong Dome 3729,Binh Duong,21000
S03730,Can Tho Arena 3730,Can Tho,76000
S03731,Nam Dinh Park 3731,Nam Dinh,19000
S03732,Can Tho Dome 3732,Can Tho,74500
S03733,Hue Park 3733,Hue,78500
S03734,Hue Arena 3734,Hue,29500
S03735,Nha Trang National Stadium 3735,Nha Trang,34000
S03736,Ho Chi Minh City National Stadium 3736,Ho Chi Minh City,21000
S03737,Can Tho Park 3737,Can Tho,76500
S03738,Hai Phong National Stadium 3738,Hai Phong,52500
S03739,Can Tho Arena 3739,Can Tho,71000
S03740,Can Tho Dome 3740,Can Tho,53000
S03741,Hanoi Sports Complex 3741,Hanoi,19000
S03742,Nam Dinh Park 3742,Nam Dinh,27500
S03743,Hue Dome 3743,Hue,36000
S03744,Can Tho Arena 3744,Can Tho,49000
S03745,Nam Dinh Park 3745,Nam Dinh,29500
S03746,Ho Chi Minh City Dome 3746,Ho Chi Minh City,15500
S03747,Binh Duong Dome 3747,Binh Duong,35500
S03748,Da Nang Sports Complex 3748,Da Nang,70000
S03749,Hai Phong Dome 3749,Hai Phong,59500
S03750,Quy Nhon Arena 3750,Quy Nhon,54500
S03751,Nha Trang Arena 3751,Nha Trang,64000
S03752,Hanoi Park 3752,Hanoi,36000
S03753,Nha Trang Park 3753,Nha Trang,80000
S03754,Ho Chi Minh City Sports Complex 3754,Ho Chi Minh City,70500
S03755,Nam Dinh Dome 3755,Nam Dinh,56500
S03756,Hai Phong Dome 3756,Hai Phong,34000
S03757,Hue National Stadium 3757,Hue,79500
S03758,Can Tho Arena 3758,Can Tho,69500
S03759,Hai Phong Arena 3759,Hai Phong,61000
S03760,Hanoi Arena 3760,Hanoi,71000
S03761,Quy Nhon Dome 3761,Quy Nhon,34500
S03762,Da Nang National Stadium 3762,Da Nang,51000
S03763,Hue Sports Complex 3763,Hue,42500
S03764,Quy Nhon Sports Complex 3764,Quy Nhon,64500
S03765,Hue Dome 3765,Hue,19500
S03766,Binh Duong Sports Complex 3766,Binh Duong,33500
S03767,Hai Phong Park 3767,Hai Phong,41000
S03768,Ho Chi Minh City Arena 3768,Ho Chi Minh City,36000
S03769,Nam Dinh National Stadium 3769,Nam Dinh,70500
S03770,Nha Trang Dome 3770,Nha Trang,58000
S03771,Da Nang Park 3771,Da Nang,24000
S03772,Quy Nhon Dome 3772,Quy Nhon,34000
S03773,Da Nang Arena 3773,Da Nang,29500
S03774,Hai Phong National Stadium 3774,Hai Phong,38500
S03775,Nam Dinh National Stadium 3775,Nam Dinh,59500
S03776,Da Nang Dome 3776,Da Nang,77500
S03777,Hue Arena 3777,Hue,75500
S03778,Hanoi National Stadium 3778,Hanoi,38500
S03779,Quy Nhon Arena 3779,Quy Nhon,77000
S03780,Hanoi National Stadium 3780,Hanoi,79000
S03781,Binh Duong Sports Complex 3781,Binh Duong,54000
S03782,Hue Arena 3782,Hue,56000
S03783,Hue Arena 3783,Hue,17000
S03784,Ho Chi Minh City Arena 3784,Ho Chi Minh City,41000
S03785,Quy Nhon Sports Complex 3785,Quy Nhon,60000
S03786,Nam Dinh Arena 3786,Nam Dinh,58000
S03787,Hue National Stadium 3787,Hue,66000
S03788,Quy Nhon Dome 3788,Quy Nhon,33000
S03789,Quy Nhon Sports Complex 3789,Quy Nhon,16000
S03790,Ho Chi Minh City National Stadium 3790,Ho Chi Minh City,20500
S03791,Ho Chi Minh City Dome 3791,Ho Chi Minh City,57000
S03792,Binh Duong Arena 3792,Binh Duong,16500
S03793,Nam Dinh Park 3793,Nam Dinh,79500
S03794,Nam Dinh Dome 3794,Nam Dinh,33000
S03795,Ho Chi Minh City Park 3795,Ho Chi Minh City,27000
S03796,Hue Dome 3796,Hue,57000
S03797,Hue Sports Complex 3797,Hue,52500
S03798,Da Nang National Stadium 3798,Da Nang,36500
S03799,Ho Chi Minh City Park 3799,Ho Chi Minh City,27000
S03800,Hue National Stadium 3800,Hue,41000
S03801,Binh Duong Park 3801,Binh Duong,66500
S03802,Binh Duong Dome 3802,Binh Duong,19000
S03803,Binh Duong Park 3803,Binh Duong,50500
S03804,Ho Chi Minh City Arena 3804,Ho Chi Minh City,78500
S03805,Ho Chi Minh City Arena 3805,Ho Chi Minh City,71500
S03806,Nam Dinh Arena 3806,Nam Dinh,15500
S03807,Binh Duong Dome 3807,Binh Duong,67500
S03808,Can Tho National Stadium 3808,Can Tho,17500
S03809,Da Nang Park 3809,Da Nang,28500
S03810,Da Nang National Stadium 3810,Da Nang,52000
S03811,Nha Trang National Stadium 3811,Nha Trang,20500
S03812,Ho Chi Minh City Park 3812,Ho Chi Minh City,34500
S03813,Can Tho Park 3813,Can Tho,26000
S03814,Hue National Stadium 3814,Hue,31500
S03815,Nha Trang National Stadium 3815,Nha Trang,77000
S03816,Binh Duong Sports Complex 3816,Binh Duong,58000
S03817,Binh Duong Dome 3817,Binh Duong,24000
S03818,Nam Dinh Dome 3818,Nam Dinh,60500
S03819,Can Tho Park 3819,Can Tho,74500
S03820,Can Tho Park 3820,Can Tho,50500
S03821,Binh Duong Arena 3821,Binh Duong,60000
S03822,Ho Chi Minh City National Stadium 3822,Ho Chi Minh City,30500
S03823,Hanoi Arena 3823,Hanoi,24500
S03824,Nha Trang Arena 3824,Nha Trang,77500
S03825,Da Nang Park 3825,Da Nang,51000
S03826,Hai Phong Park 3826,Hai Phong,38500
S03827,Nha Trang Arena 3827,Nha Trang,63000
S03828,Nam Dinh Dome 3828,Nam Dinh,20000
S03829,Binh Duong Sports Complex 3829,Binh Duong,32000
S03830,Hue Arena 3830,Hue,41000
S03831,Quy Nhon National Stadium 3831,Quy Nhon,77000
S03832,Nha Trang Dome 3832,Nha Trang,76500
S03833,Da Nang Park 3833,Da Nang,28500
S03834,Ho Chi Minh City Sports Complex 3834,Ho Chi Minh City,56500
S03835,Hai Phong Sports Complex 3835,Hai Phong,52000
S03836,Binh Duong Park 3836,Binh Duong,26000
S03837,Hue Arena 3837,Hue,35500
S03838,Hue Dome 3838,Hue,16500
S03839,Nam Dinh Arena 3839,Nam Dinh,20000
S03840,Nha Trang National Stadium 3840,Nha Trang,50000
S03841,Ho Chi Minh City Park 3841,Ho Chi Minh City,41500
S03842,Ho Chi Minh City Sports Complex 3842,Ho Chi Minh City,57000
S03843,Ho Chi Minh City Sports Complex 3843,Ho Chi Minh City,74500
S03844,Can Tho Sports Complex 3844,Can Tho,24500
S03845,Hai Phong Sports Complex 3845,Hai Phong,15500
S03846,Ho Chi Minh City Dome 3846,Ho Chi Minh City,79000
S03847,Hai Phong Dome 3847,Hai Phong,77500
S03848,Ho Chi Minh City National Stadium 3848,Ho Chi Minh City,26500
S03849,Binh Duong Sports Complex 3849,Binh Duong,53500
S03850,Quy Nhon National Stadium 3850,Quy Nhon,49500
S03851,Can Tho Park 3851,Can Tho,71500
S03852,Nha Trang Park 3852,Nha Trang,33000
S03853,Nam Dinh National Stadium 3853,Nam Dinh,74000
S03854,Hanoi Arena 3854,Hanoi,36000
S03855,Hue Arena 3855,Hue,37500
S03856,Binh Duong Park 3856,Binh Duong,54000
S03857,Hue Dome 3857,Hue,54000
S03858,Da Nang Sports Complex 3858,Da Nang,15500
S03859,Binh Duong Arena 3859,Binh Duong,58000
S03860,Da Nang Arena 3860,Da Nang,40000
S03861,Nam Dinh Sports Complex 3861,Nam Dinh,18500
S03862,Can Tho Arena 3862,Can Tho,59500
S03863,Nam Dinh Dome 3863,Nam Dinh,61500
S03864,Quy Nhon Arena 3864,Quy Nhon,44000
S03865,Can Tho Dome 3865,Can Tho,48000
S03866,Nha Trang Sports Complex 3866,Nha Trang,77500
S03867,Hue Park 3867,Hue,76500
S03868,Hai Phong Sports Complex 3868,Hai Phong,56500
S03869,Ho Chi Minh City Sports Complex 3869,Ho Chi Minh City,41500
S03870,Can Tho National Stadium 3870,Can Tho,56500
S03871,Ho Chi Minh City National Stadium 3871,Ho Chi Minh City,63000
S03872,Hai Phong National Stadium 3872,Hai Phong,26000
S03873,Nam Dinh National Stadium 3873,Nam Dinh,20500
S03874,Nha Trang Park 3874,Nha Trang,76000
S03875,Quy Nhon National Stadium 3875,Quy Nhon,78000
S03876,Hue Park 3876,Hue,76000
S03877,Da Nang Dome 3877,Da Nang,47500
S03878,Binh Duong Park 3878,Binh Duong,60500
S03879,Ho Chi Minh City Dome 3879,Ho Chi Minh City,16000
S03880,Nam Dinh Arena 3880,Nam Dinh,74500
S03881,Hanoi Dome 3881,Hanoi,61000
S03882,Binh Duong Sports Complex 3882,Binh Duong,31000
S03883,Binh Duong Park 3883,Binh Duong,18000
S03884,Nam Dinh Dome 3884,Nam Dinh,78000
S03885,Da Nang Park 3885,Da Nang,74000
S03886,Hai Phong Arena 3886,Hai Phong,20000
S03887,Can Tho Arena 3887,Can Tho,48500
S03888,Can Tho National Stadium 3888,Can Tho,42500
S03889,Quy Nhon Dome 3889,Quy Nhon,26000
S03890,Can Tho National Stadium 3890,Can Tho,37000
S03891,Hai Phong Park 3891,Hai Phong,71000
S03892,Ho Chi Minh City Sports Complex 3892,Ho Chi Minh City,34500
S03893,Quy Nhon Sports Complex 3893,Quy Nhon,32500
S03894,Hai Phong National Stadium 3894,Hai Phong,63500
S03895,Nam Dinh Dome 3895,Nam Dinh,29500
S03896,Nha Trang Park 3896,Nha Trang,69000
S03897,Hanoi Dome 3897,Hanoi,73500
S03898,Nam Dinh Dome 3898,Nam Dinh,19000
S03899,Can Tho National Stadium 3899,Can Tho,55500
S03900,Quy Nhon Sports Complex 3900,Quy Nhon,34500
S03901,Can Tho National Stadium 3901,Can Tho,15500
S03902,Can Tho Arena 3902,Can Tho,41500
S03903,Can Tho National Stadium 3903,Can Tho,21500
S03904,Hue Dome 3904,Hue,28000
S03905,Ho Chi Minh City Park 3905,Ho Chi Minh City,48500
S03906,Da Nang Dome 3906,Da Nang,23000
S03907,Quy Nhon National Stadium 3907,Quy Nhon,25000
S03908,Nha Trang Arena 3908,Nha Trang,46000
S03909,Hue Sports Complex 3909,Hue,34500
S03910,Can Tho Dome 3910,Can Tho,73500
S03911,Da Nang Park 3911,Da Nang,68000
S03912,Nha Trang National Stadium 3912,Nha Trang,80000
S03913,Quy Nhon Dome 3913,Quy Nhon,25500
S03914,Da Nang Sports Complex 3914,Da Nang,64000
S03915,Hue National Stadium 3915,Hue,38500
S03916,Hai Phong National Stadium 3916,Hai Phong,27500
S03917,Nha Trang National Stadium 3917,Nha Trang,24000
S03918,Hue Dome 3918,Hue,64000
S03919,Can Tho National Stadium 3919,Can Tho,25500
S03920,Hai Phong Dome 3920,Hai Phong,78000
S03921,Nha Trang National Stadium 3921,Nha Trang,42500
S03922,Quy Nhon Park 3922,Quy Nhon,47500
S03923,Da Nang Sports Complex 3923,Da Nang,64000
S03924,Hue Park 3924,Hue,62500
S03925,Hue Arena 3925,Hue,22000
S03926,Ho Chi Minh City National Stadium 3926,Ho Chi Minh City,23500
S03927,Da Nang Sports Complex 3927,Da Nang,48000
S03928,Hanoi Arena 3928,Hanoi,18500
S03929,Can Tho Dome 3929,Can Tho,79000
S03930,Nam Dinh National Stadium 3930,Nam Dinh,43500
S03931,Quy Nhon Sports Complex 3931,Quy Nhon,33500
S03932,Quy Nhon National Stadium 3932,Quy Nhon,65000
S03933,Hue Arena 3933,Hue,55500
S03934,Da Nang Park 3934,Da Nang,27000
S03935,Hai Phong Sports Complex 3935,Hai Phong,65000
S03936,Ho Chi Minh City Sports Complex 3936,Ho Chi Minh City,61000
S03937,Hai Phong Dome 3937,Hai Phong,28000
S03938,Quy Nhon National Stadium 3938,Quy Nhon,61000
S03939,Binh Duong Park 3939,Binh Duong,27000
S03940,Hai Phong Park 3940,Hai Phong,56000
S03941,Da Nang Arena 3941,Da Nang,23000
S03942,Da Nang Dome 3942,Da Nang,17500
S03943,Nha Trang Arena 3943,Nha Trang,76000
S03944,Da Nang Dome 3944,Da Nang,16000
S03945,Nam Dinh Arena 3945,Nam Dinh,21000
S03946,Hanoi Dome 3946,Hanoi,41500
S03947,Binh Duong Sports Complex 3947,Binh Duong,61000
S03948,Hai Phong Arena 3948,Hai Phong,37000
S03949,Hue Dome 3949,Hue,19000
S03950,Binh Duong Dome 3950,Binh Duong,57000
S03951,Hanoi Sports Complex 3951,Hanoi,22000
S03952,Nha Trang Sports Complex 3952,Nha Trang,33500
S03953,Can Tho Dome 3953,Can Tho,31000
S03954,Can Tho National Stadium 3954,Can Tho,27000
S03955,Hanoi National Stadium 3955,Hanoi,18500
S03956,Can Tho Arena 3956,Can Tho,33500
S03957,Quy Nhon Sports Complex 3957,Quy Nhon,74500
S03958,Nam Dinh National Stadium 3958,Nam Dinh,43000
S03959,Da Nang Sports Complex 3959,Da Nang,77000
S03960,Quy Nhon Sports Complex 3960,Quy Nhon,37000
S03961,Nha Trang National Stadium 3961,Nha Trang,21500
S03962,Hanoi Park 3962,Hanoi,65500
S03963,Da Nang Sports Complex 3963,Da Nang,38500
S03964,Can Tho Park 3964,Can Tho,49500
S03965,Nam Dinh Sports Complex 3965,Nam Dinh,30500
S03966,Nha Trang Arena 3966,Nha Trang,53500
S03967,Hue National Stadium 3967,Hue,73000
S03968,Ho Chi Minh City Arena 3968,Ho Chi Minh City,56500
S03969,Nam Dinh National Stadium 3969,Nam Dinh,17500
S03970,Nam Dinh Arena 3970,Nam Dinh,27500
S03971,Quy Nhon National Stadium 3971,Quy Nhon,20000
S03972,Binh Duong Park 3972,Binh Duong,37500
S03973,Nha Trang Dome 3973,Nha Trang,80000
S03974,Hai Phong Park 3974,Hai Phong,62000
S03975,Da Nang National Stadium 3975,Da Nang,23500
S03976,Hai Phong Dome 3976,Hai Phong,51000
S03977,Nha Trang Park 3977,Nha Trang,79000
S03978,Can Tho Sports Complex 3978,Can Tho,44500
S03979,Ho Chi Minh City Dome 3979,Ho Chi Minh City,19500
S03980,Quy Nhon Dome 3980,Quy Nhon,49500
S03981,Binh Duong National Stadium 3981,Binh Duong,26000
S03982,Nam Dinh Sports Complex 3982,Nam Dinh,60500
S03983,Da Nang Sports Complex 3983,Da Nang,18000
S03984,Nam Dinh National Stadium 3984,Nam Dinh,67000
S03985,Hai Phong Dome 3985,Hai Phong,47500
S03986,Binh Duong Park 3986,Binh Duong,78500
S03987,Ho Chi Minh City Arena 3987,Ho Chi Minh City,43500
S03988,Binh Duong Dome 3988,Binh Duong,52000
S03989,Hue Dome 3989,Hue,55000
S03990,Nha Trang Arena 3990,Nha Trang,27000
S03991,Hanoi Arena 3991,Hanoi,52500
S03992,Hai Phong Park 3992,Hai Phong,60500
S03993,Hanoi Park 3993,Hanoi,45000
S03994,Binh Duong Park 3994,Binh Duong,32000
S03995,Nha Trang Arena 3995,Nha Trang,34500
S03996,Nha Trang Park 3996,Nha Trang,23000
S03997,Da Nang Arena 3997,Da Nang,18000
S03998,Binh Duong Arena 3998,Binh Duong,34000
S03999,Hanoi Arena 3999,Hanoi,76500
S04000,Nha Trang Arena 4000,Nha Trang,32500
S04001,Hanoi Arena 4001,Hanoi,80000
S04002,Hai Phong Park 4002,Hai Phong,22500
S04003,Hanoi Sports Complex 4003,Hanoi,56500
S04004,Nam Dinh Sports Complex 4004,Nam Dinh,36500
S04005,Ho Chi Minh City Park 4005,Ho Chi Minh City,32500
S04006,Da Nang Dome 4006,Da Nang,74000
S04007,Nam Dinh Sports Complex 4007,Nam Dinh,36500
S04008,Hanoi National Stadium 4008,Hanoi,69000
S04009,Can Tho Arena 4009,Can Tho,63000
S04010,Nha Trang Arena 4010,Nha Trang,32000
S04011,Hanoi Park 4011,Hanoi,58000
S04012,Nam Dinh National Stadium 4012,Nam Dinh,62500
S04013,Hue Sports Complex 4013,Hue,72000
S04014,Nam Dinh Park 4014,Nam Dinh,28500
S04015,Quy Nhon Arena 4015,Quy Nhon,36000
S04016,Nha Trang Arena 4016,Nha Trang,53000
S04017,Hue Arena 4017,Hue,44000
S04018,Hai Phong Dome 4018,Hai Phong,39000
S04019,Da Nang Dome 4019,Da Nang,21000
S04020,Quy Nhon Arena 4020,Quy Nhon,45000
S04021,Da Nang Arena 4021,Da Nang,27500
S04022,Nam Dinh Dome 4022,Nam Dinh,77000
S04023,Da Nang Sports Complex 4023,Da Nang,16500
S04024,Nha Trang Arena 4024,Nha Trang,73000
S04025,Da Nang Dome 4025,Da Nang,60000
S04026,Nam Dinh Arena 4026,Nam Dinh,19500
S04027,Da Nang National Stadium 4027,Da Nang,43000
S04028,Hai Phong Dome 4028,Hai Phong,74500
S04029,Hue National Stadium 4029,Hue,62500
S04030,Binh Duong Arena 4030,Binh Duong,62500
S04031,Hanoi Park 4031,Hanoi,21500
S04032,Hue Dome 4032,Hue,16500
S04033,Ho Chi Minh City National Stadium 4033,Ho Chi Minh City,65000
S04034,Hanoi Arena 4034,Hanoi,31500
S04035,Ho Chi Minh City Sports Complex 4035,Ho Chi Minh City,24500
S04036,Nam Dinh National Stadium 4036,Nam Dinh,67000
S04037,Hanoi National Stadium 4037,Hanoi,50500
S04038,Can Tho National Stadium 4038,Can Tho,28500
S04039,Da Nang Dome 4039,Da Nang,65000
S04040,Nam Dinh Dome 4040,Nam Dinh,68500
S04041,Da Nang Sports Complex 4041,Da Nang,36500
S04042,Quy Nhon Arena 4042,Quy Nhon,31000
S04043,Hanoi Park 4043,Hanoi,60500
S04044,Nha Trang Park 4044,Nha Trang,23000
S04045,Hanoi National Stadium 4045,Hanoi,21500
S04046,Binh Duong Sports Complex 4046,Binh Duong,21500
S04047,Binh Duong Dome 4047,Binh Duong,24500
S04048,Hanoi Arena 4048,Hanoi,16500
S04049,Hai Phong Dome 4049,Hai Phong,40500
S04050,Da Nang Sports Complex 4050,Da Nang,58000
S04051,Nha Trang Arena 4051,Nha Trang,75500
S04052,Hue National Stadium 4052,Hue,47000
S04053,Da Nang National Stadium 4053,Da Nang,29500
S04054,Ho Chi Minh City Sports Complex 4054,Ho Chi Minh City,38500
S04055,Ho Chi Minh City Park 4055,Ho Chi Minh City,37000
S04056,Ho Chi Minh City Sports Complex 4056,Ho Chi Minh City,75500
S04057,Ho Chi Minh City National Stadium 4057,Ho Chi Minh City,54500
S04058,Da Nang Arena 4058,Da Nang,43000
S04059,Binh Duong Sports Complex 4059,Binh Duong,54500
S04060,Da Nang Dome 4060,Da Nang,25000
S04061,Nha Trang Park 4061,Nha Trang,68500
S04062,Nha Trang Sports Complex 4062,Nha Trang,72500
S04063,Ho Chi Minh City Sports Complex 4063,Ho Chi Minh City,75000
S04064,Quy Nhon Sports Complex 4064,Quy Nhon,76000
S04065,Nha Trang National Stadium 4065,Nha Trang,66500
S04066,Hanoi Arena 4066,Hanoi,66000
S04067,Da Nang Sports Complex 4067,Da Nang,24500
S04068,Hue Dome 4068,Hue,62500
S04069,Quy Nhon National Stadium 4069,Quy Nhon,22500
S04070,Nam Dinh Dome 4070,Nam Dinh,78000
S04071,Nha Trang Arena 4071,Nha Trang,21000
S04072,Can Tho Arena 4072,Can Tho,27000
S04073,Hue Sports Complex 4073,Hue,36000
S04074,Quy Nhon Dome 4074,Quy Nhon,46500
S04075,Hue Park 4075,Hue,67000
S04076,Can Tho Arena 4076,Can Tho,67500
S04077,Hai Phong Dome 4077,Hai Phong,42500
S04078,Binh Duong Dome 4078,Binh Duong,50500
S04079,Binh Duong Dome 4079,Binh Duong,50000
S04080,Binh Duong Arena 4080,Binh Duong,40000
S04081,Ho Chi Minh City Park 4081,Ho Chi Minh City,62000
S04082,Hue Park 4082,Hue,53000
S04083,Hai Phong National Stadium 4083,Hai Phong,30500
S04084,Can Tho National Stadium 4084,Can Tho,28500
S04085,Hanoi Sports Complex 4085,Hanoi,51500
S04086,Quy Nhon Arena 4086,Quy Nhon,75500
S04087,Ho Chi Minh City National Stadium 4087,Ho Chi Minh City,74500
S04088,Can Tho Sports Complex 4088,Can Tho,70500
S04089,Da Nang Sports Complex 4089,Da Nang,45000
S04090,Da Nang Park 4090,Da Nang,78500
S04091,Hue Arena 4091,Hue,29000
S04092,Hai Phong National Stadium 4092,Hai Phong,64000
S04093,Da Nang National Stadium 4093,Da Nang,78000
S04094,Da Nang Dome 4094,Da Nang,63000
S04095,Hanoi Dome 4095,Hanoi,39500
S04096,Hanoi National Stadium 4096,Hanoi,58500
S04097,Nam Dinh National Stadium 4097,Nam Dinh,46000
S04098,Nam Dinh Arena 4098,Nam Dinh,17000
S04099,Da Nang Sports Complex 4099,Da Nang,24500
S04100,Ho Chi Minh City Arena 4100,Ho Chi Minh City,20000
S04101,Hanoi Park 4101,Hanoi,69500
S04102,Hue Arena 4102,Hue,65000
S04103,Da Nang Dome 4103,Da Nang,63500
S04104,Da Nang Park 4104,Da Nang,61000
S04105,Nha Trang Dome 4105,Nha Trang,42000
S04106,Can Tho Dome 4106,Can Tho,66000
S04107,Hanoi Sports Complex 4107,Hanoi,22500
S04108,Da Nang National Stadium 4108,Da Nang,72500
S04109,Hanoi Park 4109,Hanoi,64000
S04110,Da Nang Park 4110,Da Nang,25500
S04111,Hanoi Dome 4111,Hanoi,69500
S04112,Hue Dome 4112,Hue,51500
S04113,Nha Trang Park 4113,Nha Trang,48000
S04114,Nha Trang Arena 4114,Nha Trang,43000
S04115,Da Nang Sports Complex 4115,Da Nang,79000
S04116,Ho Chi Minh City Park 4116,Ho Chi Minh City,39500
S04117,Da Nang Arena 4117,Da Nang,41000
S04118,Nam Dinh National Stadium 4118,Nam Dinh,29500
S04119,Hue Arena 4119,Hue,69000
S04120,Binh Duong Park 4120,Binh Duong,70000
S04121,Ho Chi Minh City Dome 4121,Ho Chi Minh City,46500
S04122,Can Tho Dome 4122,Can Tho,69000
S04123,Hue Arena 4123,Hue,18500
S04124,Can Tho Dome 4124,Can Tho,28000
S04125,Nha Trang National Stadium 4125,Nha Trang,22000
S04126,Ho Chi Minh City Sports Complex 4126,Ho Chi Minh City,54500
S04127,Can Tho National Stadium 4127,Can Tho,30500
S04128,Nha Trang Arena 4128,Nha Trang,50500
S04129,Ho Chi Minh City National Stadium 4129,Ho Chi Minh City,29000
S04130,Nam Dinh National Stadium 4130,Nam Dinh,64500
S04131,Nha Trang Arena 4131,Nha Trang,51000
S04132,Hai Phong National Stadium 4132,Hai Phong,31000
S04133,Nha Trang National Stadium 4133,Nha Trang,79000
S04134,Nam Dinh Park 4134,Nam Dinh,18000
S04135,Nam Dinh Dome 4135,Nam Dinh,18000
S04136,Hanoi Sports Complex 4136,Hanoi,21000
S04137,Nha Trang National Stadium 4137,Nha Trang,79500
S04138,Can Tho Sports Complex 4138,Can Tho,78000
S04139,Hue Park 4139,Hue,28000
S04140,Can Tho Dome 4140,Can Tho,62500
S04141,Can Tho Arena 4141,Can Tho,61000
S04142,Ho Chi Minh City Sports Complex 4142,Ho Chi Minh City,41500
S04143,Binh Duong National Stadium 4143,Binh Duong,48000
S04144,Da Nang National Stadium 4144,Da Nang,53500
S04145,Hue Dome 4145,Hue,53500
S04146,Hanoi Sports Complex 4146,Hanoi,25500
S04147,Da Nang Dome 4147,Da Nang,20000
S04148,Ho Chi Minh City Arena 4148,Ho Chi Minh City,73000
S04149,Hai Phong Arena 4149,Hai Phong,65500
S04150,Da Nang Park 4150,Da Nang,49000
S04151,Nam Dinh Park 4151,Nam Dinh,76000
S04152,Can Tho Dome 4152,Can Tho,66500
S04153,Da Nang Sports Complex 4153,Da Nang,34000
S04154,Can Tho Park 4154,Can Tho,71000
S04155,Hue National Stadium 4155,Hue,73500
S04156,Hue Arena 4156,Hue,28500
S04157,Nam Dinh Park 4157,Nam Dinh,20000
S04158,Da Nang Park 4158,Da Nang,56000
S04159,Quy Nhon National Stadium 4159,Quy Nhon,67500
S04160,Hanoi Arena 4160,Hanoi,65000
S04161,Nha Trang Park 4161,Nha Trang,72000
S04162,Ho Chi Minh City Dome 4162,Ho Chi Minh City,21000
S04163,Quy Nhon Sports Complex 4163,Quy Nhon,26000
S04164,Nha Trang Arena 4164,Nha Trang,19500
S04165,Nha Trang Park 4165,Nha Trang,39000
S04166,Can Tho National Stadium 4166,Can Tho,19500
S04167,Da Nang Dome 4167,Da Nang,32000
S04168,Quy Nhon Sports Complex 4168,Quy Nhon,65000
S04169,Quy Nhon Arena 4169,Quy Nhon,76500
S04170,Ho Chi Minh City Park 4170,Ho Chi Minh City,47000
S04171,Hanoi Sports Complex 4171,Hanoi,71500
S04172,Nha Trang Dome 4172,Nha Trang,42000
S04173,Nam Dinh Arena 4173,Nam Dinh,44000
S04174,Can Tho Park 4174,Can Tho,70500
S04175,Nam Dinh Sports Complex 4175,Nam Dinh,39500
S04176,Ho Chi Minh City Dome 4176,Ho Chi Minh City,48000
S04177,Quy Nhon Sports Complex 4177,Quy Nhon,72500
S04178,Hanoi Park 4178,Hanoi,79000
S04179,Hanoi Arena 4179,Hanoi,61000
S04180,Binh Duong National Stadium 4180,Binh Duong,25000
S04181,Ho Chi Minh City Sports Complex 4181,Ho Chi Minh City,39500
S04182,Da Nang Park 4182,Da Nang,41000
S04183,Ho Chi Minh City Arena 4183,Ho Chi Minh City,40500
S04184,Quy Nhon National Stadium 4184,Quy Nhon,38000
S04185,Quy Nhon Dome 4185,Quy Nhon,57000
S04186,Binh Duong Dome 4186,Binh Duong,22000
S04187,Ho Chi Minh City Arena 4187,Ho Chi Minh City,63000
S04188,Ho Chi Minh City Dome 4188,Ho Chi Minh City,65500
S04189,Hue Arena 4189,Hue,41500
S04190,Can Tho National Stadium 4190,Can Tho,36000
S04191,Can Tho Park 4191,Can Tho,47000
S04192,Hai Phong Dome 4192,Hai Phong,22500
S04193,Nha Trang Dome 4193,Nha Trang,17500
S04194,Binh Duong Arena 4194,Binh Duong,77000
S04195,Quy Nhon Arena 4195,Quy Nhon,57000
S04196,Hai Phong Sports Complex 4196,Hai Phong,52000
S04197,Hanoi Park 4197,Hanoi,65500
S04198,Hue National Stadium 4198,Hue,76500
S04199,Can Tho Dome 4199,Can Tho,79000
S04200,Quy Nhon Arena 4200,Quy Nhon,18500
S04201,Hai Phong National Stadium 4201,Hai Phong,77500
S04202,Hue Sports Complex 4202,Hue,31500
S04203,Da Nang National Stadium 4203,Da Nang,24500
S04204,Ho Chi Minh City Sports Complex 4204,Ho Chi Minh City,41500
S04205,Ho Chi Minh City Sports Complex 4205,Ho Chi Minh City,72500
S04206,Quy Nhon Dome 4206,Quy Nhon,49500
S04207,Hai Phong Sports Complex 4207,Hai Phong,27000
S04208,Hanoi National Stadium 4208,Hanoi,73500
S04209,Hue Sports Complex 4209,Hue,78000
S04210,Nha Trang Arena 4210,Nha Trang,28000
S04211,Can Tho Dome 4211,Can Tho,46500
S04212,Quy Nhon Park 4212,Quy Nhon,60000
S04213,Da Nang Dome 4213,Da Nang,38000
S04214,Nam Dinh Dome 4214,Nam Dinh,69000
S04215,Hanoi Park 4215,Hanoi,66500
S04216,Nam Dinh Arena 4216,Nam Dinh,20000
S04217,Nam Dinh Park 4217,Nam Dinh,24500
S04218,Can Tho Sports Complex 4218,Can Tho,16000
S04219,Da Nang Dome 4219,Da Nang,76000
S04220,Da Nang Dome 4220,Da Nang,71500
S04221,Can Tho National Stadium 4221,Can Tho,67000
S04222,Hue Sports Complex 4222,Hue,49000
S04223,Hanoi Dome 4223,Hanoi,77000
S04224,Da Nang Dome 4224,Da Nang,57000
S04225,Nam Dinh National Stadium 4225,Nam Dinh,17500
S04226,Hai Phong Arena 4226,Hai Phong,42500
S04227,Binh Duong Arena 4227,Binh Duong,54500
S04228,Hue Arena 4228,Hue,38000
S04229,Hai Phong Arena 4229,Hai Phong,78500
S04230,Nam Dinh National Stadium 4230,Nam Dinh,39500
S04231,Can Tho National Stadium 4231,Can Tho,35000
S04232,Nha Trang Park 4232,Nha Trang,68500
S04233,Ho Chi Minh City Dome 4233,Ho Chi Minh City,57500
S04234,Quy Nhon Dome 4234,Quy Nhon,42000
S04235,Can Tho Sports Complex 4235,Can Tho,69500
S04236,Binh Duong Dome 4236,Binh Duong,49500
S04237,Can Tho National Stadium 4237,Can Tho,75500
S04238,Da Nang Dome 4238,Da Nang,43000
S04239,Can Tho Arena 4239,Can Tho,51000
S04240,Nam Dinh Arena 4240,Nam Dinh,50500
S04241,Hue Dome 4241,Hue,33500
S04242,Hue Sports Complex 4242,Hue,61000
S04243,Nam Dinh National Stadium 4243,Nam Dinh,20500
S04244,Ho Chi Minh City National Stadium 4244,Ho Chi Minh City,57500
S04245,Hanoi Park 4245,Hanoi,76000
S04246,Hue National Stadium 4246,Hue,47500
S04247,Nam Dinh Park 4247,Nam Dinh,21500
S04248,Quy Nhon Park 4248,Quy Nhon,53000
S04249,Hanoi Sports Complex 4249,Hanoi,71000
S04250,Hue Arena 4250,Hue,29500
S04251,Quy Nhon Park 4251,Quy Nhon,40000
S04252,Ho Chi Minh City Arena 4252,Ho Chi Minh City,71000
S04253,Quy Nhon National Stadium 4253,Quy Nhon,38000
S04254,Quy Nhon Dome 4254,Quy Nhon,74500
S04255,Hue National Stadium 4255,Hue,76500
S04256,Can Tho Arena 4256,Can Tho,48500
S04257,Nha Trang Sports Complex 4257,Nha Trang,72500
S04258,Nha Trang Sports Complex 4258,Nha Trang,70000
S04259,Hue Arena 4259,Hue,15500
S04260,Hue National Stadium 4260,Hue,16000
S04261,Hanoi Arena 4261,Hanoi,67000
S04262,Can Tho Park 4262,Can Tho,68500
S04263,Nam Dinh Sports Complex 4263,Nam Dinh,37000
S04264,Da Nang Park 4264,Da Nang,43000
S04265,Hai Phong Park 4265,Hai Phong,79000
S04266,Hue Arena 4266,Hue,55500
S04267,Hue National Stadium 4267,Hue,67500
S04268,Nam Dinh Dome 4268,Nam Dinh,23500
S04269,Hue Arena 4269,Hue,41500
S04270,Can Tho Park 4270,Can Tho,25500
S04271,Hue Arena 4271,Hue,21500
S04272,Da Nang Park 4272,Da Nang,23000
S04273,Nam Dinh Dome 4273,Nam Dinh,70000
S04274,Nha Trang Park 4274,Nha Trang,25500
S04275,Can Tho Arena 4275,Can Tho,21000
S04276,Ho Chi Minh City National Stadium 4276,Ho Chi Minh City,43500
S04277,Hanoi Park 4277,Hanoi,25000
S04278,Hanoi Park 4278,Hanoi,61500
S04279,Binh Duong National Stadium 4279,Binh Duong,52500
S04280,Hue National Stadium 4280,Hue,63500
S04281,Da Nang Dome 4281,Da Nang,56500
S04282,Can Tho Arena 4282,Can Tho,30500
S04283,Hai Phong Sports Complex 4283,Hai Phong,27500
S04284,Binh Duong Arena 4284,Binh Duong,62500
S04285,Hue Sports Complex 4285,Hue,58000
S04286,Hanoi Sports Complex 4286,Hanoi,20500
S04287,Da Nang National Stadium 4287,Da Nang,57000
S04288,Nam Dinh National Stadium 4288,Nam Dinh,22500
S04289,Quy Nhon Park 4289,Quy Nhon,23000
S04290,Ho Chi Minh City Arena 4290,Ho Chi Minh City,33500
S04291,Nha Trang Arena 4291,Nha Trang,21000
S04292,Ho Chi Minh City Dome 4292,Ho Chi Minh City,70500
S04293,Can Tho Arena 4293,Can Tho,40500
S04294,Ho Chi Minh City Dome 4294,Ho Chi Minh City,67000
S04295,Hanoi Dome 4295,Hanoi,20000
S04296,Quy Nhon National Stadium 4296,Quy Nhon,29000
S04297,Hue Dome 4297,Hue,73500
S04298,Can Tho Dome 4298,Can Tho,68000
S04299,Da Nang Arena 4299,Da Nang,34500
S04300,Hanoi Arena 4300,Hanoi,58000
S04301,Nam Dinh Park 4301,Nam Dinh,71000
S04302,Hanoi National Stadium 4302,Hanoi,79000
S04303,Can Tho Sports Complex 4303,Can Tho,46500
S04304,Nam Dinh Park 4304,Nam Dinh,51000
S04305,Hanoi Arena 4305,Hanoi,49000
S04306,Nha Trang National Stadium 4306,Nha Trang,27500
S04307,Nam Dinh National Stadium 4307,Nam Dinh,50000
S04308,Hanoi Park 4308,Hanoi,48500
S04309,Da Nang Arena 4309,Da Nang,72000
S04310,Can Tho National Stadium 4310,Can Tho,74000
S04311,Hai Phong National Stadium 4311,Hai Phong,36500
S04312,Da Nang Arena 4312,Da Nang,20500
S04313,Da Nang Sports Complex 4313,Da Nang,33000
S04314,Quy Nhon Arena 4314,Quy Nhon,77500
S04315,Ho Chi Minh City Sports Complex 4315,Ho Chi Minh City,61500
S04316,Binh Duong Sports Complex 4316,Binh Duong,45500
S04317,Quy Nhon Dome 4317,Quy Nhon,48500
S04318,Hue Arena 4318,Hue,31500
S04319,Da Nang Arena 4319,Da Nang,60000
S04320,Nha Trang Dome 4320,Nha Trang,21500
S04321,Nam Dinh Park 4321,Nam Dinh,35500
S04322,Da Nang Arena 4322,Da Nang,77500
S04323,Quy Nhon Dome 4323,Quy Nhon,73000
S04324,Quy Nhon Dome 4324,Quy Nhon,54000
S04325,Nha Trang Sports Complex 4325,Nha Trang,56000
S04326,Ho Chi Minh City Park 4326,Ho Chi Minh City,40000
S04327,Hue Arena 4327,Hue,52000
S04328,Can Tho Sports Complex 4328,Can Tho,74000
S04329,Ho Chi Minh City Dome 4329,Ho Chi Minh City,26000
S04330,Hanoi Park 4330,Hanoi,31500
S04331,Nam Dinh Dome 4331,Nam Dinh,34000
S04332,Nam Dinh Park 4332,Nam Dinh,38000
S04333,Hue National Stadium 4333,Hue,22500
S04334,Da Nang Sports Complex 4334,Da Nang,43000
S04335,Da Nang Sports Complex 4335,Da Nang,31000
S04336,Ho Chi Minh City Arena 4336,Ho Chi Minh City,58000
S04337,Can Tho Sports Complex 4337,Can Tho,24500
S04338,Can Tho National Stadium 4338,Can Tho,15500
S04339,Can Tho National Stadium 4339,Can Tho,62000
S04340,Can Tho Arena 4340,Can Tho,45500
S04341,Nam Dinh Sports Complex 4341,Nam Dinh,74000
S04342,Hai Phong Park 4342,Hai Phong,19500
S04343,Hue Sports Complex 4343,Hue,54500
S04344,Hai Phong Park 4344,Hai Phong,29500
S04345,Ho Chi Minh City Park 4345,Ho Chi Minh City,33000
S04346,Nam Dinh National Stadium 4346,Nam Dinh,52500
S04347,Hue Dome 4347,Hue,36000
S04348,Can Tho Arena 4348,Can Tho,28000
S04349,Hanoi Dome 4349,Hanoi,47500
S04350,Hanoi Sports Complex 4350,Hanoi,42500
S04351,Ho Chi Minh City National Stadium 4351,Ho Chi Minh City,44500
S04352,Da Nang Park 4352,Da Nang,36500
S04353,Nam Dinh Dome 4353,Nam Dinh,30500
S04354,Nam Dinh National Stadium 4354,Nam Dinh,33500
S04355,Hanoi Park 4355,Hanoi,79500
S04356,Hanoi Dome 4356,Hanoi,33500
S04357,Da Nang Dome 4357,Da Nang,17500
S04358,Binh Duong Park 4358,Binh Duong,17500
S04359,Can Tho National Stadium 4359,Can Tho,19500
S04360,Quy Nhon National Stadium 4360,Quy Nhon,69500
S04361,Hue Sports Complex 4361,Hue,33000
S04362,Can Tho Sports Complex 4362,Can Tho,41000
S04363,Ho Chi Minh City Park 4363,Ho Chi Minh City,66000
S04364,Can Tho Dome 4364,Can Tho,55000
S04365,Hanoi Dome 4365,Hanoi,34500
S04366,Quy Nhon Dome 4366,Quy Nhon,70500
S04367,Ho Chi Minh City Sports Complex 4367,Ho Chi Minh City,76500
S04368,Nam Dinh National Stadium 4368,Nam Dinh,17000
S04369,Hai Phong National Stadium 4369,Hai Phong,69000
S04370,Hanoi Arena 4370,Hanoi,22000
S04371,Can Tho Dome 4371,Can Tho,30000
S04372,Da Nang National Stadium 4372,Da Nang,27500
S04373,Can Tho Park 4373,Can Tho,80000
S04374,Hanoi National Stadium 4374,Hanoi,32000
S04375,Hanoi National Stadium 4375,Hanoi,18000
S04376,Nha Trang National Stadium 4376,Nha Trang,32500
S04377,Can Tho Park 4377,Can Tho,67000
S04378,Hue Sports Complex 4378,Hue,61000
S04379,Da Nang Arena 4379,Da Nang,53000
S04380,Quy Nhon National Stadium 4380,Quy Nhon,23500
S04381,Can Tho Arena 4381,Can Tho,64500
S04382,Nam Dinh Dome 4382,Nam Dinh,56500
S04383,Quy Nhon National Stadium 4383,Quy Nhon,49000
S04384,Binh Duong Arena 4384,Binh Duong,53000
S04385,Quy Nhon Dome 4385,Quy Nhon,79000
S04386,Nha Trang Sports Complex 4386,Nha Trang,65500
S04387,Quy Nhon Arena 4387,Quy Nhon,21000
S04388,Nha Trang Sports Complex 4388,Nha Trang,61500
S04389,Ho Chi Minh City Sports Complex 4389,Ho Chi Minh City,51500
S04390,Hai Phong Arena 4390,Hai Phong,60500
S04391,Ho Chi Minh City National Stadium 4391,Ho Chi Minh City,78500
S04392,Quy Nhon National Stadium 4392,Quy Nhon,29000
S04393,Hanoi Arena 4393,Hanoi,45500
S04394,Hue Arena 4394,Hue,47000
S04395,Ho Chi Minh City Sports Complex 4395,Ho Chi Minh City,28500
S04396,Nam Dinh Park 4396,Nam Dinh,48500
S04397,Can Tho Sports Complex 4397,Can Tho,61500
S04398,Quy Nhon Arena 4398,Quy Nhon,70500
S04399,Binh Duong National Stadium 4399,Binh Duong,75000
S04400,Da Nang Arena 4400,Da Nang,75000
S04401,Can Tho Dome 4401,Can Tho,79000
S04402,Quy Nhon Park 4402,Quy Nhon,48500
S04403,Hai Phong Dome 4403,Hai Phong,27500
S04404,Ho Chi Minh City Sports Complex 4404,Ho Chi Minh City,42500
S04405,Da Nang Sports Complex 4405,Da Nang,77500
S04406,Nam Dinh National Stadium 4406,Nam Dinh,24500
S04407,Quy Nhon National Stadium 4407,Quy Nhon,64000
S04408,Ho Chi Minh City Arena 4408,Ho Chi Minh City,16000
S04409,Quy Nhon Arena 4409,Quy Nhon,32500
S04410,Hanoi Dome 4410,Hanoi,58500
S04411,Binh Duong Dome 4411,Binh Duong,38000
S04412,Nha Trang National Stadium 4412,Nha Trang,75500
S04413,Binh Duong National Stadium 4413,Binh Duong,38000
S04414,Hue Arena 4414,Hue,25000
S04415,Hue Park 4415,Hue,43000
S04416,Binh Duong Sports Complex 4416,Binh Duong,18500
S04417,Quy Nhon Sports Complex 4417,Quy Nhon,39000
S04418,Ho Chi Minh City National Stadium 4418,Ho Chi Minh City,57500
S04419,Hue Dome 4419,Hue,27500
S04420,Nha Trang Arena 4420,Nha Trang,41500
S04421,Da Nang Park 4421,Da Nang,33000
S04422,Binh Duong Park 4422,Binh Duong,47500
S04423,Binh Duong Dome 4423,Binh Duong,22000
S04424,Hanoi Arena 4424,Hanoi,78000
S04425,Ho Chi Minh City Arena 4425,Ho Chi Minh City,22500
S04426,Hanoi National Stadium 4426,Hanoi,52500
S04427,Nha Trang Arena 4427,Nha Trang,19500
S04428,Binh Duong National Stadium 4428,Binh Duong,33000
S04429,Hai Phong Park 4429,Hai Phong,61000
S04430,Hue Dome 4430,Hue,40500
S04431,Ho Chi Minh City Arena 4431,Ho Chi Minh City,63000
S04432,Nha Trang Dome 4432,Nha Trang,28500
S04433,Da Nang Arena 4433,Da Nang,38000
S04434,Nha Trang Park 4434,Nha Trang,34000
S04435,Hanoi National Stadium 4435,Hanoi,27000
S04436,Binh Duong Park 4436,Binh Duong,46000
S04437,Nha Trang Arena 4437,Nha Trang,26000
S04438,Can Tho National Stadium 4438,Can Tho,26000
S04439,Da Nang Sports Complex 4439,Da Nang,74000
S04440,Quy Nhon Arena 4440,Quy Nhon,78000
S04441,Hanoi Dome 4441,Hanoi,43000
S04442,Can Tho National Stadium 4442,Can Tho,26500
S04443,Nha Trang National Stadium 4443,Nha Trang,26000
S04444,Hanoi Park 4444,Hanoi,38000
S04445,Quy Nhon Park 4445,Quy Nhon,15000
S04446,Quy Nhon Arena 4446,Quy Nhon,46000
S04447,Ho Chi Minh City National Stadium 4447,Ho Chi Minh City,68500
S04448,Hanoi Park 4448,Hanoi,59500
S04449,Nha Trang Arena 4449,Nha Trang,49500
S04450,Binh Duong Arena 4450,Binh Duong,64500
S04451,Da Nang National Stadium 4451,Da Nang,21500
S04452,Nha Trang Sports Complex 4452,Nha Trang,44500
S04453,Quy Nhon Sports Complex 4453,Quy Nhon,80000
S04454,Binh Duong Sports Complex 4454,Binh Duong,58500
S04455,Quy Nhon Sports Complex 4455,Quy Nhon,39000
S04456,Quy Nhon National Stadium 4456,Quy Nhon,69000
S04457,Can Tho Sports Complex 4457,Can Tho,61500
S04458,Can Tho Park 4458,Can Tho,66000
S04459,Nam Dinh Dome 4459,Nam Dinh,22500
S04460,Nha Trang Park 4460,Nha Trang,62500
S04461,Hanoi Arena 4461,Hanoi,79000
S04462,Hue Arena 4462,Hue,58000
S04463,Da Nang Sports Complex 4463,Da Nang,47500
S04464,Hanoi Arena 4464,Hanoi,53000
S04465,Hue Sports Complex 4465,Hue,28500
S04466,Ho Chi Minh City Arena 4466,Ho Chi Minh City,75500
S04467,Hue National Stadium 4467,Hue,78500
S04468,Nha Trang Park 4468,Nha Trang,74000
S04469,Quy Nhon Park 4469,Quy Nhon,26500
S04470,Nha Trang Sports Complex 4470,Nha Trang,73000
S04471,Can Tho Dome 4471,Can Tho,53500
S04472,Hue Sports Complex 4472,Hue,35500
S04473,Hai Phong National Stadium 4473,Hai Phong,53000
S04474,Binh Duong Sports Complex 4474,Binh Duong,69500
S04475,Nam Dinh National Stadium 4475,Nam Dinh,43500
S04476,Quy Nhon Park 4476,Quy Nhon,78500
S04477,Can Tho Sports Complex 4477,Can Tho,22000
S04478,Hanoi Dome 4478,Hanoi,76000
S04479,Da Nang Dome 4479,Da Nang,59500
S04480,Da Nang Park 4480,Da Nang,78500
S04481,Nha Trang Park 4481,Nha Trang,51500
S04482,Da Nang Sports Complex 4482,Da Nang,47000
S04483,Nha Trang National Stadium 4483,Nha Trang,67500
S04484,Nha Trang National Stadium 4484,Nha Trang,44500
S04485,Hanoi Arena 4485,Hanoi,33500
S04486,Nam Dinh National Stadium 4486,Nam Dinh,18500
S04487,Quy Nhon Sports Complex 4487,Quy Nhon,15500
S04488,Hue Sports Complex 4488,Hue,58500
S04489,Hanoi National Stadium 4489,Hanoi,31500
S04490,Da Nang Sports Complex 4490,Da Nang,72500
S04491,Nha Trang Park 4491,Nha Trang,58500
S04492,Binh Duong Arena 4492,Binh Duong,77500
S04493,Ho Chi Minh City Sports Complex 4493,Ho Chi Minh City,24500
S04494,Hai Phong Dome 4494,Hai Phong,53500
S04495,Ho Chi Minh City Sports Complex 4495,Ho Chi Minh City,29500
S04496,Hanoi Dome 4496,Hanoi,76000
S04497,Can Tho Arena 4497,Can Tho,68000
S04498,Hue Dome 4498,Hue,41000
S04499,Ho Chi Minh City Sports Complex 4499,Ho Chi Minh City,75500
S04500,Nha Trang Park 4500,Nha Trang,35500
S04501,Da Nang Park 4501,Da Nang,43500
S04502,Can Tho Park 4502,Can Tho,24000
S04503,Hai Phong Sports Complex 4503,Hai Phong,24000
S04504,Hue Park 4504,Hue,28000
S04505,Nha Trang Sports Complex 4505,Nha Trang,20500
S04506,Nha Trang Park 4506,Nha Trang,76000
S04507,Quy Nhon Park 4507,Quy Nhon,27000
S04508,Hue Dome 4508,Hue,21500
S04509,Da Nang Park 4509,Da Nang,44000
S04510,Can Tho Park 4510,Can Tho,76500
S04511,Can Tho Dome 4511,Can Tho,38000
S04512,Hue Dome 4512,Hue,42500
S04513,Hue Dome 4513,Hue,17000
S04514,Binh Duong National Stadium 4514,Binh Duong,78000
S04515,Hue National Stadium 4515,Hue,64500
S04516,Da Nang Park 4516,Da Nang,74500
S04517,Nha Trang Arena 4517,Nha Trang,53000
S04518,Binh Duong Sports Complex 4518,Binh Duong,23500
S04519,Nam Dinh Park 4519,Nam Dinh,74000
S04520,Nam Dinh Sports Complex 4520,Nam Dinh,18500
S04521,Hue Arena 4521,Hue,41500
S04522,Hanoi Dome 4522,Hanoi,68000
S04523,Binh Duong Dome 4523,Binh Duong,70000
S04524,Hanoi National Stadium 4524,Hanoi,18500
S04525,Nha Trang National Stadium 4525,Nha Trang,37000
S04526,Nam Dinh National Stadium 4526,Nam Dinh,69000
S04527,Nha Trang Park 4527,Nha Trang,46500
S04528,Can Tho National Stadium 4528,Can Tho,23000
S04529,Nam Dinh Park 4529,Nam Dinh,63500
S04530,Hanoi Arena 4530,Hanoi,49000
S04531,Da Nang Park 4531,Da Nang,63500
S04532,Quy Nhon Arena 4532,Quy Nhon,29500
S04533,Da Nang Sports Complex 4533,Da Nang,56000
S04534,Nha Trang National Stadium 4534,Nha Trang,68000
S04535,Quy Nhon Park 4535,Quy Nhon,60000
S04536,Hai Phong National Stadium 4536,Hai Phong,19500
S04537,Hanoi Arena 4537,Hanoi,54500
S04538,Ho Chi Minh City Park 4538,Ho Chi Minh City,21500
S04539,Hai Phong Arena 4539,Hai Phong,22000
S04540,Quy Nhon National Stadium 4540,Quy Nhon,69500
S04541,Binh Duong Dome 4541,Binh Duong,40500
S04542,Hanoi National Stadium 4542,Hanoi,34500
S04543,Hue Dome 4543,Hue,79500
S04544,Da Nang Arena 4544,Da Nang,70000
S04545,Binh Duong Sports Complex 4545,Binh Duong,69000
S04546,Nam Dinh Dome 4546,Nam Dinh,71500
S04547,Nam Dinh National Stadium 4547,Nam Dinh,43500
S04548,Da Nang National Stadium 4548,Da Nang,27000
S04549,Da Nang Arena 4549,Da Nang,26000
S04550,Binh Duong Park 4550,Binh Duong,28000
S04551,Quy Nhon Dome 4551,Quy Nhon,34000
S04552,Nha Trang National Stadium 4552,Nha Trang,78000
S04553,Nam Dinh Dome 4553,Nam Dinh,39000
S04554,Nha Trang Dome 4554,Nha Trang,40500
S04555,Ho Chi Minh City Dome 4555,Ho Chi Minh City,42500
S04556,Hue Arena 4556,Hue,17000
S04557,Nha Trang Dome 4557,Nha Trang,23000
S04558,Nam Dinh Dome 4558,Nam Dinh,15500
S04559,Nam Dinh Sports Complex 4559,Nam Dinh,17000
S04560,Nam Dinh Dome 4560,Nam Dinh,18000
S04561,Can Tho Arena 4561,Can Tho,45500
S04562,Quy Nhon Sports Complex 4562,Quy Nhon,15500
S04563,Da Nang Sports Complex 4563,Da Nang,48000
S04564,Binh Duong Arena 4564,Binh Duong,38000
S04565,Binh Duong Dome 4565,Binh Duong,48500
S04566,Ho Chi Minh City Arena 4566,Ho Chi Minh City,58000
S04567,Da Nang Sports Complex 4567,Da Nang,58000
S04568,Nam Dinh Sports Complex 4568,Nam Dinh,45000
S04569,Da Nang Sports Complex 4569,Da Nang,66500
S04570,Nha Trang Dome 4570,Nha Trang,19500
S04571,Quy Nhon Dome 4571,Quy Nhon,78000
S04572,Quy Nhon Park 4572,Quy Nhon,58000
S04573,Da Nang Park 4573,Da Nang,61500
S04574,Binh Duong Park 4574,Binh Duong,32000
S04575,Da Nang Sports Complex 4575,Da Nang,53500
S04576,Nam Dinh Sports Complex 4576,Nam Dinh,53500
S04577,Nam Dinh Dome 4577,Nam Dinh,19500
S04578,Hanoi National Stadium 4578,Hanoi,71000
S04579,Da Nang Arena 4579,Da Nang,21500
S04580,Ho Chi Minh City Dome 4580,Ho Chi Minh City,76000
S04581,Quy Nhon Sports Complex 4581,Quy Nhon,65000
S04582,Hai Phong Arena 4582,Hai Phong,22000
S04583,Da Nang Dome 4583,Da Nang,64500
S04584,Hue National Stadium 4584,Hue,19000
S04585,Nam Dinh Sports Complex 4585,Nam Dinh,22500
S04586,Hanoi National Stadium 4586,Hanoi,44000
S04587,Can Tho Park 4587,Can Tho,56500
S04588,Hanoi Arena 4588,Hanoi,36000
S04589,Ho Chi Minh City Dome 4589,Ho Chi Minh City,39500
S04590,Da Nang Park 4590,Da Nang,51500
S04591,Hai Phong Arena 4591,Hai Phong,31500
S04592,Quy Nhon Dome 4592,Quy Nhon,59500
S04593,Nha Trang Arena 4593,Nha Trang,28000
S04594,Da Nang Dome 4594,Da Nang,68500
S04595,Binh Duong Arena 4595,Binh Duong,20500
S04596,Nam Dinh National Stadium 4596,Nam Dinh,56000
S04597,Ho Chi Minh City Arena 4597,Ho Chi Minh City,17000
S04598,Da Nang National Stadium 4598,Da Nang,38500
S04599,Hue Park 4599,Hue,51000
S04600,Ho Chi Minh City Sports Complex 4600,Ho Chi Minh City,27000
S04601,Binh Duong Dome 4601,Binh Duong,27500
S04602,Hai Phong Park 4602,Hai Phong,69000
S04603,Quy Nhon Park 4603,Quy Nhon,38000
S04604,Can Tho Park 4604,Can Tho,74000
S04605,Binh Duong Arena 4605,Binh Duong,67500
S04606,Ho Chi Minh City Dome 4606,Ho Chi Minh City,43000
S04607,Hue National Stadium 4607,Hue,52500
S04608,Ho Chi Minh City Arena 4608,Ho Chi Minh City,66500
S04609,Binh Duong Sports Complex 4609,Binh Duong,21500
S04610,Ho Chi Minh City Dome 4610,Ho Chi Minh City,30000
S04611,Hanoi Park 4611,Hanoi,50500
S04612,Can Tho National Stadium 4612,Can Tho,29500
S04613,Nha Trang Sports Complex 4613,Nha Trang,40500
S04614,Can Tho National Stadium 4614,Can Tho,72000
S04615,Da Nang Sports Complex 4615,Da Nang,20000
S04616,Binh Duong Park 4616,Binh Duong,31000
S04617,Binh Duong Park 4617,Binh Duong,48000
S04618,Nha Trang Dome 4618,Nha Trang,55500
S04619,Hanoi Park 4619,Hanoi,60500
S04620,Ho Chi Minh City Park 4620,Ho Chi Minh City,46000
S04621,Nha Trang National Stadium 4621,Nha Trang,17000
S04622,Can Tho Dome 4622,Can Tho,32000
S04623,Hai Phong Sports Complex 4623,Hai Phong,73000
S04624,Hanoi Arena 4624,Hanoi,28500
S04625,Binh Duong Sports Complex 4625,Binh Duong,75500
S04626,Hanoi Arena 4626,Hanoi,47500
S04627,Ho Chi Minh City Park 4627,Ho Chi Minh City,74500
S04628,Nam Dinh National Stadium 4628,Nam Dinh,37500
S04629,Ho Chi Minh City Dome 4629,Ho Chi Minh City,54000
S04630,Nam Dinh National Stadium 4630,Nam Dinh,73000
S04631,Binh Duong Dome 4631,Binh Duong,77000
S04632,Da Nang Sports Complex 4632,Da Nang,62500
S04633,Hanoi National Stadium 4633,Hanoi,17500
S04634,Quy Nhon Park 4634,Quy Nhon,30000
S04635,Can Tho Dome 4635,Can Tho,46500
S04636,Nha Trang Arena 4636,Nha Trang,16500
S04637,Hanoi National Stadium 4637,Hanoi,65500
S04638,Hai Phong Park 4638,Hai Phong,55000
S04639,Hue National Stadium 4639,Hue,51000
S04640,Quy Nhon National Stadium 4640,Quy Nhon,40500
S04641,Hue Arena 4641,Hue,43000
S04642,Hue Park 4642,Hue,24000
S04643,Ho Chi Minh City Dome 4643,Ho Chi Minh City,22500
S04644,Nam Dinh Sports Complex 4644,Nam Dinh,38000
S04645,Hai Phong Sports Complex 4645,Hai Phong,43500
S04646,Hanoi Arena 4646,Hanoi,30000
S04647,Ho Chi Minh City Park 4647,Ho Chi Minh City,15500
S04648,Hai Phong Dome 4648,Hai Phong,64000
S04649,Binh Duong Park 4649,Binh Duong,18000
S04650,Hanoi Arena 4650,Hanoi,68500
S04651,Hanoi National Stadium 4651,Hanoi,18500
S04652,Da Nang Dome 4652,Da Nang,27000
S04653,Nha Trang National Stadium 4653,Nha Trang,35500
S04654,Can Tho Park 4654,Can Tho,58000
S04655,Hai Phong Sports Complex 4655,Hai Phong,23500
S04656,Nam Dinh Dome 4656,Nam Dinh,46500
S04657,Ho Chi Minh City National Stadium 4657,Ho Chi Minh City,20000
S04658,Nha Trang Park 4658,Nha Trang,28500
S04659,Quy Nhon Sports Complex 4659,Quy Nhon,74000
S04660,Hai Phong Dome 4660,Hai Phong,61500
S04661,Nha Trang Sports Complex 4661,Nha Trang,66000
S04662,Binh Duong Sports Complex 4662,Binh Duong,72000
S04663,Hai Phong Park 4663,Hai Phong,73500
S04664,Nha Trang Sports Complex 4664,Nha Trang,60500
S04665,Binh Duong Park 4665,Binh Duong,22000
S04666,Hanoi Sports Complex 4666,Hanoi,74000
S04667,Hue Park 4667,Hue,47000
S04668,Nha Trang National Stadium 4668,Nha Trang,28500
S04669,Da Nang Park 4669,Da Nang,30000
S04670,Nha Trang Park 4670,Nha Trang,29000
S04671,Ho Chi Minh City Sports Complex 4671,Ho Chi Minh City,62500
S04672,Da Nang National Stadium 4672,Da Nang,79000
S04673,Hai Phong Dome 4673,Hai Phong,57500
S04674,Quy Nhon National Stadium 4674,Quy Nhon,16500
S04675,Quy Nhon National Stadium 4675,Quy Nhon,32500
S04676,Nha Trang Park 4676,Nha Trang,40000
S04677,Nha Trang National Stadium 4677,Nha Trang,19000
S04678,Nha Trang Park 4678,Nha Trang,40000
S04679,Quy Nhon National Stadium 4679,Quy Nhon,71500
S04680,Hue Dome 4680,Hue,44000
S04681,Hanoi Arena 4681,Hanoi,28500
S04682,Hue Arena 4682,Hue,58000
S04683,Hue Park 4683,Hue,18500
S04684,Nha Trang National Stadium 4684,Nha Trang,50500
S04685,Can Tho National Stadium 4685,Can Tho,74500
S04686,Nam Dinh Sports Complex 4686,Nam Dinh,75500
S04687,Nha Trang Park 4687,Nha Trang,29000
S04688,Hanoi Sports Complex 4688,Hanoi,62500
S04689,Nam Dinh Dome 4689,Nam Dinh,71500
S04690,Hue National Stadium 4690,Hue,68000
S04691,Ho Chi Minh City Park 4691,Ho Chi Minh City,40500
S04692,Nha Trang Park 4692,Nha Trang,45500
S04693,Hue Park 4693,Hue,62000
S04694,Nam Dinh Park 4694,Nam Dinh,32000
S04695,Da Nang Dome 4695,Da Nang,45500
S04696,Hai Phong Arena 4696,Hai Phong,74500
S04697,Hanoi Sports Complex 4697,Hanoi,67500
S04698,Nha Trang National Stadium 4698,Nha Trang,31500
S04699,Binh Duong Sports Complex 4699,Binh Duong,37000
S04700,Nam Dinh Dome 4700,Nam Dinh,17500
S04701,Nam Dinh Sports Complex 4701,Nam Dinh,38500
S04702,Nha Trang Sports Complex 4702,Nha Trang,66500
S04703,Nam Dinh National Stadium 4703,Nam Dinh,23000
S04704,Nha Trang Park 4704,Nha Trang,58500
S04705,Can Tho Sports Complex 4705,Can Tho,70500
S04706,Da Nang Dome 4706,Da Nang,45500
S04707,Hanoi Dome 4707,Hanoi,15500
S04708,Quy Nhon National Stadium 4708,Quy Nhon,78500
S04709,Can Tho Dome 4709,Can Tho,57000
S04710,Binh Duong Arena 4710,Binh Duong,42000
S04711,Hanoi Park 4711,Hanoi,76500
S04712,Ho Chi Minh City Sports Complex 4712,Ho Chi Minh City,74000
S04713,Nam Dinh Park 4713,Nam Dinh,35500
S04714,Ho Chi Minh City Dome 4714,Ho Chi Minh City,27000
S04715,Nha Trang Sports Complex 4715,Nha Trang,32000
S04716,Quy Nhon Arena 4716,Quy Nhon,30000
S04717,Da Nang Arena 4717,Da Nang,72000
S04718,Nam Dinh National Stadium 4718,Nam Dinh,30000
S04719,Ho Chi Minh City National Stadium 4719,Ho Chi Minh City,27000
S04720,Binh Duong Dome 4720,Binh Duong,53000
S04721,Can Tho National Stadium 4721,Can Tho,51500
S04722,Hai Phong National Stadium 4722,Hai Phong,77500
S04723,Nha Trang Sports Complex 4723,Nha Trang,16000
S04724,Can Tho Park 4724,Can Tho,62000
S04725,Hanoi Park 4725,Hanoi,30500
S04726,Can Tho National Stadium 4726,Can Tho,20000
S04727,Binh Duong Dome 4727,Binh Duong,22500
S04728,Binh Duong National Stadium 4728,Binh Duong,30500
S04729,Hai Phong Sports Complex 4729,Hai Phong,52500
S04730,Can Tho Dome 4730,Can Tho,19500
S04731,Hue Sports Complex 4731,Hue,24500
S04732,Hanoi Sports Complex 4732,Hanoi,55000
S04733,Can Tho Sports Complex 4733,Can Tho,79000
S04734,Hue Sports Complex 4734,Hue,46000
S04735,Nha Trang Park 4735,Nha Trang,17000
S04736,Da Nang Sports Complex 4736,Da Nang,18000
S04737,Nha Trang Arena 4737,Nha Trang,75000
S04738,Nam Dinh National Stadium 4738,Nam Dinh,22000
S04739,Nam Dinh Arena 4739,Nam Dinh,68000
S04740,Can Tho Park 4740,Can Tho,62000
S04741,Binh Duong Park 4741,Binh Duong,61500
S04742,Can Tho Arena 4742,Can Tho,40000
S04743,Nam Dinh National Stadium 4743,Nam Dinh,58000
S04744,Da Nang Dome 4744,Da Nang,65000
S04745,Ho Chi Minh City National Stadium 4745,Ho Chi Minh City,78000
S04746,Hai Phong Park 4746,Hai Phong,48000
S04747,Nam Dinh Park 4747,Nam Dinh,63000
S04748,Hue Park 4748,Hue,63000
S04749,Ho Chi Minh City Park 4749,Ho Chi Minh City,67500
S04750,Hanoi Park 4750,Hanoi,46000
S04751,Binh Duong Park 4751,Binh Duong,44000
S04752,Can Tho Sports Complex 4752,Can Tho,28000
S04753,Nam Dinh Sports Complex 4753,Nam Dinh,74500
S04754,Hai Phong Sports Complex 4754,Hai Phong,31000
S04755,Can Tho Arena 4755,Can Tho,45000
S04756,Can Tho National Stadium 4756,Can Tho,60500
S04757,Hai Phong Dome 4757,Hai Phong,63000
S04758,Hue Sports Complex 4758,Hue,20000
S04759,Can Tho Park 4759,Can Tho,48000
S04760,Ho Chi Minh City Sports Complex 4760,Ho Chi Minh City,58000
S04761,Quy Nhon Park 4761,Quy Nhon,30000
S04762,Quy Nhon Dome 4762,Quy Nhon,30000
S04763,Nam Dinh Arena 4763,Nam Dinh,75500
S04764,Binh Duong Arena 4764,Binh Duong,66000
S04765,Hue Park 4765,Hue,58500
S04766,Da Nang Park 4766,Da Nang,32000
S04767,Nha Trang Sports Complex 4767,Nha Trang,35500
S04768,Ho Chi Minh City National Stadium 4768,Ho Chi Minh City,42000
S04769,Hue Park 4769,Hue,79500
S04770,Da Nang Park 4770,Da Nang,47500
S04771,Hai Phong Arena 4771,Hai Phong,72500
S04772,Quy Nhon National Stadium 4772,Quy Nhon,26000
S04773,Ho Chi Minh City Dome 4773,Ho Chi Minh City,32500
S04774,Binh Duong Dome 4774,Binh Duong,63500
S04775,Ho Chi Minh City Arena 4775,Ho Chi Minh City,72000
S04776,Hanoi Dome 4776,Hanoi,16500
S04777,Da Nang National Stadium 4777,Da Nang,23500
S04778,Binh Duong Park 4778,Binh Duong,75000
S04779,Hue Dome 4779,Hue,38000
S04780,Da Nang Dome 4780,Da Nang,60500
S04781,Binh Duong Arena 4781,Binh Duong,61500
S04782,Nha Trang National Stadium 4782,Nha Trang,37000
S04783,Can Tho Park 4783,Can Tho,55000
S04784,Nam Dinh National Stadium 4784,Nam Dinh,62500
S04785,Hanoi National Stadium 4785,Hanoi,63500
S04786,Can Tho Dome 4786,Can Tho,74500
S04787,Hue Dome 4787,Hue,63500
S04788,Hue Sports Complex 4788,Hue,64500
S04789,Quy Nhon Arena 4789,Quy Nhon,63000
S04790,Da Nang Park 4790,Da Nang,75000
S04791,Binh Duong National Stadium 4791,Binh Duong,25000
S04792,Hanoi Park 4792,Hanoi,54000
S04793,Can Tho Dome 4793,Can Tho,40000
S04794,Can Tho Dome 4794,Can Tho,26500
S04795,Binh Duong Park 4795,Binh Duong,33500
S04796,Ho Chi Minh City Arena 4796,Ho Chi Minh City,34500
S04797,Quy Nhon Sports Complex 4797,Quy Nhon,18000
S04798,Nam Dinh Park 4798,Nam Dinh,74000
S04799,Binh Duong Park 4799,Binh Duong,48500
S04800,Hue Sports Complex 4800,Hue,36000
S04801,Hue Sports Complex 4801,Hue,64500
S04802,Da Nang Arena 4802,Da Nang,17500
S04803,Hai Phong Dome 4803,Hai Phong,49000
S04804,Nha Trang Park 4804,Nha Trang,72500
S04805,Nam Dinh Sports Complex 4805,Nam Dinh,21500
S04806,Can Tho Sports Complex 4806,Can Tho,26000
S04807,Ho Chi Minh City Sports Complex 4807,Ho Chi Minh City,33000
S04808,Quy Nhon Dome 4808,Quy Nhon,29500
S04809,Da Nang Sports Complex 4809,Da Nang,76500
S04810,Nha Trang Park 4810,Nha Trang,64500
S04811,Ho Chi Minh City Arena 4811,Ho Chi Minh City,58500
S04812,Nha Trang Arena 4812,Nha Trang,21500
S04813,Hai Phong Park 4813,Hai Phong,70000
S04814,Binh Duong Arena 4814,Binh Duong,17000
S04815,Nam Dinh National Stadium 4815,Nam Dinh,78000
S04816,Binh Duong Park 4816,Binh Duong,67500
S04817,Hai Phong National Stadium 4817,Hai Phong,47000
S04818,Hanoi Sports Complex 4818,Hanoi,28500
S04819,Nha Trang Park 4819,Nha Trang,43000
S04820,Quy Nhon Park 4820,Quy Nhon,23500
S04821,Quy Nhon Sports Complex 4821,Quy Nhon,75000
S04822,Ho Chi Minh City National Stadium 4822,Ho Chi Minh City,44000
S04823,Hue Dome 4823,Hue,32000
S04824,Ho Chi Minh City Arena 4824,Ho Chi Minh City,33000
S04825,Ho Chi Minh City Sports Complex 4825,Ho Chi Minh City,67500
S04826,Ho Chi Minh City Arena 4826,Ho Chi Minh City,62500
S04827,Ho Chi Minh City Sports Complex 4827,Ho Chi Minh City,25500
S04828,Binh Duong Sports Complex 4828,Binh Duong,33000
S04829,Quy Nhon Park 4829,Quy Nhon,59000
S04830,Ho Chi Minh City Sports Complex 4830,Ho Chi Minh City,73500
S04831,Hanoi Dome 4831,Hanoi,21500
S04832,Binh Duong Sports Complex 4832,Binh Duong,27500
S04833,Binh Duong National Stadium 4833,Binh Duong,77000
S04834,Hanoi Arena 4834,Hanoi,24000
S04835,Nam Dinh Dome 4835,Nam Dinh,72000
S04836,Hai Phong Arena 4836,Hai Phong,32500
S04837,Quy Nhon Arena 4837,Quy Nhon,47000
S04838,Da Nang Dome 4838,Da Nang,33500
S04839,Da Nang Arena 4839,Da Nang,56500
S04840,Ho Chi Minh City Park 4840,Ho Chi Minh City,71000
S04841,Hai Phong National Stadium 4841,Hai Phong,43500
S04842,Ho Chi Minh City Dome 4842,Ho Chi Minh City,51500
S04843,Nam Dinh Arena 4843,Nam Dinh,61500
S04844,Da Nang National Stadium 4844,Da Nang,42500
S04845,Nha Trang Park 4845,Nha Trang,40000
S04846,Nam Dinh Arena 4846,Nam Dinh,57000
S04847,Can Tho Dome 4847,Can Tho,50000
S04848,Da Nang Sports Complex 4848,Da Nang,70000
S04849,Hai Phong Sports Complex 4849,Hai Phong,59000
S04850,Quy Nhon Dome 4850,Quy Nhon,67000
S04851,Hue Park 4851,Hue,38500
S04852,Binh Duong Dome 4852,Binh Duong,34500
S04853,Ho Chi Minh City Arena 4853,Ho Chi Minh City,22500
S04854,Nha Trang Dome 4854,Nha Trang,78500
S04855,Quy Nhon Sports Complex 4855,Quy Nhon,31000
S04856,Hue National Stadium 4856,Hue,26500
S04857,Quy Nhon Sports Complex 4857,Quy Nhon,58500
S04858,Ho Chi Minh City Sports Complex 4858,Ho Chi Minh City,60500
S04859,Hue Arena 4859,Hue,65500
S04860,Quy Nhon Dome 4860,Quy Nhon,54500
S04861,Hue Arena 4861,Hue,17000
S04862,Nha Trang Sports Complex 4862,Nha Trang,48500
S04863,Hai Phong Dome 4863,Hai Phong,19000
S04864,Binh Duong Sports Complex 4864,Binh Duong,32000
S04865,Can Tho Dome 4865,Can Tho,40500
S04866,Quy Nhon Dome 4866,Quy Nhon,41000
S04867,Nha Trang National Stadium 4867,Nha Trang,32500
S04868,Quy Nhon Arena 4868,Quy Nhon,37500
S04869,Hanoi Sports Complex 4869,Hanoi,44500
S04870,Hue Arena 4870,Hue,52500
S04871,Da Nang Park 4871,Da Nang,28500
S04872,Ho Chi Minh City Park 4872,Ho Chi Minh City,55000
S04873,Can Tho Arena 4873,Can Tho,54500
S04874,Binh Duong National Stadium 4874,Binh Duong,77500
S04875,Hanoi Dome 4875,Hanoi,21000
S04876,Can Tho Sports Complex 4876,Can Tho,65500
S04877,Binh Duong National Stadium 4877,Binh Duong,58000
S04878,Hanoi Park 4878,Hanoi,29000
S04879,Can Tho Park 4879,Can Tho,28000
S04880,Da Nang Park 4880,Da Nang,41000
S04881,Hai Phong Sports Complex 4881,Hai Phong,67500
S04882,Da Nang Sports Complex 4882,Da Nang,36500
S04883,Hue Arena 4883,Hue,51000
S04884,Hai Phong National Stadium 4884,Hai Phong,17500
S04885,Hanoi Park 4885,Hanoi,21500
S04886,Binh Duong Dome 4886,Binh Duong,67000
S04887,Quy Nhon National Stadium 4887,Quy Nhon,25500
S04888,Nha Trang Sports Complex 4888,Nha Trang,16500
S04889,Hai Phong Arena 4889,Hai Phong,17000
S04890,Nha Trang National Stadium 4890,Nha Trang,68500
S04891,Hue Dome 4891,Hue,23500
S04892,Nha Trang National Stadium 4892,Nha Trang,20000
S04893,Ho Chi Minh City Park 4893,Ho Chi Minh City,62500
S04894,Hue National Stadium 4894,Hue,16000
S04895,Binh Duong Park 4895,Binh Duong,75000
S04896,Da Nang National Stadium 4896,Da Nang,63000
S04897,Nam Dinh Dome 4897,Nam Dinh,27500
S04898,Nam Dinh Sports Complex 4898,Nam Dinh,66500
S04899,Can Tho Dome 4899,Can Tho,48500
S04900,Hanoi Sports Complex 4900,Hanoi,33000
S04901,Quy Nhon Arena 4901,Quy Nhon,21500
S04902,Nha Trang Park 4902,Nha Trang,46000
S04903,Hue Sports Complex 4903,Hue,43000
S04904,Ho Chi Minh City Arena 4904,Ho Chi Minh City,78500
S04905,Hue Park 4905,Hue,33500
S04906,Quy Nhon Sports Complex 4906,Quy Nhon,74500
S04907,Binh Duong Park 4907,Binh Duong,31000
S04908,Hue National Stadium 4908,Hue,47500
S04909,Hue Sports Complex 4909,Hue,65000
S04910,Binh Duong National Stadium 4910,Binh Duong,44500
S04911,Hai Phong Park 4911,Hai Phong,79000
S04912,Hanoi Dome 4912,Hanoi,65500
S04913,Hai Phong Dome 4913,Hai Phong,39000
S04914,Quy Nhon Park 4914,Quy Nhon,22000
S04915,Nha Trang Sports Complex 4915,Nha Trang,24500
S04916,Ho Chi Minh City National Stadium 4916,Ho Chi Minh City,52000
S04917,Da Nang Arena 4917,Da Nang,71500
S04918,Quy Nhon Park 4918,Quy Nhon,31500
S04919,Ho Chi Minh City Arena 4919,Ho Chi Minh City,41500
S04920,Nam Dinh Dome 4920,Nam Dinh,49500
S04921,Nam Dinh Arena 4921,Nam Dinh,19000
S04922,Quy Nhon Sports Complex 4922,Quy Nhon,42000
S04923,Nha Trang Sports Complex 4923,Nha Trang,69500
S04924,Da Nang National Stadium 4924,Da Nang,36000
S04925,Nam Dinh Park 4925,Nam Dinh,41500
S04926,Hanoi Sports Complex 4926,Hanoi,60000
S04927,Hai Phong Park 4927,Hai Phong,67000
S04928,Quy Nhon Park 4928,Quy Nhon,48000
S04929,Can Tho Arena 4929,Can Tho,36000
S04930,Quy Nhon Dome 4930,Quy Nhon,48500
S04931,Binh Duong National Stadium 4931,Binh Duong,75500
S04932,Ho Chi Minh City Dome 4932,Ho Chi Minh City,61000
S04933,Ho Chi Minh City Dome 4933,Ho Chi Minh City,23500
S04934,Hanoi Arena 4934,Hanoi,49000
S04935,Ho Chi Minh City Arena 4935,Ho Chi Minh City,28000
S04936,Quy Nhon National Stadium 4936,Quy Nhon,17500
S04937,Hue Dome 4937,Hue,26000
S04938,Binh Duong Dome 4938,Binh Duong,24000
S04939,Binh Duong Dome 4939,Binh Duong,41000
S04940,Hanoi Sports Complex 4940,Hanoi,22500
S04941,Hue Sports Complex 4941,Hue,62000
S04942,Nha Trang Park 4942,Nha Trang,36000
S04943,Nam Dinh Sports Complex 4943,Nam Dinh,52000
S04944,Da Nang Arena 4944,Da Nang,34000
S04945,Binh Duong Arena 4945,Binh Duong,67500
S04946,Nam Dinh Sports Complex 4946,Nam Dinh,49000
S04947,Nam Dinh Sports Complex 4947,Nam Dinh,46000
S04948,Quy Nhon Arena 4948,Quy Nhon,76500
S04949,Can Tho Arena 4949,Can Tho,26000
S04950,Binh Duong Dome 4950,Binh Duong,15500
S04951,Can Tho Dome 4951,Can Tho,26500
S04952,Da Nang Dome 4952,Da Nang,19500
S04953,Hanoi Sports Complex 4953,Hanoi,61000
S04954,Hai Phong Arena 4954,Hai Phong,60500
S04955,Ho Chi Minh City Park 4955,Ho Chi Minh City,45000
S04956,Can Tho National Stadium 4956,Can Tho,19000
S04957,Nam Dinh Dome 4957,Nam Dinh,54000
S04958,Da Nang National Stadium 4958,Da Nang,38000
S04959,Binh Duong Arena 4959,Binh Duong,37500
S04960,Hanoi Arena 4960,Hanoi,33000
S04961,Nha Trang Dome 4961,Nha Trang,53500
S04962,Nha Trang Sports Complex 4962,Nha Trang,56000
S04963,Hue Sports Complex 4963,Hue,52000
S04964,Binh Duong Arena 4964,Binh Duong,20000
S04965,Nam Dinh Arena 4965,Nam Dinh,21500
S04966,Hai Phong Sports Complex 4966,Hai Phong,26500
S04967,Nha Trang Park 4967,Nha Trang,21500
S04968,Da Nang Park 4968,Da Nang,53500
S04969,Hue Sports Complex 4969,Hue,52500
S04970,Nam Dinh Park 4970,Nam Dinh,33000
S04971,Nam Dinh Dome 4971,Nam Dinh,28500
S04972,Da Nang National Stadium 4972,Da Nang,66500
S04973,Hai Phong Arena 4973,Hai Phong,21000
S04974,Nam Dinh Arena 4974,Nam Dinh,24500
S04975,Da Nang Dome 4975,Da Nang,72500
S04976,Hanoi Sports Complex 4976,Hanoi,20000
S04977,Hanoi Arena 4977,Hanoi,48500
S04978,Quy Nhon Dome 4978,Quy Nhon,58500
S04979,Quy Nhon Sports Complex 4979,Quy Nhon,35000
S04980,Binh Duong National Stadium 4980,Binh Duong,31000
S04981,Binh Duong Dome 4981,Binh Duong,39500
S04982,Hue Dome 4982,Hue,38500
S04983,Nha Trang Park 4983,Nha Trang,36000
S04984,Binh Duong National Stadium 4984,Binh Duong,73000
S04985,Nam Dinh Arena 4985,Nam Dinh,77500
S04986,Da Nang Sports Complex 4986,Da Nang,61500
S04987,Da Nang Dome 4987,Da Nang,51500
S04988,Quy Nhon Dome 4988,Quy Nhon,60500
S04989,Nha Trang National Stadium 4989,Nha Trang,51500
S04990,Hue Sports Complex 4990,Hue,26500
S04991,Hanoi Sports Complex 4991,Hanoi,71000
S04992,Quy Nhon Sports Complex 4992,Quy Nhon,62500
S04993,Hue Arena 4993,Hue,55500
S04994,Binh Duong Arena 4994,Binh Duong,40000
S04995,Can Tho Arena 4995,Can Tho,76000
S04996,Hanoi Arena 4996,Hanoi,44000
S04997,Can Tho Park 4997,Can Tho,28000
S04998,Hanoi Park 4998,Hanoi,35500
S04999,Can Tho National Stadium 4999,Can Tho,74500
S05000,Can Tho Sports Complex 5000,Can Tho,48000
S05001,Hanoi Park 5001,Hanoi,33000
S05002,Hanoi Sports Complex 5002,Hanoi,57000
S05003,Quy Nhon Dome 5003,Quy Nhon,18000
S05004,Nha Trang Sports Complex 5004,Nha Trang,56000
S05005,Hanoi Park 5005,Hanoi,69000
S05006,Hanoi Dome 5006,Hanoi,55000
S05007,Quy Nhon Dome 5007,Quy Nhon,26500
S05008,Quy Nhon Park 5008,Quy Nhon,68000
S05009,Ho Chi Minh City National Stadium 5009,Ho Chi Minh City,39000
S05010,Hanoi Park 5010,Hanoi,73500
S05011,Da Nang Arena 5011,Da Nang,72000
S05012,Da Nang National Stadium 5012,Da Nang,42500
S05013,Ho Chi Minh City National Stadium 5013,Ho Chi Minh City,44000
S05014,Hanoi Sports Complex 5014,Hanoi,21500
S05015,Binh Duong Sports Complex 5015,Binh Duong,79500
S05016,Hai Phong Park 5016,Hai Phong,63500
S05017,Hanoi Sports Complex 5017,Hanoi,70000
S05018,Can Tho Arena 5018,Can Tho,74500
S05019,Nam Dinh Sports Complex 5019,Nam Dinh,49000
S05020,Hanoi Dome 5020,Hanoi,42500
S05021,Hanoi National Stadium 5021,Hanoi,27500
S05022,Binh Duong Arena 5022,Binh Duong,63000
S05023,Nha Trang National Stadium 5023,Nha Trang,26500
S05024,Quy Nhon National Stadium 5024,Quy Nhon,33000
S05025,Nam Dinh Arena 5025,Nam Dinh,60000
S05026,Binh Duong Dome 5026,Binh Duong,26500
S05027,Hanoi Sports Complex 5027,Hanoi,33000
S05028,Binh Duong Sports Complex 5028,Binh Duong,22500
S05029,Can Tho Dome 5029,Can Tho,52000
S05030,Ho Chi Minh City Park 5030,Ho Chi Minh City,76000
S05031,Quy Nhon National Stadium 5031,Quy Nhon,22500
S05032,Ho Chi Minh City Arena 5032,Ho Chi Minh City,63000
S05033,Ho Chi Minh City Arena 5033,Ho Chi Minh City,36000
S05034,Nam Dinh National Stadium 5034,Nam Dinh,65000
S05035,Da Nang National Stadium 5035,Da Nang,29500
S05036,Can Tho Dome 5036,Can Tho,20500
S05037,Hai Phong Sports Complex 5037,Hai Phong,70000
S05038,Hai Phong Arena 5038,Hai Phong,35500
S05039,Hanoi Dome 5039,Hanoi,61500
S05040,Nha Trang Arena 5040,Nha Trang,33500
S05041,Da Nang Park 5041,Da Nang,35500
S05042,Hue Arena 5042,Hue,69500
S05043,Hai Phong Sports Complex 5043,Hai Phong,73000
S05044,Hai Phong Arena 5044,Hai Phong,79000
S05045,Nha Trang Sports Complex 5045,Nha Trang,60500
S05046,Quy Nhon Sports Complex 5046,Quy Nhon,21000
S05047,Quy Nhon Sports Complex 5047,Quy Nhon,53000
S05048,Can Tho Sports Complex 5048,Can Tho,65500
S05049,Binh Duong Dome 5049,Binh Duong,69500
S05050,Da Nang National Stadium 5050,Da Nang,77000
S05051,Nam Dinh Dome 5051,Nam Dinh,25000
S05052,Binh Duong Park 5052,Binh Duong,29000
S05053,Hue Sports Complex 5053,Hue,57500
S05054,Nha Trang Arena 5054,Nha Trang,37500
S05055,Binh Duong Park 5055,Binh Duong,69500
S05056,Nha Trang National Stadium 5056,Nha Trang,48500
S05057,Hai Phong Sports Complex 5057,Hai Phong,29500
S05058,Quy Nhon Sports Complex 5058,Quy Nhon,17000
S05059,Ho Chi Minh City Park 5059,Ho Chi Minh City,58000
S05060,Da Nang Dome 5060,Da Nang,24000
S05061,Quy Nhon Park 5061,Quy Nhon,36000
S05062,Can Tho Park 5062,Can Tho,40000
S05063,Nam Dinh National Stadium 5063,Nam Dinh,36000
S05064,Ho Chi Minh City Sports Complex 5064,Ho Chi Minh City,72000
S05065,Hanoi Arena 5065,Hanoi,42500
S05066,Quy Nhon Sports Complex 5066,Quy Nhon,37000
S05067,Ho Chi Minh City Arena 5067,Ho Chi Minh City,75000
S05068,Can Tho Sports Complex 5068,Can Tho,25500
S05069,Quy Nhon Park 5069,Quy Nhon,27000
S05070,Hanoi Dome 5070,Hanoi,68000
S05071,Nam Dinh Dome 5071,Nam Dinh,54000
S05072,Nam Dinh Dome 5072,Nam Dinh,63000
S05073,Hue Dome 5073,Hue,69500
S05074,Hai Phong Sports Complex 5074,Hai Phong,62500
S05075,Can Tho Park 5075,Can Tho,37000
S05076,Quy Nhon Dome 5076,Quy Nhon,34500
S05077,Hanoi Arena 5077,Hanoi,65000
S05078,Binh Duong National Stadium 5078,Binh Duong,42500
S05079,Hue Sports Complex 5079,Hue,77500
S05080,Nam Dinh Dome 5080,Nam Dinh,54000
S05081,Hanoi Arena 5081,Hanoi,48500
S05082,Da Nang Sports Complex 5082,Da Nang,73000
S05083,Nam Dinh Park 5083,Nam Dinh,28000
S05084,Nam Dinh Arena 5084,Nam Dinh,23500
S05085,Can Tho National Stadium 5085,Can Tho,78500
S05086,Ho Chi Minh City Sports Complex 5086,Ho Chi Minh City,67000
S05087,Da Nang Sports Complex 5087,Da Nang,45000
S05088,Hue Arena 5088,Hue,45000
S05089,Hanoi Arena 5089,Hanoi,28000
S05090,Da Nang Sports Complex 5090,Da Nang,35000
S05091,Ho Chi Minh City Arena 5091,Ho Chi Minh City,30500
S05092,Hai Phong Dome 5092,Hai Phong,21000
S05093,Hai Phong Arena 5093,Hai Phong,60000
S05094,Binh Duong Sports Complex 5094,Binh Duong,15500
S05095,Quy Nhon Arena 5095,Quy Nhon,37500
S05096,Ho Chi Minh City Dome 5096,Ho Chi Minh City,51000
S05097,Hue Arena 5097,Hue,75000
S05098,Quy Nhon Dome 5098,Quy Nhon,69500
S05099,Quy Nhon Arena 5099,Quy Nhon,65000
S05100,Ho Chi Minh City Dome 5100,Ho Chi Minh City,23500
S05101,Can Tho Arena 5101,Can Tho,41000
S05102,Can Tho Sports Complex 5102,Can Tho,68500
S05103,Hue Park 5103,Hue,41000
S05104,Binh Duong National Stadium 5104,Binh Duong,37500
S05105,Quy Nhon Park 5105,Quy Nhon,17000
S05106,Hai Phong Park 5106,Hai Phong,26500
S05107,Hai Phong Sports Complex 5107,Hai Phong,38500
S05108,Can Tho Park 5108,Can Tho,69000
S05109,Hanoi Park 5109,Hanoi,54500
S05110,Hue National Stadium 5110,Hue,57500
S05111,Hai Phong Arena 5111,Hai Phong,48000
S05112,Hai Phong National Stadium 5112,Hai Phong,29000
S05113,Nha Trang Dome 5113,Nha Trang,21000
S05114,Can Tho Dome 5114,Can Tho,58000
S05115,Da Nang Dome 5115,Da Nang,25000
S05116,Nha Trang Sports Complex 5116,Nha Trang,40500
S05117,Quy Nhon National Stadium 5117,Quy Nhon,32000
S05118,Hue Arena 5118,Hue,25500
S05119,Hue Park 5119,Hue,69500
S05120,Ho Chi Minh City Dome 5120,Ho Chi Minh City,68000
S05121,Ho Chi Minh City Sports Complex 5121,Ho Chi Minh City,60000
S05122,Ho Chi Minh City Dome 5122,Ho Chi Minh City,67500
S05123,Hanoi Arena 5123,Hanoi,36000
S05124,Da Nang Park 5124,Da Nang,48000
S05125,Hue Dome 5125,Hue,16000
S05126,Quy Nhon Dome 5126,Quy Nhon,42500
S05127,Hanoi Sports Complex 5127,Hanoi,43000
S05128,Nha Trang National Stadium 5128,Nha Trang,54500
S05129,Quy Nhon Park 5129,Quy Nhon,39500
S05130,Quy Nhon Sports Complex 5130,Quy Nhon,70500
S05131,Binh Duong Sports Complex 5131,Binh Duong,22500
S05132,Da Nang Dome 5132,Da Nang,50000
S05133,Hue National Stadium 5133,Hue,25000
S05134,Hanoi Sports Complex 5134,Hanoi,77000
S05135,Nam Dinh Sports Complex 5135,Nam Dinh,28000
S05136,Binh Duong Park 5136,Binh Duong,62500
S05137,Quy Nhon Dome 5137,Quy Nhon,18000
S05138,Quy Nhon Sports Complex 5138,Quy Nhon,17500
S05139,Ho Chi Minh City Dome 5139,Ho Chi Minh City,45000
S05140,Can Tho National Stadium 5140,Can Tho,73500
S05141,Nam Dinh Sports Complex 5141,Nam Dinh,31500
S05142,Hue Sports Complex 5142,Hue,59000
S05143,Nha Trang National Stadium 5143,Nha Trang,50500
S05144,Nha Trang Arena 5144,Nha Trang,34000
S05145,Can Tho Dome 5145,Can Tho,16000
S05146,Quy Nhon Sports Complex 5146,Quy Nhon,34500
S05147,Hanoi Park 5147,Hanoi,22500
S05148,Can Tho National Stadium 5148,Can Tho,50000
S05149,Hue Arena 5149,Hue,26500
S05150,Ho Chi Minh City Park 5150,Ho Chi Minh City,21000
S05151,Da Nang Arena 5151,Da Nang,56500
S05152,Quy Nhon Dome 5152,Quy Nhon,73500
S05153,Nha Trang Sports Complex 5153,Nha Trang,78500
S05154,Quy Nhon Park 5154,Quy Nhon,31000
S05155,Binh Duong Park 5155,Binh Duong,45000
S05156,Hanoi National Stadium 5156,Hanoi,36500
S05157,Can Tho National Stadium 5157,Can Tho,24500
S05158,Nam Dinh National Stadium 5158,Nam Dinh,40000
S05159,Binh Duong National Stadium 5159,Binh Duong,37000
S05160,Nha Trang Dome 5160,Nha Trang,41500
S05161,Hanoi Arena 5161,Hanoi,77500
S05162,Nha Trang National Stadium 5162,Nha Trang,70000
S05163,Hue National Stadium 5163,Hue,67000
S05164,Hai Phong Park 5164,Hai Phong,32000
S05165,Nha Trang Park 5165,Nha Trang,48500
S05166,Binh Duong Arena 5166,Binh Duong,60500
S05167,Hanoi Sports Complex 5167,Hanoi,52500
S05168,Quy Nhon Arena 5168,Quy Nhon,65000
S05169,Hue Sports Complex 5169,Hue,64000
S05170,Da Nang Sports Complex 5170,Da Nang,48000
S05171,Hanoi Park 5171,Hanoi,41000
S05172,Da Nang Sports Complex 5172,Da Nang,33000
S05173,Hanoi Dome 5173,Hanoi,28500
S05174,Hanoi Dome 5174,Hanoi,58000
S05175,Da Nang Sports Complex 5175,Da Nang,32500
S05176,Quy Nhon Park 5176,Quy Nhon,67000
S05177,Can Tho National Stadium 5177,Can Tho,29500
S05178,Hai Phong National Stadium 5178,Hai Phong,61500
S05179,Can Tho Arena 5179,Can Tho,19000
S05180,Nam Dinh Sports Complex 5180,Nam Dinh,62500
S05181,Nam Dinh Dome 5181,Nam Dinh,53500
S05182,Hue Park 5182,Hue,36500
S05183,Binh Duong Dome 5183,Binh Duong,46000
S05184,Binh Duong National Stadium 5184,Binh Duong,37500
S05185,Can Tho Sports Complex 5185,Can Tho,37500
S05186,Quy Nhon Arena 5186,Quy Nhon,45500
S05187,Quy Nhon Arena 5187,Quy Nhon,50000
S05188,Da Nang Dome 5188,Da Nang,32000
S05189,Hue National Stadium 5189,Hue,58500
S05190,Nam Dinh National Stadium 5190,Nam Dinh,56500
S05191,Quy Nhon Park 5191,Quy Nhon,79500
S05192,Can Tho National Stadium 5192,Can Tho,28500
S05193,Binh Duong Sports Complex 5193,Binh Duong,35000
S05194,Nha Trang Sports Complex 5194,Nha Trang,44500
S05195,Quy Nhon National Stadium 5195,Quy Nhon,25000
S05196,Nam Dinh Park 5196,Nam Dinh,26000
S05197,Nam Dinh Sports Complex 5197,Nam Dinh,52000
S05198,Hue Dome 5198,Hue,65000
S05199,Hanoi Sports Complex 5199,Hanoi,51500
S05200,Quy Nhon Arena 5200,Quy Nhon,39500
S05201,Binh Duong Arena 5201,Binh Duong,40000
S05202,Nam Dinh National Stadium 5202,Nam Dinh,21500
S05203,Hue Arena 5203,Hue,29000
S05204,Ho Chi Minh City Park 5204,Ho Chi Minh City,34000
S05205,Da Nang Arena 5205,Da Nang,65500
S05206,Hue Park 5206,Hue,42000
S05207,Can Tho Arena 5207,Can Tho,42500
S05208,Nam Dinh Sports Complex 5208,Nam Dinh,36000
S05209,Can Tho National Stadium 5209,Can Tho,58500
S05210,Can Tho Park 5210,Can Tho,50000
S05211,Binh Duong Dome 5211,Binh Duong,30000
S05212,Hue Dome 5212,Hue,64500
S05213,Quy Nhon Sports Complex 5213,Quy Nhon,69000
S05214,Quy Nhon Arena 5214,Quy Nhon,75500
S05215,Da Nang Dome 5215,Da Nang,34000
S05216,Hanoi Park 5216,Hanoi,69500
S05217,Can Tho Dome 5217,Can Tho,58000
S05218,Da Nang National Stadium 5218,Da Nang,40000
S05219,Nam Dinh Dome 5219,Nam Dinh,79000
S05220,Hue Dome 5220,Hue,27500
S05221,Hanoi Park 5221,Hanoi,29500
S05222,Da Nang Park 5222,Da Nang,55500
S05223,Binh Duong National Stadium 5223,Binh Duong,54500
S05224,Nam Dinh Dome 5224,Nam Dinh,77000
S05225,Hanoi Sports Complex 5225,Hanoi,55000
S05226,Hai Phong Arena 5226,Hai Phong,52500
S05227,Quy Nhon National Stadium 5227,Quy Nhon,77500
S05228,Can Tho National Stadium 5228,Can Tho,63500
S05229,Nam Dinh Dome 5229,Nam Dinh,51000
S05230,Binh Duong Arena 5230,Binh Duong,70500
S05231,Da Nang Dome 5231,Da Nang,39000
S05232,Hai Phong Arena 5232,Hai Phong,46000
S05233,Hai Phong Sports Complex 5233,Hai Phong,23500
S05234,Nha Trang National Stadium 5234,Nha Trang,73500
S05235,Hanoi Arena 5235,Hanoi,53000
S05236,Quy Nhon Dome 5236,Quy Nhon,31000
S05237,Nam Dinh Dome 5237,Nam Dinh,80000
S05238,Hai Phong Arena 5238,Hai Phong,79000
S05239,Quy Nhon Park 5239,Quy Nhon,57000
S05240,Ho Chi Minh City Park 5240,Ho Chi Minh City,70000
S05241,Can Tho Arena 5241,Can Tho,31000
S05242,Quy Nhon National Stadium 5242,Quy Nhon,15500
S05243,Hanoi Dome 5243,Hanoi,72000
S05244,Binh Duong Dome 5244,Binh Duong,71500
S05245,Hue National Stadium 5245,Hue,66500
S05246,Hue Sports Complex 5246,Hue,73000
S05247,Binh Duong National Stadium 5247,Binh Duong,62000
S05248,Nam Dinh Park 5248,Nam Dinh,62000
S05249,Hanoi Dome 5249,Hanoi,46500
S05250,Hanoi Sports Complex 5250,Hanoi,68000
S05251,Hue National Stadium 5251,Hue,39000
S05252,Hue Park 5252,Hue,56000
S05253,Quy Nhon Dome 5253,Quy Nhon,66500
S05254,Ho Chi Minh City National Stadium 5254,Ho Chi Minh City,24500
S05255,Nha Trang Park 5255,Nha Trang,64500
S05256,Ho Chi Minh City Arena 5256,Ho Chi Minh City,39000
S05257,Hue Sports Complex 5257,Hue,24500
S05258,Hai Phong Dome 5258,Hai Phong,29000
S05259,Nha Trang National Stadium 5259,Nha Trang,36500
S05260,Ho Chi Minh City Dome 5260,Ho Chi Minh City,74000
S05261,Quy Nhon Arena 5261,Quy Nhon,64500
S05262,Nha Trang Sports Complex 5262,Nha Trang,34500
S05263,Quy Nhon Sports Complex 5263,Quy Nhon,66500
S05264,Quy Nhon Sports Complex 5264,Quy Nhon,52000
S05265,Nha Trang Park 5265,Nha Trang,17500
S05266,Da Nang Arena 5266,Da Nang,49000
S05267,Nha Trang National Stadium 5267,Nha Trang,29500
S05268,Can Tho Park 5268,Can Tho,39000
S05269,Nha Trang Sports Complex 5269,Nha Trang,77000
S05270,Da Nang Park 5270,Da Nang,56500
S05271,Nha Trang Dome 5271,Nha Trang,61500
S05272,Quy Nhon Sports Complex 5272,Quy Nhon,25000
S05273,Da Nang Arena 5273,Da Nang,55000
S05274,Nha Trang Dome 5274,Nha Trang,32000
S05275,Hai Phong National Stadium 5275,Hai Phong,71000
S05276,Hai Phong Park 5276,Hai Phong,35000
S05277,Da Nang Park 5277,Da Nang,16000
S05278,Nha Trang Sports Complex 5278,Nha Trang,62500
S05279,Binh Duong Park 5279,Binh Duong,41500
S05280,Quy Nhon Park 5280,Quy Nhon,74000
S05281,Da Nang Sports Complex 5281,Da Nang,57000
S05282,Da Nang Park 5282,Da Nang,71000
S05283,Binh Duong Sports Complex 5283,Binh Duong,49500
S05284,Can Tho Dome 5284,Can Tho,71500
S05285,Quy Nhon Arena 5285,Quy Nhon,72000
S05286,Binh Duong Dome 5286,Binh Duong,26500
S05287,Quy Nhon Dome 5287,Quy Nhon,16000
S05288,Ho Chi Minh City Sports Complex 5288,Ho Chi Minh City,29500
S05289,Nha Trang Arena 5289,Nha Trang,29500
S05290,Da Nang Sports Complex 5290,Da Nang,55000
S05291,Ho Chi Minh City Arena 5291,Ho Chi Minh City,38500
S05292,Quy Nhon Dome 5292,Quy Nhon,52500
S05293,Hanoi Park 5293,Hanoi,74000
S05294,Hai Phong Arena 5294,Hai Phong,39000
S05295,Hanoi Dome 5295,Hanoi,56000
S05296,Ho Chi Minh City Sports Complex 5296,Ho Chi Minh City,48500
S05297,Ho Chi Minh City Sports Complex 5297,Ho Chi Minh City,51500
S05298,Binh Duong Park 5298,Binh Duong,72000
S05299,Ho Chi Minh City National Stadium 5299,Ho Chi Minh City,44500
S05300,Nam Dinh Park 5300,Nam Dinh,31500
S05301,Hai Phong Sports Complex 5301,Hai Phong,67000
S05302,Da Nang Arena 5302,Da Nang,30000
S05303,Quy Nhon Arena 5303,Quy Nhon,17500
S05304,Nam Dinh Sports Complex 5304,Nam Dinh,51000
S05305,Nha Trang National Stadium 5305,Nha Trang,63500
S05306,Hai Phong National Stadium 5306,Hai Phong,74500
S05307,Da Nang Park 5307,Da Nang,35000
S05308,Hanoi Arena 5308,Hanoi,30000
S05309,Hai Phong Park 5309,Hai Phong,65000
S05310,Nam Dinh Dome 5310,Nam Dinh,45500
S05311,Ho Chi Minh City Park 5311,Ho Chi Minh City,73000
S05312,Hanoi Sports Complex 5312,Hanoi,67000
S05313,Ho Chi Minh City Arena 5313,Ho Chi Minh City,46500
S05314,Ho Chi Minh City Dome 5314,Ho Chi Minh City,20500
S05315,Quy Nhon Arena 5315,Quy Nhon,21500
S05316,Binh Duong Park 5316,Binh Duong,29000
S05317,Nam Dinh Dome 5317,Nam Dinh,34500
S05318,Nam Dinh National Stadium 5318,Nam Dinh,53000
S05319,Hue National Stadium 5319,Hue,62000
S05320,Quy Nhon Arena 5320,Quy Nhon,53500
S05321,Nam Dinh Dome 5321,Nam Dinh,15000
S05322,Nha Trang Dome 5322,Nha Trang,54500
S05323,Nha Trang Dome 5323,Nha Trang,56500
S05324,Da Nang Sports Complex 5324,Da Nang,48000
S05325,Quy Nhon Park 5325,Quy Nhon,33500
S05326,Nha Trang Sports Complex 5326,Nha Trang,72000
S05327,Binh Duong Arena 5327,Binh Duong,37500
S05328,Nha Trang Park 5328,Nha Trang,48000
S05329,Nha Trang Dome 5329,Nha Trang,22500
S05330,Da Nang Dome 5330,Da Nang,15500
S05331,Can Tho Park 5331,Can Tho,46000
S05332,Quy Nhon Arena 5332,Quy Nhon,26500
S05333,Ho Chi Minh City Dome 5333,Ho Chi Minh City,59000
S05334,Nha Trang National Stadium 5334,Nha Trang,75500
S05335,Quy Nhon Sports Complex 5335,Quy Nhon,57000
S05336,Binh Duong Arena 5336,Binh Duong,27500
S05337,Ho Chi Minh City Arena 5337,Ho Chi Minh City,29000
S05338,Nha Trang Park 5338,Nha Trang,35000
S05339,Can Tho Park 5339,Can Tho,46000
S05340,Ho Chi Minh City Sports Complex 5340,Ho Chi Minh City,76000
S05341,Nam Dinh Arena 5341,Nam Dinh,52500
S05342,Da Nang Sports Complex 5342,Da Nang,25000
S05343,Hai Phong Dome 5343,Hai Phong,66500
S05344,Da Nang Arena 5344,Da Nang,55000
S05345,Da Nang Sports Complex 5345,Da Nang,77500
S05346,Binh Duong Dome 5346,Binh Duong,58000
S05347,Nam Dinh Dome 5347,Nam Dinh,66000
S05348,Nha Trang Arena 5348,Nha Trang,76000
S05349,Nha Trang Dome 5349,Nha Trang,76000
S05350,Nha Trang Sports Complex 5350,Nha Trang,24500
S05351,Nha Trang Sports Complex 5351,Nha Trang,62500
S05352,Can Tho Sports Complex 5352,Can Tho,44500
S05353,Nha Trang Dome 5353,Nha Trang,52000
S05354,Hue Dome 5354,Hue,15500
S05355,Hue National Stadium 5355,Hue,78500
S05356,Hue Sports Complex 5356,Hue,57500
S05357,Da Nang Dome 5357,Da Nang,65500
S05358,Nha Trang National Stadium 5358,Nha Trang,68500
S05359,Hai Phong Arena 5359,Hai Phong,58500
S05360,Nha Trang Sports Complex 5360,Nha Trang,69500
S05361,Can Tho National Stadium 5361,Can Tho,36000
S05362,Hue Dome 5362,Hue,36500
S05363,Binh Duong Park 5363,Binh Duong,63500
S05364,Hai Phong Arena 5364,Hai Phong,55500
S05365,Binh Duong Dome 5365,Binh Duong,71000
S05366,Nha Trang National Stadium 5366,Nha Trang,20000
S05367,Hai Phong Arena 5367,Hai Phong,36500
S05368,Quy Nhon Park 5368,Quy Nhon,46000
S05369,Hanoi Dome 5369,Hanoi,60000
S05370,Quy Nhon Arena 5370,Quy Nhon,33500
S05371,Nam Dinh Park 5371,Nam Dinh,39500
S05372,Hanoi National Stadium 5372,Hanoi,18500
S05373,Can Tho Sports Complex 5373,Can Tho,50500
S05374,Can Tho Dome 5374,Can Tho,75500
S05375,Nha Trang National Stadium 5375,Nha Trang,46000
S05376,Da Nang National Stadium 5376,Da Nang,36500
S05377,Hue Arena 5377,Hue,72500
S05378,Da Nang Park 5378,Da Nang,34500
S05379,Nam Dinh Arena 5379,Nam Dinh,52000
S05380,Ho Chi Minh City Dome 5380,Ho Chi Minh City,31000
S05381,Can Tho Park 5381,Can Tho,51000
S05382,Nha Trang Park 5382,Nha Trang,50000
S05383,Nha Trang National Stadium 5383,Nha Trang,24000
S05384,Ho Chi Minh City Sports Complex 5384,Ho Chi Minh City,77500
S05385,Can Tho Dome 5385,Can Tho,64000
S05386,Hai Phong Arena 5386,Hai Phong,36000
S05387,Quy Nhon Arena 5387,Quy Nhon,45000
S05388,Can Tho Sports Complex 5388,Can Tho,28000
S05389,Nha Trang Sports Complex 5389,Nha Trang,54500
S05390,Hanoi Arena 5390,Hanoi,23000
S05391,Hue Dome 5391,Hue,41000
S05392,Quy Nhon National Stadium 5392,Quy Nhon,69500
S05393,Binh Duong National Stadium 5393,Binh Duong,75000
S05394,Binh Duong Sports Complex 5394,Binh Duong,16000
S05395,Nam Dinh Dome 5395,Nam Dinh,17000
S05396,Binh Duong Sports Complex 5396,Binh Duong,67000
S05397,Binh Duong Dome 5397,Binh Duong,33500
S05398,Nam Dinh Sports Complex 5398,Nam Dinh,56500
S05399,Ho Chi Minh City National Stadium 5399,Ho Chi Minh City,52000
S05400,Ho Chi Minh City Park 5400,Ho Chi Minh City,66000
S05401,Ho Chi Minh City Park 5401,Ho Chi Minh City,25500
S05402,Binh Duong National Stadium 5402,Binh Duong,52500
S05403,Quy Nhon Park 5403,Quy Nhon,57500
S05404,Hai Phong National Stadium 5404,Hai Phong,65500
S05405,Hue Sports Complex 5405,Hue,45500
S05406,Quy Nhon Arena 5406,Quy Nhon,57500
S05407,Can Tho National Stadium 5407,Can Tho,27000
S05408,Nam Dinh Sports Complex 5408,Nam Dinh,45000
S05409,Binh Duong Dome 5409,Binh Duong,73500
S05410,Hanoi Dome 5410,Hanoi,52500
S05411,Nha Trang National Stadium 5411,Nha Trang,56000
S05412,Hue National Stadium 5412,Hue,15500
S05413,Hai Phong Sports Complex 5413,Hai Phong,43000
S05414,Da Nang Sports Complex 5414,Da Nang,71000
S05415,Hai Phong Park 5415,Hai Phong,59000
S05416,Can Tho Park 5416,Can Tho,45000
S05417,Hai Phong Park 5417,Hai Phong,75500
S05418,Can Tho Park 5418,Can Tho,25000
S05419,Hai Phong Arena 5419,Hai Phong,28500
S05420,Nha Trang Arena 5420,Nha Trang,21500
S05421,Hanoi Park 5421,Hanoi,54500
S05422,Hanoi Arena 5422,Hanoi,50500
S05423,Can Tho National Stadium 5423,Can Tho,36500
S05424,Can Tho Arena 5424,Can Tho,58000
S05425,Hai Phong Arena 5425,Hai Phong,35000
S05426,Da Nang Dome 5426,Da Nang,80000
S05427,Nha Trang Arena 5427,Nha Trang,76500
S05428,Hai Phong Sports Complex 5428,Hai Phong,17000
S05429,Da Nang Dome 5429,Da Nang,23000
S05430,Hue National Stadium 5430,Hue,44000
S05431,Hai Phong Dome 5431,Hai Phong,18000
S05432,Quy Nhon Dome 5432,Quy Nhon,41000
S05433,Hai Phong Arena 5433,Hai Phong,65500
S05434,Hue Park 5434,Hue,68500
S05435,Ho Chi Minh City National Stadium 5435,Ho Chi Minh City,78500
S05436,Da Nang Park 5436,Da Nang,75000
S05437,Nam Dinh Park 5437,Nam Dinh,23000
S05438,Da Nang Arena 5438,Da Nang,23000
S05439,Quy Nhon Park 5439,Quy Nhon,38500
S05440,Can Tho Dome 5440,Can Tho,27500
S05441,Hai Phong National Stadium 5441,Hai Phong,67500
S05442,Binh Duong Sports Complex 5442,Binh Duong,46500
S05443,Nha Trang Park 5443,Nha Trang,22500
S05444,Quy Nhon National Stadium 5444,Quy Nhon,15500
S05445,Hue Dome 5445,Hue,41000
S05446,Ho Chi Minh City Sports Complex 5446,Ho Chi Minh City,38500
S05447,Nha Trang National Stadium 5447,Nha Trang,43500
S05448,Nha Trang Arena 5448,Nha Trang,61000
S05449,Ho Chi Minh City Dome 5449,Ho Chi Minh City,72500
S05450,Quy Nhon National Stadium 5450,Quy Nhon,77500
S05451,Nha Trang Sports Complex 5451,Nha Trang,18000
S05452,Da Nang Arena 5452,Da Nang,26500
S05453,Nam Dinh National Stadium 5453,Nam Dinh,23500
S05454,Binh Duong Arena 5454,Binh Duong,24000
S05455,Quy Nhon National Stadium 5455,Quy Nhon,19000
S05456,Nam Dinh Arena 5456,Nam Dinh,72000
S05457,Nha Trang Sports Complex 5457,Nha Trang,55500
S05458,Hue Arena 5458,Hue,42500
S05459,Da Nang Arena 5459,Da Nang,76500
S05460,Binh Duong Arena 5460,Binh Duong,63500
S05461,Da Nang Sports Complex 5461,Da Nang,72500
S05462,Ho Chi Minh City Arena 5462,Ho Chi Minh City,17000
S05463,Quy Nhon Arena 5463,Quy Nhon,35000
S05464,Hue Sports Complex 5464,Hue,74500
S05465,Nha Trang Park 5465,Nha Trang,36000
S05466,Hanoi National Stadium 5466,Hanoi,36500
S05467,Hanoi Dome 5467,Hanoi,17000
S05468,Da Nang Dome 5468,Da Nang,18000
S05469,Binh Duong Dome 5469,Binh Duong,65000
S05470,Nam Dinh Park 5470,Nam Dinh,26000
S05471,Da Nang National Stadium 5471,Da Nang,16000
S05472,Can Tho Arena 5472,Can Tho,21000
S05473,Hue National Stadium 5473,Hue,22500
S05474,Quy Nhon Dome 5474,Quy Nhon,79500
S05475,Hue Park 5475,Hue,44000
S05476,Da Nang Park 5476,Da Nang,68000
S05477,Hanoi Sports Complex 5477,Hanoi,46000
S05478,Quy Nhon Sports Complex 5478,Quy Nhon,23500
S05479,Can Tho Park 5479,Can Tho,39000
S05480,Nam Dinh National Stadium 5480,Nam Dinh,46500
S05481,Quy Nhon Park 5481,Quy Nhon,28000
S05482,Da Nang Arena 5482,Da Nang,48500
S05483,Da Nang Arena 5483,Da Nang,30000
S05484,Ho Chi Minh City National Stadium 5484,Ho Chi Minh City,62000
S05485,Hue Sports Complex 5485,Hue,73000
S05486,Nam Dinh National Stadium 5486,Nam Dinh,31500
S05487,Hai Phong Sports Complex 5487,Hai Phong,27000
S05488,Nha Trang Sports Complex 5488,Nha Trang,61500
S05489,Quy Nhon Park 5489,Quy Nhon,49000
S05490,Binh Duong Park 5490,Binh Duong,79500
S05491,Nha Trang Arena 5491,Nha Trang,36500
S05492,Hue Sports Complex 5492,Hue,58500
S05493,Da Nang Park 5493,Da Nang,63500
S05494,Hanoi Dome 5494,Hanoi,56500
S05495,Hanoi Arena 5495,Hanoi,79000
S05496,Da Nang National Stadium 5496,Da Nang,24500
S05497,Hanoi Arena 5497,Hanoi,25500
S05498,Hue Sports Complex 5498,Hue,16000
S05499,Nam Dinh Dome 5499,Nam Dinh,46500
S05500,Can Tho Arena 5500,Can Tho,56000
S05501,Nam Dinh Dome 5501,Nam Dinh,44500
S05502,Hai Phong Dome 5502,Hai Phong,55500
S05503,Nha Trang Park 5503,Nha Trang,44000
S05504,Ho Chi Minh City Sports Complex 5504,Ho Chi Minh City,58000
S05505,Binh Duong Sports Complex 5505,Binh Duong,37000
S05506,Da Nang Sports Complex 5506,Da Nang,37500
S05507,Quy Nhon Park 5507,Quy Nhon,45000
S05508,Ho Chi Minh City Sports Complex 5508,Ho Chi Minh City,65000
S05509,Binh Duong Sports Complex 5509,Binh Duong,19000
S05510,Can Tho Dome 5510,Can Tho,57000
S05511,Hanoi Park 5511,Hanoi,23500
S05512,Ho Chi Minh City Arena 5512,Ho Chi Minh City,79000
S05513,Quy Nhon National Stadium 5513,Quy Nhon,23000
S05514,Binh Duong Sports Complex 5514,Binh Duong,23500
S05515,Can Tho Sports Complex 5515,Can Tho,44500
S05516,Hue Park 5516,Hue,79500
S05517,Ho Chi Minh City Park 5517,Ho Chi Minh City,27000
S05518,Hue Park 5518,Hue,28000
S05519,Da Nang Arena 5519,Da Nang,66000
S05520,Hanoi Arena 5520,Hanoi,63000
S05521,Can Tho Park 5521,Can Tho,54500
S05522,Da Nang Park 5522,Da Nang,71500
S05523,Binh Duong Park 5523,Binh Duong,18000
S05524,Binh Duong Sports Complex 5524,Binh Duong,50500
S05525,Hai Phong Park 5525,Hai Phong,26000
S05526,Can Tho Arena 5526,Can Tho,21500
S05527,Da Nang Park 5527,Da Nang,30000
S05528,Da Nang Park 5528,Da Nang,76500
S05529,Nam Dinh Dome 5529,Nam Dinh,71000
S05530,Hai Phong Sports Complex 5530,Hai Phong,18000
S05531,Hue Sports Complex 5531,Hue,40500
S05532,Binh Duong Dome 5532,Binh Duong,73500
S05533,Quy Nhon Dome 5533,Quy Nhon,36000
S05534,Da Nang Sports Complex 5534,Da Nang,15000
S05535,Ho Chi Minh City Sports Complex 5535,Ho Chi Minh City,61500
S05536,Binh Duong Sports Complex 5536,Binh Duong,28500
S05537,Nam Dinh Park 5537,Nam Dinh,78000
S05538,Ho Chi Minh City National Stadium 5538,Ho Chi Minh City,64500
S05539,Hue Arena 5539,Hue,24500
S05540,Quy Nhon Arena 5540,Quy Nhon,65000
S05541,Hai Phong Dome 5541,Hai Phong,66500
S05542,Da Nang Dome 5542,Da Nang,40500
S05543,Nam Dinh Arena 5543,Nam Dinh,31500
S05544,Can Tho National Stadium 5544,Can Tho,30000
S05545,Nha Trang Arena 5545,Nha Trang,73500
S05546,Hue National Stadium 5546,Hue,62500
S05547,Nam Dinh Arena 5547,Nam Dinh,28500
S05548,Quy Nhon Arena 5548,Quy Nhon,59000
S05549,Nha Trang Sports Complex 5549,Nha Trang,15500
S05550,Ho Chi Minh City Park 5550,Ho Chi Minh City,35500
S05551,Binh Duong National Stadium 5551,Binh Duong,65500
S05552,Nam Dinh Dome 5552,Nam Dinh,30000
S05553,Quy Nhon Sports Complex 5553,Quy Nhon,69000
S05554,Ho Chi Minh City Park 5554,Ho Chi Minh City,63500
S05555,Nam Dinh Dome 5555,Nam Dinh,25000
S05556,Ho Chi Minh City Sports Complex 5556,Ho Chi Minh City,72500
S05557,Nha Trang National Stadium 5557,Nha Trang,40000
S05558,Nha Trang National Stadium 5558,Nha Trang,56000
S05559,Quy Nhon Dome 5559,Quy Nhon,53500
S05560,Da Nang Dome 5560,Da Nang,64500
S05561,Nha Trang Arena 5561,Nha Trang,49500
S05562,Ho Chi Minh City National Stadium 5562,Ho Chi Minh City,63000
S05563,Nam Dinh Park 5563,Nam Dinh,71500
S05564,Can Tho Arena 5564,Can Tho,72000
S05565,Quy Nhon Dome 5565,Quy Nhon,42500
S05566,Hanoi National Stadium 5566,Hanoi,71500
S05567,Nha Trang Sports Complex 5567,Nha Trang,74500
S05568,Nha Trang Park 5568,Nha Trang,36500
S05569,Hue Sports Complex 5569,Hue,79500
S05570,Can Tho National Stadium 5570,Can Tho,16000
S05571,Ho Chi Minh City Dome 5571,Ho Chi Minh City,31000
S05572,Nam Dinh Dome 5572,Nam Dinh,29500
S05573,Nam Dinh Dome 5573,Nam Dinh,58500
S05574,Nha Trang National Stadium 5574,Nha Trang,66000
S05575,Quy Nhon Park 5575,Quy Nhon,55000
S05576,Nam Dinh Dome 5576,Nam Dinh,55000
S05577,Binh Duong Dome 5577,Binh Duong,18000
S05578,Nam Dinh National Stadium 5578,Nam Dinh,53500
S05579,Ho Chi Minh City Park 5579,Ho Chi Minh City,21000
S05580,Ho Chi Minh City Arena 5580,Ho Chi Minh City,38500
S05581,Nam Dinh Park 5581,Nam Dinh,42500
S05582,Hue National Stadium 5582,Hue,38000
S05583,Quy Nhon Dome 5583,Quy Nhon,52500
S05584,Binh Duong National Stadium 5584,Binh Duong,76500
S05585,Hue Dome 5585,Hue,59000
S05586,Hanoi Arena 5586,Hanoi,52000
S05587,Da Nang National Stadium 5587,Da Nang,56500
S05588,Can Tho National Stadium 5588,Can Tho,34000
S05589,Hue National Stadium 5589,Hue,63000
S05590,Quy Nhon Sports Complex 5590,Quy Nhon,38500
S05591,Can Tho Sports Complex 5591,Can Tho,79000
S05592,Hai Phong Sports Complex 5592,Hai Phong,44000
S05593,Hanoi Sports Complex 5593,Hanoi,45000
S05594,Nha Trang Arena 5594,Nha Trang,28500
S05595,Binh Duong Park 5595,Binh Duong,57500
S05596,Can Tho Dome 5596,Can Tho,64500
S05597,Can Tho Arena 5597,Can Tho,70500
S05598,Quy Nhon National Stadium 5598,Quy Nhon,37000
S05599,Can Tho Park 5599,Can Tho,50500
S05600,Hai Phong Sports Complex 5600,Hai Phong,69500
S05601,Nha Trang National Stadium 5601,Nha Trang,75000
S05602,Ho Chi Minh City Dome 5602,Ho Chi Minh City,35500
S05603,Nam Dinh Dome 5603,Nam Dinh,57000
S05604,Da Nang Dome 5604,Da Nang,28000
S05605,Nha Trang Dome 5605,Nha Trang,38000
S05606,Can Tho Dome 5606,Can Tho,73500
S05607,Can Tho Arena 5607,Can Tho,78000
S05608,Da Nang Sports Complex 5608,Da Nang,16000
S05609,Ho Chi Minh City Arena 5609,Ho Chi Minh City,53000
S05610,Nha Trang Park 5610,Nha Trang,61000
S05611,Binh Duong Sports Complex 5611,Binh Duong,64500
S05612,Binh Duong Park 5612,Binh Duong,26500
S05613,Hue Park 5613,Hue,60500
S05614,Ho Chi Minh City Arena 5614,Ho Chi Minh City,21000
S05615,Ho Chi Minh City Park 5615,Ho Chi Minh City,75000
S05616,Hue Sports Complex 5616,Hue,24500
S05617,Can Tho Park 5617,Can Tho,38000
S05618,Hue Arena 5618,Hue,75500
S05619,Hue National Stadium 5619,Hue,70500
S05620,Nha Trang Park 5620,Nha Trang,52500
S05621,Ho Chi Minh City Sports Complex 5621,Ho Chi Minh City,29500
S05622,Quy Nhon National Stadium 5622,Quy Nhon,31000
S05623,Binh Duong Arena 5623,Binh Duong,58500
S05624,Nha Trang National Stadium 5624,Nha Trang,47500
S05625,Hai Phong Arena 5625,Hai Phong,31000
S05626,Hai Phong Dome 5626,Hai Phong,57500
S05627,Hai Phong Arena 5627,Hai Phong,16000
S05628,Nha Trang Arena 5628,Nha Trang,78000
S05629,Hanoi Park 5629,Hanoi,46500
S05630,Quy Nhon Dome 5630,Quy Nhon,51500
S05631,Binh Duong Park 5631,Binh Duong,27500
S05632,Hue Arena 5632,Hue,70500
S05633,Binh Duong Park 5633,Binh Duong,41000
S05634,Nam Dinh Dome 5634,Nam Dinh,64000
S05635,Nha Trang Sports Complex 5635,Nha Trang,67500
S05636,Nha Trang Dome 5636,Nha Trang,39500
S05637,Can Tho Arena 5637,Can Tho,36000
S05638,Binh Duong Sports Complex 5638,Binh Duong,20000
S05639,Da Nang Sports Complex 5639,Da Nang,71500
S05640,Hai Phong Park 5640,Hai Phong,53000
S05641,Da Nang National Stadium 5641,Da Nang,79500
S05642,Binh Duong Dome 5642,Binh Duong,50000
S05643,Can Tho National Stadium 5643,Can Tho,68000
S05644,Nam Dinh Arena 5644,Nam Dinh,62000
S05645,Can Tho Park 5645,Can Tho,69000
S05646,Hai Phong Dome 5646,Hai Phong,32500
S05647,Nam Dinh National Stadium 5647,Nam Dinh,45000
S05648,Nam Dinh Dome 5648,Nam Dinh,47500
S05649,Nam Dinh Dome 5649,Nam Dinh,19000
S05650,Da Nang National Stadium 5650,Da Nang,51500
S05651,Quy Nhon Park 5651,Quy Nhon,57500
S05652,Hanoi Sports Complex 5652,Hanoi,46000
S05653,Da Nang National Stadium 5653,Da Nang,59500
S05654,Can Tho National Stadium 5654,Can Tho,77500
S05655,Nha Trang Park 5655,Nha Trang,31500
S05656,Hanoi Park 5656,Hanoi,47000
S05657,Hue Arena 5657,Hue,79500
S05658,Hue Arena 5658,Hue,58500
S05659,Quy Nhon Sports Complex 5659,Quy Nhon,50500
S05660,Nha Trang Sports Complex 5660,Nha Trang,30000
S05661,Nam Dinh Park 5661,Nam Dinh,77000
S05662,Hue Arena 5662,Hue,65000
S05663,Binh Duong Park 5663,Binh Duong,35500
S05664,Hanoi Park 5664,Hanoi,18500
S05665,Can Tho Park 5665,Can Tho,23000
S05666,Ho Chi Minh City Park 5666,Ho Chi Minh City,19000
S05667,Binh Duong Dome 5667,Binh Duong,63000
S05668,Da Nang Arena 5668,Da Nang,31500
S05669,Nam Dinh Arena 5669,Nam Dinh,70000
S05670,Da Nang National Stadium 5670,Da Nang,57500
S05671,Quy Nhon National Stadium 5671,Quy Nhon,36500
S05672,Ho Chi Minh City National Stadium 5672,Ho Chi Minh City,77000
S05673,Hue Park 5673,Hue,61000
S05674,Hue Dome 5674,Hue,40000
S05675,Quy Nhon Arena 5675,Quy Nhon,70500
S05676,Can Tho Arena 5676,Can Tho,21500
S05677,Nha Trang Sports Complex 5677,Nha Trang,26500
S05678,Hue Sports Complex 5678,Hue,47500
S05679,Ho Chi Minh City Arena 5679,Ho Chi Minh City,32000
S05680,Hue Arena 5680,Hue,30000
S05681,Can Tho National Stadium 5681,Can Tho,37500
S05682,Quy Nhon National Stadium 5682,Quy Nhon,49500
S05683,Nha Trang National Stadium 5683,Nha Trang,72500
S05684,Nam Dinh National Stadium 5684,Nam Dinh,79500
S05685,Binh Duong National Stadium 5685,Binh Duong,59500
S05686,Can Tho National Stadium 5686,Can Tho,26000
S05687,Hanoi Park 5687,Hanoi,16000
S05688,Hanoi Sports Complex 5688,Hanoi,40000
S05689,Nha Trang National Stadium 5689,Nha Trang,67500
S05690,Nam Dinh Park 5690,Nam Dinh,39500
S05691,Ho Chi Minh City Arena 5691,Ho Chi Minh City,27500
S05692,Nam Dinh Dome 5692,Nam Dinh,27000
S05693,Binh Duong Arena 5693,Binh Duong,79000
S05694,Can Tho National Stadium 5694,Can Tho,72000
S05695,Da Nang Park 5695,Da Nang,39500
S05696,Nam Dinh Arena 5696,Nam Dinh,73500
S05697,Quy Nhon Arena 5697,Quy Nhon,48000
S05698,Da Nang Dome 5698,Da Nang,17000
S05699,Nam Dinh National Stadium 5699,Nam Dinh,76500
S05700,Binh Duong National Stadium 5700,Binh Duong,68000
S05701,Nha Trang Sports Complex 5701,Nha Trang,22000
S05702,Can Tho Arena 5702,Can Tho,53500
S05703,Binh Duong Arena 5703,Binh Duong,74000
S05704,Ho Chi Minh City Dome 5704,Ho Chi Minh City,27500
S05705,Nam Dinh Arena 5705,Nam Dinh,55000
S05706,Can Tho Dome 5706,Can Tho,76000
S05707,Binh Duong Dome 5707,Binh Duong,66500
S05708,Quy Nhon National Stadium 5708,Quy Nhon,59000
S05709,Binh Duong National Stadium 5709,Binh Duong,37000
S05710,Hai Phong Sports Complex 5710,Hai Phong,24500
S05711,Hai Phong Dome 5711,Hai Phong,27500
S05712,Hue National Stadium 5712,Hue,38500
S05713,Hanoi Dome 5713,Hanoi,68000
S05714,Nam Dinh National Stadium 5714,Nam Dinh,70500
S05715,Binh Duong National Stadium 5715,Binh Duong,58500
S05716,Can Tho Park 5716,Can Tho,52000
S05717,Nam Dinh Park 5717,Nam Dinh,49000
S05718,Hue Park 5718,Hue,57000
S05719,Hai Phong Sports Complex 5719,Hai Phong,36000
S05720,Da Nang Dome 5720,Da Nang,65000
S05721,Hai Phong Sports Complex 5721,Hai Phong,77000
S05722,Hue Dome 5722,Hue,43500
S05723,Hue National Stadium 5723,Hue,47000
S05724,Hanoi Dome 5724,Hanoi,22000
S05725,Can Tho Park 5725,Can Tho,46500
S05726,Nam Dinh Dome 5726,Nam Dinh,35000
S05727,Quy Nhon Sports Complex 5727,Quy Nhon,65500
S05728,Hanoi Park 5728,Hanoi,69500
S05729,Hanoi Arena 5729,Hanoi,77000
S05730,Ho Chi Minh City Sports Complex 5730,Ho Chi Minh City,73500
S05731,Nam Dinh Park 5731,Nam Dinh,50500
S05732,Da Nang Sports Complex 5732,Da Nang,63500
S05733,Hanoi Park 5733,Hanoi,17000
S05734,Hanoi Sports Complex 5734,Hanoi,40000
S05735,Hai Phong Sports Complex 5735,Hai Phong,78000
S05736,Binh Duong National Stadium 5736,Binh Duong,69000
S05737,Hue Park 5737,Hue,49500
S05738,Da Nang Park 5738,Da Nang,39500
S05739,Hanoi Arena 5739,Hanoi,21500
S05740,Quy Nhon Arena 5740,Quy Nhon,73500
S05741,Hai Phong Sports Complex 5741,Hai Phong,20000
S05742,Hai Phong Dome 5742,Hai Phong,28500
S05743,Nam Dinh Park 5743,Nam Dinh,16000
S05744,Hanoi Dome 5744,Hanoi,28500
S05745,Ho Chi Minh City Sports Complex 5745,Ho Chi Minh City,15500
S05746,Hai Phong Sports Complex 5746,Hai Phong,79500
S05747,Da Nang Dome 5747,Da Nang,69000
S05748,Hai Phong Sports Complex 5748,Hai Phong,75000
S05749,Hue National Stadium 5749,Hue,25000
S05750,Da Nang Park 5750,Da Nang,31000
S05751,Nam Dinh Sports Complex 5751,Nam Dinh,73000
S05752,Hue Park 5752,Hue,61500
S05753,Nha Trang Arena 5753,Nha Trang,76500
S05754,Nha Trang Dome 5754,Nha Trang,60000
S05755,Hanoi Dome 5755,Hanoi,69000
S05756,Hue Dome 5756,Hue,33000
S05757,Hai Phong Dome 5757,Hai Phong,31500
S05758,Nam Dinh National Stadium 5758,Nam Dinh,56000
S05759,Hue National Stadium 5759,Hue,60500
S05760,Quy Nhon Arena 5760,Quy Nhon,58500
S05761,Hai Phong National Stadium 5761,Hai Phong,57000
S05762,Ho Chi Minh City National Stadium 5762,Ho Chi Minh City,25500
S05763,Quy Nhon National Stadium 5763,Quy Nhon,27000
S05764,Binh Duong Sports Complex 5764,Binh Duong,26000
S05765,Nha Trang Dome 5765,Nha Trang,33500
S05766,Binh Duong Sports Complex 5766,Binh Duong,33500
S05767,Nam Dinh Sports Complex 5767,Nam Dinh,22000
S05768,Ho Chi Minh City Dome 5768,Ho Chi Minh City,69000
S05769,Hai Phong National Stadium 5769,Hai Phong,51500
S05770,Quy Nhon Arena 5770,Quy Nhon,23500
S05771,Binh Duong National Stadium 5771,Binh Duong,45500
S05772,Quy Nhon National Stadium 5772,Quy Nhon,22500
S05773,Hai Phong National Stadium 5773,Hai Phong,69500
S05774,Hue Arena 5774,Hue,20500
S05775,Ho Chi Minh City Arena 5775,Ho Chi Minh City,43500
S05776,Nam Dinh Sports Complex 5776,Nam Dinh,43500
S05777,Da Nang Dome 5777,Da Nang,54000
S05778,Hanoi Park 5778,Hanoi,65500
S05779,Hai Phong Arena 5779,Hai Phong,62500
S05780,Can Tho National Stadium 5780,Can Tho,52500
S05781,Hanoi Arena 5781,Hanoi,37500
S05782,Nha Trang Arena 5782,Nha Trang,38000
S05783,Quy Nhon Arena 5783,Quy Nhon,74000
S05784,Hanoi Dome 5784,Hanoi,40000
S05785,Da Nang Sports Complex 5785,Da Nang,48000
S05786,Ho Chi Minh City Arena 5786,Ho Chi Minh City,27000
S05787,Hai Phong Sports Complex 5787,Hai Phong,58000
S05788,Quy Nhon National Stadium 5788,Quy Nhon,72000
S05789,Quy Nhon National Stadium 5789,Quy Nhon,70500
S05790,Hai Phong Park 5790,Hai Phong,49500
S05791,Nha Trang Park 5791,Nha Trang,25500
S05792,Da Nang Park 5792,Da Nang,78000
S05793,Can Tho National Stadium 5793,Can Tho,22500
S05794,Ho Chi Minh City Dome 5794,Ho Chi Minh City,49000
S05795,Binh Duong National Stadium 5795,Binh Duong,55500
S05796,Da Nang Sports Complex 5796,Da Nang,39500
S05797,Hanoi Arena 5797,Hanoi,74000
S05798,Ho Chi Minh City Arena 5798,Ho Chi Minh City,15500
S05799,Hue National Stadium 5799,Hue,52000
S05800,Hanoi Dome 5800,Hanoi,65500
S05801,Nam Dinh National Stadium 5801,Nam Dinh,71000
S05802,Hai Phong National Stadium 5802,Hai Phong,52000
S05803,Binh Duong National Stadium 5803,Binh Duong,16500
S05804,Quy Nhon Park 5804,Quy Nhon,57500
S05805,Hue Sports Complex 5805,Hue,60000
S05806,Nam Dinh Dome 5806,Nam Dinh,44500
S05807,Hai Phong Dome 5807,Hai Phong,55000
S05808,Nha Trang Sports Complex 5808,Nha Trang,79000
S05809,Quy Nhon Dome 5809,Quy Nhon,75500
S05810,Da Nang Dome 5810,Da Nang,50000
S05811,Can Tho Arena 5811,Can Tho,24500
S05812,Nha Trang Arena 5812,Nha Trang,78000
S05813,Hue Sports Complex 5813,Hue,73000
S05814,Da Nang Sports Complex 5814,Da Nang,63500
S05815,Hanoi Dome 5815,Hanoi,68000
S05816,Nha Trang Arena 5816,Nha Trang,18000
S05817,Quy Nhon Dome 5817,Quy Nhon,61500
S05818,Binh Duong Arena 5818,Binh Duong,79500
S05819,Hue Arena 5819,Hue,70000
S05820,Can Tho Arena 5820,Can Tho,76500
S05821,Hue Dome 5821,Hue,73000
S05822,Hue Dome 5822,Hue,63000
S05823,Quy Nhon Dome 5823,Quy Nhon,77500
S05824,Hue Dome 5824,Hue,39000
S05825,Can Tho Sports Complex 5825,Can Tho,58500
S05826,Hue Arena 5826,Hue,62500
S05827,Binh Duong Arena 5827,Binh Duong,31000
S05828,Hai Phong Arena 5828,Hai Phong,52000
S05829,Hai Phong Park 5829,Hai Phong,39000
S05830,Quy Nhon Park 5830,Quy Nhon,71500
S05831,Hue Sports Complex 5831,Hue,57000
S05832,Nha Trang Arena 5832,Nha Trang,40500
S05833,Da Nang Dome 5833,Da Nang,22000
S05834,Binh Duong Dome 5834,Binh Duong,34500
S05835,Nam Dinh Dome 5835,Nam Dinh,18500
S05836,Hai Phong Arena 5836,Hai Phong,37000
S05837,Binh Duong Arena 5837,Binh Duong,58000
S05838,Hue Park 5838,Hue,43500
S05839,Da Nang Dome 5839,Da Nang,16500
S05840,Hai Phong Dome 5840,Hai Phong,52000
S05841,Da Nang Sports Complex 5841,Da Nang,79500
S05842,Nam Dinh Arena 5842,Nam Dinh,57000
S05843,Hue Park 5843,Hue,66000
S05844,Hai Phong Arena 5844,Hai Phong,42000
S05845,Can Tho Dome 5845,Can Tho,31000
S05846,Da Nang Dome 5846,Da Nang,35500
S05847,Nam Dinh Park 5847,Nam Dinh,50000
S05848,Hanoi National Stadium 5848,Hanoi,66500
S05849,Ho Chi Minh City National Stadium 5849,Ho Chi Minh City,16500
S05850,Hanoi National Stadium 5850,Hanoi,36500
S05851,Ho Chi Minh City Sports Complex 5851,Ho Chi Minh City,76000
S05852,Can Tho Arena 5852,Can Tho,63500
S05853,Da Nang Arena 5853,Da Nang,35000
S05854,Ho Chi Minh City Sports Complex 5854,Ho Chi Minh City,56000
S05855,Can Tho Park 5855,Can Tho,74500
S05856,Quy Nhon Dome 5856,Quy Nhon,37000
S05857,Da Nang Sports Complex 5857,Da Nang,35000
S05858,Ho Chi Minh City Park 5858,Ho Chi Minh City,25500
S05859,Da Nang Arena 5859,Da Nang,42000
S05860,Ho Chi Minh City Park 5860,Ho Chi Minh City,74500
S05861,Nam Dinh Dome 5861,Nam Dinh,25500
S05862,Binh Duong Park 5862,Binh Duong,56000
S05863,Quy Nhon Sports Complex 5863,Quy Nhon,60000
S05864,Hai Phong National Stadium 5864,Hai Phong,58500
S05865,Da Nang Dome 5865,Da Nang,21500
S05866,Hanoi Arena 5866,Hanoi,72500
S05867,Hue Dome 5867,Hue,40000
S05868,Quy Nhon Arena 5868,Quy Nhon,65500
S05869,Hanoi Park 5869,Hanoi,60000
S05870,Can Tho Dome 5870,Can Tho,53500
S05871,Nam Dinh Arena 5871,Nam Dinh,44500
S05872,Hanoi Dome 5872,Hanoi,77000
S05873,Nam Dinh Sports Complex 5873,Nam Dinh,73000
S05874,Can Tho National Stadium 5874,Can Tho,73000
S05875,Can Tho National Stadium 5875,Can Tho,26500
S05876,Da Nang Park 5876,Da Nang,34500
S05877,Hue Arena 5877,Hue,22500
S05878,Hai Phong Sports Complex 5878,Hai Phong,34000
S05879,Ho Chi Minh City Sports Complex 5879,Ho Chi Minh City,54500
S05880,Quy Nhon National Stadium 5880,Quy Nhon,56000
S05881,Nam Dinh Dome 5881,Nam Dinh,80000
S05882,Da Nang Sports Complex 5882,Da Nang,71000
S05883,Nha Trang Arena 5883,Nha Trang,48500
S05884,Nha Trang Park 5884,Nha Trang,74500
S05885,Hanoi Dome 5885,Hanoi,36000
S05886,Da Nang National Stadium 5886,Da Nang,57500
S05887,Hai Phong Sports Complex 5887,Hai Phong,32000
S05888,Quy Nhon Dome 5888,Quy Nhon,37000
S05889,Hanoi Sports Complex 5889,Hanoi,64000
S05890,Quy Nhon National Stadium 5890,Quy Nhon,37000
S05891,Binh Duong National Stadium 5891,Binh Duong,23500
S05892,Nam Dinh National Stadium 5892,Nam Dinh,63000
S05893,Nam Dinh National Stadium 5893,Nam Dinh,35000
S05894,Hue Arena 5894,Hue,74500
S05895,Quy Nhon Dome 5895,Quy Nhon,40500
S05896,Hanoi Sports Complex 5896,Hanoi,60500
S05897,Hue Sports Complex 5897,Hue,39000
S05898,Binh Duong Dome 5898,Binh Duong,41500
S05899,Can Tho Arena 5899,Can Tho,77000
S05900,Can Tho Sports Complex 5900,Can Tho,51000
S05901,Hai Phong Dome 5901,Hai Phong,33500
S05902,Nha Trang National Stadium 5902,Nha Trang,75000
S05903,Quy Nhon National Stadium 5903,Quy Nhon,68000
S05904,Can Tho Park 5904,Can Tho,73500
S05905,Ho Chi Minh City National Stadium 5905,Ho Chi Minh City,68000
S05906,Da Nang National Stadium 5906,Da Nang,31000
S05907,Ho Chi Minh City Arena 5907,Ho Chi Minh City,39500
S05908,Ho Chi Minh City Arena 5908,Ho Chi Minh City,52500
S05909,Hai Phong National Stadium 5909,Hai Phong,71500
S05910,Ho Chi Minh City National Stadium 5910,Ho Chi Minh City,62500
S05911,Hanoi Sports Complex 5911,Hanoi,72000
S05912,Nam Dinh National Stadium 5912,Nam Dinh,25000
S05913,Nam Dinh Dome 5913,Nam Dinh,56500
S05914,Can Tho National Stadium 5914,Can Tho,55000
S05915,Ho Chi Minh City National Stadium 5915,Ho Chi Minh City,61000
S05916,Da Nang Arena 5916,Da Nang,75000
S05917,Ho Chi Minh City Arena 5917,Ho Chi Minh City,21000
S05918,Ho Chi Minh City National Stadium 5918,Ho Chi Minh City,43500
S05919,Hai Phong Arena 5919,Hai Phong,18500
S05920,Ho Chi Minh City Dome 5920,Ho Chi Minh City,36000
S05921,Binh Duong Arena 5921,Binh Duong,46000
S05922,Hai Phong Dome 5922,Hai Phong,54500
S05923,Da Nang Dome 5923,Da Nang,34000
S05924,Nam Dinh National Stadium 5924,Nam Dinh,44000
S05925,Da Nang Park 5925,Da Nang,15500
S05926,Ho Chi Minh City Arena 5926,Ho Chi Minh City,79000
S05927,Hai Phong Sports Complex 5927,Hai Phong,24500
S05928,Binh Duong Park 5928,Binh Duong,78500
S05929,Hai Phong National Stadium 5929,Hai Phong,61000
S05930,Ho Chi Minh City Arena 5930,Ho Chi Minh City,27500
S05931,Can Tho Arena 5931,Can Tho,25500
S05932,Hue Park 5932,Hue,34500
S05933,Nam Dinh Dome 5933,Nam Dinh,48000
S05934,Nha Trang Arena 5934,Nha Trang,43000
S05935,Nha Trang Sports Complex 5935,Nha Trang,63000
S05936,Hai Phong Park 5936,Hai Phong,15500
S05937,Nha Trang Sports Complex 5937,Nha Trang,64500
S05938,Da Nang National Stadium 5938,Da Nang,19000
S05939,Ho Chi Minh City Dome 5939,Ho Chi Minh City,37500
S05940,Hanoi Park 5940,Hanoi,64500
S05941,Hue National Stadium 5941,Hue,59000
S05942,Quy Nhon National Stadium 5942,Quy Nhon,79000
S05943,Ho Chi Minh City Sports Complex 5943,Ho Chi Minh City,53500
S05944,Can Tho Park 5944,Can Tho,59500
S05945,Ho Chi Minh City Park 5945,Ho Chi Minh City,32000
S05946,Can Tho Dome 5946,Can Tho,38500
S05947,Quy Nhon Sports Complex 5947,Quy Nhon,47500
S05948,Nha Trang Dome 5948,Nha Trang,35500
S05949,Binh Duong Arena 5949,Binh Duong,30000
S05950,Nam Dinh Arena 5950,Nam Dinh,18000
S05951,Can Tho Dome 5951,Can Tho,45500
S05952,Quy Nhon Sports Complex 5952,Quy Nhon,75500
S05953,Hue Dome 5953,Hue,72000
S05954,Quy Nhon Dome 5954,Quy Nhon,25000
S05955,Da Nang Dome 5955,Da Nang,42500
S05956,Hanoi Arena 5956,Hanoi,66500
S05957,Can Tho Dome 5957,Can Tho,80000
S05958,Da Nang Dome 5958,Da Nang,39000
S05959,Hanoi Dome 5959,Hanoi,67000
S05960,Da Nang Arena 5960,Da Nang,54000
S05961,Da Nang Arena 5961,Da Nang,21000
S05962,Hanoi Dome 5962,Hanoi,46000
S05963,Da Nang Sports Complex 5963,Da Nang,37000
S05964,Hai Phong National Stadium 5964,Hai Phong,47500
S05965,Hue Arena 5965,Hue,35000
S05966,Binh Duong Sports Complex 5966,Binh Duong,30000
S05967,Hai Phong Dome 5967,Hai Phong,55000
S05968,Quy Nhon Dome 5968,Quy Nhon,43500
S05969,Da Nang Dome 5969,Da Nang,78500
S05970,Hanoi Sports Complex 5970,Hanoi,78000
S05971,Ho Chi Minh City National Stadium 5971,Ho Chi Minh City,77500
S05972,Can Tho Dome 5972,Can Tho,55000
S05973,Nha Trang Arena 5973,Nha Trang,30500
S05974,Binh Duong Dome 5974,Binh Duong,67500
S05975,Hai Phong Dome 5975,Hai Phong,47000
S05976,Hanoi Sports Complex 5976,Hanoi,56500
S05977,Da Nang Sports Complex 5977,Da Nang,56500
S05978,Nha Trang Park 5978,Nha Trang,43000
S05979,Nam Dinh National Stadium 5979,Nam Dinh,54500
S05980,Da Nang Park 5980,Da Nang,33500
S05981,Can Tho Sports Complex 5981,Can Tho,68000
S05982,Da Nang Sports Complex 5982,Da Nang,52000
S05983,Quy Nhon National Stadium 5983,Quy Nhon,16000
S05984,Quy Nhon Sports Complex 5984,Quy Nhon,42500
S05985,Hai Phong Arena 5985,Hai Phong,77000
S05986,Can Tho Arena 5986,Can Tho,74500
S05987,Can Tho Dome 5987,Can Tho,66500
S05988,Nha Trang Park 5988,Nha Trang,37500
S05989,Nam Dinh Sports Complex 5989,Nam Dinh,61000
S05990,Hai Phong Arena 5990,Hai Phong,78500
S05991,Can Tho Park 5991,Can Tho,78500
S05992,Hai Phong Park 5992,Hai Phong,55000
S05993,Hai Phong Arena 5993,Hai Phong,47000
S05994,Nam Dinh Dome 5994,Nam Dinh,73500
S05995,Hanoi Sports Complex 5995,Hanoi,48500
S05996,Ho Chi Minh City Dome 5996,Ho Chi Minh City,64000
S05997,Da Nang Park 5997,Da Nang,36000
S05998,Ho Chi Minh City Park 5998,Ho Chi Minh City,47000
S05999,Quy Nhon Park 5999,Quy Nhon,74000
S06000,Nha Trang National Stadium 6000,Nha Trang,44500
S06001,Hue Arena 6001,Hue,67000
S06002,Nha Trang Arena 6002,Nha Trang,39000
S06003,Hanoi Dome 6003,Hanoi,31000
S06004,Hai Phong National Stadium 6004,Hai Phong,36500
S06005,Can Tho Park 6005,Can Tho,46500
S06006,Binh Duong Arena 6006,Binh Duong,66500
S06007,Nha Trang Sports Complex 6007,Nha Trang,47000
S06008,Can Tho Park 6008,Can Tho,73000
S06009,Binh Duong Arena 6009,Binh Duong,69000
S06010,Hai Phong Park 6010,Hai Phong,54500
S06011,Ho Chi Minh City Sports Complex 6011,Ho Chi Minh City,63000
S06012,Hanoi Arena 6012,Hanoi,49500
S06013,Binh Duong Sports Complex 6013,Binh Duong,31500
S06014,Hue Dome 6014,Hue,61000
S06015,Hanoi Sports Complex 6015,Hanoi,32000
S06016,Hai Phong Arena 6016,Hai Phong,34500
S06017,Hanoi National Stadium 6017,Hanoi,57500
S06018,Hue National Stadium 6018,Hue,39000
S06019,Quy Nhon Arena 6019,Quy Nhon,44500
S06020,Hue Park 6020,Hue,25500
S06021,Nam Dinh Dome 6021,Nam Dinh,64500
S06022,Can Tho National Stadium 6022,Can Tho,76500
S06023,Nha Trang Dome 6023,Nha Trang,33000
S06024,Hai Phong Park 6024,Hai Phong,44500
S06025,Nha Trang Arena 6025,Nha Trang,53500
S06026,Da Nang Sports Complex 6026,Da Nang,77500
S06027,Hanoi National Stadium 6027,Hanoi,18500
S06028,Can Tho Park 6028,Can Tho,46500
S06029,Can Tho Arena 6029,Can Tho,35500
S06030,Hue Park 6030,Hue,16500
S06031,Hue Sports Complex 6031,Hue,41000
S06032,Da Nang Sports Complex 6032,Da Nang,55000
S06033,Hanoi Sports Complex 6033,Hanoi,36000
S06034,Nam Dinh Park 6034,Nam Dinh,17500
S06035,Binh Duong National Stadium 6035,Binh Duong,62500
S06036,Da Nang Dome 6036,Da Nang,19000
S06037,Ho Chi Minh City Arena 6037,Ho Chi Minh City,25000
S06038,Ho Chi Minh City Park 6038,Ho Chi Minh City,25500
S06039,Hai Phong National Stadium 6039,Hai Phong,64500
S06040,Can Tho Sports Complex 6040,Can Tho,37000
S06041,Ho Chi Minh City Dome 6041,Ho Chi Minh City,37500
S06042,Ho Chi Minh City Dome 6042,Ho Chi Minh City,41500
S06043,Binh Duong National Stadium 6043,Binh Duong,49500
S06044,Hue Dome 6044,Hue,60500
S06045,Da Nang Park 6045,Da Nang,69000
S06046,Ho Chi Minh City Arena 6046,Ho Chi Minh City,44500
S06047,Da Nang National Stadium 6047,Da Nang,65000
S06048,Nha Trang Arena 6048,Nha Trang,30500
S06049,Hanoi Park 6049,Hanoi,16500
S06050,Hanoi Arena 6050,Hanoi,46500
S06051,Hanoi National Stadium 6051,Hanoi,29500
S06052,Hai Phong Arena 6052,Hai Phong,77500
S06053,Da Nang Park 6053,Da Nang,36000
S06054,Can Tho Dome 6054,Can Tho,64500
S06055,Hue National Stadium 6055,Hue,48500
S06056,Nha Trang Dome 6056,Nha Trang,16500
S06057,Hue Park 6057,Hue,19500
S06058,Hanoi Arena 6058,Hanoi,53500
S06059,Hanoi Arena 6059,Hanoi,30000
S06060,Nam Dinh Dome 6060,Nam Dinh,15500
S06061,Can Tho National Stadium 6061,Can Tho,53000
S06062,Can Tho Park 6062,Can Tho,74000
S06063,Da Nang Dome 6063,Da Nang,29000
S06064,Da Nang Park 6064,Da Nang,15500
S06065,Nam Dinh Sports Complex 6065,Nam Dinh,32500
S06066,Binh Duong Sports Complex 6066,Binh Duong,48500
S06067,Hue Arena 6067,Hue,69500
S06068,Hai Phong Park 6068,Hai Phong,32000
S06069,Can Tho Arena 6069,Can Tho,36500
S06070,Nha Trang Dome 6070,Nha Trang,23000
S06071,Nha Trang Dome 6071,Nha Trang,17000
S06072,Quy Nhon Park 6072,Quy Nhon,78500
S06073,Binh Duong Dome 6073,Binh Duong,28500
S06074,Da Nang National Stadium 6074,Da Nang,17500
S06075,Hue National Stadium 6075,Hue,63500
S06076,Hai Phong Arena 6076,Hai Phong,65000
S06077,Nam Dinh Sports Complex 6077,Nam Dinh,69500
S06078,Hai Phong Park 6078,Hai Phong,68500
S06079,Nha Trang Sports Complex 6079,Nha Trang,45500
S06080,Hanoi Arena 6080,Hanoi,52000
S06081,Nha Trang Arena 6081,Nha Trang,48500
S06082,Hanoi Sports Complex 6082,Hanoi,16000
S06083,Hai Phong Arena 6083,Hai Phong,71500
S06084,Can Tho Arena 6084,Can Tho,47500
S06085,Hue Sports Complex 6085,Hue,45000
S06086,Hue Park 6086,Hue,64500
S06087,Da Nang Dome 6087,Da Nang,46500
S06088,Binh Duong Park 6088,Binh Duong,33500
S06089,Hai Phong National Stadium 6089,Hai Phong,55500
S06090,Ho Chi Minh City National Stadium 6090,Ho Chi Minh City,71000
S06091,Hanoi Park 6091,Hanoi,18500
S06092,Hanoi Sports Complex 6092,Hanoi,76000
S06093,Hanoi Sports Complex 6093,Hanoi,44000
S06094,Hue Park 6094,Hue,78000
S06095,Da Nang National Stadium 6095,Da Nang,18500
S06096,Can Tho Arena 6096,Can Tho,57500
S06097,Hai Phong Dome 6097,Hai Phong,63500
S06098,Can Tho National Stadium 6098,Can Tho,33500
S06099,Hue National Stadium 6099,Hue,34500
S06100,Hanoi National Stadium 6100,Hanoi,35000
S06101,Da Nang Sports Complex 6101,Da Nang,45000
S06102,Hai Phong National Stadium 6102,Hai Phong,75500
S06103,Hanoi Dome 6103,Hanoi,26500
S06104,Hanoi National Stadium 6104,Hanoi,20500
S06105,Hai Phong Dome 6105,Hai Phong,72000
S06106,Nam Dinh Park 6106,Nam Dinh,33000
S06107,Nha Trang National Stadium 6107,Nha Trang,61000
S06108,Nam Dinh Dome 6108,Nam Dinh,19000
S06109,Da Nang Arena 6109,Da Nang,19500
S06110,Hue Dome 6110,Hue,17000
S06111,Hanoi Dome 6111,Hanoi,43500
S06112,Quy Nhon Dome 6112,Quy Nhon,26500
S06113,Hanoi Park 6113,Hanoi,74000
S06114,Hanoi National Stadium 6114,Hanoi,78000
S06115,Nha Trang Sports Complex 6115,Nha Trang,62000
S06116,Quy Nhon Arena 6116,Quy Nhon,67500
S06117,Nha Trang National Stadium 6117,Nha Trang,59000
S06118,Nha Trang Arena 6118,Nha Trang,30500
S06119,Quy Nhon National Stadium 6119,Quy Nhon,57500
S06120,Hanoi Park 6120,Hanoi,69500
S06121,Hue Park 6121,Hue,77500
S06122,Quy Nhon Arena 6122,Quy Nhon,62000
S06123,Hanoi Sports Complex 6123,Hanoi,39000
S06124,Ho Chi Minh City Park 6124,Ho Chi Minh City,39000
S06125,Quy Nhon Dome 6125,Quy Nhon,50500
S06126,Da Nang Sports Complex 6126,Da Nang,58000
S06127,Can Tho Park 6127,Can Tho,50500
S06128,Da Nang Sports Complex 6128,Da Nang,63000
S06129,Can Tho Dome 6129,Can Tho,26500
S06130,Nam Dinh Dome 6130,Nam Dinh,39500
S06131,Quy Nhon Sports Complex 6131,Quy Nhon,65500
S06132,Nha Trang Arena 6132,Nha Trang,68500
S06133,Quy Nhon Park 6133,Quy Nhon,41500
S06134,Can Tho Dome 6134,Can Tho,20500
S06135,Nam Dinh Sports Complex 6135,Nam Dinh,73000
S06136,Da Nang Sports Complex 6136,Da Nang,75500
S06137,Can Tho Dome 6137,Can Tho,44500
S06138,Binh Duong Arena 6138,Binh Duong,73500
S06139,Hanoi Sports Complex 6139,Hanoi,48000
S06140,Da Nang Park 6140,Da Nang,37500
S06141,Binh Duong Arena 6141,Binh Duong,71000
S06142,Nam Dinh Arena 6142,Nam Dinh,79000
S06143,Hai Phong Dome 6143,Hai Phong,20500
S06144,Hue National Stadium 6144,Hue,80000
S06145,Binh Duong Park 6145,Binh Duong,18000
S06146,Binh Duong National Stadium 6146,Binh Duong,52500
S06147,Hanoi Sports Complex 6147,Hanoi,76000
S06148,Binh Duong Arena 6148,Binh Duong,63500
S06149,Hai Phong Sports Complex 6149,Hai Phong,47000
S06150,Ho Chi Minh City Sports Complex 6150,Ho Chi Minh City,63000
S06151,Can Tho Park 6151,Can Tho,76500
S06152,Hue Park 6152,Hue,58000
S06153,Hue Arena 6153,Hue,53000
S06154,Can Tho Dome 6154,Can Tho,60000
S06155,Ho Chi Minh City Arena 6155,Ho Chi Minh City,57000
S06156,Quy Nhon Arena 6156,Quy Nhon,69500
S06157,Hai Phong National Stadium 6157,Hai Phong,73500
S06158,Binh Duong National Stadium 6158,Binh Duong,47500
S06159,Da Nang National Stadium 6159,Da Nang,60500
S06160,Nha Trang Arena 6160,Nha Trang,64500
S06161,Hue Sports Complex 6161,Hue,69000
S06162,Hai Phong Park 6162,Hai Phong,57000
S06163,Ho Chi Minh City Arena 6163,Ho Chi Minh City,16500
S06164,Hanoi National Stadium 6164,Hanoi,34500
S06165,Ho Chi Minh City Arena 6165,Ho Chi Minh City,27000
S06166,Ho Chi Minh City National Stadium 6166,Ho Chi Minh City,31500
S06167,Quy Nhon National Stadium 6167,Quy Nhon,42500
S06168,Can Tho Dome 6168,Can Tho,15500
S06169,Nam Dinh Sports Complex 6169,Nam Dinh,37500
S06170,Hue Sports Complex 6170,Hue,28500
S06171,Nha Trang Dome 6171,Nha Trang,55500
S06172,Nam Dinh Dome 6172,Nam Dinh,56500
S06173,Nam Dinh Park 6173,Nam Dinh,17500
S06174,Quy Nhon National Stadium 6174,Quy Nhon,48000
S06175,Can Tho Sports Complex 6175,Can Tho,17000
S06176,Nha Trang Dome 6176,Nha Trang,71500
S06177,Hue Park 6177,Hue,65500
S06178,Ho Chi Minh City Dome 6178,Ho Chi Minh City,60000
S06179,Nam Dinh Park 6179,Nam Dinh,72500
S06180,Can Tho Dome 6180,Can Tho,17000
S06181,Hue National Stadium 6181,Hue,78000
S06182,Quy Nhon National Stadium 6182,Quy Nhon,46000
S06183,Nha Trang Park 6183,Nha Trang,21000
S06184,Ho Chi Minh City Arena 6184,Ho Chi Minh City,62500
S06185,Ho Chi Minh City Dome 6185,Ho Chi Minh City,40000
S06186,Can Tho Arena 6186,Can Tho,54500
S06187,Quy Nhon National Stadium 6187,Quy Nhon,36000
S06188,Nha Trang Park 6188,Nha Trang,66000
S06189,Quy Nhon Arena 6189,Quy Nhon,55000
S06190,Hue National Stadium 6190,Hue,15500
S06191,Da Nang Park 6191,Da Nang,71500
S06192,Hanoi Park 6192,Hanoi,44000
S06193,Ho Chi Minh City Park 6193,Ho Chi Minh City,27000
S06194,Quy Nhon Sports Complex 6194,Quy Nhon,60500
S06195,Nam Dinh Dome 6195,Nam Dinh,67500
S06196,Binh Duong National Stadium 6196,Binh Duong,31500
S06197,Nam Dinh National Stadium 6197,Nam Dinh,61000
S06198,Binh Duong Dome 6198,Binh Duong,26500
S06199,Quy Nhon Sports Complex 6199,Quy Nhon,71000
S06200,Da Nang National Stadium 6200,Da Nang,34000
S06201,Nam Dinh Sports Complex 6201,Nam Dinh,43000
S06202,Ho Chi Minh City Arena 6202,Ho Chi Minh City,78500
S06203,Ho Chi Minh City Arena 6203,Ho Chi Minh City,46500
S06204,Quy Nhon Arena 6204,Quy Nhon,15500
S06205,Hue Arena 6205,Hue,65500
S06206,Hue National Stadium 6206,Hue,35000
S06207,Da Nang Arena 6207,Da Nang,37500
S06208,Nam Dinh Dome 6208,Nam Dinh,30000
S06209,Quy Nhon National Stadium 6209,Quy Nhon,21500
S06210,Da Nang Arena 6210,Da Nang,23500
S06211,Nam Dinh Park 6211,Nam Dinh,16500
S06212,Quy Nhon Dome 6212,Quy Nhon,39000
S06213,Hue National Stadium 6213,Hue,61500
S06214,Binh Duong Sports Complex 6214,Binh Duong,56500
S06215,Binh Duong National Stadium 6215,Binh Duong,42500
S06216,Quy Nhon National Stadium 6216,Quy Nhon,33500
S06217,Hue Park 6217,Hue,61000
S06218,Hue National Stadium 6218,Hue,19500
S06219,Ho Chi Minh City Sports Complex 6219,Ho Chi Minh City,72500
S06220,Can Tho Dome 6220,Can Tho,41500
S06221,Binh Duong Arena 6221,Binh Duong,74500
S06222,Da Nang National Stadium 6222,Da Nang,16500
S06223,Da Nang National Stadium 6223,Da Nang,52500
S06224,Da Nang Arena 6224,Da Nang,44000
S06225,Binh Duong Sports Complex 6225,Binh Duong,51500
S06226,Nha Trang Dome 6226,Nha Trang,19500
S06227,Da Nang Park 6227,Da Nang,42000
S06228,Ho Chi Minh City Park 6228,Ho Chi Minh City,17500
S06229,Hai Phong Arena 6229,Hai Phong,24500
S06230,Nha Trang Arena 6230,Nha Trang,64000
S06231,Hue National Stadium 6231,Hue,39500
S06232,Hanoi Park 6232,Hanoi,66500
S06233,Hanoi National Stadium 6233,Hanoi,49500
S06234,Nha Trang Park 6234,Nha Trang,50000
S06235,Hanoi Sports Complex 6235,Hanoi,72500
S06236,Da Nang Sports Complex 6236,Da Nang,75500
S06237,Hai Phong Dome 6237,Hai Phong,67500
S06238,Hai Phong Arena 6238,Hai Phong,58500
S06239,Quy Nhon Dome 6239,Quy Nhon,46500
S06240,Hai Phong National Stadium 6240,Hai Phong,26500
S06241,Hue Park 6241,Hue,56500
S06242,Binh Duong National Stadium 6242,Binh Duong,24500
S06243,Da Nang Park 6243,Da Nang,24500
S06244,Ho Chi Minh City Dome 6244,Ho Chi Minh City,48500
S06245,Ho Chi Minh City Park 6245,Ho Chi Minh City,26000
S06246,Hai Phong Dome 6246,Hai Phong,70000
S06247,Can Tho Arena 6247,Can Tho,69500
S06248,Nha Trang Dome 6248,Nha Trang,19000
S06249,Hue National Stadium 6249,Hue,72000
S06250,Can Tho Dome 6250,Can Tho,17000
S06251,Hai Phong Sports Complex 6251,Hai Phong,40500
S06252,Quy Nhon Park 6252,Quy Nhon,70000
S06253,Hai Phong Arena 6253,Hai Phong,46500
S06254,Nam Dinh Park 6254,Nam Dinh,73000
S06255,Hue Arena 6255,Hue,31000
S06256,Nam Dinh Park 6256,Nam Dinh,34000
S06257,Quy Nhon National Stadium 6257,Quy Nhon,43500
S06258,Nam Dinh National Stadium 6258,Nam Dinh,42500
S06259,Ho Chi Minh City Park 6259,Ho Chi Minh City,20500
S06260,Da Nang National Stadium 6260,Da Nang,39000
S06261,Nha Trang Dome 6261,Nha Trang,33500
S06262,Quy Nhon Sports Complex 6262,Quy Nhon,35000
S06263,Binh Duong Park 6263,Binh Duong,36500
S06264,Nha Trang Dome 6264,Nha Trang,48500
S06265,Quy Nhon Dome 6265,Quy Nhon,64500
S06266,Nam Dinh Park 6266,Nam Dinh,75500
S06267,Nam Dinh Park 6267,Nam Dinh,58500
S06268,Nam Dinh Arena 6268,Nam Dinh,46000
S06269,Can Tho National Stadium 6269,Can Tho,60500
S06270,Quy Nhon Sports Complex 6270,Quy Nhon,50000
S06271,Binh Duong Park 6271,Binh Duong,56500
S06272,Ho Chi Minh City Sports Complex 6272,Ho Chi Minh City,56000
S06273,Nha Trang Sports Complex 6273,Nha Trang,72500
S06274,Nha Trang Park 6274,Nha Trang,48500
S06275,Hai Phong Sports Complex 6275,Hai Phong,75500
S06276,Can Tho Arena 6276,Can Tho,52000
S06277,Hai Phong Sports Complex 6277,Hai Phong,78500
S06278,Nha Trang Arena 6278,Nha Trang,69000
S06279,Can Tho Park 6279,Can Tho,59500
S06280,Hue Sports Complex 6280,Hue,32500
S06281,Nam Dinh Dome 6281,Nam Dinh,59000
S06282,Hai Phong Park 6282,Hai Phong,73500
S06283,Da Nang Sports Complex 6283,Da Nang,27500
S06284,Can Tho Park 6284,Can Tho,51000
S06285,Can Tho Arena 6285,Can Tho,67500
S06286,Quy Nhon Park 6286,Quy Nhon,49000
S06287,Da Nang National Stadium 6287,Da Nang,62500
S06288,Nha Trang Arena 6288,Nha Trang,28500
S06289,Nam Dinh Sports Complex 6289,Nam Dinh,27000
S06290,Quy Nhon Sports Complex 6290,Quy Nhon,31000
S06291,Hue Dome 6291,Hue,62000
S06292,Nha Trang Park 6292,Nha Trang,45000
S06293,Binh Duong Sports Complex 6293,Binh Duong,24500
S06294,Nha Trang Park 6294,Nha Trang,19500
S06295,Nha Trang National Stadium 6295,Nha Trang,78500
S06296,Hue Park 6296,Hue,79500
S06297,Hue National Stadium 6297,Hue,19500
S06298,Hai Phong Sports Complex 6298,Hai Phong,76000
S06299,Quy Nhon Dome 6299,Quy Nhon,76500
S06300,Binh Duong Park 6300,Binh Duong,69000
S06301,Nha Trang Park 6301,Nha Trang,52000
S06302,Hue Arena 6302,Hue,32500
S06303,Hanoi Dome 6303,Hanoi,56000
S06304,Quy Nhon Park 6304,Quy Nhon,22000
S06305,Quy Nhon Dome 6305,Quy Nhon,40500
S06306,Can Tho National Stadium 6306,Can Tho,24000
S06307,Da Nang National Stadium 6307,Da Nang,38500
S06308,Hanoi National Stadium 6308,Hanoi,70500
S06309,Ho Chi Minh City Sports Complex 6309,Ho Chi Minh City,22000
S06310,Binh Duong Park 6310,Binh Duong,32500
S06311,Da Nang National Stadium 6311,Da Nang,75500
S06312,Hue Arena 6312,Hue,17500
S06313,Nam Dinh National Stadium 6313,Nam Dinh,15500
S06314,Ho Chi Minh City Sports Complex 6314,Ho Chi Minh City,79000
S06315,Nam Dinh Sports Complex 6315,Nam Dinh,33500
S06316,Hue Arena 6316,Hue,30000
S06317,Hai Phong Park 6317,Hai Phong,54500
S06318,Nam Dinh Sports Complex 6318,Nam Dinh,76000
S06319,Binh Duong Sports Complex 6319,Binh Duong,70000
S06320,Hai Phong Arena 6320,Hai Phong,16500
S06321,Binh Duong Park 6321,Binh Duong,36000
S06322,Hai Phong Arena 6322,Hai Phong,68000
S06323,Hue Arena 6323,Hue,50500
S06324,Nam Dinh National Stadium 6324,Nam Dinh,77500
S06325,Da Nang National Stadium 6325,Da Nang,52500
S06326,Nam Dinh Sports Complex 6326,Nam Dinh,68000
S06327,Quy Nhon National Stadium 6327,Quy Nhon,21500
S06328,Hai Phong Dome 6328,Hai Phong,29500
S06329,Hai Phong Dome 6329,Hai Phong,55000
S06330,Da Nang Arena 6330,Da Nang,75000
S06331,Hai Phong Sports Complex 6331,Hai Phong,22000
S06332,Hanoi Arena 6332,Hanoi,59000
S06333,Nha Trang Dome 6333,Nha Trang,53000
S06334,Nam Dinh Dome 6334,Nam Dinh,44000
S06335,Hai Phong Arena 6335,Hai Phong,21500
S06336,Ho Chi Minh City Dome 6336,Ho Chi Minh City,61500
S06337,Quy Nhon Dome 6337,Quy Nhon,25000
S06338,Hue Park 6338,Hue,64000
S06339,Hue National Stadium 6339,Hue,50500
S06340,Nha Trang Arena 6340,Nha Trang,73000
S06341,Quy Nhon Dome 6341,Quy Nhon,66500
S06342,Binh Duong Sports Complex 6342,Binh Duong,36000
S06343,Hanoi Dome 6343,Hanoi,48500
S06344,Nam Dinh Dome 6344,Nam Dinh,70000
S06345,Quy Nhon Park 6345,Quy Nhon,28500
S06346,Can Tho Arena 6346,Can Tho,61000
S06347,Ho Chi Minh City Park 6347,Ho Chi Minh City,70000
S06348,Hue Arena 6348,Hue,66500
S06349,Hue Arena 6349,Hue,29500
S06350,Can Tho Sports Complex 6350,Can Tho,41500
S06351,Nha Trang Arena 6351,Nha Trang,62000
S06352,Nha Trang Arena 6352,Nha Trang,40000
S06353,Nam Dinh Dome 6353,Nam Dinh,78000
S06354,Hanoi Park 6354,Hanoi,31000
S06355,Ho Chi Minh City Dome 6355,Ho Chi Minh City,61500
S06356,Hanoi Dome 6356,Hanoi,52500
S06357,Can Tho Sports Complex 6357,Can Tho,40000
S06358,Hanoi Dome 6358,Hanoi,43500
S06359,Quy Nhon Dome 6359,Quy Nhon,21000
S06360,Hue Sports Complex 6360,Hue,38000
S06361,Hai Phong Sports Complex 6361,Hai Phong,39000
S06362,Nha Trang Dome 6362,Nha Trang,25500
S06363,Da Nang Arena 6363,Da Nang,71000
S06364,Nam Dinh Park 6364,Nam Dinh,54500
S06365,Binh Duong Arena 6365,Binh Duong,70500
S06366,Hanoi Dome 6366,Hanoi,39000
S06367,Hanoi Arena 6367,Hanoi,21000
S06368,Da Nang National Stadium 6368,Da Nang,55500
S06369,Binh Duong National Stadium 6369,Binh Duong,31500
S06370,Ho Chi Minh City Park 6370,Ho Chi Minh City,76000
S06371,Nha Trang Dome 6371,Nha Trang,25000
S06372,Nha Trang Arena 6372,Nha Trang,71500
S06373,Hue Sports Complex 6373,Hue,72000
S06374,Da Nang Arena 6374,Da Nang,42000
S06375,Nha Trang Arena 6375,Nha Trang,49000
S06376,Ho Chi Minh City Arena 6376,Ho Chi Minh City,72000
S06377,Ho Chi Minh City Park 6377,Ho Chi Minh City,18500
S06378,Nam Dinh Arena 6378,Nam Dinh,34000
S06379,Binh Duong Dome 6379,Binh Duong,76500
S06380,Hue Arena 6380,Hue,30500
S06381,Hanoi Arena 6381,Hanoi,54500
S06382,Ho Chi Minh City National Stadium 6382,Ho Chi Minh City,65500
S06383,Ho Chi Minh City Sports Complex 6383,Ho Chi Minh City,68500
S06384,Da Nang Park 6384,Da Nang,23000
S06385,Quy Nhon Park 6385,Quy Nhon,65000
S06386,Can Tho Arena 6386,Can Tho,25000
S06387,Binh Duong Arena 6387,Binh Duong,31000
S06388,Hanoi Sports Complex 6388,Hanoi,71000
S06389,Da Nang Sports Complex 6389,Da Nang,48500
S06390,Hanoi Park 6390,Hanoi,48000
S06391,Hanoi Dome 6391,Hanoi,24000
S06392,Da Nang National Stadium 6392,Da Nang,45500
S06393,Da Nang Arena 6393,Da Nang,31000
S06394,Nam Dinh Sports Complex 6394,Nam Dinh,52500
S06395,Nha Trang Dome 6395,Nha Trang,31000
S06396,Quy Nhon Arena 6396,Quy Nhon,61500
S06397,Ho Chi Minh City Arena 6397,Ho Chi Minh City,25500
S06398,Nam Dinh National Stadium 6398,Nam Dinh,19500
S06399,Hue Arena 6399,Hue,15000
S06400,Nha Trang Dome 6400,Nha Trang,49500
S06401,Quy Nhon Dome 6401,Quy Nhon,51000
S06402,Binh Duong Dome 6402,Binh Duong,73000
S06403,Binh Duong Dome 6403,Binh Duong,78000
S06404,Binh Duong Sports Complex 6404,Binh Duong,66500
S06405,Nam Dinh Park 6405,Nam Dinh,62000
S06406,Hue Sports Complex 6406,Hue,49500
S06407,Hue Arena 6407,Hue,48000
S06408,Quy Nhon Arena 6408,Quy Nhon,67500
S06409,Hanoi Arena 6409,Hanoi,20000
S06410,Nam Dinh Sports Complex 6410,Nam Dinh,70000
S06411,Nha Trang National Stadium 6411,Nha Trang,54500
S06412,Hue Dome 6412,Hue,39500
S06413,Nha Trang Sports Complex 6413,Nha Trang,16500
S06414,Can Tho Dome 6414,Can Tho,28000
S06415,Hanoi Arena 6415,Hanoi,43500
S06416,Da Nang Dome 6416,Da Nang,71500
S06417,Nam Dinh Arena 6417,Nam Dinh,57500
S06418,Nha Trang Dome 6418,Nha Trang,31000
S06419,Da Nang National Stadium 6419,Da Nang,74000
S06420,Hai Phong Dome 6420,Hai Phong,31500
S06421,Quy Nhon Dome 6421,Quy Nhon,45500
S06422,Quy Nhon Sports Complex 6422,Quy Nhon,73000
S06423,Hai Phong Dome 6423,Hai Phong,23500
S06424,Hue National Stadium 6424,Hue,31000
S06425,Da Nang National Stadium 6425,Da Nang,34500
S06426,Can Tho National Stadium 6426,Can Tho,38000
S06427,Quy Nhon Dome 6427,Quy Nhon,73000
S06428,Hue National Stadium 6428,Hue,54000
S06429,Nha Trang Sports Complex 6429,Nha Trang,69000
S06430,Binh Duong Park 6430,Binh Duong,46500
S06431,Hanoi Dome 6431,Hanoi,19500
S06432,Can Tho Sports Complex 6432,Can Tho,27500
S06433,Nha Trang Park 6433,Nha Trang,26000
S06434,Hanoi National Stadium 6434,Hanoi,24500
S06435,Binh Duong Sports Complex 6435,Binh Duong,19000
S06436,Hanoi Park 6436,Hanoi,29500
S06437,Binh Duong Sports Complex 6437,Binh Duong,16500
S06438,Quy Nhon Dome 6438,Quy Nhon,37000
S06439,Nam Dinh Dome 6439,Nam Dinh,37500
S06440,Nam Dinh Sports Complex 6440,Nam Dinh,33500
S06441,Can Tho National Stadium 6441,Can Tho,67500
S06442,Binh Duong Park 6442,Binh Duong,23000
S06443,Quy Nhon Dome 6443,Quy Nhon,43500
S06444,Binh Duong National Stadium 6444,Binh Duong,58500
S06445,Binh Duong Park 6445,Binh Duong,48000
S06446,Ho Chi Minh City Arena 6446,Ho Chi Minh City,76000
S06447,Hue Sports Complex 6447,Hue,58500
S06448,Quy Nhon Sports Complex 6448,Quy Nhon,24500
S06449,Da Nang Arena 6449,Da Nang,21000
S06450,Nam Dinh Dome 6450,Nam Dinh,33000
S06451,Hue Arena 6451,Hue,17500
S06452,Hanoi Sports Complex 6452,Hanoi,16000
S06453,Da Nang Arena 6453,Da Nang,42500
S06454,Nam Dinh Arena 6454,Nam Dinh,42500
S06455,Da Nang Dome 6455,Da Nang,51000
S06456,Nam Dinh Sports Complex 6456,Nam Dinh,80000
S06457,Hai Phong National Stadium 6457,Hai Phong,80000
S06458,Ho Chi Minh City Arena 6458,Ho Chi Minh City,71500
S06459,Hanoi Sports Complex 6459,Hanoi,62500
S06460,Quy Nhon National Stadium 6460,Quy Nhon,29500
S06461,Quy Nhon Arena 6461,Quy Nhon,75500
S06462,Quy Nhon National Stadium 6462,Quy Nhon,20000
S06463,Quy Nhon Sports Complex 6463,Quy Nhon,55500
S06464,Can Tho Dome 6464,Can Tho,77500
S06465,Nha Trang Park 6465,Nha Trang,51500
S06466,Binh Duong Sports Complex 6466,Binh Duong,56500
S06467,Can Tho Park 6467,Can Tho,25000
S06468,Nam Dinh Park 6468,Nam Dinh,59500
S06469,Nha Trang Park 6469,Nha Trang,66000
S06470,Hai Phong Arena 6470,Hai Phong,68500
S06471,Hanoi Dome 6471,Hanoi,46500
S06472,Nha Trang Sports Complex 6472,Nha Trang,76500
S06473,Binh Duong Sports Complex 6473,Binh Duong,47500
S06474,Hue National Stadium 6474,Hue,77500
S06475,Nam Dinh Sports Complex 6475,Nam Dinh,67500
S06476,Nha Trang National Stadium 6476,Nha Trang,69000
S06477,Da Nang Park 6477,Da Nang,29500
S06478,Hai Phong Arena 6478,Hai Phong,45500
S06479,Da Nang National Stadium 6479,Da Nang,60500
S06480,Binh Duong Park 6480,Binh Duong,39000
S06481,Hue Dome 6481,Hue,42500
S06482,Nam Dinh Sports Complex 6482,Nam Dinh,34500
S06483,Ho Chi Minh City Arena 6483,Ho Chi Minh City,25500
S06484,Nam Dinh Dome 6484,Nam Dinh,77000
S06485,Ho Chi Minh City Sports Complex 6485,Ho Chi Minh City,75500
S06486,Hanoi Dome 6486,Hanoi,41500
S06487,Hue Arena 6487,Hue,42000
S06488,Quy Nhon National Stadium 6488,Quy Nhon,37000
S06489,Can Tho National Stadium 6489,Can Tho,35000
S06490,Hai Phong Dome 6490,Hai Phong,72500
S06491,Quy Nhon Dome 6491,Quy Nhon,53500
S06492,Hai Phong Dome 6492,Hai Phong,43000
S06493,Hai Phong Sports Complex 6493,Hai Phong,31000
S06494,Nam Dinh Arena 6494,Nam Dinh,37000
S06495,Da Nang Park 6495,Da Nang,36500
S06496,Nam Dinh Dome 6496,Nam Dinh,71000
S06497,Ho Chi Minh City National Stadium 6497,Ho Chi Minh City,20500
S06498,Ho Chi Minh City National Stadium 6498,Ho Chi Minh City,25000
S06499,Binh Duong Dome 6499,Binh Duong,47500
S06500,Ho Chi Minh City Arena 6500,Ho Chi Minh City,18500
S06501,Hanoi Dome 6501,Hanoi,26500
S06502,Hanoi Arena 6502,Hanoi,34000
S06503,Can Tho Sports Complex 6503,Can Tho,58500
S06504,Nam Dinh National Stadium 6504,Nam Dinh,17500
S06505,Da Nang Sports Complex 6505,Da Nang,36500
S06506,Ho Chi Minh City National Stadium 6506,Ho Chi Minh City,53000
S06507,Ho Chi Minh City National Stadium 6507,Ho Chi Minh City,55500
S06508,Hanoi Arena 6508,Hanoi,66500
S06509,Da Nang Dome 6509,Da Nang,69000
S06510,Quy Nhon National Stadium 6510,Quy Nhon,32500
S06511,Nam Dinh Sports Complex 6511,Nam Dinh,55500
S06512,Binh Duong National Stadium 6512,Binh Duong,69500
S06513,Nam Dinh Sports Complex 6513,Nam Dinh,24000
S06514,Ho Chi Minh City Dome 6514,Ho Chi Minh City,54500
S06515,Nha Trang Arena 6515,Nha Trang,57000
S06516,Binh Duong National Stadium 6516,Binh Duong,47500
S06517,Nam Dinh Arena 6517,Nam Dinh,60000
S06518,Nha Trang National Stadium 6518,Nha Trang,41000
S06519,Can Tho Arena 6519,Can Tho,60500
S06520,Quy Nhon Dome 6520,Quy Nhon,38500
S06521,Binh Duong Sports Complex 6521,Binh Duong,34000
S06522,Hue Dome 6522,Hue,68000
S06523,Hai Phong Sports Complex 6523,Hai Phong,58500
S06524,Can Tho Arena 6524,Can Tho,31000
S06525,Quy Nhon Arena 6525,Quy Nhon,61000
S06526,Da Nang National Stadium 6526,Da Nang,20000
S06527,Hanoi Park 6527,Hanoi,72500
S06528,Ho Chi Minh City Arena 6528,Ho Chi Minh City,22000
S06529,Quy Nhon Arena 6529,Quy Nhon,25000
S06530,Ho Chi Minh City Sports Complex 6530,Ho Chi Minh City,65500
S06531,Can Tho Sports Complex 6531,Can Tho,53000
S06532,Hai Phong Dome 6532,Hai Phong,43500
S06533,Hue National Stadium 6533,Hue,76000
S06534,Binh Duong Park 6534,Binh Duong,35000
S06535,Hai Phong Dome 6535,Hai Phong,58000
S06536,Hanoi Sports Complex 6536,Hanoi,25500
S06537,Hue Arena 6537,Hue,37500
S06538,Ho Chi Minh City National Stadium 6538,Ho Chi Minh City,17000
S06539,Nha Trang Dome 6539,Nha Trang,27000
S06540,Quy Nhon Dome 6540,Quy Nhon,58000
S06541,Hue Sports Complex 6541,Hue,44500
S06542,Da Nang Sports Complex 6542,Da Nang,64000
S06543,Hue Sports Complex 6543,Hue,78000
S06544,Nam Dinh Arena 6544,Nam Dinh,15500
S06545,Da Nang Sports Complex 6545,Da Nang,42000
S06546,Ho Chi Minh City Dome 6546,Ho Chi Minh City,72500
S06547,Can Tho Arena 6547,Can Tho,18000
S06548,Da Nang Arena 6548,Da Nang,48500
S06549,Nam Dinh Dome 6549,Nam Dinh,77500
S06550,Nha Trang Arena 6550,Nha Trang,62000
S06551,Da Nang Dome 6551,Da Nang,17500
S06552,Hanoi Sports Complex 6552,Hanoi,61500
S06553,Can Tho Park 6553,Can Tho,39500
S06554,Can Tho National Stadium 6554,Can Tho,22000
S06555,Quy Nhon Park 6555,Quy Nhon,28000
S06556,Hai Phong Arena 6556,Hai Phong,37000
S06557,Binh Duong Sports Complex 6557,Binh Duong,50000
S06558,Hue Park 6558,Hue,53500
S06559,Nam Dinh Park 6559,Nam Dinh,28000
S06560,Hue National Stadium 6560,Hue,45000
S06561,Nam Dinh Park 6561,Nam Dinh,34000
S06562,Binh Duong Dome 6562,Binh Duong,18000
S06563,Nha Trang Sports Complex 6563,Nha Trang,16000
S06564,Hue Park 6564,Hue,56000
S06565,Ho Chi Minh City Dome 6565,Ho Chi Minh City,69500
S06566,Hue Dome 6566,Hue,75000
S06567,Nam Dinh Park 6567,Nam Dinh,30000
S06568,Can Tho Park 6568,Can Tho,29500
S06569,Quy Nhon Sports Complex 6569,Quy Nhon,34500
S06570,Hanoi Arena 6570,Hanoi,59000
S06571,Nam Dinh Sports Complex 6571,Nam Dinh,41000
S06572,Nha Trang National Stadium 6572,Nha Trang,50000
S06573,Hai Phong National Stadium 6573,Hai Phong,29500
S06574,Quy Nhon Arena 6574,Quy Nhon,41000
S06575,Hanoi Dome 6575,Hanoi,18000
S06576,Ho Chi Minh City Sports Complex 6576,Ho Chi Minh City,50000
S06577,Binh Duong Dome 6577,Binh Duong,16000
S06578,Binh Duong Sports Complex 6578,Binh Duong,65500
S06579,Nam Dinh National Stadium 6579,Nam Dinh,47500
S06580,Nam Dinh Arena 6580,Nam Dinh,50000
S06581,Binh Duong Sports Complex 6581,Binh Duong,66000
S06582,Ho Chi Minh City Arena 6582,Ho Chi Minh City,75500
S06583,Hue Park 6583,Hue,62500
S06584,Can Tho Arena 6584,Can Tho,50500
S06585,Hai Phong National Stadium 6585,Hai Phong,60000
S06586,Hue National Stadium 6586,Hue,36500
S06587,Hai Phong Dome 6587,Hai Phong,16500
S06588,Ho Chi Minh City Arena 6588,Ho Chi Minh City,76000
S06589,Nha Trang Arena 6589,Nha Trang,58000
S06590,Nha Trang Sports Complex 6590,Nha Trang,42000
S06591,Da Nang Dome 6591,Da Nang,28500
S06592,Da Nang Sports Complex 6592,Da Nang,21500
S06593,Nha Trang Sports Complex 6593,Nha Trang,50500
S06594,Binh Duong National Stadium 6594,Binh Duong,20000
S06595,Da Nang National Stadium 6595,Da Nang,71000
S06596,Hanoi Arena 6596,Hanoi,19500
S06597,Nha Trang Arena 6597,Nha Trang,22500
S06598,Quy Nhon Sports Complex 6598,Quy Nhon,23000
S06599,Binh Duong Park 6599,Binh Duong,45500
S06600,Binh Duong National Stadium 6600,Binh Duong,46500
S06601,Nam Dinh Sports Complex 6601,Nam Dinh,66500
S06602,Ho Chi Minh City Sports Complex 6602,Ho Chi Minh City,66500
S06603,Ho Chi Minh City Sports Complex 6603,Ho Chi Minh City,26500
S06604,Hue Arena 6604,Hue,50500
S06605,Nha Trang National Stadium 6605,Nha Trang,74500
S06606,Nam Dinh National Stadium 6606,Nam Dinh,19000
S06607,Da Nang Arena 6607,Da Nang,37500
S06608,Da Nang Park 6608,Da Nang,68500
S06609,Binh Duong Arena 6609,Binh Duong,46500
S06610,Can Tho National Stadium 6610,Can Tho,37500
S06611,Hue Dome 6611,Hue,22000
S06612,Binh Duong Dome 6612,Binh Duong,29000
S06613,Da Nang Arena 6613,Da Nang,55500
S06614,Quy Nhon Park 6614,Quy Nhon,64000
S06615,Ho Chi Minh City Arena 6615,Ho Chi Minh City,69500
S06616,Quy Nhon Park 6616,Quy Nhon,65500
S06617,Quy Nhon Dome 6617,Quy Nhon,36000
S06618,Can Tho Arena 6618,Can Tho,74000
S06619,Hanoi National Stadium 6619,Hanoi,44500
S06620,Hai Phong National Stadium 6620,Hai Phong,52500
S06621,Can Tho National Stadium 6621,Can Tho,79500
S06622,Can Tho Sports Complex 6622,Can Tho,42000
S06623,Hanoi Sports Complex 6623,Hanoi,71500
S06624,Quy Nhon National Stadium 6624,Quy Nhon,24000
S06625,Ho Chi Minh City Park 6625,Ho Chi Minh City,49000
S06626,Binh Duong National Stadium 6626,Binh Duong,54000
S06627,Da Nang Dome 6627,Da Nang,47500
S06628,Binh Duong Park 6628,Binh Duong,62500
S06629,Can Tho National Stadium 6629,Can Tho,56000
S06630,Hanoi Sports Complex 6630,Hanoi,31000
S06631,Nha Trang Park 6631,Nha Trang,69000
S06632,Hue Sports Complex 6632,Hue,17500
S06633,Ho Chi Minh City National Stadium 6633,Ho Chi Minh City,76500
S06634,Nha Trang Arena 6634,Nha Trang,60500
S06635,Nha Trang Dome 6635,Nha Trang,25000
S06636,Nha Trang Sports Complex 6636,Nha Trang,70500
S06637,Hue National Stadium 6637,Hue,79000
S06638,Binh Duong Sports Complex 6638,Binh Duong,20000
S06639,Quy Nhon Sports Complex 6639,Quy Nhon,63500
S06640,Nha Trang Dome 6640,Nha Trang,16500
S06641,Hanoi Sports Complex 6641,Hanoi,36500
S06642,Da Nang National Stadium 6642,Da Nang,72000
S06643,Da Nang Park 6643,Da Nang,54500
S06644,Nam Dinh National Stadium 6644,Nam Dinh,39000
S06645,Ho Chi Minh City National Stadium 6645,Ho Chi Minh City,79000
S06646,Nha Trang Sports Complex 6646,Nha Trang,36000
S06647,Ho Chi Minh City Arena 6647,Ho Chi Minh City,53000
S06648,Hai Phong Park 6648,Hai Phong,67500
S06649,Ho Chi Minh City Arena 6649,Ho Chi Minh City,18000
S06650,Nha Trang Sports Complex 6650,Nha Trang,70000
S06651,Binh Duong Park 6651,Binh Duong,75000
S06652,Ho Chi Minh City Park 6652,Ho Chi Minh City,76500
S06653,Nam Dinh Park 6653,Nam Dinh,34500
S06654,Binh Duong Sports Complex 6654,Binh Duong,21500
S06655,Hue National Stadium 6655,Hue,35500
S06656,Hue National Stadium 6656,Hue,58000
S06657,Can Tho Sports Complex 6657,Can Tho,63500
S06658,Hanoi Arena 6658,Hanoi,19500
S06659,Ho Chi Minh City Park 6659,Ho Chi Minh City,15500
S06660,Ho Chi Minh City Dome 6660,Ho Chi Minh City,18000
S06661,Quy Nhon Sports Complex 6661,Quy Nhon,41500
S06662,Binh Duong National Stadium 6662,Binh Duong,32500
S06663,Da Nang Park 6663,Da Nang,76500
S06664,Binh Duong Arena 6664,Binh Duong,20500
S06665,Can Tho Arena 6665,Can Tho,27000
S06666,Nam Dinh National Stadium 6666,Nam Dinh,56500
S06667,Hanoi Dome 6667,Hanoi,29500
S06668,Da Nang Arena 6668,Da Nang,63500
S06669,Binh Duong Arena 6669,Binh Duong,80000
S06670,Hue National Stadium 6670,Hue,59500
S06671,Binh Duong Sports Complex 6671,Binh Duong,53000
S06672,Hai Phong Dome 6672,Hai Phong,51000
S06673,Hai Phong National Stadium 6673,Hai Phong,43000
S06674,Hai Phong Park 6674,Hai Phong,58500
S06675,Hue Arena 6675,Hue,69000
S06676,Binh Duong Sports Complex 6676,Binh Duong,37500
S06677,Da Nang Dome 6677,Da Nang,79000
S06678,Nam Dinh Dome 6678,Nam Dinh,74500
S06679,Nam Dinh Sports Complex 6679,Nam Dinh,32500
S06680,Hai Phong Park 6680,Hai Phong,71000
S06681,Ho Chi Minh City Dome 6681,Ho Chi Minh City,31500
S06682,Nam Dinh Dome 6682,Nam Dinh,15000
S06683,Ho Chi Minh City Dome 6683,Ho Chi Minh City,53500
S06684,Hai Phong Sports Complex 6684,Hai Phong,60500
S06685,Da Nang Park 6685,Da Nang,27000
S06686,Nam Dinh National Stadium 6686,Nam Dinh,78500
S06687,Hai Phong Arena 6687,Hai Phong,61500
S06688,Hanoi Arena 6688,Hanoi,31500
S06689,Hanoi National Stadium 6689,Hanoi,60000
S06690,Hue Arena 6690,Hue,78500
S06691,Hai Phong Sports Complex 6691,Hai Phong,78000
S06692,Ho Chi Minh City Park 6692,Ho Chi Minh City,15000
S06693,Hai Phong National Stadium 6693,Hai Phong,69500
S06694,Hanoi Dome 6694,Hanoi,22000
S06695,Can Tho Arena 6695,Can Tho,44500
S06696,Da Nang Arena 6696,Da Nang,62500
S06697,Ho Chi Minh City Sports Complex 6697,Ho Chi Minh City,36500
S06698,Hue Dome 6698,Hue,58000
S06699,Binh Duong Sports Complex 6699,Binh Duong,44000
S06700,Hai Phong Arena 6700,Hai Phong,28500
S06701,Hue Sports Complex 6701,Hue,27500
S06702,Hai Phong Dome 6702,Hai Phong,47000
S06703,Nha Trang Dome 6703,Nha Trang,18000
S06704,Nha Trang National Stadium 6704,Nha Trang,43500
S06705,Quy Nhon Arena 6705,Quy Nhon,19000
S06706,Hanoi Dome 6706,Hanoi,49500
S06707,Nha Trang Arena 6707,Nha Trang,42000
S06708,Ho Chi Minh City Sports Complex 6708,Ho Chi Minh City,24000
S06709,Nha Trang Sports Complex 6709,Nha Trang,26500
S06710,Hue National Stadium 6710,Hue,46000
S06711,Binh Duong National Stadium 6711,Binh Duong,53500
S06712,Quy Nhon Sports Complex 6712,Quy Nhon,35000
S06713,Hai Phong Dome 6713,Hai Phong,28000
S06714,Nha Trang Dome 6714,Nha Trang,78000
S06715,Hue Sports Complex 6715,Hue,25500
S06716,Quy Nhon Arena 6716,Quy Nhon,43500
S06717,Da Nang National Stadium 6717,Da Nang,66000
S06718,Hai Phong Dome 6718,Hai Phong,40000
S06719,Hai Phong Park 6719,Hai Phong,48500
S06720,Da Nang National Stadium 6720,Da Nang,32500
S06721,Can Tho Park 6721,Can Tho,31500
S06722,Ho Chi Minh City Sports Complex 6722,Ho Chi Minh City,71500
S06723,Binh Duong Sports Complex 6723,Binh Duong,64000
S06724,Hue National Stadium 6724,Hue,19000
S06725,Nam Dinh National Stadium 6725,Nam Dinh,31000
S06726,Nha Trang Sports Complex 6726,Nha Trang,68000
S06727,Hai Phong Park 6727,Hai Phong,71000
S06728,Nam Dinh Park 6728,Nam Dinh,67500
S06729,Binh Duong Arena 6729,Binh Duong,56000
S06730,Quy Nhon Park 6730,Quy Nhon,15000
S06731,Da Nang National Stadium 6731,Da Nang,36500
S06732,Binh Duong Dome 6732,Binh Duong,52000
S06733,Can Tho National Stadium 6733,Can Tho,46500
S06734,Hai Phong Arena 6734,Hai Phong,22000
S06735,Nha Trang Dome 6735,Nha Trang,31500
S06736,Nha Trang Park 6736,Nha Trang,28000
S06737,Hue Park 6737,Hue,52000
S06738,Nam Dinh Sports Complex 6738,Nam Dinh,21500
S06739,Hue Dome 6739,Hue,56000
S06740,Hai Phong Arena 6740,Hai Phong,36500
S06741,Hanoi Sports Complex 6741,Hanoi,38500
S06742,Quy Nhon Arena 6742,Quy Nhon,50000
S06743,Can Tho Dome 6743,Can Tho,30000
S06744,Hue Park 6744,Hue,16000
S06745,Ho Chi Minh City National Stadium 6745,Ho Chi Minh City,52000
S06746,Da Nang Arena 6746,Da Nang,42000
S06747,Hanoi Arena 6747,Hanoi,45500
S06748,Hue Park 6748,Hue,63500
S06749,Ho Chi Minh City National Stadium 6749,Ho Chi Minh City,59500
S06750,Binh Duong Dome 6750,Binh Duong,62000
S06751,Da Nang Arena 6751,Da Nang,63500
S06752,Hai Phong Arena 6752,Hai Phong,39500
S06753,Ho Chi Minh City National Stadium 6753,Ho Chi Minh City,32000
S06754,Hanoi Park 6754,Hanoi,42000
S06755,Ho Chi Minh City Sports Complex 6755,Ho Chi Minh City,57000
S06756,Nam Dinh Dome 6756,Nam Dinh,73500
S06757,Hai Phong National Stadium 6757,Hai Phong,37500
S06758,Hai Phong Park 6758,Hai Phong,23000
S06759,Ho Chi Minh City Sports Complex 6759,Ho Chi Minh City,67000
S06760,Nam Dinh Park 6760,Nam Dinh,64000
S06761,Hai Phong National Stadium 6761,Hai Phong,46000
S06762,Nha Trang Park 6762,Nha Trang,26000
S06763,Hanoi Dome 6763,Hanoi,68500
S06764,Hai Phong Dome 6764,Hai Phong,73000
S06765,Can Tho National Stadium 6765,Can Tho,21000
S06766,Binh Duong Park 6766,Binh Duong,30000
S06767,Nam Dinh Sports Complex 6767,Nam Dinh,15000
S06768,Hue Sports Complex 6768,Hue,76500
S06769,Can Tho Dome 6769,Can Tho,51500
S06770,Da Nang National Stadium 6770,Da Nang,63500
S06771,Ho Chi Minh City Park 6771,Ho Chi Minh City,16500
S06772,Nha Trang Arena 6772,Nha Trang,26500
S06773,Da Nang Arena 6773,Da Nang,63500
S06774,Hanoi Arena 6774,Hanoi,28000
S06775,Hai Phong Arena 6775,Hai Phong,23500
S06776,Nha Trang Dome 6776,Nha Trang,19000
S06777,Quy Nhon Arena 6777,Quy Nhon,55500
S06778,Da Nang National Stadium 6778,Da Nang,22500
S06779,Hai Phong Sports Complex 6779,Hai Phong,56000
S06780,Nha Trang Dome 6780,Nha Trang,25000
S06781,Ho Chi Minh City Arena 6781,Ho Chi Minh City,46000
S06782,Hue National Stadium 6782,Hue,26000
S06783,Can Tho National Stadium 6783,Can Tho,50000
S06784,Da Nang Dome 6784,Da Nang,22000
S06785,Ho Chi Minh City Arena 6785,Ho Chi Minh City,29000
S06786,Ho Chi Minh City Arena 6786,Ho Chi Minh City,42000
S06787,Ho Chi Minh City Dome 6787,Ho Chi Minh City,30000
S06788,Da Nang Sports Complex 6788,Da Nang,62000
S06789,Binh Duong Park 6789,Binh Duong,73000
S06790,Binh Duong Park 6790,Binh Duong,74000
S06791,Nam Dinh Sports Complex 6791,Nam Dinh,73000
S06792,Quy Nhon Arena 6792,Quy Nhon,69500
S06793,Nam Dinh Park 6793,Nam Dinh,58500
S06794,Nam Dinh Arena 6794,Nam Dinh,77500
S06795,Quy Nhon Dome 6795,Quy Nhon,26500
S06796,Nam Dinh Dome 6796,Nam Dinh,33500
S06797,Can Tho Sports Complex 6797,Can Tho,54500
S06798,Hai Phong National Stadium 6798,Hai Phong,28000
S06799,Hue Sports Complex 6799,Hue,39500
S06800,Binh Duong Dome 6800,Binh Duong,76000
S06801,Ho Chi Minh City Park 6801,Ho Chi Minh City,22500
S06802,Da Nang National Stadium 6802,Da Nang,30000
S06803,Binh Duong National Stadium 6803,Binh Duong,51500
S06804,Quy Nhon Dome 6804,Quy Nhon,74500
S06805,Nam Dinh Arena 6805,Nam Dinh,18500
S06806,Binh Duong Arena 6806,Binh Duong,50500
S06807,Hai Phong Arena 6807,Hai Phong,31000
S06808,Hanoi Park 6808,Hanoi,71000
S06809,Nam Dinh Park 6809,Nam Dinh,73000
S06810,Ho Chi Minh City Arena 6810,Ho Chi Minh City,50500
S06811,Binh Duong National Stadium 6811,Binh Duong,37000
S06812,Binh Duong Park 6812,Binh Duong,21000
S06813,Nha Trang Sports Complex 6813,Nha Trang,37000
S06814,Binh Duong Arena 6814,Binh Duong,69500
S06815,Da Nang National Stadium 6815,Da Nang,43000
S06816,Quy Nhon Arena 6816,Quy Nhon,24000
S06817,Hai Phong National Stadium 6817,Hai Phong,49000
S06818,Da Nang Park 6818,Da Nang,44000
S06819,Ho Chi Minh City Dome 6819,Ho Chi Minh City,62000
S06820,Binh Duong National Stadium 6820,Binh Duong,63500
S06821,Can Tho Dome 6821,Can Tho,26000
S06822,Nha Trang Sports Complex 6822,Nha Trang,17000
S06823,Hanoi National Stadium 6823,Hanoi,66000
S06824,Hanoi National Stadium 6824,Hanoi,71500
S06825,Hanoi National Stadium 6825,Hanoi,36000
S06826,Da Nang Park 6826,Da Nang,20500
S06827,Ho Chi Minh City Arena 6827,Ho Chi Minh City,46500
S06828,Ho Chi Minh City Dome 6828,Ho Chi Minh City,66500
S06829,Binh Duong Sports Complex 6829,Binh Duong,19000
S06830,Nam Dinh National Stadium 6830,Nam Dinh,62000
S06831,Da Nang Sports Complex 6831,Da Nang,35500
S06832,Hue National Stadium 6832,Hue,67000
S06833,Binh Duong Sports Complex 6833,Binh Duong,64500
S06834,Nha Trang Sports Complex 6834,Nha Trang,25500
S06835,Ho Chi Minh City Park 6835,Ho Chi Minh City,68500
S06836,Da Nang Park 6836,Da Nang,59000
S06837,Nam Dinh Park 6837,Nam Dinh,46000
S06838,Nha Trang Dome 6838,Nha Trang,49000
S06839,Ho Chi Minh City Arena 6839,Ho Chi Minh City,26500
S06840,Nha Trang Park 6840,Nha Trang,55500
S06841,Hanoi Sports Complex 6841,Hanoi,40000
S06842,Quy Nhon National Stadium 6842,Quy Nhon,48000
S06843,Hue Dome 6843,Hue,16500
S06844,Hanoi Park 6844,Hanoi,18000
S06845,Hanoi Sports Complex 6845,Hanoi,73000
S06846,Hai Phong Dome 6846,Hai Phong,37500
S06847,Can Tho National Stadium 6847,Can Tho,38500
S06848,Binh Duong Sports Complex 6848,Binh Duong,49500
S06849,Da Nang Dome 6849,Da Nang,40000
S06850,Nam Dinh National Stadium 6850,Nam Dinh,30500
S06851,Hue Arena 6851,Hue,67500
S06852,Nha Trang Park 6852,Nha Trang,30000
S06853,Can Tho Sports Complex 6853,Can Tho,58500
S06854,Hanoi Sports Complex 6854,Hanoi,35500
S06855,Da Nang Park 6855,Da Nang,39500
S06856,Hanoi Park 6856,Hanoi,62000
S06857,Hanoi Dome 6857,Hanoi,18500
S06858,Hue Arena 6858,Hue,31000
S06859,Hue Park 6859,Hue,71000
S06860,Nam Dinh Park 6860,Nam Dinh,45000
S06861,Nam Dinh Sports Complex 6861,Nam Dinh,66500
S06862,Hanoi Park 6862,Hanoi,66000
S06863,Binh Duong Arena 6863,Binh Duong,23000
S06864,Ho Chi Minh City National Stadium 6864,Ho Chi Minh City,32500
S06865,Hanoi National Stadium 6865,Hanoi,71500
S06866,Hue Sports Complex 6866,Hue,69500
S06867,Binh Duong National Stadium 6867,Binh Duong,73500
S06868,Binh Duong Park 6868,Binh Duong,63500
S06869,Hanoi Sports Complex 6869,Hanoi,56000
S06870,Nha Trang Arena 6870,Nha Trang,51000
S06871,Quy Nhon Dome 6871,Quy Nhon,72500
S06872,Hai Phong Park 6872,Hai Phong,27500
S06873,Hue Arena 6873,Hue,49500
S06874,Ho Chi Minh City Dome 6874,Ho Chi Minh City,32500
S06875,Hai Phong Arena 6875,Hai Phong,59000
S06876,Ho Chi Minh City Arena 6876,Ho Chi Minh City,60500
S06877,Hue Park 6877,Hue,59500
S06878,Nha Trang Arena 6878,Nha Trang,49000
S06879,Nam Dinh Sports Complex 6879,Nam Dinh,41500
S06880,Nha Trang Arena 6880,Nha Trang,16500
S06881,Hai Phong Dome 6881,Hai Phong,64500
S06882,Da Nang Sports Complex 6882,Da Nang,62500
S06883,Binh Duong Dome 6883,Binh Duong,29000
S06884,Ho Chi Minh City Sports Complex 6884,Ho Chi Minh City,78000
S06885,Nha Trang National Stadium 6885,Nha Trang,45500
S06886,Hanoi Dome 6886,Hanoi,34000
S06887,Hue Arena 6887,Hue,38000
S06888,Can Tho Sports Complex 6888,Can Tho,72000
S06889,Hanoi Arena 6889,Hanoi,41500
S06890,Hai Phong Sports Complex 6890,Hai Phong,37500
S06891,Binh Duong Arena 6891,Binh Duong,34500
S06892,Hai Phong National Stadium 6892,Hai Phong,59000
S06893,Ho Chi Minh City Dome 6893,Ho Chi Minh City,39500
S06894,Nha Trang Dome 6894,Nha Trang,67000
S06895,Nha Trang Sports Complex 6895,Nha Trang,48500
S06896,Nam Dinh Park 6896,Nam Dinh,48000
S06897,Hanoi Arena 6897,Hanoi,63000
S06898,Ho Chi Minh City Sports Complex 6898,Ho Chi Minh City,31000
S06899,Binh Duong Park 6899,Binh Duong,49000
S06900,Da Nang Sports Complex 6900,Da Nang,36500
S06901,Da Nang Dome 6901,Da Nang,55000
S06902,Hanoi Sports Complex 6902,Hanoi,17500
S06903,Nha Trang National Stadium 6903,Nha Trang,71000
S06904,Nha Trang Arena 6904,Nha Trang,28500
S06905,Hai Phong Arena 6905,Hai Phong,78500
S06906,Can Tho Arena 6906,Can Tho,69500
S06907,Binh Duong Sports Complex 6907,Binh Duong,53500
S06908,Can Tho National Stadium 6908,Can Tho,41000
S06909,Hai Phong Arena 6909,Hai Phong,68000
S06910,Ho Chi Minh City National Stadium 6910,Ho Chi Minh City,21000
S06911,Nam Dinh Dome 6911,Nam Dinh,49500
S06912,Quy Nhon National Stadium 6912,Quy Nhon,50500
S06913,Hanoi Park 6913,Hanoi,79000
S06914,Hai Phong Arena 6914,Hai Phong,54000
S06915,Ho Chi Minh City Arena 6915,Ho Chi Minh City,47500
S06916,Hai Phong Arena 6916,Hai Phong,41500
S06917,Can Tho Arena 6917,Can Tho,17500
S06918,Hue National Stadium 6918,Hue,62500
S06919,Ho Chi Minh City National Stadium 6919,Ho Chi Minh City,75000
S06920,Nam Dinh Park 6920,Nam Dinh,47500
S06921,Can Tho Dome 6921,Can Tho,21000
S06922,Quy Nhon Park 6922,Quy Nhon,71500
S06923,Hue Park 6923,Hue,62000
S06924,Binh Duong National Stadium 6924,Binh Duong,15500
S06925,Da Nang Arena 6925,Da Nang,69000
S06926,Hanoi National Stadium 6926,Hanoi,53500
S06927,Ho Chi Minh City Sports Complex 6927,Ho Chi Minh City,66000
S06928,Hue National Stadium 6928,Hue,51000
S06929,Da Nang Park 6929,Da Nang,49500
S06930,Hanoi Arena 6930,Hanoi,60000
S06931,Hue Sports Complex 6931,Hue,46000
S06932,Quy Nhon Sports Complex 6932,Quy Nhon,63000
S06933,Nha Trang Park 6933,Nha Trang,23000
S06934,Hue National Stadium 6934,Hue,73000
S06935,Nam Dinh Arena 6935,Nam Dinh,40500
S06936,Can Tho Park 6936,Can Tho,67000
S06937,Can Tho Arena 6937,Can Tho,73000
S06938,Hanoi National Stadium 6938,Hanoi,35500
S06939,Nam Dinh National Stadium 6939,Nam Dinh,68000
S06940,Ho Chi Minh City Park 6940,Ho Chi Minh City,57000
S06941,Nam Dinh Sports Complex 6941,Nam Dinh,22000
S06942,Binh Duong Sports Complex 6942,Binh Duong,30000
S06943,Hai Phong Dome 6943,Hai Phong,49500
S06944,Quy Nhon Sports Complex 6944,Quy Nhon,70000
S06945,Hanoi Park 6945,Hanoi,24000
S06946,Hue Arena 6946,Hue,26000
S06947,Da Nang Arena 6947,Da Nang,55000
S06948,Nam Dinh Park 6948,Nam Dinh,24500
S06949,Ho Chi Minh City Arena 6949,Ho Chi Minh City,44500
S06950,Nha Trang Sports Complex 6950,Nha Trang,37000
S06951,Hue National Stadium 6951,Hue,21000
S06952,Nha Trang National Stadium 6952,Nha Trang,60500
S06953,Nha Trang Arena 6953,Nha Trang,49000
S06954,Binh Duong Dome 6954,Binh Duong,76500
S06955,Hanoi Sports Complex 6955,Hanoi,56500
S06956,Hanoi Sports Complex 6956,Hanoi,30500
S06957,Quy Nhon Dome 6957,Quy Nhon,43000
S06958,Hue National Stadium 6958,Hue,49000
S06959,Ho Chi Minh City National Stadium 6959,Ho Chi Minh City,64000
S06960,Da Nang Dome 6960,Da Nang,66000
S06961,Hanoi National Stadium 6961,Hanoi,77000
S06962,Hai Phong National Stadium 6962,Hai Phong,49000
S06963,Hai Phong Sports Complex 6963,Hai Phong,40500
S06964,Hue Park 6964,Hue,21000
S06965,Hanoi Dome 6965,Hanoi,25000
S06966,Quy Nhon National Stadium 6966,Quy Nhon,36000
S06967,Hai Phong National Stadium 6967,Hai Phong,77500
S06968,Da Nang Arena 6968,Da Nang,31500
S06969,Can Tho Sports Complex 6969,Can Tho,18500
S06970,Hue Park 6970,Hue,51000
S06971,Da Nang Dome 6971,Da Nang,52500
S06972,Ho Chi Minh City Dome 6972,Ho Chi Minh City,56000
S06973,Quy Nhon Dome 6973,Quy Nhon,65000
S06974,Binh Duong Arena 6974,Binh Duong,55500
S06975,Hai Phong Park 6975,Hai Phong,69500
S06976,Nha Trang Sports Complex 6976,Nha Trang,64000
S06977,Hanoi National Stadium 6977,Hanoi,31000
S06978,Nha Trang Park 6978,Nha Trang,15500
S06979,Binh Duong Dome 6979,Binh Duong,66000
S06980,Hai Phong Sports Complex 6980,Hai Phong,34500
S06981,Hai Phong Dome 6981,Hai Phong,71500
S06982,Binh Duong Park 6982,Binh Duong,24000
S06983,Hue National Stadium 6983,Hue,29000
S06984,Hai Phong Sports Complex 6984,Hai Phong,55500
S06985,Ho Chi Minh City National Stadium 6985,Ho Chi Minh City,21500
S06986,Can Tho Dome 6986,Can Tho,60500
S06987,Hanoi Park 6987,Hanoi,69000
S06988,Hanoi Park 6988,Hanoi,39000
S06989,Nam Dinh Park 6989,Nam Dinh,61500
S06990,Ho Chi Minh City Sports Complex 6990,Ho Chi Minh City,33500
S06991,Nam Dinh Arena 6991,Nam Dinh,76500
S06992,Hanoi Dome 6992,Hanoi,31500
S06993,Nam Dinh Arena 6993,Nam Dinh,41500
S06994,Nam Dinh Park 6994,Nam Dinh,56000
S06995,Hue Park 6995,Hue,52500
S06996,Hue Sports Complex 6996,Hue,69500
S06997,Binh Duong Park 6997,Binh Duong,65000
S06998,Nam Dinh Dome 6998,Nam Dinh,21000
S06999,Binh Duong Sports Complex 6999,Binh Duong,24500
S07000,Binh Duong Sports Complex 7000,Binh Duong,53000
S07001,Hue Park 7001,Hue,31500
S07002,Da Nang Sports Complex 7002,Da Nang,52000
S07003,Ho Chi Minh City Sports Complex 7003,Ho Chi Minh City,16500
S07004,Binh Duong Sports Complex 7004,Binh Duong,52500
S07005,Nam Dinh Arena 7005,Nam Dinh,77500
S07006,Da Nang Arena 7006,Da Nang,22000
S07007,Da Nang Arena 7007,Da Nang,34500
S07008,Da Nang Dome 7008,Da Nang,41500
S07009,Nam Dinh Park 7009,Nam Dinh,78000
S07010,Hanoi Dome 7010,Hanoi,56000
S07011,Hanoi Park 7011,Hanoi,46000
S07012,Da Nang Dome 7012,Da Nang,57000
S07013,Ho Chi Minh City Dome 7013,Ho Chi Minh City,65000
S07014,Hue National Stadium 7014,Hue,57000
S07015,Quy Nhon Arena 7015,Quy Nhon,64000
S07016,Hai Phong Sports Complex 7016,Hai Phong,52000
S07017,Hai Phong Park 7017,Hai Phong,55000
S07018,Hai Phong Sports Complex 7018,Hai Phong,59000
S07019,Nam Dinh Sports Complex 7019,Nam Dinh,57500
S07020,Hai Phong Park 7020,Hai Phong,24000
S07021,Binh Duong National Stadium 7021,Binh Duong,70000
S07022,Nha Trang National Stadium 7022,Nha Trang,74000
S07023,Can Tho Dome 7023,Can Tho,73000
S07024,Ho Chi Minh City Arena 7024,Ho Chi Minh City,74000
S07025,Nam Dinh Park 7025,Nam Dinh,43500
S07026,Can Tho National Stadium 7026,Can Tho,51000
S07027,Da Nang Dome 7027,Da Nang,53500
S07028,Can Tho Park 7028,Can Tho,59500
S07029,Da Nang Dome 7029,Da Nang,58500
S07030,Nha Trang National Stadium 7030,Nha Trang,66500
S07031,Binh Duong Dome 7031,Binh Duong,52500
S07032,Hue Sports Complex 7032,Hue,41500
S07033,Ho Chi Minh City Arena 7033,Ho Chi Minh City,16000
S07034,Binh Duong Dome 7034,Binh Duong,68000
S07035,Hue National Stadium 7035,Hue,59000
S07036,Da Nang Arena 7036,Da Nang,68000
S07037,Binh Duong Sports Complex 7037,Binh Duong,52500
S07038,Can Tho National Stadium 7038,Can Tho,31500
S07039,Hai Phong Sports Complex 7039,Hai Phong,41000
S07040,Binh Duong Arena 7040,Binh Duong,31000
S07041,Nam Dinh Sports Complex 7041,Nam Dinh,70500
S07042,Binh Duong Sports Complex 7042,Binh Duong,56000
S07043,Hanoi National Stadium 7043,Hanoi,69500
S07044,Da Nang Dome 7044,Da Nang,64500
S07045,Hai Phong National Stadium 7045,Hai Phong,15500
S07046,Binh Duong Dome 7046,Binh Duong,54500
S07047,Hue Dome 7047,Hue,19000
S07048,Hanoi National Stadium 7048,Hanoi,69500
S07049,Hue Park 7049,Hue,28000
S07050,Ho Chi Minh City National Stadium 7050,Ho Chi Minh City,59000
S07051,Hai Phong Park 7051,Hai Phong,37000
S07052,Hanoi National Stadium 7052,Hanoi,77000
S07053,Ho Chi Minh City Dome 7053,Ho Chi Minh City,49500
S07054,Hanoi Park 7054,Hanoi,57500
S07055,Nha Trang National Stadium 7055,Nha Trang,34000
S07056,Nam Dinh National Stadium 7056,Nam Dinh,71000
S07057,Can Tho National Stadium 7057,Can Tho,44500
S07058,Hue Arena 7058,Hue,71500
S07059,Binh Duong Arena 7059,Binh Duong,72000
S07060,Nam Dinh Dome 7060,Nam Dinh,57000
S07061,Hue Arena 7061,Hue,18500
S07062,Can Tho Arena 7062,Can Tho,57000
S07063,Nha Trang Sports Complex 7063,Nha Trang,16000
S07064,Quy Nhon Dome 7064,Quy Nhon,44000
S07065,Nam Dinh Sports Complex 7065,Nam Dinh,40500
S07066,Da Nang National Stadium 7066,Da Nang,62000
S07067,Quy Nhon Arena 7067,Quy Nhon,62500
S07068,Hue Dome 7068,Hue,59000
S07069,Da Nang Park 7069,Da Nang,24000
S07070,Can Tho National Stadium 7070,Can Tho,51500
S07071,Ho Chi Minh City Dome 7071,Ho Chi Minh City,62500
S07072,Quy Nhon Dome 7072,Quy Nhon,75500
S07073,Hanoi Arena 7073,Hanoi,52000
S07074,Nam Dinh National Stadium 7074,Nam Dinh,65500
S07075,Nha Trang National Stadium 7075,Nha Trang,41000
S07076,Binh Duong Park 7076,Binh Duong,32000
S07077,Ho Chi Minh City Arena 7077,Ho Chi Minh City,28000
S07078,Hai Phong Dome 7078,Hai Phong,30000
S07079,Ho Chi Minh City Arena 7079,Ho Chi Minh City,77500
S07080,Can Tho Sports Complex 7080,Can Tho,62000
S07081,Da Nang Arena 7081,Da Nang,37500
S07082,Hue National Stadium 7082,Hue,45500
S07083,Binh Duong National Stadium 7083,Binh Duong,45500
S07084,Hanoi Arena 7084,Hanoi,70500
S07085,Da Nang National Stadium 7085,Da Nang,20000
S07086,Nam Dinh Arena 7086,Nam Dinh,15000
S07087,Hue National Stadium 7087,Hue,29500
S07088,Hue Arena 7088,Hue,69000
S07089,Binh Duong Sports Complex 7089,Binh Duong,23500
S07090,Quy Nhon Dome 7090,Quy Nhon,51000
S07091,Nam Dinh Sports Complex 7091,Nam Dinh,39500
S07092,Ho Chi Minh City Arena 7092,Ho Chi Minh City,29500
S07093,Quy Nhon National Stadium 7093,Quy Nhon,73500
S07094,Binh Duong Sports Complex 7094,Binh Duong,35000
S07095,Nha Trang Park 7095,Nha Trang,18000
S07096,Da Nang Park 7096,Da Nang,36000
S07097,Hanoi Arena 7097,Hanoi,71500
S07098,Hue Sports Complex 7098,Hue,48500
S07099,Hanoi National Stadium 7099,Hanoi,43500
S07100,Nha Trang Sports Complex 7100,Nha Trang,18500
S07101,Hai Phong Dome 7101,Hai Phong,28500
S07102,Nha Trang National Stadium 7102,Nha Trang,41000
S07103,Quy Nhon Park 7103,Quy Nhon,22000
S07104,Da Nang Dome 7104,Da Nang,63500
S07105,Quy Nhon Park 7105,Quy Nhon,26000
S07106,Da Nang National Stadium 7106,Da Nang,16000
S07107,Da Nang National Stadium 7107,Da Nang,72500
S07108,Quy Nhon Park 7108,Quy Nhon,50000
S07109,Da Nang National Stadium 7109,Da Nang,56000
S07110,Hai Phong Sports Complex 7110,Hai Phong,49000
S07111,Hue Arena 7111,Hue,52500
S07112,Binh Duong Sports Complex 7112,Binh Duong,63000
S07113,Quy Nhon Park 7113,Quy Nhon,43500
S07114,Hai Phong Dome 7114,Hai Phong,72000
S07115,Hai Phong Park 7115,Hai Phong,31000
S07116,Ho Chi Minh City Park 7116,Ho Chi Minh City,26500
S07117,Binh Duong Sports Complex 7117,Binh Duong,42000
S07118,Hanoi Sports Complex 7118,Hanoi,30000
S07119,Nam Dinh Dome 7119,Nam Dinh,78000
S07120,Hanoi Dome 7120,Hanoi,66500
S07121,Nam Dinh Park 7121,Nam Dinh,62000
S07122,Hue Dome 7122,Hue,59500
S07123,Ho Chi Minh City Dome 7123,Ho Chi Minh City,46500
S07124,Hanoi Dome 7124,Hanoi,71500
S07125,Quy Nhon Arena 7125,Quy Nhon,74000
S07126,Hue Park 7126,Hue,66000
S07127,Da Nang National Stadium 7127,Da Nang,39000
S07128,Hanoi Dome 7128,Hanoi,50500
S07129,Da Nang National Stadium 7129,Da Nang,58000
S07130,Da Nang Arena 7130,Da Nang,29500
S07131,Can Tho Sports Complex 7131,Can Tho,59000
S07132,Da Nang National Stadium 7132,Da Nang,41000
S07133,Can Tho National Stadium 7133,Can Tho,66000
S07134,Can Tho Park 7134,Can Tho,80000
S07135,Quy Nhon National Stadium 7135,Quy Nhon,60000
S07136,Nha Trang Dome 7136,Nha Trang,52500
S07137,Da Nang National Stadium 7137,Da Nang,49500
S07138,Da Nang National Stadium 7138,Da Nang,79500
S07139,Nam Dinh Arena 7139,Nam Dinh,36500
S07140,Nam Dinh Dome 7140,Nam Dinh,78500
S07141,Quy Nhon Park 7141,Quy Nhon,77500
S07142,Hanoi Park 7142,Hanoi,53500
S07143,Binh Duong Sports Complex 7143,Binh Duong,30500
S07144,Hue Park 7144,Hue,55000
S07145,Binh Duong Sports Complex 7145,Binh Duong,66500
S07146,Binh Duong National Stadium 7146,Binh Duong,77500
S07147,Da Nang Arena 7147,Da Nang,73500
S07148,Hanoi Sports Complex 7148,Hanoi,67500
S07149,Hanoi Park 7149,Hanoi,60500
S07150,Hai Phong Park 7150,Hai Phong,43500
S07151,Nam Dinh Sports Complex 7151,Nam Dinh,48000
S07152,Nha Trang Arena 7152,Nha Trang,34500
S07153,Nam Dinh Sports Complex 7153,Nam Dinh,70500
S07154,Nam Dinh Park 7154,Nam Dinh,51500
S07155,Ho Chi Minh City National Stadium 7155,Ho Chi Minh City,33500
S07156,Can Tho Dome 7156,Can Tho,56000
S07157,Binh Duong Park 7157,Binh Duong,45000
S07158,Hanoi Dome 7158,Hanoi,21000
S07159,Can Tho Arena 7159,Can Tho,30500
S07160,Binh Duong Dome 7160,Binh Duong,44500
S07161,Hue Dome 7161,Hue,28000
S07162,Binh Duong Arena 7162,Binh Duong,16500
S07163,Nam Dinh Dome 7163,Nam Dinh,33000
S07164,Hue National Stadium 7164,Hue,78000
S07165,Nam Dinh National Stadium 7165,Nam Dinh,62000
S07166,Quy Nhon Dome 7166,Quy Nhon,55000
S07167,Binh Duong Dome 7167,Binh Duong,40000
S07168,Binh Duong Arena 7168,Binh Duong,71000
S07169,Nam Dinh Park 7169,Nam Dinh,75000
S07170,Hue Park 7170,Hue,47500
S07171,Da Nang Arena 7171,Da Nang,36000
S07172,Binh Duong Park 7172,Binh Duong,28000
S07173,Quy Nhon National Stadium 7173,Quy Nhon,67000
S07174,Binh Duong Sports Complex 7174,Binh Duong,59500
S07175,Binh Duong National Stadium 7175,Binh Duong,41000
S07176,Da Nang Arena 7176,Da Nang,39000
S07177,Hanoi Sports Complex 7177,Hanoi,73000
S07178,Hanoi Sports Complex 7178,Hanoi,64500
S07179,Hue Dome 7179,Hue,62500
S07180,Nam Dinh Sports Complex 7180,Nam Dinh,60000
S07181,Quy Nhon Park 7181,Quy Nhon,17500
S07182,Hanoi National Stadium 7182,Hanoi,26000
S07183,Nha Trang Park 7183,Nha Trang,26500
S07184,Can Tho Sports Complex 7184,Can Tho,32500
S07185,Nha Trang Arena 7185,Nha Trang,76000
S07186,Binh Duong Dome 7186,Binh Duong,45000
S07187,Nam Dinh Dome 7187,Nam Dinh,28000
S07188,Da Nang Sports Complex 7188,Da Nang,69000
S07189,Nam Dinh Sports Complex 7189,Nam Dinh,27000
S07190,Hai Phong Arena 7190,Hai Phong,60000
S07191,Binh Duong Park 7191,Binh Duong,70500
S07192,Nha Trang Dome 7192,Nha Trang,69500
S07193,Hai Phong Arena 7193,Hai Phong,51000
S07194,Nam Dinh National Stadium 7194,Nam Dinh,37500
S07195,Hue Arena 7195,Hue,32000
S07196,Ho Chi Minh City Sports Complex 7196,Ho Chi Minh City,27000
S07197,Binh Duong Sports Complex 7197,Binh Duong,62500
S07198,Quy Nhon Arena 7198,Quy Nhon,75000
S07199,Can Tho Dome 7199,Can Tho,26000
S07200,Nam Dinh Arena 7200,Nam Dinh,41500
S07201,Nam Dinh Arena 7201,Nam Dinh,72000
S07202,Hai Phong Sports Complex 7202,Hai Phong,49500
S07203,Nam Dinh Sports Complex 7203,Nam Dinh,21500
S07204,Hai Phong Park 7204,Hai Phong,22000
S07205,Binh Duong Dome 7205,Binh Duong,39000
S07206,Can Tho National Stadium 7206,Can Tho,77500
S07207,Quy Nhon Park 7207,Quy Nhon,32000
S07208,Hue Park 7208,Hue,36500
S07209,Hanoi Park 7209,Hanoi,36000
S07210,Quy Nhon Sports Complex 7210,Quy Nhon,69000
S07211,Nha Trang Arena 7211,Nha Trang,15500
S07212,Hai Phong Sports Complex 7212,Hai Phong,56000
S07213,Nam Dinh National Stadium 7213,Nam Dinh,72500
S07214,Binh Duong Park 7214,Binh Duong,20000
S07215,Ho Chi Minh City Dome 7215,Ho Chi Minh City,54500
S07216,Quy Nhon Arena 7216,Quy Nhon,18000
S07217,Hai Phong Park 7217,Hai Phong,69500
S07218,Can Tho Park 7218,Can Tho,30500
S07219,Nha Trang National Stadium 7219,Nha Trang,20500
S07220,Can Tho Arena 7220,Can Tho,41000
S07221,Nha Trang National Stadium 7221,Nha Trang,36500
S07222,Nha Trang Dome 7222,Nha Trang,22000
S07223,Can Tho Sports Complex 7223,Can Tho,28500
S07224,Ho Chi Minh City Arena 7224,Ho Chi Minh City,63000
S07225,Da Nang Sports Complex 7225,Da Nang,55500
S07226,Hai Phong Dome 7226,Hai Phong,46000
S07227,Binh Duong National Stadium 7227,Binh Duong,30500
S07228,Hue Dome 7228,Hue,71000
S07229,Can Tho National Stadium 7229,Can Tho,16000
S07230,Nam Dinh Sports Complex 7230,Nam Dinh,77500
S07231,Da Nang National Stadium 7231,Da Nang,33500
S07232,Ho Chi Minh City National Stadium 7232,Ho Chi Minh City,66000
S07233,Can Tho Arena 7233,Can Tho,45000
S07234,Hue Park 7234,Hue,49500
S07235,Ho Chi Minh City Park 7235,Ho Chi Minh City,49500
S07236,Quy Nhon Park 7236,Quy Nhon,19000
S07237,Nam Dinh Arena 7237,Nam Dinh,64500
S07238,Quy Nhon National Stadium 7238,Quy Nhon,33000
S07239,Can Tho Arena 7239,Can Tho,30500
S07240,Binh Duong Park 7240,Binh Duong,51500
S07241,Can Tho Dome 7241,Can Tho,25500
S07242,Da Nang Sports Complex 7242,Da Nang,51500
S07243,Hue Dome 7243,Hue,19000
S07244,Can Tho Park 7244,Can Tho,48000
S07245,Hue Dome 7245,Hue,50500
S07246,Quy Nhon Sports Complex 7246,Quy Nhon,34500
S07247,Da Nang Arena 7247,Da Nang,47500
S07248,Can Tho Park 7248,Can Tho,37000
S07249,Nha Trang Park 7249,Nha Trang,56500
S07250,Can Tho Park 7250,Can Tho,42500
S07251,Can Tho Sports Complex 7251,Can Tho,66500
S07252,Nam Dinh Sports Complex 7252,Nam Dinh,26500
S07253,Binh Duong Arena 7253,Binh Duong,35000
S07254,Nam Dinh National Stadium 7254,Nam Dinh,78500
S07255,Ho Chi Minh City Dome 7255,Ho Chi Minh City,79500
S07256,Can Tho National Stadium 7256,Can Tho,24000
S07257,Hanoi National Stadium 7257,Hanoi,18000
S07258,Da Nang Sports Complex 7258,Da Nang,39500
S07259,Hai Phong Park 7259,Hai Phong,57500
S07260,Hai Phong National Stadium 7260,Hai Phong,78000
S07261,Hai Phong Arena 7261,Hai Phong,57000
S07262,Ho Chi Minh City Sports Complex 7262,Ho Chi Minh City,72000
S07263,Can Tho National Stadium 7263,Can Tho,28500
S07264,Hanoi Sports Complex 7264,Hanoi,37500
S07265,Quy Nhon National Stadium 7265,Quy Nhon,49000
S07266,Hai Phong Dome 7266,Hai Phong,51500
S07267,Da Nang National Stadium 7267,Da Nang,33500
S07268,Nha Trang Sports Complex 7268,Nha Trang,71000
S07269,Binh Duong Park 7269,Binh Duong,55500
S07270,Hue Dome 7270,Hue,53500
S07271,Nam Dinh Dome 7271,Nam Dinh,24500
S07272,Quy Nhon Arena 7272,Quy Nhon,42500
S07273,Quy Nhon Dome 7273,Quy Nhon,62000
S07274,Nha Trang Dome 7274,Nha Trang,25000
S07275,Hanoi Arena 7275,Hanoi,39000
S07276,Binh Duong Arena 7276,Binh Duong,75000
S07277,Can Tho Sports Complex 7277,Can Tho,28500
S07278,Ho Chi Minh City Park 7278,Ho Chi Minh City,29500
S07279,Da Nang Park 7279,Da Nang,68000
S07280,Ho Chi Minh City Arena 7280,Ho Chi Minh City,27500
S07281,Ho Chi Minh City Arena 7281,Ho Chi Minh City,28000
S07282,Nam Dinh Arena 7282,Nam Dinh,72500
S07283,Hanoi Sports Complex 7283,Hanoi,56000
S07284,Ho Chi Minh City National Stadium 7284,Ho Chi Minh City,39500
S07285,Hanoi National Stadium 7285,Hanoi,49000
S07286,Hai Phong Dome 7286,Hai Phong,32000
S07287,Quy Nhon Arena 7287,Quy Nhon,28500
S07288,Binh Duong Dome 7288,Binh Duong,37500
S07289,Hanoi Park 7289,Hanoi,26000
S07290,Quy Nhon Dome 7290,Quy Nhon,49000
S07291,Ho Chi Minh City Dome 7291,Ho Chi Minh City,26500
S07292,Da Nang Sports Complex 7292,Da Nang,46500
S07293,Quy Nhon Sports Complex 7293,Quy Nhon,32000
S07294,Can Tho Park 7294,Can Tho,56000
S07295,Nha Trang Dome 7295,Nha Trang,24000
S07296,Hue Arena 7296,Hue,71500
S07297,Nam Dinh National Stadium 7297,Nam Dinh,36500
S07298,Da Nang Park 7298,Da Nang,21000
S07299,Binh Duong Dome 7299,Binh Duong,40000
S07300,Binh Duong Arena 7300,Binh Duong,63000
S07301,Ho Chi Minh City Dome 7301,Ho Chi Minh City,18500
S07302,Binh Duong Arena 7302,Binh Duong,62000
S07303,Quy Nhon National Stadium 7303,Quy Nhon,57500
S07304,Quy Nhon Arena 7304,Quy Nhon,19000
S07305,Quy Nhon Arena 7305,Quy Nhon,28000
S07306,Quy Nhon Arena 7306,Quy Nhon,75500
S07307,Nam Dinh Park 7307,Nam Dinh,78500
S07308,Da Nang National Stadium 7308,Da Nang,36500
S07309,Da Nang Arena 7309,Da Nang,25000
S07310,Nam Dinh Park 7310,Nam Dinh,74500
S07311,Nam Dinh Arena 7311,Nam Dinh,63500
S07312,Hue Arena 7312,Hue,77500
S07313,Ho Chi Minh City Dome 7313,Ho Chi Minh City,67500
S07314,Can Tho Park 7314,Can Tho,20000
S07315,Nha Trang Arena 7315,Nha Trang,51000
S07316,Binh Duong Arena 7316,Binh Duong,30500
S07317,Da Nang Sports Complex 7317,Da Nang,58000
S07318,Can Tho Arena 7318,Can Tho,66500
S07319,Nam Dinh Park 7319,Nam Dinh,28500
S07320,Can Tho Park 7320,Can Tho,76500
S07321,Nha Trang Sports Complex 7321,Nha Trang,42500
S07322,Ho Chi Minh City Dome 7322,Ho Chi Minh City,62500
S07323,Quy Nhon Dome 7323,Quy Nhon,29500
S07324,Da Nang Dome 7324,Da Nang,34000
S07325,Hai Phong National Stadium 7325,Hai Phong,52500
S07326,Can Tho Sports Complex 7326,Can Tho,71500
S07327,Nha Trang Park 7327,Nha Trang,68000
S07328,Quy Nhon Park 7328,Quy Nhon,62000
S07329,Ho Chi Minh City Arena 7329,Ho Chi Minh City,73500
S07330,Quy Nhon Park 7330,Quy Nhon,69000
S07331,Nam Dinh Dome 7331,Nam Dinh,15000
S07332,Da Nang Park 7332,Da Nang,26500
S07333,Quy Nhon National Stadium 7333,Quy Nhon,25500
S07334,Hanoi Sports Complex 7334,Hanoi,31000
S07335,Nam Dinh Dome 7335,Nam Dinh,65000
S07336,Binh Duong Dome 7336,Binh Duong,62000
S07337,Ho Chi Minh City Arena 7337,Ho Chi Minh City,47000
S07338,Can Tho Arena 7338,Can Tho,53000
S07339,Binh Duong Park 7339,Binh Duong,31000
S07340,Da Nang Arena 7340,Da Nang,17000
S07341,Ho Chi Minh City Arena 7341,Ho Chi Minh City,67000
S07342,Can Tho Dome 7342,Can Tho,63000
S07343,Hanoi Park 7343,Hanoi,27500
S07344,Da Nang National Stadium 7344,Da Nang,73000
S07345,Hanoi Sports Complex 7345,Hanoi,65000
S07346,Binh Duong Dome 7346,Binh Duong,55000
S07347,Quy Nhon Park 7347,Quy Nhon,48000
S07348,Binh Duong Park 7348,Binh Duong,43500
S07349,Can Tho Arena 7349,Can Tho,60500
S07350,Can Tho Park 7350,Can Tho,38500
S07351,Da Nang Arena 7351,Da Nang,57000
S07352,Binh Duong Dome 7352,Binh Duong,75500
S07353,Hanoi National Stadium 7353,Hanoi,28000
S07354,Hanoi Sports Complex 7354,Hanoi,79000
S07355,Nha Trang Arena 7355,Nha Trang,75500
S07356,Hue National Stadium 7356,Hue,68500
S07357,Nam Dinh Park 7357,Nam Dinh,36000
S07358,Ho Chi Minh City Dome 7358,Ho Chi Minh City,19500
S07359,Can Tho Arena 7359,Can Tho,77500
S07360,Hai Phong Park 7360,Hai Phong,74000
S07361,Ho Chi Minh City National Stadium 7361,Ho Chi Minh City,66000
S07362,Da Nang Park 7362,Da Nang,26000
S07363,Nam Dinh Sports Complex 7363,Nam Dinh,58500
S07364,Hanoi National Stadium 7364,Hanoi,35000
S07365,Hai Phong Dome 7365,Hai Phong,33000
S07366,Binh Duong Arena 7366,Binh Duong,18500
S07367,Nam Dinh Arena 7367,Nam Dinh,74500
S07368,Hanoi Park 7368,Hanoi,42000
S07369,Quy Nhon National Stadium 7369,Quy Nhon,29000
S07370,Nam Dinh Dome 7370,Nam Dinh,21000
S07371,Nam Dinh National Stadium 7371,Nam Dinh,24500
S07372,Hue National Stadium 7372,Hue,56500
S07373,Da Nang Arena 7373,Da Nang,22500
S07374,Hai Phong Arena 7374,Hai Phong,22500
S07375,Quy Nhon Dome 7375,Quy Nhon,45500
S07376,Da Nang National Stadium 7376,Da Nang,22500
S07377,Nam Dinh National Stadium 7377,Nam Dinh,22500
S07378,Ho Chi Minh City Dome 7378,Ho Chi Minh City,41500
S07379,Ho Chi Minh City Arena 7379,Ho Chi Minh City,75000
S07380,Da Nang National Stadium 7380,Da Nang,23000
S07381,Nam Dinh National Stadium 7381,Nam Dinh,44500
S07382,Da Nang Sports Complex 7382,Da Nang,58500
S07383,Binh Duong Dome 7383,Binh Duong,76000
S07384,Hai Phong Arena 7384,Hai Phong,75500
S07385,Nam Dinh Arena 7385,Nam Dinh,17500
S07386,Nha Trang Park 7386,Nha Trang,27500
S07387,Hue Dome 7387,Hue,37000
S07388,Hai Phong Park 7388,Hai Phong,16000
S07389,Da Nang Dome 7389,Da Nang,57500
S07390,Nha Trang Park 7390,Nha Trang,22000
S07391,Da Nang Sports Complex 7391,Da Nang,26500
S07392,Ho Chi Minh City National Stadium 7392,Ho Chi Minh City,33500
S07393,Hanoi Park 7393,Hanoi,60000
S07394,Hue Park 7394,Hue,24000
S07395,Can Tho National Stadium 7395,Can Tho,53000
S07396,Can Tho Arena 7396,Can Tho,25000
S07397,Nam Dinh Sports Complex 7397,Nam Dinh,39500
S07398,Da Nang National Stadium 7398,Da Nang,70000
S07399,Nam Dinh Arena 7399,Nam Dinh,61000
S07400,Can Tho Sports Complex 7400,Can Tho,62500
S07401,Hue National Stadium 7401,Hue,68000
S07402,Hanoi Arena 7402,Hanoi,62000
S07403,Nam Dinh Park 7403,Nam Dinh,37500
S07404,Da Nang Park 7404,Da Nang,47500
S07405,Hanoi National Stadium 7405,Hanoi,30000
S07406,Quy Nhon National Stadium 7406,Quy Nhon,24500
S07407,Nha Trang Arena 7407,Nha Trang,43000
S07408,Can Tho Park 7408,Can Tho,36500
S07409,Binh Duong Sports Complex 7409,Binh Duong,40500
S07410,Nha Trang Arena 7410,Nha Trang,29000
S07411,Hanoi Sports Complex 7411,Hanoi,76500
S07412,Ho Chi Minh City Arena 7412,Ho Chi Minh City,16500
S07413,Da Nang Dome 7413,Da Nang,76000
S07414,Hanoi Dome 7414,Hanoi,23000
S07415,Can Tho Park 7415,Can Tho,25500
S07416,Quy Nhon Arena 7416,Quy Nhon,51500
S07417,Quy Nhon Sports Complex 7417,Quy Nhon,19000
S07418,Da Nang Park 7418,Da Nang,55500
S07419,Hanoi Dome 7419,Hanoi,62000
S07420,Ho Chi Minh City Dome 7420,Ho Chi Minh City,43000
S07421,Nam Dinh National Stadium 7421,Nam Dinh,42000
S07422,Hai Phong Arena 7422,Hai Phong,23500
S07423,Nha Trang Park 7423,Nha Trang,57500
S07424,Ho Chi Minh City Sports Complex 7424,Ho Chi Minh City,36000
S07425,Nha Trang Arena 7425,Nha Trang,69000
S07426,Hanoi Arena 7426,Hanoi,61000
S07427,Nha Trang National Stadium 7427,Nha Trang,31500
S07428,Hanoi National Stadium 7428,Hanoi,16000
S07429,Nam Dinh Sports Complex 7429,Nam Dinh,74500
S07430,Hue Dome 7430,Hue,52000
S07431,Quy Nhon Sports Complex 7431,Quy Nhon,42500
S07432,Nha Trang Park 7432,Nha Trang,19500
S07433,Can Tho Dome 7433,Can Tho,53500
S07434,Can Tho Sports Complex 7434,Can Tho,33500
S07435,Hue Arena 7435,Hue,77000
S07436,Hai Phong Sports Complex 7436,Hai Phong,46500
S07437,Ho Chi Minh City Arena 7437,Ho Chi Minh City,70000
S07438,Nha Trang Dome 7438,Nha Trang,43500
S07439,Hanoi National Stadium 7439,Hanoi,18000
S07440,Binh Duong National Stadium 7440,Binh Duong,65500
S07441,Ho Chi Minh City Park 7441,Ho Chi Minh City,23000
S07442,Hanoi Arena 7442,Hanoi,16500
S07443,Hue Park 7443,Hue,30000
S07444,Ho Chi Minh City Dome 7444,Ho Chi Minh City,41000
S07445,Nha Trang National Stadium 7445,Nha Trang,47000
S07446,Da Nang Dome 7446,Da Nang,49000
S07447,Hanoi Park 7447,Hanoi,16000
S07448,Binh Duong National Stadium 7448,Binh Duong,68000
S07449,Can Tho Dome 7449,Can Tho,22000
S07450,Da Nang Park 7450,Da Nang,17000
S07451,Ho Chi Minh City Sports Complex 7451,Ho Chi Minh City,61000
S07452,Hanoi Dome 7452,Hanoi,20500
S07453,Hai Phong Park 7453,Hai Phong,18000
S07454,Hue Dome 7454,Hue,21500
S07455,Hai Phong National Stadium 7455,Hai Phong,45500
S07456,Hai Phong Sports Complex 7456,Hai Phong,20000
S07457,Hanoi Sports Complex 7457,Hanoi,38500
S07458,Binh Duong Sports Complex 7458,Binh Duong,47000
S07459,Nha Trang Arena 7459,Nha Trang,67500
S07460,Hue Arena 7460,Hue,22500
S07461,Hai Phong National Stadium 7461,Hai Phong,16000
S07462,Nam Dinh Dome 7462,Nam Dinh,27000
S07463,Can Tho Park 7463,Can Tho,71500
S07464,Binh Duong Sports Complex 7464,Binh Duong,44500
S07465,Hue Dome 7465,Hue,54000
S07466,Nha Trang Dome 7466,Nha Trang,17000
S07467,Hai Phong National Stadium 7467,Hai Phong,52000
S07468,Hanoi Sports Complex 7468,Hanoi,28000
S07469,Hai Phong Park 7469,Hai Phong,41500
S07470,Da Nang Dome 7470,Da Nang,75500
S07471,Nha Trang Dome 7471,Nha Trang,73500
S07472,Hue Dome 7472,Hue,69000
S07473,Da Nang National Stadium 7473,Da Nang,38000
S07474,Nam Dinh National Stadium 7474,Nam Dinh,49500
S07475,Hai Phong Arena 7475,Hai Phong,61000
S07476,Quy Nhon National Stadium 7476,Quy Nhon,17000
S07477,Hanoi Sports Complex 7477,Hanoi,41500
S07478,Hue Dome 7478,Hue,21500
S07479,Nha Trang Sports Complex 7479,Nha Trang,56000
S07480,Nam Dinh National Stadium 7480,Nam Dinh,64500
S07481,Ho Chi Minh City National Stadium 7481,Ho Chi Minh City,18500
S07482,Quy Nhon Park 7482,Quy Nhon,47000
S07483,Quy Nhon National Stadium 7483,Quy Nhon,75000
S07484,Nha Trang National Stadium 7484,Nha Trang,16500
S07485,Nha Trang Park 7485,Nha Trang,30500
S07486,Binh Duong Park 7486,Binh Duong,19500
S07487,Nam Dinh Sports Complex 7487,Nam Dinh,52500
S07488,Hanoi Sports Complex 7488,Hanoi,31500
S07489,Ho Chi Minh City Sports Complex 7489,Ho Chi Minh City,66500
S07490,Da Nang National Stadium 7490,Da Nang,31500
S07491,Nam Dinh Park 7491,Nam Dinh,48000
S07492,Hanoi Park 7492,Hanoi,34500
S07493,Nam Dinh Dome 7493,Nam Dinh,76000
S07494,Hue Park 7494,Hue,49500
S07495,Quy Nhon Arena 7495,Quy Nhon,57500
S07496,Ho Chi Minh City Arena 7496,Ho Chi Minh City,45500
S07497,Nam Dinh Dome 7497,Nam Dinh,60000
S07498,Ho Chi Minh City Dome 7498,Ho Chi Minh City,40000
S07499,Nam Dinh Park 7499,Nam Dinh,64000
S07500,Nha Trang National Stadium 7500,Nha Trang,42000
S07501,Hue National Stadium 7501,Hue,24500
S07502,Hai Phong Dome 7502,Hai Phong,34000
S07503,Hanoi Dome 7503,Hanoi,46500
S07504,Nam Dinh Sports Complex 7504,Nam Dinh,31500
S07505,Hai Phong Arena 7505,Hai Phong,65000
S07506,Can Tho Dome 7506,Can Tho,27000
S07507,Hai Phong Park 7507,Hai Phong,59000
S07508,Nam Dinh Park 7508,Nam Dinh,34000
S07509,Nam Dinh Park 7509,Nam Dinh,75000
S07510,Ho Chi Minh City Park 7510,Ho Chi Minh City,44000
S07511,Hanoi National Stadium 7511,Hanoi,61500
S07512,Nha Trang Arena 7512,Nha Trang,73000
S07513,Hue Arena 7513,Hue,16500
S07514,Hai Phong Dome 7514,Hai Phong,18500
S07515,Binh Duong Dome 7515,Binh Duong,68500
S07516,Binh Duong Arena 7516,Binh Duong,22000
S07517,Ho Chi Minh City Dome 7517,Ho Chi Minh City,18500
S07518,Da Nang National Stadium 7518,Da Nang,56500
S07519,Nha Trang National Stadium 7519,Nha Trang,70500
S07520,Binh Duong National Stadium 7520,Binh Duong,30500
S07521,Can Tho Park 7521,Can Tho,52500
S07522,Binh Duong Park 7522,Binh Duong,48000
S07523,Nam Dinh Dome 7523,Nam Dinh,74000
S07524,Da Nang National Stadium 7524,Da Nang,20500
S07525,Quy Nhon National Stadium 7525,Quy Nhon,63000
S07526,Binh Duong Park 7526,Binh Duong,56000
S07527,Nam Dinh Sports Complex 7527,Nam Dinh,76000
S07528,Binh Duong National Stadium 7528,Binh Duong,68500
S07529,Ho Chi Minh City Park 7529,Ho Chi Minh City,76000
S07530,Hue Sports Complex 7530,Hue,35000
S07531,Binh Duong Arena 7531,Binh Duong,25500
S07532,Ho Chi Minh City Dome 7532,Ho Chi Minh City,77000
S07533,Can Tho Park 7533,Can Tho,48500
S07534,Hai Phong Park 7534,Hai Phong,79500
S07535,Quy Nhon Park 7535,Quy Nhon,39500
S07536,Quy Nhon National Stadium 7536,Quy Nhon,50500
S07537,Da Nang National Stadium 7537,Da Nang,68000
S07538,Hanoi Sports Complex 7538,Hanoi,50500
S07539,Hanoi Dome 7539,Hanoi,46000
S07540,Can Tho Dome 7540,Can Tho,58500
S07541,Ho Chi Minh City Arena 7541,Ho Chi Minh City,70000
S07542,Hai Phong Dome 7542,Hai Phong,52000
S07543,Ho Chi Minh City Sports Complex 7543,Ho Chi Minh City,54000
S07544,Hue National Stadium 7544,Hue,65000
S07545,Ho Chi Minh City Arena 7545,Ho Chi Minh City,48500
S07546,Quy Nhon Park 7546,Quy Nhon,32500
S07547,Da Nang Park 7547,Da Nang,59000
S07548,Hue Park 7548,Hue,74000
S07549,Binh Duong Arena 7549,Binh Duong,45500
S07550,Hue Park 7550,Hue,77000
S07551,Quy Nhon National Stadium 7551,Quy Nhon,32500
S07552,Hanoi Park 7552,Hanoi,38000
S07553,Hai Phong National Stadium 7553,Hai Phong,32000
S07554,Ho Chi Minh City Park 7554,Ho Chi Minh City,43000
S07555,Ho Chi Minh City Sports Complex 7555,Ho Chi Minh City,43000
S07556,Hanoi Dome 7556,Hanoi,74000
S07557,Binh Duong Arena 7557,Binh Duong,26500
S07558,Quy Nhon Sports Complex 7558,Quy Nhon,59000
S07559,Binh Duong Park 7559,Binh Duong,29500
S07560,Can Tho Dome 7560,Can Tho,38000
S07561,Ho Chi Minh City Dome 7561,Ho Chi Minh City,53000
S07562,Hue Arena 7562,Hue,34000
S07563,Hanoi Park 7563,Hanoi,75500
S07564,Hue Sports Complex 7564,Hue,69500
S07565,Nam Dinh Dome 7565,Nam Dinh,40000
S07566,Binh Duong Arena 7566,Binh Duong,62000
S07567,Nha Trang Park 7567,Nha Trang,43000
S07568,Hanoi Sports Complex 7568,Hanoi,44500
S07569,Binh Duong Sports Complex 7569,Binh Duong,25000
S07570,Ho Chi Minh City Dome 7570,Ho Chi Minh City,16000
S07571,Da Nang Park 7571,Da Nang,37000
S07572,Ho Chi Minh City Dome 7572,Ho Chi Minh City,24500
S07573,Da Nang Sports Complex 7573,Da Nang,53000
S07574,Hai Phong Dome 7574,Hai Phong,33000
S07575,Binh Duong Park 7575,Binh Duong,23000
S07576,Hanoi Park 7576,Hanoi,78500
S07577,Nam Dinh Arena 7577,Nam Dinh,32500
S07578,Binh Duong Dome 7578,Binh Duong,50000
S07579,Binh Duong Arena 7579,Binh Duong,55000
S07580,Hanoi Dome 7580,Hanoi,24000
S07581,Nha Trang Dome 7581,Nha Trang,46500
S07582,Da Nang Park 7582,Da Nang,44000
S07583,Nam Dinh Park 7583,Nam Dinh,19500
S07584,Hue National Stadium 7584,Hue,56000
S07585,Ho Chi Minh City National Stadium 7585,Ho Chi Minh City,34500
S07586,Ho Chi Minh City Arena 7586,Ho Chi Minh City,69500
S07587,Ho Chi Minh City Park 7587,Ho Chi Minh City,73500
S07588,Hai Phong Sports Complex 7588,Hai Phong,58500
S07589,Nam Dinh Arena 7589,Nam Dinh,69000
S07590,Hai Phong Dome 7590,Hai Phong,22000
S07591,Hai Phong Arena 7591,Hai Phong,46000
S07592,Hue National Stadium 7592,Hue,37500
S07593,Da Nang Arena 7593,Da Nang,18000
S07594,Nha Trang Sports Complex 7594,Nha Trang,51500
S07595,Binh Duong National Stadium 7595,Binh Duong,41500
S07596,Can Tho National Stadium 7596,Can Tho,74500
S07597,Da Nang Sports Complex 7597,Da Nang,74500
S07598,Nha Trang Sports Complex 7598,Nha Trang,47500
S07599,Da Nang Sports Complex 7599,Da Nang,23000
S07600,Nam Dinh National Stadium 7600,Nam Dinh,43000
S07601,Can Tho National Stadium 7601,Can Tho,72000
S07602,Hai Phong Sports Complex 7602,Hai Phong,33000
S07603,Hanoi Park 7603,Hanoi,42500
S07604,Hue National Stadium 7604,Hue,46000
S07605,Quy Nhon National Stadium 7605,Quy Nhon,65500
S07606,Binh Duong Arena 7606,Binh Duong,61000
S07607,Nha Trang Park 7607,Nha Trang,50500
S07608,Nam Dinh Park 7608,Nam Dinh,56500
S07609,Hanoi Park 7609,Hanoi,50500
S07610,Hanoi Dome 7610,Hanoi,45500
S07611,Binh Duong Arena 7611,Binh Duong,21500
S07612,Nha Trang National Stadium 7612,Nha Trang,44000
S07613,Nha Trang Dome 7613,Nha Trang,49000
S07614,Ho Chi Minh City Arena 7614,Ho Chi Minh City,70000
S07615,Can Tho Park 7615,Can Tho,27000
S07616,Hue Dome 7616,Hue,77000
S07617,Nha Trang Park 7617,Nha Trang,42500
S07618,Nam Dinh Park 7618,Nam Dinh,55500
S07619,Hai Phong Park 7619,Hai Phong,41000
S07620,Nam Dinh Park 7620,Nam Dinh,44000
S07621,Nha Trang Park 7621,Nha Trang,40000
S07622,Nam Dinh Sports Complex 7622,Nam Dinh,60000
S07623,Ho Chi Minh City Sports Complex 7623,Ho Chi Minh City,37500
S07624,Nam Dinh Sports Complex 7624,Nam Dinh,79000
S07625,Can Tho National Stadium 7625,Can Tho,22500
S07626,Ho Chi Minh City Park 7626,Ho Chi Minh City,24000
S07627,Nam Dinh Arena 7627,Nam Dinh,19000
S07628,Quy Nhon Sports Complex 7628,Quy Nhon,31000
S07629,Hue National Stadium 7629,Hue,38000
S07630,Ho Chi Minh City National Stadium 7630,Ho Chi Minh City,46000
S07631,Ho Chi Minh City Dome 7631,Ho Chi Minh City,59500
S07632,Hanoi Arena 7632,Hanoi,69500
S07633,Nam Dinh Park 7633,Nam Dinh,64500
S07634,Binh Duong Dome 7634,Binh Duong,28500
S07635,Hue Sports Complex 7635,Hue,31500
S07636,Hue Arena 7636,Hue,21500
S07637,Binh Duong Park 7637,Binh Duong,32000
S07638,Can Tho Sports Complex 7638,Can Tho,54500
S07639,Hanoi Dome 7639,Hanoi,47000
S07640,Hanoi National Stadium 7640,Hanoi,16500
S07641,Nam Dinh Park 7641,Nam Dinh,34500
S07642,Da Nang Sports Complex 7642,Da Nang,50000
S07643,Nam Dinh Sports Complex 7643,Nam Dinh,26500
S07644,Hanoi Sports Complex 7644,Hanoi,75500
S07645,Hue Dome 7645,Hue,59500
S07646,Nha Trang Park 7646,Nha Trang,55000
S07647,Hue Dome 7647,Hue,47500
S07648,Hue National Stadium 7648,Hue,36500
S07649,Hue Sports Complex 7649,Hue,25500
S07650,Hanoi Sports Complex 7650,Hanoi,35500
S07651,Hue Sports Complex 7651,Hue,47000
S07652,Quy Nhon Sports Complex 7652,Quy Nhon,50000
S07653,Hanoi Park 7653,Hanoi,44500
S07654,Nha Trang Sports Complex 7654,Nha Trang,78000
S07655,Hai Phong Arena 7655,Hai Phong,66000
S07656,Binh Duong Park 7656,Binh Duong,17000
S07657,Hue Arena 7657,Hue,31000
S07658,Can Tho Sports Complex 7658,Can Tho,67500
S07659,Hue Dome 7659,Hue,66500
S07660,Da Nang Arena 7660,Da Nang,65500
S07661,Hue Sports Complex 7661,Hue,61000
S07662,Nha Trang National Stadium 7662,Nha Trang,22000
S07663,Hue Sports Complex 7663,Hue,54500
S07664,Nam Dinh Sports Complex 7664,Nam Dinh,30000
S07665,Hanoi National Stadium 7665,Hanoi,60500
S07666,Hue Arena 7666,Hue,71000
S07667,Da Nang National Stadium 7667,Da Nang,26500
S07668,Da Nang Sports Complex 7668,Da Nang,27000
S07669,Quy Nhon Dome 7669,Quy Nhon,78000
S07670,Quy Nhon Dome 7670,Quy Nhon,35500
S07671,Hue Arena 7671,Hue,65000
S07672,Can Tho Park 7672,Can Tho,19500
S07673,Hue National Stadium 7673,Hue,22000
S07674,Ho Chi Minh City Arena 7674,Ho Chi Minh City,33500
S07675,Ho Chi Minh City National Stadium 7675,Ho Chi Minh City,39500
S07676,Binh Duong Sports Complex 7676,Binh Duong,50000
S07677,Binh Duong Dome 7677,Binh Duong,19000
S07678,Hanoi Park 7678,Hanoi,16000
S07679,Ho Chi Minh City Dome 7679,Ho Chi Minh City,53500
S07680,Binh Duong Dome 7680,Binh Duong,46500
S07681,Quy Nhon Park 7681,Quy Nhon,23500
S07682,Hai Phong National Stadium 7682,Hai Phong,26500
S07683,Nam Dinh Park 7683,Nam Dinh,73000
S07684,Can Tho Dome 7684,Can Tho,76000
S07685,Hanoi Sports Complex 7685,Hanoi,44000
S07686,Da Nang Dome 7686,Da Nang,67000
S07687,Nha Trang Arena 7687,Nha Trang,57000
S07688,Hue National Stadium 7688,Hue,24500
S07689,Ho Chi Minh City Arena 7689,Ho Chi Minh City,18500
S07690,Hai Phong Park 7690,Hai Phong,31500
S07691,Hai Phong Dome 7691,Hai Phong,37500
S07692,Hai Phong Dome 7692,Hai Phong,37500
S07693,Nam Dinh Dome 7693,Nam Dinh,72000
S07694,Binh Duong National Stadium 7694,Binh Duong,45000
S07695,Binh Duong Sports Complex 7695,Binh Duong,79000
S07696,Da Nang Sports Complex 7696,Da Nang,79500
S07697,Nha Trang Park 7697,Nha Trang,26500
S07698,Nha Trang Arena 7698,Nha Trang,23000
S07699,Binh Duong Arena 7699,Binh Duong,48000
S07700,Can Tho Sports Complex 7700,Can Tho,38500
S07701,Nha Trang National Stadium 7701,Nha Trang,17000
S07702,Hue Sports Complex 7702,Hue,35000
S07703,Can Tho Sports Complex 7703,Can Tho,57500
S07704,Quy Nhon Sports Complex 7704,Quy Nhon,63500
S07705,Da Nang Arena 7705,Da Nang,70500
S07706,Ho Chi Minh City National Stadium 7706,Ho Chi Minh City,24000
S07707,Hai Phong Arena 7707,Hai Phong,76500
S07708,Quy Nhon Sports Complex 7708,Quy Nhon,65500
S07709,Binh Duong Park 7709,Binh Duong,65000
S07710,Quy Nhon Park 7710,Quy Nhon,63000
S07711,Ho Chi Minh City Dome 7711,Ho Chi Minh City,43500
S07712,Hue Arena 7712,Hue,31000
S07713,Nha Trang Arena 7713,Nha Trang,47000
S07714,Da Nang National Stadium 7714,Da Nang,27500
S07715,Binh Duong Park 7715,Binh Duong,40000
S07716,Da Nang National Stadium 7716,Da Nang,74000
S07717,Quy Nhon Sports Complex 7717,Quy Nhon,62000
S07718,Hanoi Park 7718,Hanoi,19000
S07719,Ho Chi Minh City Park 7719,Ho Chi Minh City,66500
S07720,Hue Arena 7720,Hue,69000
S07721,Hanoi Sports Complex 7721,Hanoi,36500
S07722,Hai Phong National Stadium 7722,Hai Phong,40500
S07723,Nam Dinh Arena 7723,Nam Dinh,36500
S07724,Binh Duong Park 7724,Binh Duong,69500
S07725,Da Nang Sports Complex 7725,Da Nang,56000
S07726,Hai Phong Sports Complex 7726,Hai Phong,70500
S07727,Hai Phong Sports Complex 7727,Hai Phong,16000
S07728,Hanoi National Stadium 7728,Hanoi,48500
S07729,Ho Chi Minh City Dome 7729,Ho Chi Minh City,44000
S07730,Quy Nhon Park 7730,Quy Nhon,34000
S07731,Binh Duong National Stadium 7731,Binh Duong,70000
S07732,Hue Sports Complex 7732,Hue,80000
S07733,Da Nang Sports Complex 7733,Da Nang,31500
S07734,Nha Trang Sports Complex 7734,Nha Trang,32000
S07735,Nha Trang Dome 7735,Nha Trang,18500
S07736,Binh Duong Arena 7736,Binh Duong,68500
S07737,Binh Duong Sports Complex 7737,Binh Duong,60000
S07738,Ho Chi Minh City Dome 7738,Ho Chi Minh City,54500
S07739,Nam Dinh Arena 7739,Nam Dinh,44500
S07740,Binh Duong National Stadium 7740,Binh Duong,16000
S07741,Can Tho Arena 7741,Can Tho,57000
S07742,Nam Dinh National Stadium 7742,Nam Dinh,24500
S07743,Binh Duong Dome 7743,Binh Duong,78000
S07744,Binh Duong Park 7744,Binh Duong,58500
S07745,Nha Trang Park 7745,Nha Trang,63000
S07746,Hue Park 7746,Hue,52000
S07747,Nam Dinh Dome 7747,Nam Dinh,80000
S07748,Nam Dinh Park 7748,Nam Dinh,48500
S07749,Da Nang Park 7749,Da Nang,19000
S07750,Nha Trang Sports Complex 7750,Nha Trang,46500
S07751,Nam Dinh Arena 7751,Nam Dinh,70000
S07752,Quy Nhon National Stadium 7752,Quy Nhon,33000
S07753,Quy Nhon Arena 7753,Quy Nhon,31500
S07754,Hue Arena 7754,Hue,17500
S07755,Ho Chi Minh City Park 7755,Ho Chi Minh City,50500
S07756,Hue Sports Complex 7756,Hue,26500
S07757,Nha Trang Arena 7757,Nha Trang,74500
S07758,Hai Phong Park 7758,Hai Phong,57500
S07759,Hai Phong Park 7759,Hai Phong,44500
S07760,Da Nang Park 7760,Da Nang,30500
S07761,Hai Phong Park 7761,Hai Phong,67000
S07762,Ho Chi Minh City Arena 7762,Ho Chi Minh City,79000
S07763,Ho Chi Minh City Park 7763,Ho Chi Minh City,48000
S07764,Hanoi Dome 7764,Hanoi,75500
S07765,Da Nang Park 7765,Da Nang,29000
S07766,Da Nang Park 7766,Da Nang,72000
S07767,Binh Duong National Stadium 7767,Binh Duong,61500
S07768,Nam Dinh Park 7768,Nam Dinh,75500
S07769,Hai Phong Arena 7769,Hai Phong,24500
S07770,Ho Chi Minh City National Stadium 7770,Ho Chi Minh City,68500
S07771,Ho Chi Minh City National Stadium 7771,Ho Chi Minh City,27000
S07772,Hai Phong Arena 7772,Hai Phong,73500
S07773,Hanoi National Stadium 7773,Hanoi,19000
S07774,Binh Duong Dome 7774,Binh Duong,45000
S07775,Hue Dome 7775,Hue,22500
S07776,Hanoi National Stadium 7776,Hanoi,48500
S07777,Nam Dinh Park 7777,Nam Dinh,75500
S07778,Quy Nhon Dome 7778,Quy Nhon,23000
S07779,Hanoi Park 7779,Hanoi,20500
S07780,Nha Trang Arena 7780,Nha Trang,39500
S07781,Hue National Stadium 7781,Hue,34000
S07782,Hanoi Arena 7782,Hanoi,74000
S07783,Binh Duong Sports Complex 7783,Binh Duong,76000
S07784,Can Tho Arena 7784,Can Tho,57000
S07785,Ho Chi Minh City Park 7785,Ho Chi Minh City,48500
S07786,Hanoi Dome 7786,Hanoi,33000
S07787,Hue Park 7787,Hue,57000
S07788,Da Nang Arena 7788,Da Nang,35500
S07789,Nha Trang Dome 7789,Nha Trang,72000
S07790,Nam Dinh Sports Complex 7790,Nam Dinh,69500
S07791,Ho Chi Minh City National Stadium 7791,Ho Chi Minh City,15000
S07792,Hai Phong National Stadium 7792,Hai Phong,45000
S07793,Hue Arena 7793,Hue,15000
S07794,Can Tho Sports Complex 7794,Can Tho,77000
S07795,Can Tho Park 7795,Can Tho,40000
S07796,Quy Nhon National Stadium 7796,Quy Nhon,36500
S07797,Hanoi National Stadium 7797,Hanoi,43500
S07798,Hue Dome 7798,Hue,42500
S07799,Nha Trang National Stadium 7799,Nha Trang,20000
S07800,Hanoi Dome 7800,Hanoi,75000
S07801,Can Tho Sports Complex 7801,Can Tho,72000
S07802,Ho Chi Minh City National Stadium 7802,Ho Chi Minh City,61000
S07803,Hai Phong Sports Complex 7803,Hai Phong,15000
S07804,Quy Nhon Park 7804,Quy Nhon,36000
S07805,Ho Chi Minh City Dome 7805,Ho Chi Minh City,55000
S07806,Nam Dinh Sports Complex 7806,Nam Dinh,65500
S07807,Nam Dinh Dome 7807,Nam Dinh,17500
S07808,Binh Duong Park 7808,Binh Duong,16000
S07809,Can Tho Park 7809,Can Tho,65000
S07810,Hai Phong Dome 7810,Hai Phong,42500
S07811,Binh Duong Arena 7811,Binh Duong,34500
S07812,Binh Duong Arena 7812,Binh Duong,40000
S07813,Binh Duong Park 7813,Binh Duong,52000
S07814,Nam Dinh Dome 7814,Nam Dinh,25500
S07815,Hue Park 7815,Hue,45000
S07816,Hanoi Park 7816,Hanoi,30500
S07817,Binh Duong Dome 7817,Binh Duong,51500
S07818,Binh Duong Park 7818,Binh Duong,74000
S07819,Nam Dinh National Stadium 7819,Nam Dinh,46000
S07820,Binh Duong Dome 7820,Binh Duong,66000
S07821,Nam Dinh National Stadium 7821,Nam Dinh,39000
S07822,Hanoi Sports Complex 7822,Hanoi,67500
S07823,Nam Dinh Dome 7823,Nam Dinh,27000
S07824,Can Tho Dome 7824,Can Tho,70500
S07825,Ho Chi Minh City Park 7825,Ho Chi Minh City,45000
S07826,Hue National Stadium 7826,Hue,60500
S07827,Nam Dinh Arena 7827,Nam Dinh,23500
S07828,Hanoi National Stadium 7828,Hanoi,23500
S07829,Hue Sports Complex 7829,Hue,45000
S07830,Binh Duong Park 7830,Binh Duong,51500
S07831,Da Nang Dome 7831,Da Nang,16000
S07832,Nha Trang National Stadium 7832,Nha Trang,51500
S07833,Hanoi Park 7833,Hanoi,39000
S07834,Da Nang National Stadium 7834,Da Nang,66500
S07835,Quy Nhon Sports Complex 7835,Quy Nhon,37000
S07836,Binh Duong Sports Complex 7836,Binh Duong,78500
S07837,Ho Chi Minh City Dome 7837,Ho Chi Minh City,47000
S07838,Quy Nhon Sports Complex 7838,Quy Nhon,61500
S07839,Ho Chi Minh City Arena 7839,Ho Chi Minh City,47000
S07840,Nha Trang Dome 7840,Nha Trang,54500
S07841,Da Nang National Stadium 7841,Da Nang,21500
S07842,Binh Duong Park 7842,Binh Duong,24500
S07843,Nha Trang National Stadium 7843,Nha Trang,55000
S07844,Nam Dinh Dome 7844,Nam Dinh,76500
S07845,Da Nang Dome 7845,Da Nang,32500
S07846,Da Nang Arena 7846,Da Nang,24000
S07847,Nam Dinh Dome 7847,Nam Dinh,37000
S07848,Binh Duong Park 7848,Binh Duong,20000
S07849,Quy Nhon National Stadium 7849,Quy Nhon,68000
S07850,Nha Trang Sports Complex 7850,Nha Trang,32500
S07851,Da Nang National Stadium 7851,Da Nang,69000
S07852,Binh Duong Sports Complex 7852,Binh Duong,59500
S07853,Nha Trang Sports Complex 7853,Nha Trang,47000
S07854,Hanoi Sports Complex 7854,Hanoi,43500
S07855,Binh Duong Arena 7855,Binh Duong,15000
S07856,Nam Dinh Arena 7856,Nam Dinh,23500
S07857,Can Tho Dome 7857,Can Tho,69500
S07858,Hanoi Park 7858,Hanoi,16000
S07859,Hanoi National Stadium 7859,Hanoi,56500
S07860,Hue Arena 7860,Hue,75500
S07861,Can Tho Dome 7861,Can Tho,33000
S07862,Hanoi Dome 7862,Hanoi,26500
S07863,Hai Phong Arena 7863,Hai Phong,33000
S07864,Quy Nhon Arena 7864,Quy Nhon,48000
S07865,Da Nang Park 7865,Da Nang,55000
S07866,Can Tho Sports Complex 7866,Can Tho,15500
S07867,Hanoi National Stadium 7867,Hanoi,47000
S07868,Binh Duong Park 7868,Binh Duong,27000
S07869,Da Nang Sports Complex 7869,Da Nang,62000
S07870,Quy Nhon Arena 7870,Quy Nhon,21000
S07871,Da Nang Dome 7871,Da Nang,20000
S07872,Hue Park 7872,Hue,75500
S07873,Can Tho National Stadium 7873,Can Tho,46500
S07874,Ho Chi Minh City National Stadium 7874,Ho Chi Minh City,66500
S07875,Can Tho Park 7875,Can Tho,57000
S07876,Hanoi National Stadium 7876,Hanoi,22500
S07877,Nam Dinh Sports Complex 7877,Nam Dinh,79000
S07878,Hanoi Park 7878,Hanoi,26500
S07879,Quy Nhon National Stadium 7879,Quy Nhon,79500
S07880,Ho Chi Minh City Sports Complex 7880,Ho Chi Minh City,27000
S07881,Hue National Stadium 7881,Hue,64000
S07882,Hanoi Sports Complex 7882,Hanoi,30000
S07883,Quy Nhon National Stadium 7883,Quy Nhon,69000
S07884,Nam Dinh Arena 7884,Nam Dinh,28000
S07885,Hanoi National Stadium 7885,Hanoi,45500
S07886,Ho Chi Minh City Dome 7886,Ho Chi Minh City,54000
S07887,Can Tho National Stadium 7887,Can Tho,15500
S07888,Quy Nhon Sports Complex 7888,Quy Nhon,74500
S07889,Ho Chi Minh City Park 7889,Ho Chi Minh City,52500
S07890,Nha Trang Park 7890,Nha Trang,61500
S07891,Can Tho Sports Complex 7891,Can Tho,30000
S07892,Da Nang Park 7892,Da Nang,49000
S07893,Quy Nhon Dome 7893,Quy Nhon,54000
S07894,Binh Duong Park 7894,Binh Duong,29000
S07895,Hue Sports Complex 7895,Hue,23500
S07896,Nam Dinh Sports Complex 7896,Nam Dinh,33500
S07897,Quy Nhon National Stadium 7897,Quy Nhon,42000
S07898,Ho Chi Minh City Park 7898,Ho Chi Minh City,67000
S07899,Binh Duong Arena 7899,Binh Duong,79000
S07900,Quy Nhon Arena 7900,Quy Nhon,67500
S07901,Nha Trang Park 7901,Nha Trang,20500
S07902,Hai Phong National Stadium 7902,Hai Phong,17500
S07903,Nha Trang Sports Complex 7903,Nha Trang,18000
S07904,Da Nang Sports Complex 7904,Da Nang,66000
S07905,Binh Duong Park 7905,Binh Duong,41500
S07906,Hai Phong Arena 7906,Hai Phong,19500
S07907,Quy Nhon Sports Complex 7907,Quy Nhon,29000
S07908,Can Tho Dome 7908,Can Tho,32000
S07909,Binh Duong Arena 7909,Binh Duong,37000
S07910,Da Nang Dome 7910,Da Nang,49500
S07911,Hanoi Dome 7911,Hanoi,71500
S07912,Nha Trang Park 7912,Nha Trang,43500
S07913,Hanoi Dome 7913,Hanoi,44500
S07914,Hai Phong Park 7914,Hai Phong,51000
S07915,Hai Phong Sports Complex 7915,Hai Phong,73500
S07916,Nha Trang Park 7916,Nha Trang,48000
S07917,Hai Phong Park 7917,Hai Phong,35000
S07918,Da Nang Sports Complex 7918,Da Nang,67500
S07919,Hai Phong Dome 7919,Hai Phong,75500
S07920,Nha Trang Dome 7920,Nha Trang,75000
S07921,Da Nang Park 7921,Da Nang,18000
S07922,Can Tho Sports Complex 7922,Can Tho,18500
S07923,Quy Nhon Dome 7923,Quy Nhon,76000
S07924,Nha Trang National Stadium 7924,Nha Trang,41000
S07925,Can Tho Dome 7925,Can Tho,55500
S07926,Can Tho Sports Complex 7926,Can Tho,20000
S07927,Can Tho Dome 7927,Can Tho,25500
S07928,Hai Phong Park 7928,Hai Phong,27000
S07929,Hanoi Park 7929,Hanoi,17000
S07930,Binh Duong Sports Complex 7930,Binh Duong,74000
S07931,Can Tho National Stadium 7931,Can Tho,18000
S07932,Quy Nhon Sports Complex 7932,Quy Nhon,63000
S07933,Hanoi Park 7933,Hanoi,21500
S07934,Hai Phong National Stadium 7934,Hai Phong,77500
S07935,Ho Chi Minh City National Stadium 7935,Ho Chi Minh City,45500
S07936,Binh Duong Dome 7936,Binh Duong,21000
S07937,Nam Dinh National Stadium 7937,Nam Dinh,24500
S07938,Can Tho Sports Complex 7938,Can Tho,61000
S07939,Quy Nhon Dome 7939,Quy Nhon,18500
S07940,Da Nang Arena 7940,Da Nang,56500
S07941,Hanoi Dome 7941,Hanoi,62000
S07942,Nam Dinh Sports Complex 7942,Nam Dinh,75500
S07943,Hai Phong Sports Complex 7943,Hai Phong,68500
S07944,Nha Trang National Stadium 7944,Nha Trang,59500
S07945,Da Nang National Stadium 7945,Da Nang,73500
S07946,Ho Chi Minh City Arena 7946,Ho Chi Minh City,27000
S07947,Quy Nhon Sports Complex 7947,Quy Nhon,66500
S07948,Nam Dinh Sports Complex 7948,Nam Dinh,72000
S07949,Hanoi National Stadium 7949,Hanoi,25500
S07950,Hue National Stadium 7950,Hue,20000
S07951,Can Tho National Stadium 7951,Can Tho,37000
S07952,Hai Phong Arena 7952,Hai Phong,74500
S07953,Can Tho Park 7953,Can Tho,32000
S07954,Quy Nhon Park 7954,Quy Nhon,37500
S07955,Hanoi Dome 7955,Hanoi,33500
S07956,Hanoi Dome 7956,Hanoi,21500
S07957,Quy Nhon Arena 7957,Quy Nhon,70500
S07958,Da Nang Dome 7958,Da Nang,54000
S07959,Binh Duong National Stadium 7959,Binh Duong,76000
S07960,Can Tho Park 7960,Can Tho,59000
S07961,Can Tho National Stadium 7961,Can Tho,75000
S07962,Hai Phong National Stadium 7962,Hai Phong,18000
S07963,Hanoi Dome 7963,Hanoi,34000
S07964,Nam Dinh Arena 7964,Nam Dinh,78500
S07965,Nha Trang National Stadium 7965,Nha Trang,28500
S07966,Nam Dinh National Stadium 7966,Nam Dinh,15000
S07967,Nha Trang Sports Complex 7967,Nha Trang,23500
S07968,Hanoi Arena 7968,Hanoi,43000
S07969,Hanoi Park 7969,Hanoi,55000
S07970,Nha Trang National Stadium 7970,Nha Trang,19500
S07971,Binh Duong Sports Complex 7971,Binh Duong,56000
S07972,Nam Dinh National Stadium 7972,Nam Dinh,77500
S07973,Hai Phong Sports Complex 7973,Hai Phong,72500
S07974,Nam Dinh Park 7974,Nam Dinh,73500
S07975,Da Nang Park 7975,Da Nang,38500
S07976,Can Tho Arena 7976,Can Tho,74500
S07977,Can Tho Park 7977,Can Tho,37500
S07978,Da Nang National Stadium 7978,Da Nang,38500
S07979,Hue National Stadium 7979,Hue,17000
S07980,Hanoi Dome 7980,Hanoi,78000
S07981,Quy Nhon Park 7981,Quy Nhon,76500
S07982,Nam Dinh National Stadium 7982,Nam Dinh,57000
S07983,Hanoi Dome 7983,Hanoi,52500
S07984,Hue Park 7984,Hue,19000
S07985,Ho Chi Minh City Park 7985,Ho Chi Minh City,40500
S07986,Quy Nhon Dome 7986,Quy Nhon,32000
S07987,Hanoi Arena 7987,Hanoi,46500
S07988,Binh Duong Sports Complex 7988,Binh Duong,60500
S07989,Da Nang Arena 7989,Da Nang,58500
S07990,Hai Phong Park 7990,Hai Phong,70500
S07991,Nha Trang Sports Complex 7991,Nha Trang,53000
S07992,Can Tho Arena 7992,Can Tho,16500
S07993,Hanoi Dome 7993,Hanoi,47000
S07994,Quy Nhon Dome 7994,Quy Nhon,64500
S07995,Da Nang Sports Complex 7995,Da Nang,36500
S07996,Hanoi Arena 7996,Hanoi,25500
S07997,Can Tho National Stadium 7997,Can Tho,20000
S07998,Quy Nhon Arena 7998,Quy Nhon,79500
S07999,Hue Sports Complex 7999,Hue,31500
S08000,Da Nang Dome 8000,Da Nang,27000
S08001,Nha Trang National Stadium 8001,Nha Trang,45000
S08002,Binh Duong Sports Complex 8002,Binh Duong,27000
S08003,Nam Dinh National Stadium 8003,Nam Dinh,56000
S08004,Da Nang Park 8004,Da Nang,61000
S08005,Da Nang Arena 8005,Da Nang,66500
S08006,Hai Phong Sports Complex 8006,Hai Phong,36500
S08007,Ho Chi Minh City National Stadium 8007,Ho Chi Minh City,16000
S08008,Hanoi Park 8008,Hanoi,17500
S08009,Hue National Stadium 8009,Hue,38500
S08010,Hai Phong National Stadium 8010,Hai Phong,57000
S08011,Binh Duong Park 8011,Binh Duong,75000
S08012,Hue Park 8012,Hue,31500
S08013,Hai Phong National Stadium 8013,Hai Phong,25000
S08014,Ho Chi Minh City National Stadium 8014,Ho Chi Minh City,40000
S08015,Hue Dome 8015,Hue,29500
S08016,Da Nang Park 8016,Da Nang,76000
S08017,Hanoi Sports Complex 8017,Hanoi,73500
S08018,Can Tho Dome 8018,Can Tho,37000
S08019,Nam Dinh Park 8019,Nam Dinh,67000
S08020,Binh Duong Dome 8020,Binh Duong,36000
S08021,Nam Dinh Arena 8021,Nam Dinh,20500
S08022,Da Nang Park 8022,Da Nang,63500
S08023,Nam Dinh Dome 8023,Nam Dinh,35500
S08024,Da Nang Dome 8024,Da Nang,18000
S08025,Hai Phong Arena 8025,Hai Phong,42500
S08026,Da Nang National Stadium 8026,Da Nang,73000
S08027,Da Nang Dome 8027,Da Nang,39500
S08028,Can Tho Park 8028,Can Tho,27000
S08029,Ho Chi Minh City Sports Complex 8029,Ho Chi Minh City,45500
S08030,Quy Nhon National Stadium 8030,Quy Nhon,60500
S08031,Nam Dinh Arena 8031,Nam Dinh,15000
S08032,Quy Nhon National Stadium 8032,Quy Nhon,21000
S08033,Can Tho Arena 8033,Can Tho,30000
S08034,Binh Duong National Stadium 8034,Binh Duong,27000
S08035,Hai Phong Dome 8035,Hai Phong,61000
S08036,Da Nang National Stadium 8036,Da Nang,57500
S08037,Nam Dinh Arena 8037,Nam Dinh,19500
S08038,Can Tho Park 8038,Can Tho,66500
S08039,Ho Chi Minh City Park 8039,Ho Chi Minh City,52500
S08040,Quy Nhon National Stadium 8040,Quy Nhon,60000
S08041,Can Tho Park 8041,Can Tho,21000
S08042,Hue National Stadium 8042,Hue,65500
S08043,Ho Chi Minh City Park 8043,Ho Chi Minh City,43500
S08044,Hai Phong Park 8044,Hai Phong,39500
S08045,Can Tho Park 8045,Can Tho,51000
S08046,Ho Chi Minh City Park 8046,Ho Chi Minh City,72500
S08047,Can Tho Park 8047,Can Tho,64000
S08048,Quy Nhon Dome 8048,Quy Nhon,26000
S08049,Ho Chi Minh City Dome 8049,Ho Chi Minh City,51500
S08050,Binh Duong National Stadium 8050,Binh Duong,61500
S08051,Hanoi Sports Complex 8051,Hanoi,75000
S08052,Hai Phong Dome 8052,Hai Phong,50000
S08053,Nam Dinh Arena 8053,Nam Dinh,19500
S08054,Binh Duong Dome 8054,Binh Duong,55000
S08055,Da Nang Park 8055,Da Nang,74500
S08056,Nam Dinh Dome 8056,Nam Dinh,74000
S08057,Da Nang Park 8057,Da Nang,33000
S08058,Can Tho Sports Complex 8058,Can Tho,72000
S08059,Hanoi National Stadium 8059,Hanoi,48500
S08060,Da Nang Arena 8060,Da Nang,62500
S08061,Quy Nhon Arena 8061,Quy Nhon,15000
S08062,Hanoi Arena 8062,Hanoi,51000
S08063,Hai Phong Park 8063,Hai Phong,34500
S08064,Binh Duong Arena 8064,Binh Duong,56000
S08065,Hai Phong Arena 8065,Hai Phong,58500
S08066,Da Nang National Stadium 8066,Da Nang,31500
S08067,Ho Chi Minh City Sports Complex 8067,Ho Chi Minh City,33500
S08068,Quy Nhon Sports Complex 8068,Quy Nhon,58000
S08069,Hai Phong Arena 8069,Hai Phong,75500
S08070,Binh Duong National Stadium 8070,Binh Duong,19500
S08071,Hue Sports Complex 8071,Hue,53000
S08072,Nam Dinh Arena 8072,Nam Dinh,61000
S08073,Hanoi Arena 8073,Hanoi,63000
S08074,Hanoi Arena 8074,Hanoi,17500
S08075,Hai Phong National Stadium 8075,Hai Phong,33000
S08076,Da Nang Arena 8076,Da Nang,71000
S08077,Da Nang Arena 8077,Da Nang,62000
S08078,Quy Nhon Dome 8078,Quy Nhon,38500
S08079,Da Nang National Stadium 8079,Da Nang,31000
S08080,Can Tho Arena 8080,Can Tho,17500
S08081,Da Nang Park 8081,Da Nang,21000
S08082,Hue Sports Complex 8082,Hue,73000
S08083,Hanoi Dome 8083,Hanoi,31500
S08084,Hue Arena 8084,Hue,15000
S08085,Hanoi Sports Complex 8085,Hanoi,62000
S08086,Nam Dinh Arena 8086,Nam Dinh,76500
S08087,Quy Nhon Dome 8087,Quy Nhon,45000
S08088,Can Tho Dome 8088,Can Tho,74000
S08089,Nam Dinh National Stadium 8089,Nam Dinh,55000
S08090,Binh Duong Arena 8090,Binh Duong,23500
S08091,Ho Chi Minh City National Stadium 8091,Ho Chi Minh City,57500
S08092,Da Nang Park 8092,Da Nang,21000
S08093,Hue National Stadium 8093,Hue,46000
S08094,Nha Trang Dome 8094,Nha Trang,71500
S08095,Nam Dinh National Stadium 8095,Nam Dinh,71500
S08096,Da Nang Park 8096,Da Nang,64000
S08097,Binh Duong Arena 8097,Binh Duong,23000
S08098,Hanoi Sports Complex 8098,Hanoi,31000
S08099,Binh Duong Sports Complex 8099,Binh Duong,19500
S08100,Nam Dinh Dome 8100,Nam Dinh,40500
S08101,Da Nang Arena 8101,Da Nang,52000
S08102,Ho Chi Minh City Arena 8102,Ho Chi Minh City,76500
S08103,Ho Chi Minh City Dome 8103,Ho Chi Minh City,47000
S08104,Hanoi Park 8104,Hanoi,18500
S08105,Can Tho Dome 8105,Can Tho,51500
S08106,Can Tho Dome 8106,Can Tho,70000
S08107,Hue Dome 8107,Hue,77500
S08108,Hanoi Dome 8108,Hanoi,30500
S08109,Hue Arena 8109,Hue,20500
S08110,Nam Dinh Park 8110,Nam Dinh,67500
S08111,Hue Sports Complex 8111,Hue,38500
S08112,Hanoi Sports Complex 8112,Hanoi,53000
S08113,Nha Trang Sports Complex 8113,Nha Trang,34500
S08114,Hanoi Dome 8114,Hanoi,78500
S08115,Hue Dome 8115,Hue,79000
S08116,Hai Phong Sports Complex 8116,Hai Phong,54500
S08117,Hai Phong Arena 8117,Hai Phong,52000
S08118,Hue Sports Complex 8118,Hue,15500
S08119,Nha Trang Park 8119,Nha Trang,39500
S08120,Da Nang Dome 8120,Da Nang,27500
S08121,Da Nang Arena 8121,Da Nang,40500
S08122,Da Nang Dome 8122,Da Nang,73000
S08123,Ho Chi Minh City National Stadium 8123,Ho Chi Minh City,34500
S08124,Da Nang Sports Complex 8124,Da Nang,29000
S08125,Hue Arena 8125,Hue,75500
S08126,Can Tho Park 8126,Can Tho,60500
S08127,Can Tho Sports Complex 8127,Can Tho,59000
S08128,Da Nang National Stadium 8128,Da Nang,59500
S08129,Binh Duong Park 8129,Binh Duong,56500
S08130,Hanoi Park 8130,Hanoi,63000
S08131,Quy Nhon Park 8131,Quy Nhon,77500
S08132,Nam Dinh National Stadium 8132,Nam Dinh,63500
S08133,Nam Dinh Dome 8133,Nam Dinh,24500
S08134,Hai Phong Sports Complex 8134,Hai Phong,74500
S08135,Ho Chi Minh City Park 8135,Ho Chi Minh City,52500
S08136,Hue Sports Complex 8136,Hue,29500
S08137,Hai Phong Park 8137,Hai Phong,37000
S08138,Hai Phong Arena 8138,Hai Phong,62000
S08139,Nha Trang Dome 8139,Nha Trang,79000
S08140,Da Nang Sports Complex 8140,Da Nang,58500
S08141,Hanoi Sports Complex 8141,Hanoi,50000
S08142,Hai Phong Arena 8142,Hai Phong,31000
S08143,Nha Trang Arena 8143,Nha Trang,77000
S08144,Hanoi Arena 8144,Hanoi,20000
S08145,Ho Chi Minh City Sports Complex 8145,Ho Chi Minh City,70500
S08146,Binh Duong Dome 8146,Binh Duong,41500
S08147,Hanoi Sports Complex 8147,Hanoi,79000
S08148,Nha Trang Sports Complex 8148,Nha Trang,71500
S08149,Quy Nhon Dome 8149,Quy Nhon,75000
S08150,Nam Dinh Sports Complex 8150,Nam Dinh,47500
S08151,Can Tho Dome 8151,Can Tho,41500
S08152,Nam Dinh Sports Complex 8152,Nam Dinh,62500
S08153,Can Tho Arena 8153,Can Tho,38500
S08154,Hai Phong Dome 8154,Hai Phong,39500
S08155,Nam Dinh Dome 8155,Nam Dinh,80000
S08156,Nha Trang Dome 8156,Nha Trang,40500
S08157,Nam Dinh Park 8157,Nam Dinh,40000
S08158,Ho Chi Minh City Dome 8158,Ho Chi Minh City,28500
S08159,Nha Trang Arena 8159,Nha Trang,20000
S08160,Da Nang Sports Complex 8160,Da Nang,33500
S08161,Can Tho National Stadium 8161,Can Tho,50000
S08162,Hanoi Park 8162,Hanoi,37000
S08163,Nam Dinh Sports Complex 8163,Nam Dinh,48500
S08164,Ho Chi Minh City Sports Complex 8164,Ho Chi Minh City,27000
S08165,Hue Park 8165,Hue,24500
S08166,Can Tho Sports Complex 8166,Can Tho,52500
S08167,Hue Dome 8167,Hue,35000
S08168,Quy Nhon Arena 8168,Quy Nhon,22500
S08169,Hai Phong National Stadium 8169,Hai Phong,44500
S08170,Nha Trang Arena 8170,Nha Trang,30500
S08171,Can Tho Park 8171,Can Tho,79500
S08172,Ho Chi Minh City Sports Complex 8172,Ho Chi Minh City,27000
S08173,Hue National Stadium 8173,Hue,76000
S08174,Nha Trang National Stadium 8174,Nha Trang,59000
S08175,Nha Trang Park 8175,Nha Trang,53000
S08176,Hai Phong Arena 8176,Hai Phong,67000
S08177,Da Nang Dome 8177,Da Nang,68500
S08178,Ho Chi Minh City Sports Complex 8178,Ho Chi Minh City,66000
S08179,Can Tho Sports Complex 8179,Can Tho,29000
S08180,Hanoi Dome 8180,Hanoi,52000
S08181,Hue Arena 8181,Hue,58000
S08182,Quy Nhon Arena 8182,Quy Nhon,22000
S08183,Hanoi National Stadium 8183,Hanoi,50000
S08184,Ho Chi Minh City Dome 8184,Ho Chi Minh City,76500
S08185,Binh Duong Sports Complex 8185,Binh Duong,75500
S08186,Da Nang Arena 8186,Da Nang,76000
S08187,Ho Chi Minh City National Stadium 8187,Ho Chi Minh City,39000
S08188,Binh Duong Dome 8188,Binh Duong,21000
S08189,Binh Duong Sports Complex 8189,Binh Duong,36000
S08190,Da Nang Arena 8190,Da Nang,39000
S08191,Nha Trang Arena 8191,Nha Trang,43500
S08192,Binh Duong Dome 8192,Binh Duong,32000
S08193,Nha Trang Dome 8193,Nha Trang,18000
S08194,Ho Chi Minh City Dome 8194,Ho Chi Minh City,27500
S08195,Da Nang National Stadium 8195,Da Nang,60500
S08196,Binh Duong Dome 8196,Binh Duong,67000
S08197,Can Tho Arena 8197,Can Tho,29500
S08198,Quy Nhon Dome 8198,Quy Nhon,44500
S08199,Da Nang Park 8199,Da Nang,43000
S08200,Hue Sports Complex 8200,Hue,41500
S08201,Hai Phong Arena 8201,Hai Phong,45500
S08202,Hanoi National Stadium 8202,Hanoi,33500
S08203,Hanoi National Stadium 8203,Hanoi,75500
S08204,Can Tho Arena 8204,Can Tho,68500
S08205,Quy Nhon Park 8205,Quy Nhon,19000
S08206,Hanoi Sports Complex 8206,Hanoi,36500
S08207,Binh Duong National Stadium 8207,Binh Duong,17500
S08208,Hanoi Arena 8208,Hanoi,46500
S08209,Da Nang Arena 8209,Da Nang,19500
S08210,Nha Trang Arena 8210,Nha Trang,36000
S08211,Quy Nhon Arena 8211,Quy Nhon,23000
S08212,Hue National Stadium 8212,Hue,54500
S08213,Nha Trang Arena 8213,Nha Trang,78500
S08214,Nam Dinh National Stadium 8214,Nam Dinh,65500
S08215,Hai Phong Dome 8215,Hai Phong,49500
S08216,Ho Chi Minh City Dome 8216,Ho Chi Minh City,26000
S08217,Hanoi Arena 8217,Hanoi,23000
S08218,Hai Phong Dome 8218,Hai Phong,56000
S08219,Can Tho Sports Complex 8219,Can Tho,61500
S08220,Da Nang Park 8220,Da Nang,66000
S08221,Hue Arena 8221,Hue,74500
S08222,Hanoi Park 8222,Hanoi,57500
S08223,Da Nang Park 8223,Da Nang,62500
S08224,Quy Nhon Arena 8224,Quy Nhon,37500
S08225,Da Nang Sports Complex 8225,Da Nang,78500
S08226,Nam Dinh Sports Complex 8226,Nam Dinh,69000
S08227,Hai Phong Arena 8227,Hai Phong,24500
S08228,Da Nang Arena 8228,Da Nang,57000
S08229,Quy Nhon Arena 8229,Quy Nhon,61000
S08230,Nam Dinh Arena 8230,Nam Dinh,73500
S08231,Binh Duong Park 8231,Binh Duong,55000
S08232,Da Nang National Stadium 8232,Da Nang,34000
S08233,Can Tho Dome 8233,Can Tho,60500
S08234,Hai Phong Sports Complex 8234,Hai Phong,30000
S08235,Da Nang Arena 8235,Da Nang,42500
S08236,Hue National Stadium 8236,Hue,48000
S08237,Can Tho National Stadium 8237,Can Tho,46000
S08238,Hue National Stadium 8238,Hue,74500
S08239,Hanoi Park 8239,Hanoi,79000
S08240,Quy Nhon National Stadium 8240,Quy Nhon,48500
S08241,Da Nang Dome 8241,Da Nang,55000
S08242,Quy Nhon National Stadium 8242,Quy Nhon,65000
S08243,Binh Duong Arena 8243,Binh Duong,69500
S08244,Hai Phong Dome 8244,Hai Phong,17500
S08245,Ho Chi Minh City National Stadium 8245,Ho Chi Minh City,47000
S08246,Ho Chi Minh City Arena 8246,Ho Chi Minh City,41000
S08247,Ho Chi Minh City Sports Complex 8247,Ho Chi Minh City,57500
S08248,Binh Duong Arena 8248,Binh Duong,73500
S08249,Binh Duong Park 8249,Binh Duong,56500
S08250,Da Nang National Stadium 8250,Da Nang,78000
S08251,Quy Nhon Dome 8251,Quy Nhon,75500
S08252,Nha Trang Park 8252,Nha Trang,71500
S08253,Nha Trang Dome 8253,Nha Trang,46500
S08254,Hai Phong Sports Complex 8254,Hai Phong,44000
S08255,Nha Trang Arena 8255,Nha Trang,24500
S08256,Hai Phong Arena 8256,Hai Phong,79500
S08257,Da Nang Arena 8257,Da Nang,77500
S08258,Da Nang Park 8258,Da Nang,16000
S08259,Ho Chi Minh City Park 8259,Ho Chi Minh City,34000
S08260,Nha Trang Arena 8260,Nha Trang,37500
S08261,Binh Duong Park 8261,Binh Duong,25000
S08262,Da Nang Arena 8262,Da Nang,63000
S08263,Can Tho Dome 8263,Can Tho,18500
S08264,Hue Arena 8264,Hue,69000
S08265,Nam Dinh Sports Complex 8265,Nam Dinh,29000
S08266,Can Tho National Stadium 8266,Can Tho,74000
S08267,Hue Arena 8267,Hue,69500
S08268,Quy Nhon Arena 8268,Quy Nhon,19500
S08269,Ho Chi Minh City Park 8269,Ho Chi Minh City,18500
S08270,Nha Trang Dome 8270,Nha Trang,60000
S08271,Quy Nhon Sports Complex 8271,Quy Nhon,22000
S08272,Hai Phong National Stadium 8272,Hai Phong,47000
S08273,Can Tho Arena 8273,Can Tho,71000
S08274,Binh Duong Sports Complex 8274,Binh Duong,65500
S08275,Ho Chi Minh City Park 8275,Ho Chi Minh City,36000
S08276,Da Nang National Stadium 8276,Da Nang,73000
S08277,Ho Chi Minh City Arena 8277,Ho Chi Minh City,66000
S08278,Hue Arena 8278,Hue,41500
S08279,Hanoi Park 8279,Hanoi,66500
S08280,Nha Trang Dome 8280,Nha Trang,30000
S08281,Nam Dinh Dome 8281,Nam Dinh,58000
S08282,Can Tho Dome 8282,Can Tho,19000
S08283,Can Tho Sports Complex 8283,Can Tho,67000
S08284,Quy Nhon National Stadium 8284,Quy Nhon,38500
S08285,Can Tho Sports Complex 8285,Can Tho,52500
S08286,Ho Chi Minh City Arena 8286,Ho Chi Minh City,76500
S08287,Ho Chi Minh City Sports Complex 8287,Ho Chi Minh City,20500
S08288,Hue Sports Complex 8288,Hue,19500
S08289,Ho Chi Minh City Park 8289,Ho Chi Minh City,65000
S08290,Can Tho Sports Complex 8290,Can Tho,43000
S08291,Nha Trang National Stadium 8291,Nha Trang,52500
S08292,Ho Chi Minh City Park 8292,Ho Chi Minh City,62000
S08293,Hue Park 8293,Hue,79500
S08294,Hai Phong Park 8294,Hai Phong,36000
S08295,Quy Nhon Park 8295,Quy Nhon,47500
S08296,Can Tho Arena 8296,Can Tho,19000
S08297,Quy Nhon National Stadium 8297,Quy Nhon,68000
S08298,Da Nang National Stadium 8298,Da Nang,31500
S08299,Da Nang Dome 8299,Da Nang,79000
S08300,Da Nang National Stadium 8300,Da Nang,19500
S08301,Nam Dinh Dome 8301,Nam Dinh,21500
S08302,Da Nang National Stadium 8302,Da Nang,25000
S08303,Nha Trang National Stadium 8303,Nha Trang,76500
S08304,Hai Phong Park 8304,Hai Phong,31000
S08305,Hue Park 8305,Hue,41500
S08306,Quy Nhon Park 8306,Quy Nhon,52000
S08307,Quy Nhon Dome 8307,Quy Nhon,17500
S08308,Nam Dinh Park 8308,Nam Dinh,46000
S08309,Hai Phong National Stadium 8309,Hai Phong,26000
S08310,Hue Dome 8310,Hue,73500
S08311,Quy Nhon Arena 8311,Quy Nhon,20000
S08312,Nam Dinh Arena 8312,Nam Dinh,23500
S08313,Quy Nhon Dome 8313,Quy Nhon,59000
S08314,Hanoi Dome 8314,Hanoi,78000
S08315,Can Tho Park 8315,Can Tho,78000
S08316,Binh Duong Park 8316,Binh Duong,55500
S08317,Quy Nhon Park 8317,Quy Nhon,42500
S08318,Can Tho Arena 8318,Can Tho,70000
S08319,Hai Phong Park 8319,Hai Phong,74000
S08320,Nha Trang Arena 8320,Nha Trang,22500
S08321,Nam Dinh National Stadium 8321,Nam Dinh,56500
S08322,Hue Sports Complex 8322,Hue,35000
S08323,Hai Phong National Stadium 8323,Hai Phong,77500
S08324,Binh Duong Park 8324,Binh Duong,56500
S08325,Can Tho Arena 8325,Can Tho,30500
S08326,Ho Chi Minh City Arena 8326,Ho Chi Minh City,18000
S08327,Da Nang National Stadium 8327,Da Nang,53500
S08328,Ho Chi Minh City Sports Complex 8328,Ho Chi Minh City,70000
S08329,Hanoi Sports Complex 8329,Hanoi,47000
S08330,Hue Sports Complex 8330,Hue,33500
S08331,Nam Dinh Dome 8331,Nam Dinh,67500
S08332,Nha Trang Dome 8332,Nha Trang,15500
S08333,Hanoi National Stadium 8333,Hanoi,24000
S08334,Hue Park 8334,Hue,45500
S08335,Hue Sports Complex 8335,Hue,35500
S08336,Binh Duong Dome 8336,Binh Duong,47500
S08337,Hue Sports Complex 8337,Hue,52500
S08338,Quy Nhon Park 8338,Quy Nhon,44500
S08339,Nha Trang National Stadium 8339,Nha Trang,42500
S08340,Hai Phong Dome 8340,Hai Phong,73500
S08341,Can Tho Dome 8341,Can Tho,60500
S08342,Hanoi Sports Complex 8342,Hanoi,71000
S08343,Can Tho National Stadium 8343,Can Tho,16500
S08344,Hue Arena 8344,Hue,38000
S08345,Can Tho Arena 8345,Can Tho,46000
S08346,Hai Phong National Stadium 8346,Hai Phong,53500
S08347,Hue Sports Complex 8347,Hue,52000
S08348,Hue Park 8348,Hue,27000
S08349,Quy Nhon Dome 8349,Quy Nhon,20000
S08350,Ho Chi Minh City Park 8350,Ho Chi Minh City,57500
S08351,Can Tho Arena 8351,Can Tho,52500
S08352,Hue Arena 8352,Hue,36000
S08353,Hai Phong National Stadium 8353,Hai Phong,60500
S08354,Can Tho Park 8354,Can Tho,45500
S08355,Hanoi Arena 8355,Hanoi,39000
S08356,Can Tho National Stadium 8356,Can Tho,25500
S08357,Binh Duong Arena 8357,Binh Duong,45500
S08358,Hue Arena 8358,Hue,43000
S08359,Nha Trang Arena 8359,Nha Trang,79500
S08360,Ho Chi Minh City Sports Complex 8360,Ho Chi Minh City,55000
S08361,Nha Trang Park 8361,Nha Trang,55500
S08362,Binh Duong Park 8362,Binh Duong,65000
S08363,Can Tho Park 8363,Can Tho,41000
S08364,Can Tho Sports Complex 8364,Can Tho,42000
S08365,Hue Arena 8365,Hue,34500
S08366,Can Tho Sports Complex 8366,Can Tho,72500
S08367,Nha Trang Arena 8367,Nha Trang,35000
S08368,Nha Trang National Stadium 8368,Nha Trang,67000
S08369,Nha Trang Park 8369,Nha Trang,23000
S08370,Hue Park 8370,Hue,76000
S08371,Nam Dinh Park 8371,Nam Dinh,31000
S08372,Nam Dinh Arena 8372,Nam Dinh,69500
S08373,Nha Trang Sports Complex 8373,Nha Trang,53000
S08374,Quy Nhon Sports Complex 8374,Quy Nhon,30000
S08375,Nam Dinh Sports Complex 8375,Nam Dinh,72500
S08376,Hue Sports Complex 8376,Hue,16000
S08377,Binh Duong Park 8377,Binh Duong,26000
S08378,Da Nang Arena 8378,Da Nang,18000
S08379,Nam Dinh Sports Complex 8379,Nam Dinh,48000
S08380,Hue Arena 8380,Hue,54500
S08381,Quy Nhon Arena 8381,Quy Nhon,80000
S08382,Nam Dinh Park 8382,Nam Dinh,57000
S08383,Binh Duong Park 8383,Binh Duong,71000
S08384,Nha Trang National Stadium 8384,Nha Trang,31500
S08385,Da Nang National Stadium 8385,Da Nang,78500
S08386,Hanoi Park 8386,Hanoi,44000
S08387,Da Nang National Stadium 8387,Da Nang,60500
S08388,Da Nang National Stadium 8388,Da Nang,71500
S08389,Quy Nhon National Stadium 8389,Quy Nhon,46500
S08390,Can Tho Sports Complex 8390,Can Tho,74000
S08391,Binh Duong Sports Complex 8391,Binh Duong,27500
S08392,Nha Trang Dome 8392,Nha Trang,39500
S08393,Can Tho Dome 8393,Can Tho,67500
S08394,Nam Dinh Arena 8394,Nam Dinh,71500
S08395,Da Nang National Stadium 8395,Da Nang,31000
S08396,Hanoi National Stadium 8396,Hanoi,35000
S08397,Nha Trang Park 8397,Nha Trang,43500
S08398,Nha Trang Dome 8398,Nha Trang,76000
S08399,Ho Chi Minh City Arena 8399,Ho Chi Minh City,62500
S08400,Nam Dinh Arena 8400,Nam Dinh,52000
S08401,Hanoi National Stadium 8401,Hanoi,24500
S08402,Can Tho National Stadium 8402,Can Tho,24000
S08403,Ho Chi Minh City Arena 8403,Ho Chi Minh City,63000
S08404,Quy Nhon Sports Complex 8404,Quy Nhon,71500
S08405,Hue Sports Complex 8405,Hue,49500
S08406,Nam Dinh Dome 8406,Nam Dinh,27500
S08407,Can Tho Park 8407,Can Tho,37000
S08408,Quy Nhon National Stadium 8408,Quy Nhon,51500
S08409,Hue National Stadium 8409,Hue,75500
S08410,Nam Dinh Park 8410,Nam Dinh,29500
S08411,Ho Chi Minh City Sports Complex 8411,Ho Chi Minh City,61500
S08412,Can Tho Park 8412,Can Tho,34500
S08413,Hai Phong Sports Complex 8413,Hai Phong,60500
S08414,Can Tho Dome 8414,Can Tho,40500
S08415,Hai Phong National Stadium 8415,Hai Phong,19500
S08416,Hai Phong Park 8416,Hai Phong,51000
S08417,Can Tho National Stadium 8417,Can Tho,73000
S08418,Hai Phong Sports Complex 8418,Hai Phong,73500
S08419,Da Nang Arena 8419,Da Nang,69500
S08420,Hue Arena 8420,Hue,76000
S08421,Da Nang National Stadium 8421,Da Nang,71000
S08422,Hai Phong Arena 8422,Hai Phong,35500
S08423,Quy Nhon Sports Complex 8423,Quy Nhon,27000
S08424,Nha Trang Dome 8424,Nha Trang,28500
S08425,Ho Chi Minh City National Stadium 8425,Ho Chi Minh City,34500
S08426,Hai Phong Dome 8426,Hai Phong,62000
S08427,Nam Dinh Dome 8427,Nam Dinh,48000
S08428,Hue Park 8428,Hue,69500
S08429,Hanoi National Stadium 8429,Hanoi,51000
S08430,Can Tho Arena 8430,Can Tho,52500
S08431,Nha Trang Dome 8431,Nha Trang,64500
S08432,Nam Dinh National Stadium 8432,Nam Dinh,25000
S08433,Ho Chi Minh City Dome 8433,Ho Chi Minh City,43500
S08434,Nha Trang National Stadium 8434,Nha Trang,45500
S08435,Nha Trang Arena 8435,Nha Trang,17500
S08436,Nha Trang Arena 8436,Nha Trang,70000
S08437,Can Tho National Stadium 8437,Can Tho,25000
S08438,Hai Phong Park 8438,Hai Phong,67000
S08439,Can Tho National Stadium 8439,Can Tho,25500
S08440,Da Nang Park 8440,Da Nang,55000
S08441,Nha Trang Dome 8441,Nha Trang,40500
S08442,Can Tho Arena 8442,Can Tho,44500
S08443,Can Tho Arena 8443,Can Tho,28000
S08444,Hai Phong Arena 8444,Hai Phong,49000
S08445,Da Nang Park 8445,Da Nang,67000
S08446,Hai Phong National Stadium 8446,Hai Phong,24000
S08447,Hanoi Arena 8447,Hanoi,36500
S08448,Hue Park 8448,Hue,80000
S08449,Ho Chi Minh City Arena 8449,Ho Chi Minh City,28500
S08450,Hanoi Arena 8450,Hanoi,16500
S08451,Hai Phong Arena 8451,Hai Phong,31500
S08452,Hue Dome 8452,Hue,44000
S08453,Ho Chi Minh City National Stadium 8453,Ho Chi Minh City,59000
S08454,Hue Dome 8454,Hue,39000
S08455,Hanoi Dome 8455,Hanoi,71000
S08456,Hue Arena 8456,Hue,66000
S08457,Quy Nhon Park 8457,Quy Nhon,55000
S08458,Can Tho Sports Complex 8458,Can Tho,31500
S08459,Hanoi Arena 8459,Hanoi,33000
S08460,Can Tho Arena 8460,Can Tho,18500
S08461,Ho Chi Minh City Arena 8461,Ho Chi Minh City,74500
S08462,Hai Phong Park 8462,Hai Phong,51500
S08463,Nha Trang Dome 8463,Nha Trang,26000
S08464,Hai Phong National Stadium 8464,Hai Phong,29000
S08465,Nha Trang Arena 8465,Nha Trang,18000
S08466,Da Nang Park 8466,Da Nang,34500
S08467,Quy Nhon National Stadium 8467,Quy Nhon,77000
S08468,Nam Dinh National Stadium 8468,Nam Dinh,21000
S08469,Quy Nhon Arena 8469,Quy Nhon,78000
S08470,Da Nang Arena 8470,Da Nang,34000
S08471,Hanoi Sports Complex 8471,Hanoi,19000
S08472,Quy Nhon Dome 8472,Quy Nhon,75000
S08473,Nha Trang Park 8473,Nha Trang,45500
S08474,Ho Chi Minh City Dome 8474,Ho Chi Minh City,57000
S08475,Quy Nhon Sports Complex 8475,Quy Nhon,69000
S08476,Nha Trang Dome 8476,Nha Trang,22000
S08477,Nam Dinh Park 8477,Nam Dinh,76500
S08478,Da Nang Sports Complex 8478,Da Nang,18500
S08479,Hue Sports Complex 8479,Hue,57000
S08480,Binh Duong Arena 8480,Binh Duong,50000
S08481,Quy Nhon Arena 8481,Quy Nhon,66500
S08482,Quy Nhon Arena 8482,Quy Nhon,37000
S08483,Binh Duong National Stadium 8483,Binh Duong,27000
S08484,Da Nang Sports Complex 8484,Da Nang,54000
S08485,Hanoi Park 8485,Hanoi,66000
S08486,Can Tho Dome 8486,Can Tho,41000
S08487,Binh Duong Sports Complex 8487,Binh Duong,61500
S08488,Nha Trang Park 8488,Nha Trang,62500
S08489,Da Nang Arena 8489,Da Nang,47000
S08490,Hai Phong Arena 8490,Hai Phong,44500
S08491,Nam Dinh National Stadium 8491,Nam Dinh,67000
S08492,Da Nang National Stadium 8492,Da Nang,23500
S08493,Ho Chi Minh City National Stadium 8493,Ho Chi Minh City,79000
S08494,Hanoi National Stadium 8494,Hanoi,50000
S08495,Quy Nhon Park 8495,Quy Nhon,18000
S08496,Hai Phong Sports Complex 8496,Hai Phong,79500
S08497,Binh Duong Dome 8497,Binh Duong,68000
S08498,Nam Dinh National Stadium 8498,Nam Dinh,59000
S08499,Ho Chi Minh City Dome 8499,Ho Chi Minh City,71000
S08500,Hanoi Dome 8500,Hanoi,34000
S08501,Hanoi Arena 8501,Hanoi,54000
S08502,Da Nang Sports Complex 8502,Da Nang,22000
S08503,Nam Dinh Park 8503,Nam Dinh,55500
S08504,Nha Trang Sports Complex 8504,Nha Trang,26500
S08505,Nam Dinh Sports Complex 8505,Nam Dinh,63000
S08506,Ho Chi Minh City Dome 8506,Ho Chi Minh City,21500
S08507,Da Nang Arena 8507,Da Nang,24500
S08508,Quy Nhon Dome 8508,Quy Nhon,64000
S08509,Nha Trang Arena 8509,Nha Trang,29500
S08510,Binh Duong Dome 8510,Binh Duong,27000
S08511,Da Nang National Stadium 8511,Da Nang,38500
S08512,Nha Trang Arena 8512,Nha Trang,24500
S08513,Ho Chi Minh City Dome 8513,Ho Chi Minh City,26500
S08514,Hue Sports Complex 8514,Hue,60000
S08515,Nha Trang Park 8515,Nha Trang,72500
S08516,Hue Arena 8516,Hue,74500
S08517,Hai Phong National Stadium 8517,Hai Phong,60500
S08518,Binh Duong Arena 8518,Binh Duong,28500
S08519,Nha Trang Sports Complex 8519,Nha Trang,35000
S08520,Quy Nhon National Stadium 8520,Quy Nhon,35000
S08521,Binh Duong Park 8521,Binh Duong,47500
S08522,Binh Duong Park 8522,Binh Duong,53000
S08523,Can Tho National Stadium 8523,Can Tho,33000
S08524,Quy Nhon National Stadium 8524,Quy Nhon,67500
S08525,Da Nang National Stadium 8525,Da Nang,71500
S08526,Can Tho Park 8526,Can Tho,60000
S08527,Hue Park 8527,Hue,60000
S08528,Can Tho National Stadium 8528,Can Tho,55000
S08529,Can Tho Arena 8529,Can Tho,66500
S08530,Quy Nhon Dome 8530,Quy Nhon,32000
S08531,Nam Dinh Arena 8531,Nam Dinh,41000
S08532,Hue Arena 8532,Hue,25500
S08533,Nam Dinh Sports Complex 8533,Nam Dinh,42000
S08534,Hai Phong Sports Complex 8534,Hai Phong,27000
S08535,Quy Nhon Dome 8535,Quy Nhon,46000
S08536,Can Tho Arena 8536,Can Tho,25500
S08537,Can Tho Park 8537,Can Tho,25000
S08538,Hanoi Dome 8538,Hanoi,20500
S08539,Hue Sports Complex 8539,Hue,50500
S08540,Ho Chi Minh City Arena 8540,Ho Chi Minh City,68000
S08541,Nam Dinh Arena 8541,Nam Dinh,17000
S08542,Can Tho Park 8542,Can Tho,62500
S08543,Da Nang Arena 8543,Da Nang,54000
S08544,Nha Trang National Stadium 8544,Nha Trang,19500
S08545,Can Tho Dome 8545,Can Tho,29500
S08546,Hanoi Arena 8546,Hanoi,54000
S08547,Can Tho Sports Complex 8547,Can Tho,64500
S08548,Nam Dinh Dome 8548,Nam Dinh,30000
S08549,Hue Arena 8549,Hue,45500
S08550,Da Nang Dome 8550,Da Nang,26500
S08551,Nam Dinh Sports Complex 8551,Nam Dinh,58500
S08552,Da Nang National Stadium 8552,Da Nang,43500
S08553,Hue National Stadium 8553,Hue,37000
S08554,Nha Trang Park 8554,Nha Trang,48500
S08555,Hanoi Park 8555,Hanoi,37500
S08556,Ho Chi Minh City Arena 8556,Ho Chi Minh City,28500
S08557,Ho Chi Minh City Arena 8557,Ho Chi Minh City,58000
S08558,Binh Duong National Stadium 8558,Binh Duong,18000
S08559,Nha Trang Park 8559,Nha Trang,50000
S08560,Hai Phong Arena 8560,Hai Phong,19000
S08561,Ho Chi Minh City Arena 8561,Ho Chi Minh City,70500
S08562,Da Nang National Stadium 8562,Da Nang,77000
S08563,Da Nang National Stadium 8563,Da Nang,39500
S08564,Nha Trang Park 8564,Nha Trang,58500
S08565,Ho Chi Minh City Sports Complex 8565,Ho Chi Minh City,50500
S08566,Da Nang Dome 8566,Da Nang,50500
S08567,Hue Park 8567,Hue,47500
S08568,Hue Sports Complex 8568,Hue,73500
S08569,Hanoi National Stadium 8569,Hanoi,65000
S08570,Nam Dinh National Stadium 8570,Nam Dinh,50000
S08571,Can Tho Sports Complex 8571,Can Tho,51500
S08572,Binh Duong National Stadium 8572,Binh Duong,40500
S08573,Nha Trang Sports Complex 8573,Nha Trang,64000
S08574,Da Nang National Stadium 8574,Da Nang,18000
S08575,Hue Arena 8575,Hue,52500
S08576,Binh Duong Dome 8576,Binh Duong,44000
S08577,Binh Duong Dome 8577,Binh Duong,31000
S08578,Can Tho Park 8578,Can Tho,36500
S08579,Hue Dome 8579,Hue,33500
S08580,Hue Sports Complex 8580,Hue,66000
S08581,Ho Chi Minh City Park 8581,Ho Chi Minh City,43500
S08582,Da Nang Arena 8582,Da Nang,34500
S08583,Da Nang National Stadium 8583,Da Nang,55000
S08584,Da Nang Dome 8584,Da Nang,68000
S08585,Da Nang Arena 8585,Da Nang,20000
S08586,Hai Phong Arena 8586,Hai Phong,16000
S08587,Nha Trang National Stadium 8587,Nha Trang,18000
S08588,Nha Trang Arena 8588,Nha Trang,55000
S08589,Nha Trang Park 8589,Nha Trang,29000
S08590,Ho Chi Minh City Sports Complex 8590,Ho Chi Minh City,63000
S08591,Quy Nhon Park 8591,Quy Nhon,75000
S08592,Nam Dinh National Stadium 8592,Nam Dinh,21000
S08593,Quy Nhon Park 8593,Quy Nhon,44500
S08594,Da Nang Dome 8594,Da Nang,53500
S08595,Nam Dinh Park 8595,Nam Dinh,79000
S08596,Nam Dinh Sports Complex 8596,Nam Dinh,52500
S08597,Binh Duong National Stadium 8597,Binh Duong,57500
S08598,Da Nang Park 8598,Da Nang,61000
S08599,Hai Phong National Stadium 8599,Hai Phong,63000
S08600,Binh Duong National Stadium 8600,Binh Duong,18500
S08601,Hai Phong Dome 8601,Hai Phong,42500
S08602,Hue National Stadium 8602,Hue,63500
S08603,Da Nang National Stadium 8603,Da Nang,19000
S08604,Hanoi Sports Complex 8604,Hanoi,76500
S08605,Hai Phong Arena 8605,Hai Phong,50500
S08606,Can Tho Arena 8606,Can Tho,50500
S08607,Hue Arena 8607,Hue,72000
S08608,Ho Chi Minh City National Stadium 8608,Ho Chi Minh City,36000
S08609,Hanoi Sports Complex 8609,Hanoi,68000
S08610,Da Nang Sports Complex 8610,Da Nang,31000
S08611,Binh Duong Arena 8611,Binh Duong,51000
S08612,Hanoi Sports Complex 8612,Hanoi,51500
S08613,Da Nang Dome 8613,Da Nang,70000
S08614,Nam Dinh Arena 8614,Nam Dinh,58500
S08615,Nam Dinh Park 8615,Nam Dinh,19000
S08616,Hanoi Dome 8616,Hanoi,41000
S08617,Binh Duong Dome 8617,Binh Duong,25500
S08618,Quy Nhon Dome 8618,Quy Nhon,76000
S08619,Hai Phong Arena 8619,Hai Phong,26500
S08620,Binh Duong Arena 8620,Binh Duong,73000
S08621,Binh Duong Park 8621,Binh Duong,73500
S08622,Hue Arena 8622,Hue,29000
S08623,Quy Nhon Dome 8623,Quy Nhon,74000
S08624,Ho Chi Minh City Park 8624,Ho Chi Minh City,37000
S08625,Ho Chi Minh City Park 8625,Ho Chi Minh City,75000
S08626,Hue Arena 8626,Hue,41000
S08627,Quy Nhon National Stadium 8627,Quy Nhon,31000
S08628,Hue Park 8628,Hue,35000
S08629,Ho Chi Minh City National Stadium 8629,Ho Chi Minh City,79000
S08630,Ho Chi Minh City Arena 8630,Ho Chi Minh City,25000
S08631,Binh Duong Arena 8631,Binh Duong,28000
S08632,Hai Phong Park 8632,Hai Phong,25000
S08633,Ho Chi Minh City Park 8633,Ho Chi Minh City,70500
S08634,Binh Duong Arena 8634,Binh Duong,38000
S08635,Da Nang Dome 8635,Da Nang,63500
S08636,Nam Dinh National Stadium 8636,Nam Dinh,49500
S08637,Quy Nhon Sports Complex 8637,Quy Nhon,61500
S08638,Hanoi Dome 8638,Hanoi,77500
S08639,Quy Nhon Dome 8639,Quy Nhon,40500
S08640,Ho Chi Minh City National Stadium 8640,Ho Chi Minh City,42500
S08641,Can Tho Park 8641,Can Tho,26000
S08642,Hanoi Park 8642,Hanoi,49500
S08643,Ho Chi Minh City Sports Complex 8643,Ho Chi Minh City,31000
S08644,Ho Chi Minh City Park 8644,Ho Chi Minh City,23500
S08645,Quy Nhon Park 8645,Quy Nhon,44000
S08646,Hue National Stadium 8646,Hue,45000
S08647,Binh Duong National Stadium 8647,Binh Duong,38000
S08648,Nam Dinh Dome 8648,Nam Dinh,53000
S08649,Binh Duong Arena 8649,Binh Duong,50500
S08650,Nha Trang Sports Complex 8650,Nha Trang,58500
S08651,Quy Nhon Arena 8651,Quy Nhon,63000
S08652,Hanoi Arena 8652,Hanoi,61000
S08653,Hue Dome 8653,Hue,39000
S08654,Hue Park 8654,Hue,40000
S08655,Da Nang Park 8655,Da Nang,72000
S08656,Can Tho Park 8656,Can Tho,69500
S08657,Ho Chi Minh City Arena 8657,Ho Chi Minh City,36000
S08658,Quy Nhon Arena 8658,Quy Nhon,35000
S08659,Nam Dinh Park 8659,Nam Dinh,54000
S08660,Nam Dinh Arena 8660,Nam Dinh,37500
S08661,Can Tho Arena 8661,Can Tho,54500
S08662,Nha Trang Dome 8662,Nha Trang,56000
S08663,Hanoi Dome 8663,Hanoi,63500
S08664,Nha Trang Arena 8664,Nha Trang,53000
S08665,Nam Dinh National Stadium 8665,Nam Dinh,44000
S08666,Nha Trang Dome 8666,Nha Trang,24500
S08667,Nam Dinh Dome 8667,Nam Dinh,42500
S08668,Nam Dinh Sports Complex 8668,Nam Dinh,19000
S08669,Quy Nhon Park 8669,Quy Nhon,55500
S08670,Hue Dome 8670,Hue,16500
S08671,Binh Duong National Stadium 8671,Binh Duong,51500
S08672,Nam Dinh Dome 8672,Nam Dinh,35000
S08673,Quy Nhon Sports Complex 8673,Quy Nhon,51500
S08674,Can Tho Park 8674,Can Tho,70500
S08675,Nam Dinh Sports Complex 8675,Nam Dinh,41500
S08676,Nha Trang National Stadium 8676,Nha Trang,77500
S08677,Binh Duong Arena 8677,Binh Duong,67500
S08678,Nam Dinh Park 8678,Nam Dinh,70500
S08679,Nha Trang National Stadium 8679,Nha Trang,42000
S08680,Quy Nhon Arena 8680,Quy Nhon,34000
S08681,Quy Nhon Park 8681,Quy Nhon,77000
S08682,Can Tho Arena 8682,Can Tho,41000
S08683,Nam Dinh Park 8683,Nam Dinh,68000
S08684,Binh Duong National Stadium 8684,Binh Duong,40000
S08685,Nha Trang Park 8685,Nha Trang,50000
S08686,Hanoi Sports Complex 8686,Hanoi,34000
S08687,Can Tho National Stadium 8687,Can Tho,67000
S08688,Nam Dinh Arena 8688,Nam Dinh,58500
S08689,Binh Duong Dome 8689,Binh Duong,72500
S08690,Hanoi Sports Complex 8690,Hanoi,78000
S08691,Da Nang National Stadium 8691,Da Nang,70000
S08692,Hanoi Arena 8692,Hanoi,41000
S08693,Da Nang Dome 8693,Da Nang,17500
S08694,Hue Dome 8694,Hue,34000
S08695,Binh Duong Park 8695,Binh Duong,74000
S08696,Hanoi National Stadium 8696,Hanoi,70000
S08697,Binh Duong Arena 8697,Binh Duong,32500
S08698,Binh Duong Sports Complex 8698,Binh Duong,38500
S08699,Binh Duong National Stadium 8699,Binh Duong,65500
S08700,Hai Phong National Stadium 8700,Hai Phong,51500
S08701,Binh Duong Park 8701,Binh Duong,51500
S08702,Hai Phong National Stadium 8702,Hai Phong,36500
S08703,Quy Nhon Sports Complex 8703,Quy Nhon,58500
S08704,Binh Duong Park 8704,Binh Duong,30500
S08705,Nam Dinh Park 8705,Nam Dinh,63500
S08706,Quy Nhon Sports Complex 8706,Quy Nhon,69500
S08707,Ho Chi Minh City Park 8707,Ho Chi Minh City,38000
S08708,Hue Arena 8708,Hue,16000
S08709,Da Nang Dome 8709,Da Nang,66500
S08710,Can Tho National Stadium 8710,Can Tho,18000
S08711,Hanoi Arena 8711,Hanoi,18000
S08712,Can Tho Dome 8712,Can Tho,65000
S08713,Hue National Stadium 8713,Hue,54000
S08714,Nam Dinh Sports Complex 8714,Nam Dinh,57500
S08715,Hai Phong National Stadium 8715,Hai Phong,74500
S08716,Can Tho Dome 8716,Can Tho,34000
S08717,Ho Chi Minh City Park 8717,Ho Chi Minh City,32000
S08718,Nam Dinh Arena 8718,Nam Dinh,69000
S08719,Quy Nhon Park 8719,Quy Nhon,58500
S08720,Nha Trang Dome 8720,Nha Trang,44500
S08721,Nam Dinh National Stadium 8721,Nam Dinh,48000
S08722,Quy Nhon National Stadium 8722,Quy Nhon,58000
S08723,Ho Chi Minh City Park 8723,Ho Chi Minh City,46000
S08724,Da Nang Dome 8724,Da Nang,72500
S08725,Hanoi National Stadium 8725,Hanoi,22500
S08726,Hai Phong Dome 8726,Hai Phong,39500
S08727,Ho Chi Minh City National Stadium 8727,Ho Chi Minh City,30000
S08728,Nha Trang Sports Complex 8728,Nha Trang,35000
S08729,Nha Trang Arena 8729,Nha Trang,54500
S08730,Nam Dinh National Stadium 8730,Nam Dinh,41000
S08731,Quy Nhon Sports Complex 8731,Quy Nhon,58500
S08732,Can Tho Dome 8732,Can Tho,51500
S08733,Hue Sports Complex 8733,Hue,26000
S08734,Nha Trang National Stadium 8734,Nha Trang,40000
S08735,Da Nang Arena 8735,Da Nang,22500
S08736,Can Tho Sports Complex 8736,Can Tho,55000
S08737,Nam Dinh Dome 8737,Nam Dinh,72000
S08738,Quy Nhon Arena 8738,Quy Nhon,35500
S08739,Hue Arena 8739,Hue,27000
S08740,Da Nang National Stadium 8740,Da Nang,55000
S08741,Hanoi Sports Complex 8741,Hanoi,30500
S08742,Hai Phong Sports Complex 8742,Hai Phong,44000
S08743,Hanoi Sports Complex 8743,Hanoi,47500
S08744,Nha Trang Dome 8744,Nha Trang,74000
S08745,Hue Sports Complex 8745,Hue,50500
S08746,Nha Trang Sports Complex 8746,Nha Trang,39500
S08747,Nam Dinh Arena 8747,Nam Dinh,54500
S08748,Hue Sports Complex 8748,Hue,26000
S08749,Ho Chi Minh City Arena 8749,Ho Chi Minh City,50000
S08750,Hai Phong Sports Complex 8750,Hai Phong,15500
S08751,Quy Nhon National Stadium 8751,Quy Nhon,78500
S08752,Da Nang Sports Complex 8752,Da Nang,37000
S08753,Can Tho Arena 8753,Can Tho,21500
S08754,Da Nang Park 8754,Da Nang,18500
S08755,Hanoi Arena 8755,Hanoi,41000
S08756,Da Nang Arena 8756,Da Nang,77000
S08757,Ho Chi Minh City National Stadium 8757,Ho Chi Minh City,76000
S08758,Quy Nhon Arena 8758,Quy Nhon,75500
S08759,Da Nang Dome 8759,Da Nang,47500
S08760,Da Nang Dome 8760,Da Nang,65500
S08761,Nha Trang Park 8761,Nha Trang,57000
S08762,Binh Duong Arena 8762,Binh Duong,55500
S08763,Can Tho Park 8763,Can Tho,36000
S08764,Can Tho Park 8764,Can Tho,36500
S08765,Da Nang Arena 8765,Da Nang,53500
S08766,Nha Trang Arena 8766,Nha Trang,59500
S08767,Can Tho Arena 8767,Can Tho,61500
S08768,Can Tho National Stadium 8768,Can Tho,41500
S08769,Ho Chi Minh City Park 8769,Ho Chi Minh City,36500
S08770,Quy Nhon Sports Complex 8770,Quy Nhon,55500
S08771,Ho Chi Minh City Dome 8771,Ho Chi Minh City,19500
S08772,Hanoi Sports Complex 8772,Hanoi,75000
S08773,Hanoi Park 8773,Hanoi,71000
S08774,Hanoi Sports Complex 8774,Hanoi,35000
S08775,Nam Dinh National Stadium 8775,Nam Dinh,32000
S08776,Quy Nhon Dome 8776,Quy Nhon,35000
S08777,Nha Trang Dome 8777,Nha Trang,30000
S08778,Can Tho Arena 8778,Can Tho,38500
S08779,Da Nang Sports Complex 8779,Da Nang,43500
S08780,Binh Duong Sports Complex 8780,Binh Duong,22500
S08781,Quy Nhon National Stadium 8781,Quy Nhon,38500
S08782,Nam Dinh Sports Complex 8782,Nam Dinh,61000
S08783,Nam Dinh Dome 8783,Nam Dinh,28000
S08784,Nha Trang Sports Complex 8784,Nha Trang,70500
S08785,Nam Dinh Arena 8785,Nam Dinh,17500
S08786,Can Tho Arena 8786,Can Tho,47000
S08787,Binh Duong Park 8787,Binh Duong,17000
S08788,Hai Phong Arena 8788,Hai Phong,23000
S08789,Binh Duong Arena 8789,Binh Duong,42500
S08790,Ho Chi Minh City National Stadium 8790,Ho Chi Minh City,60000
S08791,Hai Phong Arena 8791,Hai Phong,69000
S08792,Binh Duong Park 8792,Binh Duong,79500
S08793,Da Nang Dome 8793,Da Nang,76500
S08794,Hanoi Park 8794,Hanoi,46000
S08795,Binh Duong Park 8795,Binh Duong,73500
S08796,Da Nang Park 8796,Da Nang,19500
S08797,Can Tho Arena 8797,Can Tho,46500
S08798,Binh Duong Dome 8798,Binh Duong,28000
S08799,Hanoi Sports Complex 8799,Hanoi,69000
S08800,Binh Duong Dome 8800,Binh Duong,27000
S08801,Can Tho National Stadium 8801,Can Tho,35500
S08802,Da Nang National Stadium 8802,Da Nang,44000
S08803,Nha Trang Dome 8803,Nha Trang,36500
S08804,Hai Phong Sports Complex 8804,Hai Phong,63000
S08805,Hai Phong Dome 8805,Hai Phong,68000
S08806,Binh Duong National Stadium 8806,Binh Duong,21500
S08807,Binh Duong Park 8807,Binh Duong,71500
S08808,Ho Chi Minh City Sports Complex 8808,Ho Chi Minh City,43000
S08809,Quy Nhon Arena 8809,Quy Nhon,34000
S08810,Nha Trang Dome 8810,Nha Trang,47500
S08811,Ho Chi Minh City Dome 8811,Ho Chi Minh City,44000
S08812,Hue Arena 8812,Hue,54000
S08813,Hue Park 8813,Hue,76000
S08814,Ho Chi Minh City Sports Complex 8814,Ho Chi Minh City,29500
S08815,Hai Phong Dome 8815,Hai Phong,24000
S08816,Nam Dinh Park 8816,Nam Dinh,52500
S08817,Nha Trang Dome 8817,Nha Trang,56000
S08818,Hue Sports Complex 8818,Hue,78500
S08819,Can Tho National Stadium 8819,Can Tho,55000
S08820,Nam Dinh Park 8820,Nam Dinh,53500
S08821,Hanoi National Stadium 8821,Hanoi,22500
S08822,Hanoi Park 8822,Hanoi,54000
S08823,Binh Duong Sports Complex 8823,Binh Duong,46500
S08824,Hai Phong Park 8824,Hai Phong,16000
S08825,Binh Duong Arena 8825,Binh Duong,69500
S08826,Can Tho Arena 8826,Can Tho,21000
S08827,Ho Chi Minh City Park 8827,Ho Chi Minh City,54000
S08828,Hue Park 8828,Hue,34000
S08829,Nha Trang Arena 8829,Nha Trang,57500
S08830,Nha Trang Dome 8830,Nha Trang,33000
S08831,Binh Duong Park 8831,Binh Duong,34500
S08832,Nam Dinh Park 8832,Nam Dinh,62500
S08833,Quy Nhon Park 8833,Quy Nhon,39500
S08834,Quy Nhon Arena 8834,Quy Nhon,52000
S08835,Can Tho Dome 8835,Can Tho,36500
S08836,Nam Dinh Sports Complex 8836,Nam Dinh,64500
S08837,Binh Duong Arena 8837,Binh Duong,77000
S08838,Binh Duong National Stadium 8838,Binh Duong,70000
S08839,Nam Dinh National Stadium 8839,Nam Dinh,26500
S08840,Da Nang National Stadium 8840,Da Nang,44000
S08841,Nam Dinh Dome 8841,Nam Dinh,63000
S08842,Binh Duong Park 8842,Binh Duong,58500
S08843,Ho Chi Minh City Arena 8843,Ho Chi Minh City,34500
S08844,Binh Duong Park 8844,Binh Duong,27500
S08845,Nam Dinh Dome 8845,Nam Dinh,74000
S08846,Ho Chi Minh City Dome 8846,Ho Chi Minh City,16000
S08847,Can Tho Park 8847,Can Tho,49500
S08848,Nha Trang Sports Complex 8848,Nha Trang,75500
S08849,Can Tho National Stadium 8849,Can Tho,67000
S08850,Nha Trang Arena 8850,Nha Trang,43000
S08851,Quy Nhon Arena 8851,Quy Nhon,49500
S08852,Hue Park 8852,Hue,22000
S08853,Ho Chi Minh City Arena 8853,Ho Chi Minh City,62500
S08854,Hai Phong National Stadium 8854,Hai Phong,29000
S08855,Binh Duong Park 8855,Binh Duong,37500
S08856,Hue Park 8856,Hue,22500
S08857,Ho Chi Minh City Park 8857,Ho Chi Minh City,31000
S08858,Nam Dinh Dome 8858,Nam Dinh,69500
S08859,Binh Duong National Stadium 8859,Binh Duong,33000
S08860,Can Tho Park 8860,Can Tho,15500
S08861,Hanoi Park 8861,Hanoi,58000
S08862,Nam Dinh Arena 8862,Nam Dinh,69500
S08863,Ho Chi Minh City Dome 8863,Ho Chi Minh City,45500
S08864,Nam Dinh National Stadium 8864,Nam Dinh,39500
S08865,Can Tho Arena 8865,Can Tho,51500
S08866,Hue Dome 8866,Hue,53500
S08867,Hai Phong Arena 8867,Hai Phong,69000
S08868,Can Tho National Stadium 8868,Can Tho,56000
S08869,Can Tho Park 8869,Can Tho,50500
S08870,Hanoi Dome 8870,Hanoi,78000
S08871,Hanoi Sports Complex 8871,Hanoi,28000
S08872,Da Nang Dome 8872,Da Nang,16500
S08873,Ho Chi Minh City National Stadium 8873,Ho Chi Minh City,52500
S08874,Hai Phong Park 8874,Hai Phong,20000
S08875,Hanoi Arena 8875,Hanoi,78000
S08876,Binh Duong Arena 8876,Binh Duong,71000
S08877,Nam Dinh Dome 8877,Nam Dinh,35000
S08878,Da Nang Sports Complex 8878,Da Nang,38000
S08879,Ho Chi Minh City Arena 8879,Ho Chi Minh City,62500
S08880,Hue National Stadium 8880,Hue,52500
S08881,Hanoi Park 8881,Hanoi,36500
S08882,Binh Duong National Stadium 8882,Binh Duong,71000
S08883,Binh Duong National Stadium 8883,Binh Duong,18000
S08884,Nha Trang Sports Complex 8884,Nha Trang,19000
S08885,Da Nang Sports Complex 8885,Da Nang,29000
S08886,Quy Nhon Arena 8886,Quy Nhon,41000
S08887,Ho Chi Minh City Sports Complex 8887,Ho Chi Minh City,76000
S08888,Binh Duong Dome 8888,Binh Duong,28500
S08889,Hue Dome 8889,Hue,24000
S08890,Quy Nhon National Stadium 8890,Quy Nhon,29000
S08891,Can Tho Park 8891,Can Tho,62000
S08892,Nam Dinh Dome 8892,Nam Dinh,52000
S08893,Hai Phong Arena 8893,Hai Phong,38000
S08894,Hai Phong Park 8894,Hai Phong,19000
S08895,Hanoi Sports Complex 8895,Hanoi,50500
S08896,Can Tho Dome 8896,Can Tho,21000
S08897,Can Tho Sports Complex 8897,Can Tho,44500
S08898,Hai Phong National Stadium 8898,Hai Phong,57500
S08899,Can Tho Dome 8899,Can Tho,69000
S08900,Hue Arena 8900,Hue,53500
S08901,Quy Nhon Park 8901,Quy Nhon,27000
S08902,Can Tho Sports Complex 8902,Can Tho,67000
S08903,Ho Chi Minh City National Stadium 8903,Ho Chi Minh City,40000
S08904,Nha Trang Arena 8904,Nha Trang,40500
S08905,Nam Dinh National Stadium 8905,Nam Dinh,58500
S08906,Da Nang Park 8906,Da Nang,74500
S08907,Hai Phong Dome 8907,Hai Phong,47000
S08908,Da Nang Dome 8908,Da Nang,17000
S08909,Da Nang Park 8909,Da Nang,54000
S08910,Hue Dome 8910,Hue,42000
S08911,Hanoi Sports Complex 8911,Hanoi,75000
S08912,Hai Phong Sports Complex 8912,Hai Phong,26500
S08913,Binh Duong National Stadium 8913,Binh Duong,40000
S08914,Nha Trang Sports Complex 8914,Nha Trang,19500
S08915,Hue National Stadium 8915,Hue,17500
S08916,Ho Chi Minh City Park 8916,Ho Chi Minh City,60500
S08917,Quy Nhon Sports Complex 8917,Quy Nhon,56500
S08918,Hai Phong Sports Complex 8918,Hai Phong,50000
S08919,Nha Trang Dome 8919,Nha Trang,69500
S08920,Nha Trang National Stadium 8920,Nha Trang,79000
S08921,Can Tho National Stadium 8921,Can Tho,17500
S08922,Hai Phong Park 8922,Hai Phong,51000
S08923,Hanoi Arena 8923,Hanoi,47000
S08924,Hai Phong National Stadium 8924,Hai Phong,32500
S08925,Da Nang Dome 8925,Da Nang,42500
S08926,Hai Phong Dome 8926,Hai Phong,24000
S08927,Binh Duong National Stadium 8927,Binh Duong,32500
S08928,Nha Trang Sports Complex 8928,Nha Trang,44500
S08929,Ho Chi Minh City Park 8929,Ho Chi Minh City,64500
S08930,Nam Dinh Arena 8930,Nam Dinh,54000
S08931,Can Tho Arena 8931,Can Tho,75500
S08932,Hanoi Park 8932,Hanoi,42000
S08933,Nam Dinh National Stadium 8933,Nam Dinh,42500
S08934,Quy Nhon Dome 8934,Quy Nhon,32000
S08935,Nam Dinh National Stadium 8935,Nam Dinh,52500
S08936,Da Nang Arena 8936,Da Nang,48000
S08937,Binh Duong Sports Complex 8937,Binh Duong,76500
S08938,Nam Dinh Park 8938,Nam Dinh,45000
S08939,Nha Trang Sports Complex 8939,Nha Trang,64500
S08940,Can Tho National Stadium 8940,Can Tho,71000
S08941,Hai Phong Sports Complex 8941,Hai Phong,50000
S08942,Quy Nhon Arena 8942,Quy Nhon,70500
S08943,Quy Nhon National Stadium 8943,Quy Nhon,44500
S08944,Nha Trang Arena 8944,Nha Trang,16500
S08945,Hue Park 8945,Hue,78000
S08946,Binh Duong National Stadium 8946,Binh Duong,66500
S08947,Ho Chi Minh City Dome 8947,Ho Chi Minh City,70000
S08948,Nha Trang National Stadium 8948,Nha Trang,28500
S08949,Nha Trang Arena 8949,Nha Trang,53500
S08950,Binh Duong Park 8950,Binh Duong,74000
S08951,Ho Chi Minh City Park 8951,Ho Chi Minh City,47500
S08952,Hai Phong Park 8952,Hai Phong,46000
S08953,Quy Nhon Sports Complex 8953,Quy Nhon,78000
S08954,Binh Duong Arena 8954,Binh Duong,63000
S08955,Hai Phong Arena 8955,Hai Phong,41500
S08956,Nha Trang Dome 8956,Nha Trang,44500
S08957,Hanoi Sports Complex 8957,Hanoi,21000
S08958,Hai Phong National Stadium 8958,Hai Phong,54500
S08959,Hanoi Park 8959,Hanoi,75000
S08960,Ho Chi Minh City Sports Complex 8960,Ho Chi Minh City,27500
S08961,Binh Duong Dome 8961,Binh Duong,78500
S08962,Hanoi Arena 8962,Hanoi,50500
S08963,Da Nang Dome 8963,Da Nang,23500
S08964,Can Tho Sports Complex 8964,Can Tho,66500
S08965,Da Nang National Stadium 8965,Da Nang,75500
S08966,Nha Trang National Stadium 8966,Nha Trang,58000
S08967,Da Nang Arena 8967,Da Nang,73500
S08968,Ho Chi Minh City Park 8968,Ho Chi Minh City,17500
S08969,Can Tho Dome 8969,Can Tho,45500
S08970,Da Nang National Stadium 8970,Da Nang,32500
S08971,Nha Trang National Stadium 8971,Nha Trang,16500
S08972,Hanoi Dome 8972,Hanoi,60000
S08973,Nam Dinh Sports Complex 8973,Nam Dinh,21500
S08974,Nam Dinh Arena 8974,Nam Dinh,25500
S08975,Nha Trang Sports Complex 8975,Nha Trang,66000
S08976,Hai Phong Park 8976,Hai Phong,57000
S08977,Ho Chi Minh City National Stadium 8977,Ho Chi Minh City,55500
S08978,Quy Nhon Park 8978,Quy Nhon,35500
S08979,Ho Chi Minh City Arena 8979,Ho Chi Minh City,24500
S08980,Nha Trang Park 8980,Nha Trang,77500
S08981,Quy Nhon National Stadium 8981,Quy Nhon,53500
S08982,Binh Duong Dome 8982,Binh Duong,25000
S08983,Hue Sports Complex 8983,Hue,71500
S08984,Nam Dinh Dome 8984,Nam Dinh,28500
S08985,Da Nang Arena 8985,Da Nang,39500
S08986,Ho Chi Minh City Dome 8986,Ho Chi Minh City,70000
S08987,Nha Trang Arena 8987,Nha Trang,27000
S08988,Nha Trang National Stadium 8988,Nha Trang,32500
S08989,Hai Phong Arena 8989,Hai Phong,42500
S08990,Ho Chi Minh City National Stadium 8990,Ho Chi Minh City,50000
S08991,Nam Dinh National Stadium 8991,Nam Dinh,17500
S08992,Hai Phong Sports Complex 8992,Hai Phong,40000
S08993,Binh Duong Dome 8993,Binh Duong,21500
S08994,Hue Arena 8994,Hue,18500
S08995,Quy Nhon National Stadium 8995,Quy Nhon,25000
S08996,Binh Duong Dome 8996,Binh Duong,44500
S08997,Da Nang National Stadium 8997,Da Nang,76000
S08998,Da Nang National Stadium 8998,Da Nang,17000
S08999,Nam Dinh Sports Complex 8999,Nam Dinh,66000
S09000,Hai Phong Dome 9000,Hai Phong,73500
S09001,Hue Arena 9001,Hue,19500
S09002,Nam Dinh Sports Complex 9002,Nam Dinh,28000
S09003,Hue Park 9003,Hue,53000
S09004,Hanoi National Stadium 9004,Hanoi,37000
S09005,Quy Nhon Dome 9005,Quy Nhon,54500
S09006,Can Tho National Stadium 9006,Can Tho,19000
S09007,Ho Chi Minh City Dome 9007,Ho Chi Minh City,31000
S09008,Da Nang Sports Complex 9008,Da Nang,77500
S09009,Nam Dinh National Stadium 9009,Nam Dinh,16500
S09010,Quy Nhon Arena 9010,Quy Nhon,55500
S09011,Quy Nhon National Stadium 9011,Quy Nhon,27500
S09012,Hanoi Dome 9012,Hanoi,26000
S09013,Da Nang National Stadium 9013,Da Nang,22000
S09014,Hai Phong Park 9014,Hai Phong,68500
S09015,Hue Park 9015,Hue,17500
S09016,Binh Duong Dome 9016,Binh Duong,73000
S09017,Ho Chi Minh City Dome 9017,Ho Chi Minh City,47500
S09018,Da Nang Arena 9018,Da Nang,23000
S09019,Hanoi Sports Complex 9019,Hanoi,35500
S09020,Nha Trang Dome 9020,Nha Trang,67000
S09021,Ho Chi Minh City Dome 9021,Ho Chi Minh City,22500
S09022,Nam Dinh Arena 9022,Nam Dinh,51000
S09023,Ho Chi Minh City Dome 9023,Ho Chi Minh City,69500
S09024,Hanoi Dome 9024,Hanoi,32000
S09025,Nha Trang Arena 9025,Nha Trang,41500
S09026,Hanoi Arena 9026,Hanoi,69000
S09027,Hai Phong Sports Complex 9027,Hai Phong,34000
S09028,Da Nang Arena 9028,Da Nang,38500
S09029,Da Nang National Stadium 9029,Da Nang,57500
S09030,Hue National Stadium 9030,Hue,24500
S09031,Can Tho Arena 9031,Can Tho,29000
S09032,Nam Dinh Sports Complex 9032,Nam Dinh,64500
S09033,Ho Chi Minh City Arena 9033,Ho Chi Minh City,77500
S09034,Hanoi Park 9034,Hanoi,33000
S09035,Nha Trang Dome 9035,Nha Trang,67500
S09036,Quy Nhon Arena 9036,Quy Nhon,39500
S09037,Nam Dinh National Stadium 9037,Nam Dinh,28500
S09038,Da Nang Dome 9038,Da Nang,57000
S09039,Can Tho Sports Complex 9039,Can Tho,21000
S09040,Hai Phong Arena 9040,Hai Phong,46000
S09041,Hue National Stadium 9041,Hue,57500
S09042,Quy Nhon Park 9042,Quy Nhon,68500
S09043,Nha Trang Park 9043,Nha Trang,16500
S09044,Da Nang Sports Complex 9044,Da Nang,77000
S09045,Can Tho Sports Complex 9045,Can Tho,53500
S09046,Binh Duong Sports Complex 9046,Binh Duong,22500
S09047,Hue National Stadium 9047,Hue,23500
S09048,Ho Chi Minh City National Stadium 9048,Ho Chi Minh City,52500
S09049,Ho Chi Minh City Sports Complex 9049,Ho Chi Minh City,77500
S09050,Binh Duong Park 9050,Binh Duong,75500
S09051,Ho Chi Minh City Arena 9051,Ho Chi Minh City,68000
S09052,Hue Park 9052,Hue,72500
S09053,Hue Sports Complex 9053,Hue,63000
S09054,Nam Dinh Park 9054,Nam Dinh,73000
S09055,Hue Sports Complex 9055,Hue,46500
S09056,Binh Duong Dome 9056,Binh Duong,67000
S09057,Binh Duong Dome 9057,Binh Duong,23500
S09058,Hai Phong Dome 9058,Hai Phong,40000
S09059,Hanoi National Stadium 9059,Hanoi,48000
S09060,Binh Duong Sports Complex 9060,Binh Duong,35500
S09061,Quy Nhon Sports Complex 9061,Quy Nhon,16500
S09062,Binh Duong Arena 9062,Binh Duong,43500
S09063,Binh Duong National Stadium 9063,Binh Duong,79000
S09064,Nam Dinh National Stadium 9064,Nam Dinh,52500
S09065,Hanoi Dome 9065,Hanoi,34000
S09066,Nam Dinh Park 9066,Nam Dinh,23500
S09067,Ho Chi Minh City Dome 9067,Ho Chi Minh City,34500
S09068,Hanoi National Stadium 9068,Hanoi,41500
S09069,Nam Dinh Park 9069,Nam Dinh,76000
S09070,Hai Phong Dome 9070,Hai Phong,55000
S09071,Da Nang Arena 9071,Da Nang,66500
S09072,Can Tho Arena 9072,Can Tho,33500
S09073,Binh Duong Sports Complex 9073,Binh Duong,48500
S09074,Hue Sports Complex 9074,Hue,44500
S09075,Hanoi Park 9075,Hanoi,25500
S09076,Ho Chi Minh City Arena 9076,Ho Chi Minh City,52500
S09077,Binh Duong Dome 9077,Binh Duong,36000
S09078,Nha Trang Dome 9078,Nha Trang,27500
S09079,Da Nang National Stadium 9079,Da Nang,26000
S09080,Ho Chi Minh City Arena 9080,Ho Chi Minh City,28000
S09081,Quy Nhon Arena 9081,Quy Nhon,72000
S09082,Hanoi Sports Complex 9082,Hanoi,74000
S09083,Can Tho National Stadium 9083,Can Tho,72500
S09084,Hai Phong Arena 9084,Hai Phong,15000
S09085,Hanoi National Stadium 9085,Hanoi,16000
S09086,Binh Duong Park 9086,Binh Duong,39500
S09087,Hai Phong Sports Complex 9087,Hai Phong,63500
S09088,Hue Dome 9088,Hue,30500
S09089,Nam Dinh National Stadium 9089,Nam Dinh,55000
S09090,Hanoi National Stadium 9090,Hanoi,49000
S09091,Binh Duong Park 9091,Binh Duong,65500
S09092,Nam Dinh National Stadium 9092,Nam Dinh,23000
S09093,Nha Trang National Stadium 9093,Nha Trang,41500
S09094,Hanoi National Stadium 9094,Hanoi,53000
S09095,Ho Chi Minh City Dome 9095,Ho Chi Minh City,52000
S09096,Da Nang Arena 9096,Da Nang,24000
S09097,Quy Nhon Arena 9097,Quy Nhon,76000
S09098,Quy Nhon Park 9098,Quy Nhon,59000
S09099,Binh Duong Park 9099,Binh Duong,62500
S09100,Quy Nhon Park 9100,Quy Nhon,18000
S09101,Hue National Stadium 9101,Hue,50500
S09102,Can Tho Sports Complex 9102,Can Tho,50500
S09103,Ho Chi Minh City Park 9103,Ho Chi Minh City,43000
S09104,Quy Nhon Sports Complex 9104,Quy Nhon,40500
S09105,Hai Phong National Stadium 9105,Hai Phong,18500
S09106,Hanoi Park 9106,Hanoi,68500
S09107,Nam Dinh Park 9107,Nam Dinh,33000
S09108,Hai Phong Arena 9108,Hai Phong,43500
S09109,Ho Chi Minh City National Stadium 9109,Ho Chi Minh City,62500
S09110,Hai Phong Dome 9110,Hai Phong,20500
S09111,Ho Chi Minh City Park 9111,Ho Chi Minh City,73000
S09112,Ho Chi Minh City Sports Complex 9112,Ho Chi Minh City,21000
S09113,Nam Dinh Park 9113,Nam Dinh,57500
S09114,Can Tho Sports Complex 9114,Can Tho,36500
S09115,Binh Duong Arena 9115,Binh Duong,65000
S09116,Nam Dinh Sports Complex 9116,Nam Dinh,25000
S09117,Hanoi Arena 9117,Hanoi,56500
S09118,Nha Trang National Stadium 9118,Nha Trang,19500
S09119,Can Tho Arena 9119,Can Tho,36000
S09120,Hai Phong Sports Complex 9120,Hai Phong,42000
S09121,Hue National Stadium 9121,Hue,44500
S09122,Can Tho Dome 9122,Can Tho,77000
S09123,Nam Dinh Park 9123,Nam Dinh,54000
S09124,Nha Trang Sports Complex 9124,Nha Trang,53000
S09125,Nha Trang Dome 9125,Nha Trang,43500
S09126,Quy Nhon Arena 9126,Quy Nhon,62000
S09127,Hanoi National Stadium 9127,Hanoi,19000
S09128,Binh Duong Arena 9128,Binh Duong,32500
S09129,Hanoi Arena 9129,Hanoi,61500
S09130,Binh Duong National Stadium 9130,Binh Duong,60000
S09131,Binh Duong Arena 9131,Binh Duong,75500
S09132,Da Nang Arena 9132,Da Nang,48500
S09133,Quy Nhon Park 9133,Quy Nhon,75500
S09134,Nha Trang National Stadium 9134,Nha Trang,25000
S09135,Hue Arena 9135,Hue,17000
S09136,Binh Duong Sports Complex 9136,Binh Duong,48000
S09137,Ho Chi Minh City Dome 9137,Ho Chi Minh City,32000
S09138,Can Tho Arena 9138,Can Tho,45500
S09139,Hai Phong Sports Complex 9139,Hai Phong,57000
S09140,Hai Phong Dome 9140,Hai Phong,35500
S09141,Da Nang Arena 9141,Da Nang,37500
S09142,Quy Nhon National Stadium 9142,Quy Nhon,15500
S09143,Nha Trang National Stadium 9143,Nha Trang,25500
S09144,Nam Dinh National Stadium 9144,Nam Dinh,65500
S09145,Binh Duong Arena 9145,Binh Duong,51000
S09146,Can Tho National Stadium 9146,Can Tho,51000
S09147,Ho Chi Minh City Dome 9147,Ho Chi Minh City,76500
S09148,Ho Chi Minh City Arena 9148,Ho Chi Minh City,66500
S09149,Can Tho Sports Complex 9149,Can Tho,52000
S09150,Hanoi Sports Complex 9150,Hanoi,58500
S09151,Hue National Stadium 9151,Hue,73000
S09152,Hanoi National Stadium 9152,Hanoi,45500
S09153,Nam Dinh Arena 9153,Nam Dinh,29500
S09154,Hanoi Sports Complex 9154,Hanoi,43000
S09155,Hue National Stadium 9155,Hue,18500
S09156,Ho Chi Minh City Arena 9156,Ho Chi Minh City,52000
S09157,Hai Phong Park 9157,Hai Phong,24500
S09158,Quy Nhon National Stadium 9158,Quy Nhon,17000
S09159,Ho Chi Minh City Arena 9159,Ho Chi Minh City,28000
S09160,Da Nang Park 9160,Da Nang,63000
S09161,Hue National Stadium 9161,Hue,38000
S09162,Ho Chi Minh City Arena 9162,Ho Chi Minh City,17000
S09163,Nha Trang Park 9163,Nha Trang,62000
S09164,Can Tho National Stadium 9164,Can Tho,47500
S09165,Hue Dome 9165,Hue,64000
S09166,Can Tho Arena 9166,Can Tho,77500
S09167,Nha Trang Sports Complex 9167,Nha Trang,40000
S09168,Hanoi Sports Complex 9168,Hanoi,58000
S09169,Da Nang Arena 9169,Da Nang,79000
S09170,Quy Nhon Dome 9170,Quy Nhon,79500
S09171,Hai Phong Sports Complex 9171,Hai Phong,40000
S09172,Hanoi National Stadium 9172,Hanoi,56000
S09173,Ho Chi Minh City Sports Complex 9173,Ho Chi Minh City,30500
S09174,Hanoi Sports Complex 9174,Hanoi,47500
S09175,Hai Phong Sports Complex 9175,Hai Phong,47000
S09176,Da Nang Sports Complex 9176,Da Nang,30500
S09177,Can Tho Park 9177,Can Tho,78000
S09178,Hue National Stadium 9178,Hue,47000
S09179,Hue Park 9179,Hue,26000
S09180,Da Nang Sports Complex 9180,Da Nang,64500
S09181,Ho Chi Minh City Arena 9181,Ho Chi Minh City,69000
S09182,Quy Nhon Arena 9182,Quy Nhon,41000
S09183,Quy Nhon National Stadium 9183,Quy Nhon,48500
S09184,Hue Dome 9184,Hue,61000
S09185,Hue Sports Complex 9185,Hue,76000
S09186,Hue Arena 9186,Hue,71000
S09187,Da Nang Sports Complex 9187,Da Nang,79500
S09188,Ho Chi Minh City Park 9188,Ho Chi Minh City,72500
S09189,Quy Nhon Dome 9189,Quy Nhon,71000
S09190,Binh Duong Dome 9190,Binh Duong,48500
S09191,Nha Trang Park 9191,Nha Trang,34000
S09192,Quy Nhon Dome 9192,Quy Nhon,69500
S09193,Ho Chi Minh City Arena 9193,Ho Chi Minh City,53000
S09194,Hanoi Arena 9194,Hanoi,38500
S09195,Hanoi National Stadium 9195,Hanoi,42000
S09196,Ho Chi Minh City Park 9196,Ho Chi Minh City,35000
S09197,Binh Duong Park 9197,Binh Duong,46500
S09198,Nha Trang Arena 9198,Nha Trang,23000
S09199,Hai Phong Sports Complex 9199,Hai Phong,71500
S09200,Nha Trang Arena 9200,Nha Trang,35000
S09201,Hanoi Sports Complex 9201,Hanoi,62500
S09202,Hue Dome 9202,Hue,51000
S09203,Da Nang National Stadium 9203,Da Nang,25000
S09204,Ho Chi Minh City Sports Complex 9204,Ho Chi Minh City,67000
S09205,Hue Sports Complex 9205,Hue,54500
S09206,Can Tho Arena 9206,Can Tho,38500
S09207,Nha Trang Park 9207,Nha Trang,66500
S09208,Da Nang National Stadium 9208,Da Nang,78500
S09209,Hue Sports Complex 9209,Hue,67500
S09210,Nha Trang National Stadium 9210,Nha Trang,65000
S09211,Ho Chi Minh City National Stadium 9211,Ho Chi Minh City,59000
S09212,Nam Dinh Dome 9212,Nam Dinh,65500
S09213,Hai Phong Park 9213,Hai Phong,51000
S09214,Ho Chi Minh City Park 9214,Ho Chi Minh City,24500
S09215,Quy Nhon Arena 9215,Quy Nhon,15000
S09216,Hue Arena 9216,Hue,35000
S09217,Hai Phong Sports Complex 9217,Hai Phong,59500
S09218,Nam Dinh Sports Complex 9218,Nam Dinh,48000
S09219,Binh Duong Arena 9219,Binh Duong,62500
S09220,Ho Chi Minh City Park 9220,Ho Chi Minh City,49000
S09221,Nha Trang Park 9221,Nha Trang,67500
S09222,Hue Park 9222,Hue,16500
S09223,Hue Dome 9223,Hue,32000
S09224,Hanoi Sports Complex 9224,Hanoi,70500
S09225,Ho Chi Minh City National Stadium 9225,Ho Chi Minh City,18000
S09226,Da Nang National Stadium 9226,Da Nang,25500
S09227,Can Tho Sports Complex 9227,Can Tho,28000
S09228,Nha Trang National Stadium 9228,Nha Trang,67500
S09229,Da Nang Arena 9229,Da Nang,71500
S09230,Hanoi National Stadium 9230,Hanoi,61500
S09231,Hue National Stadium 9231,Hue,35500
S09232,Nam Dinh Park 9232,Nam Dinh,43000
S09233,Hanoi Arena 9233,Hanoi,47500
S09234,Da Nang National Stadium 9234,Da Nang,62000
S09235,Binh Duong Dome 9235,Binh Duong,18500
S09236,Hanoi Arena 9236,Hanoi,25500
S09237,Hanoi Arena 9237,Hanoi,22000
S09238,Nam Dinh Dome 9238,Nam Dinh,51000
S09239,Nam Dinh Park 9239,Nam Dinh,54500
S09240,Hanoi National Stadium 9240,Hanoi,21000
S09241,Nha Trang National Stadium 9241,Nha Trang,76500
S09242,Hanoi Arena 9242,Hanoi,34500
S09243,Quy Nhon National Stadium 9243,Quy Nhon,31000
S09244,Ho Chi Minh City Dome 9244,Ho Chi Minh City,64000
S09245,Ho Chi Minh City Park 9245,Ho Chi Minh City,69000
S09246,Quy Nhon Park 9246,Quy Nhon,42000
S09247,Hanoi National Stadium 9247,Hanoi,73000
S09248,Hue Arena 9248,Hue,65000
S09249,Can Tho Park 9249,Can Tho,79000
S09250,Hanoi Park 9250,Hanoi,32000
S09251,Ho Chi Minh City Park 9251,Ho Chi Minh City,57500
S09252,Nha Trang Dome 9252,Nha Trang,69000
S09253,Binh Duong Sports Complex 9253,Binh Duong,72000
S09254,Can Tho National Stadium 9254,Can Tho,56000
S09255,Ho Chi Minh City National Stadium 9255,Ho Chi Minh City,28500
S09256,Quy Nhon Sports Complex 9256,Quy Nhon,29500
S09257,Can Tho Park 9257,Can Tho,26000
S09258,Ho Chi Minh City National Stadium 9258,Ho Chi Minh City,46000
S09259,Da Nang Park 9259,Da Nang,49500
S09260,Quy Nhon Park 9260,Quy Nhon,64000
S09261,Hanoi Dome 9261,Hanoi,24000
S09262,Quy Nhon Park 9262,Quy Nhon,65000
S09263,Hanoi Arena 9263,Hanoi,45500
S09264,Ho Chi Minh City Dome 9264,Ho Chi Minh City,22000
S09265,Hue National Stadium 9265,Hue,51000
S09266,Binh Duong National Stadium 9266,Binh Duong,66000
S09267,Nam Dinh Dome 9267,Nam Dinh,79000
S09268,Da Nang Arena 9268,Da Nang,73500
S09269,Hai Phong Park 9269,Hai Phong,72500
S09270,Nam Dinh Dome 9270,Nam Dinh,31500
S09271,Quy Nhon Dome 9271,Quy Nhon,66000
S09272,Ho Chi Minh City Park 9272,Ho Chi Minh City,28000
S09273,Quy Nhon Sports Complex 9273,Quy Nhon,70000
S09274,Hai Phong National Stadium 9274,Hai Phong,44500
S09275,Hue Park 9275,Hue,71500
S09276,Ho Chi Minh City National Stadium 9276,Ho Chi Minh City,27000
S09277,Nha Trang Park 9277,Nha Trang,16000
S09278,Binh Duong Sports Complex 9278,Binh Duong,66500
S09279,Can Tho Dome 9279,Can Tho,72000
S09280,Binh Duong National Stadium 9280,Binh Duong,16000
S09281,Da Nang Sports Complex 9281,Da Nang,59000
S09282,Nha Trang Arena 9282,Nha Trang,67500
S09283,Da Nang Arena 9283,Da Nang,72500
S09284,Hue Arena 9284,Hue,25500
S09285,Ho Chi Minh City Dome 9285,Ho Chi Minh City,53500
S09286,Hanoi Dome 9286,Hanoi,54500
S09287,Hue Park 9287,Hue,38000
S09288,Quy Nhon Sports Complex 9288,Quy Nhon,41000
S09289,Quy Nhon National Stadium 9289,Quy Nhon,40500
S09290,Quy Nhon Sports Complex 9290,Quy Nhon,19500
S09291,Hue Park 9291,Hue,60000
S09292,Ho Chi Minh City Arena 9292,Ho Chi Minh City,53000
S09293,Can Tho Arena 9293,Can Tho,21000
S09294,Can Tho National Stadium 9294,Can Tho,63000
S09295,Ho Chi Minh City Dome 9295,Ho Chi Minh City,73500
S09296,Nha Trang Arena 9296,Nha Trang,40500
S09297,Ho Chi Minh City National Stadium 9297,Ho Chi Minh City,46500
S09298,Hanoi Arena 9298,Hanoi,28000
S09299,Can Tho National Stadium 9299,Can Tho,79000
S09300,Binh Duong Sports Complex 9300,Binh Duong,73500
S09301,Da Nang Sports Complex 9301,Da Nang,70500
S09302,Hai Phong National Stadium 9302,Hai Phong,55500
S09303,Binh Duong Arena 9303,Binh Duong,53000
S09304,Da Nang Sports Complex 9304,Da Nang,50500
S09305,Nha Trang Park 9305,Nha Trang,19500
S09306,Hai Phong National Stadium 9306,Hai Phong,15500
S09307,Nha Trang National Stadium 9307,Nha Trang,63500
S09308,Hue Park 9308,Hue,68000
S09309,Ho Chi Minh City National Stadium 9309,Ho Chi Minh City,35500
S09310,Hai Phong National Stadium 9310,Hai Phong,24500
S09311,Ho Chi Minh City Sports Complex 9311,Ho Chi Minh City,74500
S09312,Ho Chi Minh City Dome 9312,Ho Chi Minh City,46000
S09313,Can Tho Park 9313,Can Tho,80000
S09314,Hue Sports Complex 9314,Hue,41500
S09315,Hai Phong Arena 9315,Hai Phong,59000
S09316,Nam Dinh Sports Complex 9316,Nam Dinh,30000
S09317,Nha Trang Park 9317,Nha Trang,21000
S09318,Ho Chi Minh City National Stadium 9318,Ho Chi Minh City,36500
S09319,Hanoi National Stadium 9319,Hanoi,72500
S09320,Nha Trang Dome 9320,Nha Trang,42500
S09321,Nha Trang Arena 9321,Nha Trang,47000
S09322,Binh Duong Park 9322,Binh Duong,66500
S09323,Hue National Stadium 9323,Hue,36000
S09324,Quy Nhon Arena 9324,Quy Nhon,51000
S09325,Can Tho Sports Complex 9325,Can Tho,64000
S09326,Ho Chi Minh City Arena 9326,Ho Chi Minh City,51000
S09327,Ho Chi Minh City Dome 9327,Ho Chi Minh City,74500
S09328,Quy Nhon Sports Complex 9328,Quy Nhon,68000
S09329,Ho Chi Minh City Arena 9329,Ho Chi Minh City,30500
S09330,Nam Dinh Sports Complex 9330,Nam Dinh,65000
S09331,Nam Dinh Dome 9331,Nam Dinh,48000
S09332,Ho Chi Minh City Sports Complex 9332,Ho Chi Minh City,38500
S09333,Nha Trang Arena 9333,Nha Trang,39500
S09334,Hanoi Park 9334,Hanoi,45500
S09335,Da Nang Arena 9335,Da Nang,63000
S09336,Hue National Stadium 9336,Hue,25000
S09337,Nha Trang Sports Complex 9337,Nha Trang,43500
S09338,Can Tho Sports Complex 9338,Can Tho,42500
S09339,Quy Nhon Dome 9339,Quy Nhon,24500
S09340,Hanoi Sports Complex 9340,Hanoi,19000
S09341,Quy Nhon National Stadium 9341,Quy Nhon,17000
S09342,Quy Nhon Arena 9342,Quy Nhon,19000
S09343,Binh Duong Dome 9343,Binh Duong,23000
S09344,Can Tho Dome 9344,Can Tho,68000
S09345,Nha Trang Dome 9345,Nha Trang,50000
S09346,Hai Phong Dome 9346,Hai Phong,58500
S09347,Hanoi Arena 9347,Hanoi,21500
S09348,Quy Nhon Sports Complex 9348,Quy Nhon,35000
S09349,Hai Phong Park 9349,Hai Phong,16000
S09350,Da Nang Dome 9350,Da Nang,34500
S09351,Ho Chi Minh City Sports Complex 9351,Ho Chi Minh City,48000
S09352,Can Tho Dome 9352,Can Tho,59000
S09353,Da Nang Dome 9353,Da Nang,18500
S09354,Da Nang Park 9354,Da Nang,26500
S09355,Can Tho Sports Complex 9355,Can Tho,65500
S09356,Hue Park 9356,Hue,41500
S09357,Da Nang Dome 9357,Da Nang,27000
S09358,Binh Duong Park 9358,Binh Duong,69500
S09359,Nha Trang National Stadium 9359,Nha Trang,44500
S09360,Hue Dome 9360,Hue,31500
S09361,Da Nang National Stadium 9361,Da Nang,44000
S09362,Hue Arena 9362,Hue,24500
S09363,Quy Nhon National Stadium 9363,Quy Nhon,71500
S09364,Hai Phong Sports Complex 9364,Hai Phong,28500
S09365,Binh Duong Dome 9365,Binh Duong,46000
S09366,Hue Arena 9366,Hue,38500
S09367,Nam Dinh Arena 9367,Nam Dinh,29500
S09368,Binh Duong Dome 9368,Binh Duong,62500
S09369,Binh Duong Dome 9369,Binh Duong,55000
S09370,Hanoi Dome 9370,Hanoi,73500
S09371,Hanoi Sports Complex 9371,Hanoi,49000
S09372,Binh Duong Dome 9372,Binh Duong,54000
S09373,Hai Phong Arena 9373,Hai Phong,19000
S09374,Can Tho Sports Complex 9374,Can Tho,66000
S09375,Hai Phong Sports Complex 9375,Hai Phong,15500
S09376,Can Tho National Stadium 9376,Can Tho,60000
S09377,Binh Duong Park 9377,Binh Duong,65500
S09378,Da Nang Dome 9378,Da Nang,28000
S09379,Nam Dinh Dome 9379,Nam Dinh,63500
S09380,Ho Chi Minh City Sports Complex 9380,Ho Chi Minh City,54000
S09381,Quy Nhon Dome 9381,Quy Nhon,77500
S09382,Nha Trang National Stadium 9382,Nha Trang,35500
S09383,Hai Phong Sports Complex 9383,Hai Phong,42000
S09384,Quy Nhon National Stadium 9384,Quy Nhon,63500
S09385,Quy Nhon Park 9385,Quy Nhon,54000
S09386,Quy Nhon Dome 9386,Quy Nhon,61500
S09387,Can Tho Sports Complex 9387,Can Tho,31500
S09388,Da Nang Dome 9388,Da Nang,70500
S09389,Ho Chi Minh City Park 9389,Ho Chi Minh City,61000
S09390,Hanoi Arena 9390,Hanoi,69500
S09391,Binh Duong Sports Complex 9391,Binh Duong,24500
S09392,Da Nang Dome 9392,Da Nang,29000
S09393,Hue Arena 9393,Hue,45000
S09394,Hai Phong Arena 9394,Hai Phong,19000
S09395,Da Nang Arena 9395,Da Nang,77000
S09396,Da Nang Dome 9396,Da Nang,22000
S09397,Ho Chi Minh City National Stadium 9397,Ho Chi Minh City,70000
S09398,Quy Nhon Sports Complex 9398,Quy Nhon,57500
S09399,Quy Nhon Dome 9399,Quy Nhon,55000
S09400,Ho Chi Minh City Dome 9400,Ho Chi Minh City,22000
S09401,Hue Arena 9401,Hue,18500
S09402,Nha Trang Arena 9402,Nha Trang,55500
S09403,Binh Duong Sports Complex 9403,Binh Duong,22500
S09404,Nha Trang Sports Complex 9404,Nha Trang,70000
S09405,Binh Duong Dome 9405,Binh Duong,53000
S09406,Binh Duong Arena 9406,Binh Duong,17000
S09407,Can Tho Arena 9407,Can Tho,76500
S09408,Ho Chi Minh City Dome 9408,Ho Chi Minh City,77500
S09409,Nam Dinh National Stadium 9409,Nam Dinh,28500
S09410,Nam Dinh Arena 9410,Nam Dinh,27500
S09411,Hanoi Arena 9411,Hanoi,64000
S09412,Hue Park 9412,Hue,67000
S09413,Binh Duong National Stadium 9413,Binh Duong,21500
S09414,Nha Trang Arena 9414,Nha Trang,59500
S09415,Hue Sports Complex 9415,Hue,47500
S09416,Ho Chi Minh City National Stadium 9416,Ho Chi Minh City,42500
S09417,Binh Duong National Stadium 9417,Binh Duong,72000
S09418,Ho Chi Minh City Dome 9418,Ho Chi Minh City,45500
S09419,Hanoi Arena 9419,Hanoi,68000
S09420,Ho Chi Minh City Dome 9420,Ho Chi Minh City,75500
S09421,Hai Phong Dome 9421,Hai Phong,73000
S09422,Hanoi Sports Complex 9422,Hanoi,60000
S09423,Hanoi National Stadium 9423,Hanoi,34000
S09424,Nam Dinh Arena 9424,Nam Dinh,28500
S09425,Da Nang Dome 9425,Da Nang,69500
S09426,Quy Nhon Arena 9426,Quy Nhon,31500
S09427,Nha Trang Dome 9427,Nha Trang,53000
S09428,Hai Phong National Stadium 9428,Hai Phong,71500
S09429,Quy Nhon Arena 9429,Quy Nhon,52000
S09430,Nha Trang Dome 9430,Nha Trang,43500
S09431,Hai Phong Park 9431,Hai Phong,15500
S09432,Binh Duong Arena 9432,Binh Duong,78000
S09433,Nam Dinh National Stadium 9433,Nam Dinh,63500
S09434,Hue Sports Complex 9434,Hue,32000
S09435,Hanoi Arena 9435,Hanoi,72500
S09436,Can Tho Park 9436,Can Tho,62500
S09437,Nam Dinh Park 9437,Nam Dinh,36500
S09438,Ho Chi Minh City Park 9438,Ho Chi Minh City,29500
S09439,Nam Dinh Arena 9439,Nam Dinh,23500
S09440,Quy Nhon Arena 9440,Quy Nhon,80000
S09441,Quy Nhon Arena 9441,Quy Nhon,50500
S09442,Ho Chi Minh City Arena 9442,Ho Chi Minh City,73500
S09443,Nam Dinh National Stadium 9443,Nam Dinh,69000
S09444,Hue Arena 9444,Hue,38000
S09445,Hanoi Sports Complex 9445,Hanoi,79000
S09446,Nam Dinh Dome 9446,Nam Dinh,19000
S09447,Da Nang Dome 9447,Da Nang,62000
S09448,Hue Dome 9448,Hue,41000
S09449,Can Tho Arena 9449,Can Tho,44500
S09450,Da Nang Park 9450,Da Nang,57000
S09451,Nha Trang Sports Complex 9451,Nha Trang,79000
S09452,Hai Phong Park 9452,Hai Phong,47000
S09453,Nha Trang Park 9453,Nha Trang,64000
S09454,Nam Dinh Sports Complex 9454,Nam Dinh,16500
S09455,Quy Nhon National Stadium 9455,Quy Nhon,48000
S09456,Binh Duong Dome 9456,Binh Duong,34500
S09457,Hanoi Dome 9457,Hanoi,64000
S09458,Quy Nhon Sports Complex 9458,Quy Nhon,64500
S09459,Hue National Stadium 9459,Hue,26000
S09460,Hanoi Park 9460,Hanoi,15500
S09461,Ho Chi Minh City Park 9461,Ho Chi Minh City,78000
S09462,Da Nang Park 9462,Da Nang,18000
S09463,Da Nang Arena 9463,Da Nang,65500
S09464,Ho Chi Minh City Sports Complex 9464,Ho Chi Minh City,66000
S09465,Nha Trang Arena 9465,Nha Trang,55500
S09466,Hanoi Sports Complex 9466,Hanoi,32000
S09467,Binh Duong Park 9467,Binh Duong,75000
S09468,Hanoi Park 9468,Hanoi,30000
S09469,Da Nang Arena 9469,Da Nang,38000
S09470,Hai Phong Arena 9470,Hai Phong,28500
S09471,Da Nang National Stadium 9471,Da Nang,77500
S09472,Da Nang Arena 9472,Da Nang,38500
S09473,Ho Chi Minh City National Stadium 9473,Ho Chi Minh City,25000
S09474,Can Tho Sports Complex 9474,Can Tho,37500
S09475,Hanoi National Stadium 9475,Hanoi,55500
S09476,Hai Phong Sports Complex 9476,Hai Phong,33500
S09477,Can Tho National Stadium 9477,Can Tho,30000
S09478,Hue Park 9478,Hue,48000
S09479,Binh Duong Park 9479,Binh Duong,33500
S09480,Hai Phong Park 9480,Hai Phong,27500
S09481,Hai Phong Arena 9481,Hai Phong,72500
S09482,Da Nang Sports Complex 9482,Da Nang,70500
S09483,Hai Phong Dome 9483,Hai Phong,75000
S09484,Da Nang Park 9484,Da Nang,43000
S09485,Da Nang National Stadium 9485,Da Nang,68000
S09486,Binh Duong National Stadium 9486,Binh Duong,37500
S09487,Nam Dinh Park 9487,Nam Dinh,57500
S09488,Hai Phong National Stadium 9488,Hai Phong,23500
S09489,Nha Trang Sports Complex 9489,Nha Trang,21000
S09490,Da Nang Park 9490,Da Nang,19000
S09491,Quy Nhon Sports Complex 9491,Quy Nhon,64000
S09492,Nam Dinh Dome 9492,Nam Dinh,35500
S09493,Nam Dinh Park 9493,Nam Dinh,55500
S09494,Da Nang National Stadium 9494,Da Nang,22500
S09495,Da Nang Arena 9495,Da Nang,78500
S09496,Quy Nhon Dome 9496,Quy Nhon,28000
S09497,Ho Chi Minh City Dome 9497,Ho Chi Minh City,45000
S09498,Nha Trang Park 9498,Nha Trang,39500
S09499,Nha Trang Arena 9499,Nha Trang,19500
S09500,Hanoi Dome 9500,Hanoi,27000
S09501,Nam Dinh Sports Complex 9501,Nam Dinh,57000
S09502,Ho Chi Minh City Park 9502,Ho Chi Minh City,28500
S09503,Quy Nhon Sports Complex 9503,Quy Nhon,56000
S09504,Ho Chi Minh City Park 9504,Ho Chi Minh City,23500
S09505,Da Nang Dome 9505,Da Nang,44500
S09506,Ho Chi Minh City Arena 9506,Ho Chi Minh City,21500
S09507,Quy Nhon Sports Complex 9507,Quy Nhon,30000
S09508,Hue Arena 9508,Hue,77000
S09509,Hue Sports Complex 9509,Hue,46000
S09510,Can Tho Arena 9510,Can Tho,59000
S09511,Binh Duong Dome 9511,Binh Duong,31500
S09512,Hue National Stadium 9512,Hue,74000
S09513,Da Nang National Stadium 9513,Da Nang,73500
S09514,Nam Dinh Dome 9514,Nam Dinh,23000
S09515,Quy Nhon Arena 9515,Quy Nhon,16500
S09516,Hanoi Park 9516,Hanoi,54000
S09517,Da Nang Park 9517,Da Nang,74000
S09518,Nha Trang Sports Complex 9518,Nha Trang,72500
S09519,Da Nang Sports Complex 9519,Da Nang,19000
S09520,Hai Phong Arena 9520,Hai Phong,61000
S09521,Ho Chi Minh City National Stadium 9521,Ho Chi Minh City,38000
S09522,Hai Phong Sports Complex 9522,Hai Phong,38000
S09523,Hanoi Sports Complex 9523,Hanoi,21000
S09524,Nha Trang Arena 9524,Nha Trang,62000
S09525,Da Nang National Stadium 9525,Da Nang,53000
S09526,Ho Chi Minh City Sports Complex 9526,Ho Chi Minh City,30500
S09527,Hanoi Park 9527,Hanoi,71000
S09528,Quy Nhon Dome 9528,Quy Nhon,75000
S09529,Nam Dinh Dome 9529,Nam Dinh,57000
S09530,Da Nang Sports Complex 9530,Da Nang,45500
S09531,Nam Dinh Arena 9531,Nam Dinh,39500
S09532,Nha Trang Arena 9532,Nha Trang,25000
S09533,Ho Chi Minh City Park 9533,Ho Chi Minh City,50500
S09534,Hai Phong Sports Complex 9534,Hai Phong,56000
S09535,Can Tho Park 9535,Can Tho,67000
S09536,Ho Chi Minh City Park 9536,Ho Chi Minh City,27000
S09537,Hanoi Sports Complex 9537,Hanoi,65500
S09538,Binh Duong Dome 9538,Binh Duong,47500
S09539,Hanoi Dome 9539,Hanoi,47500
S09540,Hue Park 9540,Hue,28000
S09541,Hai Phong Arena 9541,Hai Phong,64500
S09542,Da Nang Park 9542,Da Nang,53500
S09543,Binh Duong Dome 9543,Binh Duong,38000
S09544,Ho Chi Minh City Sports Complex 9544,Ho Chi Minh City,72000
S09545,Nam Dinh National Stadium 9545,Nam Dinh,26000
S09546,Can Tho Dome 9546,Can Tho,62000
S09547,Binh Duong Sports Complex 9547,Binh Duong,78000
S09548,Hue Sports Complex 9548,Hue,19000
S09549,Binh Duong Sports Complex 9549,Binh Duong,56500
S09550,Binh Duong Sports Complex 9550,Binh Duong,63000
S09551,Binh Duong Park 9551,Binh Duong,27500
S09552,Binh Duong Arena 9552,Binh Duong,78500
S09553,Can Tho Dome 9553,Can Tho,61500
S09554,Quy Nhon Arena 9554,Quy Nhon,41500
S09555,Da Nang National Stadium 9555,Da Nang,63500
S09556,Binh Duong Sports Complex 9556,Binh Duong,41000
S09557,Quy Nhon Arena 9557,Quy Nhon,58000
S09558,Nam Dinh Arena 9558,Nam Dinh,39000
S09559,Nha Trang Arena 9559,Nha Trang,71500
S09560,Can Tho Sports Complex 9560,Can Tho,20500
S09561,Nam Dinh Dome 9561,Nam Dinh,26000
S09562,Binh Duong Arena 9562,Binh Duong,26500
S09563,Da Nang Sports Complex 9563,Da Nang,15500
S09564,Ho Chi Minh City Park 9564,Ho Chi Minh City,27000
S09565,Can Tho Dome 9565,Can Tho,26000
S09566,Nha Trang Dome 9566,Nha Trang,26500
S09567,Binh Duong Dome 9567,Binh Duong,27500
S09568,Nam Dinh Sports Complex 9568,Nam Dinh,72500
S09569,Da Nang National Stadium 9569,Da Nang,21000
S09570,Da Nang Arena 9570,Da Nang,31000
S09571,Nha Trang National Stadium 9571,Nha Trang,34000
S09572,Nam Dinh Park 9572,Nam Dinh,26500
S09573,Nam Dinh National Stadium 9573,Nam Dinh,66500
S09574,Hanoi Park 9574,Hanoi,61000
S09575,Hue Dome 9575,Hue,26000
S09576,Quy Nhon National Stadium 9576,Quy Nhon,24000
S09577,Hue Dome 9577,Hue,15000
S09578,Nha Trang Sports Complex 9578,Nha Trang,69500
S09579,Hanoi Park 9579,Hanoi,38500
S09580,Hue Arena 9580,Hue,27000
S09581,Ho Chi Minh City Dome 9581,Ho Chi Minh City,70000
S09582,Nha Trang National Stadium 9582,Nha Trang,16000
S09583,Hai Phong Park 9583,Hai Phong,20000
S09584,Hanoi National Stadium 9584,Hanoi,52500
S09585,Hai Phong Arena 9585,Hai Phong,39500
S09586,Hai Phong Park 9586,Hai Phong,55500
S09587,Da Nang Arena 9587,Da Nang,25500
S09588,Nha Trang Dome 9588,Nha Trang,21000
S09589,Ho Chi Minh City Park 9589,Ho Chi Minh City,29500
S09590,Hue National Stadium 9590,Hue,60500
S09591,Hanoi Dome 9591,Hanoi,78000
S09592,Hanoi Park 9592,Hanoi,24500
S09593,Quy Nhon Dome 9593,Quy Nhon,58000
S09594,Hanoi Sports Complex 9594,Hanoi,41000
S09595,Nha Trang Dome 9595,Nha Trang,22500
S09596,Hue National Stadium 9596,Hue,46000
S09597,Hue Arena 9597,Hue,40500
S09598,Nha Trang Arena 9598,Nha Trang,61500
S09599,Binh Duong Sports Complex 9599,Binh Duong,15500
S09600,Hanoi Park 9600,Hanoi,36500
S09601,Hai Phong Dome 9601,Hai Phong,26500
S09602,Hai Phong Sports Complex 9602,Hai Phong,43000
S09603,Ho Chi Minh City Dome 9603,Ho Chi Minh City,69000
S09604,Hue Arena 9604,Hue,71000
S09605,Hai Phong National Stadium 9605,Hai Phong,28500
S09606,Hai Phong Dome 9606,Hai Phong,22500
S09607,Hanoi Park 9607,Hanoi,32000
S09608,Nha Trang National Stadium 9608,Nha Trang,78000
S09609,Hue Sports Complex 9609,Hue,24000
S09610,Hai Phong National Stadium 9610,Hai Phong,40500
S09611,Can Tho Sports Complex 9611,Can Tho,74000
S09612,Nha Trang National Stadium 9612,Nha Trang,75000
S09613,Hai Phong Dome 9613,Hai Phong,26500
S09614,Quy Nhon Dome 9614,Quy Nhon,58000
S09615,Hue Park 9615,Hue,38500
S09616,Quy Nhon Dome 9616,Quy Nhon,73500
S09617,Hanoi Dome 9617,Hanoi,71500
S09618,Hai Phong Sports Complex 9618,Hai Phong,54500
S09619,Nha Trang Arena 9619,Nha Trang,56000
S09620,Hanoi Sports Complex 9620,Hanoi,72500
S09621,Hue National Stadium 9621,Hue,46000
S09622,Can Tho Sports Complex 9622,Can Tho,21500
S09623,Binh Duong Park 9623,Binh Duong,44000
S09624,Hanoi National Stadium 9624,Hanoi,70000
S09625,Quy Nhon Park 9625,Quy Nhon,55500
S09626,Nam Dinh Arena 9626,Nam Dinh,26500
S09627,Nha Trang Arena 9627,Nha Trang,17500
S09628,Da Nang Sports Complex 9628,Da Nang,51500
S09629,Hai Phong Dome 9629,Hai Phong,35000
S09630,Nha Trang Sports Complex 9630,Nha Trang,20000
S09631,Quy Nhon Arena 9631,Quy Nhon,29500
S09632,Nha Trang Sports Complex 9632,Nha Trang,43000
S09633,Can Tho Arena 9633,Can Tho,48000
S09634,Hue Park 9634,Hue,31500
S09635,Quy Nhon Park 9635,Quy Nhon,65000
S09636,Hanoi Arena 9636,Hanoi,38500
S09637,Nha Trang Park 9637,Nha Trang,39000
S09638,Hai Phong Dome 9638,Hai Phong,70000
S09639,Da Nang Dome 9639,Da Nang,51500
S09640,Nam Dinh National Stadium 9640,Nam Dinh,33500
S09641,Quy Nhon Arena 9641,Quy Nhon,28000
S09642,Binh Duong Dome 9642,Binh Duong,63000
S09643,Nha Trang National Stadium 9643,Nha Trang,58000
S09644,Hanoi National Stadium 9644,Hanoi,54000
S09645,Can Tho Arena 9645,Can Tho,48000
S09646,Can Tho Sports Complex 9646,Can Tho,46500
S09647,Nha Trang Arena 9647,Nha Trang,21000
S09648,Hue Sports Complex 9648,Hue,30500
S09649,Can Tho Park 9649,Can Tho,54500
S09650,Hanoi National Stadium 9650,Hanoi,53000
S09651,Hai Phong Dome 9651,Hai Phong,50000
S09652,Ho Chi Minh City Sports Complex 9652,Ho Chi Minh City,59000
S09653,Hue National Stadium 9653,Hue,35000
S09654,Quy Nhon Dome 9654,Quy Nhon,63500
S09655,Ho Chi Minh City Sports Complex 9655,Ho Chi Minh City,29500
S09656,Quy Nhon Park 9656,Quy Nhon,77500
S09657,Binh Duong Sports Complex 9657,Binh Duong,33000
S09658,Hai Phong Dome 9658,Hai Phong,18500
S09659,Hue Dome 9659,Hue,20500
S09660,Binh Duong Dome 9660,Binh Duong,70500
S09661,Can Tho Dome 9661,Can Tho,32000
S09662,Hue Dome 9662,Hue,23500
S09663,Hue Arena 9663,Hue,41500
S09664,Binh Duong National Stadium 9664,Binh Duong,39000
S09665,Nha Trang National Stadium 9665,Nha Trang,49000
S09666,Can Tho Park 9666,Can Tho,64000
S09667,Nam Dinh Park 9667,Nam Dinh,17000
S09668,Hanoi Arena 9668,Hanoi,44500
S09669,Quy Nhon Arena 9669,Quy Nhon,53000
S09670,Ho Chi Minh City National Stadium 9670,Ho Chi Minh City,66000
S09671,Binh Duong Sports Complex 9671,Binh Duong,37000
S09672,Hanoi Dome 9672,Hanoi,57500
S09673,Binh Duong Dome 9673,Binh Duong,16500
S09674,Nha Trang Arena 9674,Nha Trang,39000
S09675,Hue Dome 9675,Hue,17000
S09676,Can Tho National Stadium 9676,Can Tho,30000
S09677,Hai Phong Dome 9677,Hai Phong,32500
S09678,Hue Park 9678,Hue,48500
S09679,Hai Phong Arena 9679,Hai Phong,17000
S09680,Hue Dome 9680,Hue,57000
S09681,Quy Nhon Arena 9681,Quy Nhon,16500
S09682,Hue Dome 9682,Hue,61000
S09683,Ho Chi Minh City Park 9683,Ho Chi Minh City,76000
S09684,Da Nang Arena 9684,Da Nang,63000
S09685,Da Nang Dome 9685,Da Nang,42000
S09686,Quy Nhon Park 9686,Quy Nhon,57000
S09687,Nha Trang National Stadium 9687,Nha Trang,55500
S09688,Hanoi Park 9688,Hanoi,44500
S09689,Binh Duong Park 9689,Binh Duong,43000
S09690,Can Tho Arena 9690,Can Tho,48000
S09691,Can Tho Park 9691,Can Tho,68000
S09692,Hanoi Dome 9692,Hanoi,46000
S09693,Hai Phong Park 9693,Hai Phong,42000
S09694,Hai Phong Sports Complex 9694,Hai Phong,59500
S09695,Da Nang Park 9695,Da Nang,60500
S09696,Nam Dinh Park 9696,Nam Dinh,64500
S09697,Quy Nhon Dome 9697,Quy Nhon,16500
S09698,Can Tho Sports Complex 9698,Can Tho,70500
S09699,Hanoi Sports Complex 9699,Hanoi,52500
S09700,Da Nang Arena 9700,Da Nang,69500
S09701,Ho Chi Minh City Dome 9701,Ho Chi Minh City,19000
S09702,Nha Trang Park 9702,Nha Trang,42500
S09703,Ho Chi Minh City Park 9703,Ho Chi Minh City,71500
S09704,Hue Dome 9704,Hue,17000
S09705,Hue Dome 9705,Hue,28500
S09706,Da Nang National Stadium 9706,Da Nang,65000
S09707,Ho Chi Minh City Dome 9707,Ho Chi Minh City,65000
S09708,Da Nang Park 9708,Da Nang,76000
S09709,Hanoi Dome 9709,Hanoi,27500
S09710,Nam Dinh Park 9710,Nam Dinh,26500
S09711,Binh Duong Park 9711,Binh Duong,20000
S09712,Nam Dinh Park 9712,Nam Dinh,76000
S09713,Da Nang Dome 9713,Da Nang,23000
S09714,Binh Duong Arena 9714,Binh Duong,42500
S09715,Can Tho Arena 9715,Can Tho,65500
S09716,Hai Phong Dome 9716,Hai Phong,21000
S09717,Quy Nhon National Stadium 9717,Quy Nhon,50000
S09718,Hue Sports Complex 9718,Hue,55000
S09719,Nha Trang Arena 9719,Nha Trang,41500
S09720,Nam Dinh Sports Complex 9720,Nam Dinh,25500
S09721,Hanoi Arena 9721,Hanoi,62000
S09722,Nam Dinh Park 9722,Nam Dinh,60000
S09723,Hai Phong National Stadium 9723,Hai Phong,59000
S09724,Hai Phong Sports Complex 9724,Hai Phong,35000
S09725,Nam Dinh National Stadium 9725,Nam Dinh,22500
S09726,Nha Trang Sports Complex 9726,Nha Trang,66000
S09727,Nam Dinh Park 9727,Nam Dinh,79000
S09728,Hue Dome 9728,Hue,17000
S09729,Hue Park 9729,Hue,27000
S09730,Ho Chi Minh City Park 9730,Ho Chi Minh City,37500
S09731,Binh Duong Dome 9731,Binh Duong,27500
S09732,Hanoi Sports Complex 9732,Hanoi,32000
S09733,Nam Dinh Park 9733,Nam Dinh,25500
S09734,Nha Trang Arena 9734,Nha Trang,52000
S09735,Binh Duong Sports Complex 9735,Binh Duong,58000
S09736,Hai Phong National Stadium 9736,Hai Phong,60500
S09737,Da Nang National Stadium 9737,Da Nang,45500
S09738,Binh Duong National Stadium 9738,Binh Duong,42000
S09739,Quy Nhon Park 9739,Quy Nhon,71500
S09740,Hanoi Dome 9740,Hanoi,56500
S09741,Hue Sports Complex 9741,Hue,58500
S09742,Hai Phong National Stadium 9742,Hai Phong,37500
S09743,Binh Duong Park 9743,Binh Duong,71500
S09744,Hanoi National Stadium 9744,Hanoi,40000
S09745,Nha Trang Park 9745,Nha Trang,75500
S09746,Da Nang Park 9746,Da Nang,21000
S09747,Can Tho National Stadium 9747,Can Tho,28000
S09748,Quy Nhon National Stadium 9748,Quy Nhon,22500
S09749,Quy Nhon National Stadium 9749,Quy Nhon,76500
S09750,Nam Dinh Arena 9750,Nam Dinh,42000
S09751,Nha Trang National Stadium 9751,Nha Trang,44000
S09752,Hanoi Arena 9752,Hanoi,17000
S09753,Binh Duong Park 9753,Binh Duong,17000
S09754,Binh Duong National Stadium 9754,Binh Duong,45000
S09755,Da Nang Dome 9755,Da Nang,25000
S09756,Binh Duong Arena 9756,Binh Duong,54500
S09757,Hue Park 9757,Hue,26500
S09758,Nha Trang Sports Complex 9758,Nha Trang,70000
S09759,Binh Duong Sports Complex 9759,Binh Duong,64500
S09760,Hanoi National Stadium 9760,Hanoi,45000
S09761,Da Nang Park 9761,Da Nang,48500
S09762,Nam Dinh Sports Complex 9762,Nam Dinh,77500
S09763,Nam Dinh Arena 9763,Nam Dinh,57000
S09764,Quy Nhon Sports Complex 9764,Quy Nhon,21000
S09765,Ho Chi Minh City Dome 9765,Ho Chi Minh City,50500
S09766,Hanoi Dome 9766,Hanoi,76500
S09767,Nam Dinh National Stadium 9767,Nam Dinh,62000
S09768,Nam Dinh Dome 9768,Nam Dinh,71500
S09769,Ho Chi Minh City Arena 9769,Ho Chi Minh City,67500
S09770,Quy Nhon Dome 9770,Quy Nhon,40500
S09771,Da Nang National Stadium 9771,Da Nang,51500
S09772,Hanoi Park 9772,Hanoi,23500
S09773,Hanoi Arena 9773,Hanoi,56000
S09774,Ho Chi Minh City Dome 9774,Ho Chi Minh City,18500
S09775,Da Nang Dome 9775,Da Nang,28000
S09776,Nha Trang Sports Complex 9776,Nha Trang,32500
S09777,Hai Phong Sports Complex 9777,Hai Phong,67500
S09778,Nam Dinh Dome 9778,Nam Dinh,56500
S09779,Da Nang Sports Complex 9779,Da Nang,37000
S09780,Binh Duong Dome 9780,Binh Duong,74000
S09781,Hanoi National Stadium 9781,Hanoi,26500
S09782,Hanoi Sports Complex 9782,Hanoi,68000
S09783,Da Nang Sports Complex 9783,Da Nang,25500
S09784,Can Tho Arena 9784,Can Tho,41500
S09785,Nam Dinh National Stadium 9785,Nam Dinh,53500
S09786,Ho Chi Minh City Arena 9786,Ho Chi Minh City,77500
S09787,Hai Phong Dome 9787,Hai Phong,39000
S09788,Hai Phong National Stadium 9788,Hai Phong,27000
S09789,Binh Duong Sports Complex 9789,Binh Duong,52500
S09790,Quy Nhon Dome 9790,Quy Nhon,69000
S09791,Hanoi Arena 9791,Hanoi,55000
S09792,Hue Dome 9792,Hue,15000
S09793,Da Nang Sports Complex 9793,Da Nang,31000
S09794,Hue Sports Complex 9794,Hue,23500
S09795,Nha Trang National Stadium 9795,Nha Trang,38000
S09796,Can Tho Arena 9796,Can Tho,61000
S09797,Hue Sports Complex 9797,Hue,48000
S09798,Ho Chi Minh City Park 9798,Ho Chi Minh City,68500
S09799,Quy Nhon Sports Complex 9799,Quy Nhon,66000
S09800,Nha Trang National Stadium 9800,Nha Trang,78500
S09801,Hai Phong Dome 9801,Hai Phong,69000
S09802,Nha Trang Park 9802,Nha Trang,51000
S09803,Da Nang National Stadium 9803,Da Nang,38000
S09804,Nam Dinh Dome 9804,Nam Dinh,47500
S09805,Hai Phong Park 9805,Hai Phong,39000
S09806,Nha Trang Dome 9806,Nha Trang,42000
S09807,Da Nang Arena 9807,Da Nang,78000
S09808,Da Nang Arena 9808,Da Nang,43000
S09809,Hanoi Dome 9809,Hanoi,41500
S09810,Quy Nhon Park 9810,Quy Nhon,66000
S09811,Nam Dinh Park 9811,Nam Dinh,41500
S09812,Nha Trang Park 9812,Nha Trang,20000
S09813,Da Nang Sports Complex 9813,Da Nang,53000
S09814,Nha Trang Park 9814,Nha Trang,68500
S09815,Quy Nhon Arena 9815,Quy Nhon,24000
S09816,Hanoi Sports Complex 9816,Hanoi,27000
S09817,Nam Dinh Park 9817,Nam Dinh,40500
S09818,Da Nang Arena 9818,Da Nang,78000
S09819,Hue Park 9819,Hue,55500
S09820,Da Nang National Stadium 9820,Da Nang,40000
S09821,Hue Dome 9821,Hue,20000
S09822,Quy Nhon Park 9822,Quy Nhon,53000
S09823,Hue Arena 9823,Hue,27500
S09824,Can Tho Dome 9824,Can Tho,55000
S09825,Nam Dinh Park 9825,Nam Dinh,58000
S09826,Da Nang Park 9826,Da Nang,75000
S09827,Nam Dinh Park 9827,Nam Dinh,31000
S09828,Hai Phong Sports Complex 9828,Hai Phong,64000
S09829,Binh Duong Dome 9829,Binh Duong,71500
S09830,Hue Park 9830,Hue,48500
S09831,Quy Nhon Dome 9831,Quy Nhon,44500
S09832,Nam Dinh Arena 9832,Nam Dinh,39500
S09833,Hue National Stadium 9833,Hue,34500
S09834,Ho Chi Minh City Arena 9834,Ho Chi Minh City,31500
S09835,Binh Duong Arena 9835,Binh Duong,18000
S09836,Binh Duong Sports Complex 9836,Binh Duong,73500
S09837,Nam Dinh Arena 9837,Nam Dinh,21500
S09838,Can Tho Arena 9838,Can Tho,54500
S09839,Binh Duong Arena 9839,Binh Duong,79000
S09840,Nam Dinh National Stadium 9840,Nam Dinh,25000
S09841,Da Nang Dome 9841,Da Nang,15500
S09842,Hanoi National Stadium 9842,Hanoi,74000
S09843,Ho Chi Minh City Sports Complex 9843,Ho Chi Minh City,34500
S09844,Hanoi Dome 9844,Hanoi,76000
S09845,Hue Arena 9845,Hue,70000
S09846,Nam Dinh National Stadium 9846,Nam Dinh,77500
S09847,Nha Trang Arena 9847,Nha Trang,71000
S09848,Hanoi Sports Complex 9848,Hanoi,63000
S09849,Nam Dinh National Stadium 9849,Nam Dinh,29500
S09850,Nha Trang National Stadium 9850,Nha Trang,16000
S09851,Hai Phong Park 9851,Hai Phong,68000
S09852,Nam Dinh Dome 9852,Nam Dinh,36000
S09853,Da Nang Park 9853,Da Nang,46000
S09854,Da Nang National Stadium 9854,Da Nang,54000
S09855,Nam Dinh Park 9855,Nam Dinh,43500
S09856,Can Tho Dome 9856,Can Tho,34500
S09857,Da Nang Arena 9857,Da Nang,34500
S09858,Hanoi Sports Complex 9858,Hanoi,55500
S09859,Da Nang National Stadium 9859,Da Nang,49000
S09860,Da Nang Arena 9860,Da Nang,37000
S09861,Hai Phong National Stadium 9861,Hai Phong,52500
S09862,Quy Nhon Dome 9862,Quy Nhon,43000
S09863,Nam Dinh National Stadium 9863,Nam Dinh,56000
S09864,Nha Trang Park 9864,Nha Trang,74500
S09865,Nam Dinh Dome 9865,Nam Dinh,23000
S09866,Nam Dinh Park 9866,Nam Dinh,75500
S09867,Hanoi Sports Complex 9867,Hanoi,41500
S09868,Binh Duong Arena 9868,Binh Duong,72500
S09869,Hanoi National Stadium 9869,Hanoi,46000
S09870,Can Tho Arena 9870,Can Tho,56000
S09871,Hanoi Dome 9871,Hanoi,55500
S09872,Hue Dome 9872,Hue,21500
S09873,Binh Duong Dome 9873,Binh Duong,52500
S09874,Can Tho Dome 9874,Can Tho,25000
S09875,Nha Trang National Stadium 9875,Nha Trang,35500
S09876,Hai Phong Sports Complex 9876,Hai Phong,47000
S09877,Nha Trang National Stadium 9877,Nha Trang,61500
S09878,Da Nang Sports Complex 9878,Da Nang,30000
S09879,Ho Chi Minh City Arena 9879,Ho Chi Minh City,46500
S09880,Nam Dinh Sports Complex 9880,Nam Dinh,70500
S09881,Hue National Stadium 9881,Hue,16000
S09882,Hanoi Dome 9882,Hanoi,47000
S09883,Quy Nhon Arena 9883,Quy Nhon,57000
S09884,Da Nang National Stadium 9884,Da Nang,47500
S09885,Can Tho National Stadium 9885,Can Tho,30000
S09886,Hue National Stadium 9886,Hue,64500
S09887,Nam Dinh Arena 9887,Nam Dinh,78500
S09888,Hanoi Arena 9888,Hanoi,60500
S09889,Can Tho Park 9889,Can Tho,64000
S09890,Nam Dinh Park 9890,Nam Dinh,62500
S09891,Ho Chi Minh City Park 9891,Ho Chi Minh City,28000
S09892,Binh Duong Dome 9892,Binh Duong,27500
S09893,Hai Phong Dome 9893,Hai Phong,17500
S09894,Hai Phong Sports Complex 9894,Hai Phong,63000
S09895,Da Nang Sports Complex 9895,Da Nang,71000
S09896,Nha Trang Sports Complex 9896,Nha Trang,70500
S09897,Quy Nhon Sports Complex 9897,Quy Nhon,51000
S09898,Nam Dinh National Stadium 9898,Nam Dinh,66000
S09899,Nha Trang Dome 9899,Nha Trang,43500
S09900,Hanoi Dome 9900,Hanoi,64000
S09901,Binh Duong Dome 9901,Binh Duong,72000
S09902,Da Nang Arena 9902,Da Nang,35500
S09903,Ho Chi Minh City National Stadium 9903,Ho Chi Minh City,60500
S09904,Quy Nhon Dome 9904,Quy Nhon,36000
S09905,Ho Chi Minh City Park 9905,Ho Chi Minh City,19500
S09906,Quy Nhon National Stadium 9906,Quy Nhon,79000
S09907,Binh Duong Sports Complex 9907,Binh Duong,21000
S09908,Quy Nhon Arena 9908,Quy Nhon,78000
S09909,Da Nang Park 9909,Da Nang,54000
S09910,Can Tho National Stadium 9910,Can Tho,32500
S09911,Can Tho Dome 9911,Can Tho,27500
S09912,Nha Trang National Stadium 9912,Nha Trang,54500
S09913,Ho Chi Minh City Park 9913,Ho Chi Minh City,67000
S09914,Can Tho Park 9914,Can Tho,15000
S09915,Can Tho Sports Complex 9915,Can Tho,50500
S09916,Ho Chi Minh City National Stadium 9916,Ho Chi Minh City,36000
S09917,Quy Nhon Sports Complex 9917,Quy Nhon,33000
S09918,Nam Dinh Dome 9918,Nam Dinh,59000
S09919,Can Tho Arena 9919,Can Tho,54500
S09920,Ho Chi Minh City Dome 9920,Ho Chi Minh City,18000
S09921,Quy Nhon Dome 9921,Quy Nhon,15000
S09922,Hanoi Sports Complex 9922,Hanoi,15500
S09923,Nam Dinh Arena 9923,Nam Dinh,73500
S09924,Hanoi Sports Complex 9924,Hanoi,36000
S09925,Nha Trang National Stadium 9925,Nha Trang,50500
S09926,Nha Trang National Stadium 9926,Nha Trang,65000
S09927,Hai Phong Park 9927,Hai Phong,75500
S09928,Binh Duong Arena 9928,Binh Duong,26500
S09929,Ho Chi Minh City Park 9929,Ho Chi Minh City,16500
S09930,Hai Phong Park 9930,Hai Phong,40000
S09931,Hue Arena 9931,Hue,65500
S09932,Hanoi Arena 9932,Hanoi,48500
S09933,Can Tho Park 9933,Can Tho,51500
S09934,Hue Sports Complex 9934,Hue,56000
S09935,Hanoi Dome 9935,Hanoi,50000
S09936,Binh Duong National Stadium 9936,Binh Duong,25000
S09937,Hue Sports Complex 9937,Hue,25500
S09938,Nam Dinh Sports Complex 9938,Nam Dinh,21000
S09939,Hue Sports Complex 9939,Hue,60500
S09940,Hue Park 9940,Hue,28500
S09941,Hai Phong Arena 9941,Hai Phong,37500
S09942,Hue Arena 9942,Hue,28000
S09943,Hanoi Arena 9943,Hanoi,54500
S09944,Quy Nhon Sports Complex 9944,Quy Nhon,32500
S09945,Hanoi Park 9945,Hanoi,74500
S09946,Binh Duong National Stadium 9946,Binh Duong,65000
S09947,Hue Dome 9947,Hue,18000
S09948,Binh Duong Park 9948,Binh Duong,51500
S09949,Quy Nhon National Stadium 9949,Quy Nhon,54000
S09950,Da Nang National Stadium 9950,Da Nang,79000
S09951,Ho Chi Minh City Park 9951,Ho Chi Minh City,61000
S09952,Nam Dinh National Stadium 9952,Nam Dinh,50500
S09953,Nha Trang Arena 9953,Nha Trang,20000
S09954,Ho Chi Minh City Arena 9954,Ho Chi Minh City,59500
S09955,Da Nang Dome 9955,Da Nang,40000
S09956,Ho Chi Minh City National Stadium 9956,Ho Chi Minh City,37000
S09957,Binh Duong Sports Complex 9957,Binh Duong,51500
S09958,Can Tho Park 9958,Can Tho,18000
S09959,Can Tho Arena 9959,Can Tho,67500
S09960,Hue Arena 9960,Hue,27000
S09961,Ho Chi Minh City National Stadium 9961,Ho Chi Minh City,54000
S09962,Hue National Stadium 9962,Hue,34500
S09963,Quy Nhon Arena 9963,Quy Nhon,24500
S09964,Hanoi Sports Complex 9964,Hanoi,30000
S09965,Nam Dinh Dome 9965,Nam Dinh,59500
S09966,Hanoi Dome 9966,Hanoi,46500
S09967,Nha Trang Sports Complex 9967,Nha Trang,61500
S09968,Nha Trang Sports Complex 9968,Nha Trang,46500
S09969,Hanoi Park 9969,Hanoi,59500
S09970,Da Nang Arena 9970,Da Nang,20000
S09971,Quy Nhon National Stadium 9971,Quy Nhon,34000
S09972,Hue National Stadium 9972,Hue,69000
S09973,Nam Dinh Park 9973,Nam Dinh,37000
S09974,Hai Phong Park 9974,Hai Phong,33000
S09975,Hue Dome 9975,Hue,67500
S09976,Hue Dome 9976,Hue,23500
S09977,Hue Arena 9977,Hue,31500
S09978,Can Tho Park 9978,Can Tho,39500
S09979,Hanoi Sports Complex 9979,Hanoi,30000
S09980,Hanoi Arena 9980,Hanoi,64000
S09981,Hue National Stadium 9981,Hue,63500
S09982,Binh Duong Sports Complex 9982,Binh Duong,16000
S09983,Da Nang Sports Complex 9983,Da Nang,47000
S09984,Binh Duong Dome 9984,Binh Duong,15500
S09985,Hai Phong Dome 9985,Hai Phong,49000
S09986,Hue National Stadium 9986,Hue,36500
S09987,Hanoi Dome 9987,Hanoi,30500
S09988,Hanoi Dome 9988,Hanoi,41000
S09989,Hai Phong Dome 9989,Hai Phong,69500
S09990,Hanoi Sports Complex 9990,Hanoi,18000
S09991,Da Nang Park 9991,Da Nang,73000
S09992,Ho Chi Minh City Dome 9992,Ho Chi Minh City,32500
S09993,Hanoi Park 9993,Hanoi,50500
S09994,Nam Dinh National Stadium 9994,Nam Dinh,15500
S09995,Hai Phong Park 9995,Hai Phong,18000
S09996,Nam Dinh National Stadium 9996,Nam Dinh,80000
S09997,Da Nang National Stadium 9997,Da Nang,68000
S09998,Hai Phong National Stadium 9998,Hai Phong,24500
S09999,Can Tho Arena 9999,Can Tho,16500
S10000,Nam Dinh Sports Complex 10000,Nam Dinh,37000
