ticketId,matchId,seatId,status
T1,M113,SEAT1172,Available
T2,M130,SEAT4442,Sold
T3,M41,SEAT4487,Available
T4,M84,SEAT1574,Available
T5,M25,SEAT3950,Available
T6,M21,SEAT4629,Sold
T7,M134,SEAT3865,Sold
T8,M140,SEAT4261,Available
T9,M28,SEAT3935,Sold
T10,M78,SEAT2323,Sold
T11,M81,SEAT1666,Sold
T12,M142,SEAT2529,Available
T13,M42,SEAT4040,Available
T14,M172,SEAT1645,Sold
T15,M64,SEAT2065,Sold
T16,M48,SEAT1963,Sold
T17,M103,SEAT1729,Sold
T18,M15,SEAT2052,Sold
T19,M51,SEAT4308,Sold
T20,M15,SEAT985,Sold
T21,M47,SEAT824,Available
T22,M65,SEAT4170,Sold
T23,M156,SEAT3926,Available
T24,M134,SEAT3131,Sold
T25,M168,SEAT1580,Available
T26,M5,SEAT869,Sold
T27,M66,SEAT2908,Sold
T28,M144,SEAT2873,Sold
T29,M28,SEAT3696,Sold
T30,M93,SEAT4759,Available
T31,M26,SEAT1264,Sold
T32,M95,SEAT2948,Available
T33,M17,SEAT4397,Available
T34,M38,SEAT2445,Available
T35,M164,SEAT4487,Available
T36,M85,SEAT3272,Available
T37,M135,SEAT3952,Sold
T38,M103,SEAT1450,Available
T39,M158,SEAT1431,Sold
T40,M96,SEAT3202,Available
T41,M102,SEAT4850,Available
T42,M119,SEAT4392,Sold
T43,M128,SEAT1368,Available
T44,M106,SEAT1754,Sold
T45,M82,SEAT1085,Available
T46,M141,SEAT4979,Sold
T47,M141,SEAT2556,Sold
T48,M5,SEAT1207,Available
T49,M116,SEAT4980,Available
T50,M122,SEAT1705,Available
T51,M114,SEAT3498,Available
T52,M61,SEAT1066,Available
T53,M30,SEAT451,Sold
T54,M17,SEAT2562,Sold
T55,M190,SEAT1860,Available
T56,M120,SEAT2345,Available
T57,M35,SEAT342,Sold
T58,M175,SEAT3784,Sold
T59,M197,SEAT2233,Available
T60,M72,SEAT3058,Available
T61,M56,SEAT3829,Sold
T62,M165,SEAT2027,Available
T63,M145,SEAT4046,Available
T64,M152,SEAT4849,Sold
T65,M179,SEAT4716,Available
T66,M131,SEAT3084,Sold
T67,M78,SEAT4037,Available
T68,M141,SEAT3240,Sold
T69,M94,SEAT2600,Sold
T70,M136,SEAT835,Available
T71,M138,SEAT1520,Sold
T72,M107,SEAT1217,Sold
T73,M24,SEAT3109,Available
T74,M101,SEAT912,Sold
T75,M86,SEAT2848,Available
T76,M64,SEAT1665,Available
T77,M73,SEAT2157,Sold
T78,M72,SEAT3443,Available
T79,M173,SEAT3430,Available
T80,M94,SEAT284,Sold
T81,M73,SEAT2914,Sold
T82,M132,SEAT4256,Available
T83,M71,SEAT187,Available
T84,M57,SEAT1144,Available
T85,M4,SEAT3708,Sold
T86,M22,SEAT2259,Sold
T87,M129,SEAT204,Sold
T88,M160,SEAT1928,Sold
T89,M27,SEAT4694,Sold
T90,M195,SEAT4275,Available
T91,M13,SEAT1157,Available
T92,M128,SEAT695,Available
T93,M2,SEAT2051,Available
T94,M29,SEAT4574,Available
T95,M80,SEAT2711,Available
T96,M75,SEAT1597,Available
T97,M106,SEAT3205,Available
T98,M125,SEAT442,Sold
T99,M117,SEAT733,Sold
T100,M88,SEAT890,Available
T101,M98,SEAT3021,Available
T102,M84,SEAT3403,Available
T103,M196,SEAT4496,Available
T104,M116,SEAT2014,Sold
T105,M31,SEAT2294,Sold
T106,M186,SEAT366,Available
T107,M175,SEAT2100,Available
T108,M85,SEAT1346,Sold
T109,M157,SEAT3747,Available
T110,M72,SEAT2817,Available
T111,M83,SEAT2922,Sold
T112,M190,SEAT1958,Sold
T113,M25,SEAT1929,Available
T114,M113,SEAT1365,Sold
T115,M110,SEAT1821,Available
T116,M134,SEAT838,Sold
T117,M53,SEAT4567,Available
T118,M132,SEAT3889,Sold
T119,M130,SEAT3888,Sold
T120,M155,SEAT3330,Sold
T121,M126,SEAT4409,Sold
T122,M85,SEAT1524,Sold
T123,M86,SEAT3260,Available
T124,M156,SEAT3258,Sold
T125,M78,SEAT2988,Sold
T126,M65,SEAT254,Available
T127,M60,SEAT1393,Available
T128,M148,SEAT1492,Available
T129,M25,SEAT3916,Sold
T130,M33,SEAT4716,Available
T131,M43,SEAT203,Available
T132,M74,SEAT3019,Sold
T133,M63,SEAT217,Available
T134,M63,SEAT1855,Sold
T135,M26,SEAT3892,Sold
T136,M28,SEAT1829,Sold
T137,M109,SEAT2983,Sold
T138,M132,SEAT1991,Available
T139,M15,SEAT4361,Sold
T140,M99,SEAT328,Sold
T141,M200,SEAT1012,Sold
T142,M74,SEAT2618,Available
T143,M187,SEAT1053,Sold
T144,M26,SEAT4088,Available
T145,M152,SEAT4092,Sold
T146,M110,SEAT2019,Sold
T147,M139,SEAT1010,Available
T148,M120,SEAT4641,Available
T149,M12,SEAT4343,Available
T150,M118,SEAT3584,Sold
T151,M197,SEAT3022,Sold
T152,M69,SEAT3597,Available
T153,M111,SEAT3652,Available
T154,M97,SEAT4533,Sold
T155,M115,SEAT2794,Sold
T156,M56,SEAT4713,Sold
T157,M55,SEAT4919,Available
T158,M13,SEAT2046,Available
T159,M24,SEAT2599,Available
T160,M174,SEAT3738,Available
T161,M14,SEAT653,Available
T162,M162,SEAT157,Available
T163,M190,SEAT2,Sold
T164,M30,SEAT1422,Sold
T165,M56,SEAT3408,Sold
T166,M116,SEAT1633,Sold
T167,M96,SEAT4775,Available
T168,M90,SEAT4658,Sold
T169,M96,SEAT958,Available
T170,M166,SEAT2079,Available
T171,M58,SEAT4947,Available
T172,M144,SEAT4039,Sold
T173,M111,SEAT1651,Available
T174,M154,SEAT1632,Available
T175,M154,SEAT3153,Available
T176,M69,SEAT2776,Sold
T177,M146,SEAT1694,Sold
T178,M166,SEAT63,Sold
T179,M10,SEAT4438,Sold
T180,M195,SEAT196,Available
T181,M78,SEAT1985,Sold
T182,M66,SEAT4021,Available
T183,M132,SEAT2481,Available
T184,M33,SEAT4315,Sold
T185,M195,SEAT3314,Sold
T186,M132,SEAT482,Available
T187,M114,SEAT2363,Sold
T188,M40,SEAT4304,Available
T189,M170,SEAT2550,Sold
T190,M188,SEAT4418,Sold
T191,M104,SEAT4741,Available
T192,M126,SEAT154,Available
T193,M149,SEAT2836,Available
T194,M188,SEAT4562,Available
T195,M80,SEAT2191,Available
T196,M106,SEAT3272,Available
T197,M34,SEAT4823,Available
T198,M8,SEAT2831,Available
T199,M73,SEAT3509,Available
T200,M80,SEAT416,Available
T201,M131,SEAT37,Available
T202,M69,SEAT2313,Available
T203,M19,SEAT2973,Available
T204,M22,SEAT4540,Available
T205,M53,SEAT1797,Sold
T206,M148,SEAT3705,Sold
T207,M51,SEAT2356,Available
T208,M4,SEAT3793,Sold
T209,M27,SEAT4853,Available
T210,M190,SEAT3964,Available
T211,M87,SEAT3847,Sold
T212,M163,SEAT3555,Available
T213,M62,SEAT3016,Available
T214,M74,SEAT786,Available
T215,M5,SEAT2518,Available
T216,M51,SEAT4753,Sold
T217,M52,SEAT3838,Sold
T218,M161,SEAT424,Available
T219,M157,SEAT3106,Available
T220,M120,SEAT2682,Available
T221,M43,SEAT774,Available
T222,M4,SEAT4151,Available
T223,M25,SEAT2584,Sold
T224,M175,SEAT3578,Available
T225,M16,SEAT1334,Sold
T226,M124,SEAT4143,Available
T227,M158,SEAT1670,Available
T228,M113,SEAT4724,Available
T229,M40,SEAT1922,Available
T230,M31,SEAT3267,Sold
T231,M17,SEAT2467,Available
T232,M114,SEAT3949,Sold
T233,M18,SEAT2074,Sold
T234,M11,SEAT4387,Available
T235,M192,SEAT3836,Sold
T236,M115,SEAT3346,Available
T237,M191,SEAT4813,Sold
T238,M140,SEAT1664,Available
T239,M187,SEAT3017,Sold
T240,M43,SEAT2646,Available
T241,M191,SEAT1940,Available
T242,M32,SEAT3631,Available
T243,M141,SEAT1199,Available
T244,M44,SEAT1219,Available
T245,M154,SEAT2073,Available
T246,M163,SEAT4549,Sold
T247,M148,SEAT4631,Available
T248,M33,SEAT2355,Sold
T249,M56,SEAT4694,Available
T250,M149,SEAT475,Available
T251,M34,SEAT2861,Sold
T252,M44,SEAT2195,Sold
T253,M77,SEAT4194,Available
T254,M31,SEAT4079,Available
T255,M31,SEAT4731,Available
T256,M85,SEAT1556,Sold
T257,M108,SEAT1085,Available
T258,M173,SEAT3312,Available
T259,M108,SEAT4675,Available
T260,M127,SEAT4711,Available
T261,M183,SEAT2556,Available
T262,M149,SEAT4699,Sold
T263,M157,SEAT1132,Available
T264,M37,SEAT1964,Sold
T265,M57,SEAT4695,Available
T266,M62,SEAT3126,Sold
T267,M59,SEAT3884,Sold
T268,M145,SEAT3317,Available
T269,M72,SEAT2512,Sold
T270,M77,SEAT3793,Sold
T271,M181,SEAT2693,Sold
T272,M77,SEAT4413,Available
T273,M147,SEAT4822,Available
T274,M146,SEAT284,Available
T275,M82,SEAT3228,Sold
T276,M98,SEAT4151,Available
T277,M124,SEAT448,Available
T278,M144,SEAT4369,Sold
T279,M196,SEAT3050,Available
T280,M148,SEAT3773,Available
T281,M145,SEAT4868,Sold
T282,M154,SEAT71,Available
T283,M43,SEAT342,Sold
T284,M32,SEAT1808,Available
T285,M173,SEAT1270,Sold
T286,M81,SEAT896,Available
T287,M44,SEAT4978,Available
T288,M166,SEAT1198,Sold
T289,M118,SEAT3694,Available
T290,M123,SEAT128,Sold
T291,M30,SEAT2498,Available
T292,M112,SEAT484,Available
T293,M115,SEAT1674,Sold
T294,M198,SEAT2906,Sold
T295,M160,SEAT4732,Available
T296,M164,SEAT3648,Available
T297,M172,SEAT4442,Sold
T298,M82,SEAT4425,Sold
T299,M90,SEAT3313,Sold
T300,M6,SEAT4394,Available
T301,M78,SEAT4002,Available
T302,M188,SEAT3728,Sold
T303,M133,SEAT4235,Available
T304,M14,SEAT3960,Sold
T305,M10,SEAT2881,Available
T306,M15,SEAT4854,Available
T307,M72,SEAT1103,Available
T308,M169,SEAT2764,Sold
T309,M192,SEAT3984,Sold
T310,M151,SEAT1402,Available
T311,M105,SEAT531,Available
T312,M187,SEAT963,Available
T313,M117,SEAT1902,Available
T314,M190,SEAT1407,Available
T315,M198,SEAT3657,Sold
T316,M184,SEAT3068,Sold
T317,M119,SEAT2887,Available
T318,M80,SEAT3164,Available
T319,M142,SEAT1521,Sold
T320,M3,SEAT3626,Available
T321,M169,SEAT3573,Sold
T322,M170,SEAT715,Available
T323,M8,SEAT366,Available
T324,M88,SEAT1175,Available
T325,M79,SEAT423,Sold
T326,M21,SEAT372,Sold
T327,M103,SEAT871,Available
T328,M20,SEAT4086,Sold
T329,M128,SEAT4414,Sold
T330,M33,SEAT326,Available
T331,M143,SEAT4367,Sold
T332,M125,SEAT4212,Sold
T333,M75,SEAT4525,Available
T334,M173,SEAT321,Available
T335,M128,SEAT775,Available
T336,M67,SEAT2292,Sold
T337,M64,SEAT2776,Sold
T338,M68,SEAT4850,Available
T339,M132,SEAT3135,Sold
T340,M101,SEAT229,Available
T341,M139,SEAT3277,Available
T342,M170,SEAT3340,Sold
T343,M144,SEAT1116,Available
T344,M175,SEAT113,Available
T345,M199,SEAT4519,Available
T346,M172,SEAT2016,Sold
T347,M149,SEAT1732,Available
T348,M9,SEAT171,Sold
T349,M150,SEAT3241,Available
T350,M94,SEAT689,Available
T351,M17,SEAT3677,Sold
T352,M19,SEAT4333,Available
T353,M97,SEAT2831,Sold
T354,M199,SEAT3655,Sold
T355,M126,SEAT2900,Available
T356,M123,SEAT1221,Sold
T357,M24,SEAT4759,Sold
T358,M23,SEAT3382,Available
T359,M29,SEAT322,Available
T360,M65,SEAT4595,Sold
T361,M127,SEAT2846,Sold
T362,M105,SEAT4449,Sold
T363,M135,SEAT3705,Available
T364,M105,SEAT1344,Sold
T365,M147,SEAT3288,Sold
T366,M148,SEAT3225,Available
T367,M17,SEAT957,Available
T368,M16,SEAT3821,Available
T369,M105,SEAT1455,Available
T370,M52,SEAT3804,Sold
T371,M131,SEAT1647,Sold
T372,M178,SEAT2574,Available
T373,M33,SEAT3412,Available
T374,M46,SEAT60,Available
T375,M132,SEAT4107,Sold
T376,M159,SEAT1579,Sold
T377,M20,SEAT1626,Sold
T378,M153,SEAT693,Available
T379,M85,SEAT2353,Available
T380,M61,SEAT1482,Available
T381,M23,SEAT2039,Available
T382,M120,SEAT4506,Sold
T383,M152,SEAT641,Available
T384,M159,SEAT563,Available
T385,M162,SEAT3230,Available
T386,M13,SEAT1326,Available
T387,M131,SEAT1616,Sold
T388,M37,SEAT4505,Available
T389,M90,SEAT4848,Available
T390,M88,SEAT4002,Available
T391,M158,SEAT1760,Available
T392,M118,SEAT4505,Sold
T393,M95,SEAT2552,Sold
T394,M181,SEAT2688,Sold
T395,M38,SEAT613,Sold
T396,M160,SEAT177,Available
T397,M60,SEAT2341,Sold
T398,M28,SEAT3314,Sold
T399,M5,SEAT2594,Sold
T400,M24,SEAT4631,Available
T401,M73,SEAT3154,Available
T402,M3,SEAT2423,Available
T403,M55,SEAT3290,Available
T404,M140,SEAT1700,Available
T405,M142,SEAT1280,Sold
T406,M87,SEAT1892,Sold
T407,M2,SEAT2691,Sold
T408,M172,SEAT4412,Available
T409,M102,SEAT3565,Available
T410,M16,SEAT2100,Sold
T411,M114,SEAT301,Sold
T412,M105,SEAT4461,Available
T413,M29,SEAT1190,Sold
T414,M122,SEAT4988,Sold
T415,M135,SEAT4929,Available
T416,M6,SEAT536,Available
T417,M128,SEAT2839,Sold
T418,M112,SEAT1228,Available
T419,M157,SEAT766,Sold
T420,M58,SEAT3495,Sold
T421,M40,SEAT1387,Sold
T422,M132,SEAT4598,Sold
T423,M95,SEAT253,Available
T424,M40,SEAT2573,Sold
T425,M59,SEAT3455,Sold
T426,M114,SEAT2885,Sold
T427,M128,SEAT1541,Sold
T428,M101,SEAT2884,Available
T429,M144,SEAT4736,Available
T430,M107,SEAT722,Available
T431,M119,SEAT497,Available
T432,M175,SEAT4502,Available
T433,M156,SEAT2341,Available
T434,M21,SEAT32,Available
T435,M69,SEAT1373,Sold
T436,M71,SEAT3010,Sold
T437,M109,SEAT3510,Available
T438,M128,SEAT3570,Available
T439,M45,SEAT3248,Available
T440,M45,SEAT2842,Available
T441,M74,SEAT2835,Available
T442,M149,SEAT2414,Available
T443,M72,SEAT2636,Available
T444,M97,SEAT438,Sold
T445,M158,SEAT4689,Available
T446,M64,SEAT3937,Sold
T447,M195,SEAT2450,Sold
T448,M170,SEAT4576,Available
T449,M152,SEAT4343,Sold
T450,M188,SEAT1679,Sold
T451,M14,SEAT225,Sold
T452,M47,SEAT4380,Sold
T453,M31,SEAT3551,Sold
T454,M14,SEAT4933,Available
T455,M107,SEAT2398,Sold
T456,M42,SEAT4835,Sold
T457,M103,SEAT1527,Available
T458,M74,SEAT4788,Sold
T459,M57,SEAT4141,Available
T460,M84,SEAT3692,Available
T461,M195,SEAT1982,Available
T462,M107,SEAT412,Sold
T463,M59,SEAT4622,Sold
T464,M130,SEAT334,Available
T465,M79,SEAT2948,Sold
T466,M127,SEAT4475,Sold
T467,M161,SEAT676,Sold
T468,M159,SEAT3949,Available
T469,M179,SEAT1442,Sold
T470,M15,SEAT4569,Available
T471,M33,SEAT1207,Sold
T472,M44,SEAT2343,Sold
T473,M157,SEAT2072,Sold
T474,M172,SEAT4074,Available
T475,M18,SEAT1770,Sold
T476,M170,SEAT1043,Available
T477,M148,SEAT4349,Available
T478,M13,SEAT4135,Available
T479,M103,SEAT4551,Sold
T480,M47,SEAT2671,Sold
T481,M196,SEAT1968,Available
T482,M118,SEAT4649,Available
T483,M76,SEAT1311,Available
T484,M22,SEAT3676,Sold
T485,M83,SEAT734,Available
T486,M139,SEAT578,Available
T487,M87,SEAT2910,Sold
T488,M104,SEAT1679,Available
T489,M72,SEAT412,Sold
T490,M123,SEAT2635,Available
T491,M92,SEAT2763,Available
T492,M112,SEAT3637,Sold
T493,M74,SEAT2243,Sold
T494,M193,SEAT3196,Sold
T495,M54,SEAT3334,Available
T496,M133,SEAT3331,Available
T497,M172,SEAT307,Available
T498,M4,SEAT3788,Sold
T499,M71,SEAT2395,Available
T500,M136,SEAT928,Sold
T501,M180,SEAT767,Available
T502,M126,SEAT4997,Sold
T503,M91,SEAT4867,Available
T504,M181,SEAT3073,Sold
T505,M130,SEAT4336,Sold
T506,M2,SEAT4802,Sold
T507,M198,SEAT4754,Available
T508,M6,SEAT1896,Sold
T509,M147,SEAT4133,Available
T510,M78,SEAT1648,Available
T511,M167,SEAT1164,Sold
T512,M82,SEAT4473,Sold
T513,M114,SEAT336,Sold
T514,M153,SEAT3391,Sold
T515,M57,SEAT458,Sold
T516,M68,SEAT3130,Sold
T517,M112,SEAT2268,Available
T518,M104,SEAT1492,Available
T519,M174,SEAT1105,Sold
T520,M31,SEAT4885,Available
T521,M144,SEAT1210,Sold
T522,M136,SEAT4356,Sold
T523,M175,SEAT2769,Sold
T524,M39,SEAT3692,Sold
T525,M113,SEAT2586,Sold
T526,M64,SEAT3222,Sold
T527,M131,SEAT4147,Available
T528,M91,SEAT824,Available
T529,M169,SEAT4502,Sold
T530,M200,SEAT3094,Sold
T531,M98,SEAT4405,Sold
T532,M134,SEAT2160,Sold
T533,M51,SEAT4290,Sold
T534,M138,SEAT1530,Sold
T535,M126,SEAT776,Sold
T536,M181,SEAT2074,Available
T537,M69,SEAT111,Available
T538,M65,SEAT187,Sold
T539,M95,SEAT890,Available
T540,M162,SEAT4584,Available
T541,M104,SEAT3166,Sold
T542,M119,SEAT4650,Available
T543,M144,SEAT3757,Available
T544,M14,SEAT2897,Sold
T545,M197,SEAT1257,Sold
T546,M177,SEAT2332,Available
T547,M90,SEAT958,Sold
T548,M181,SEAT3674,Sold
T549,M97,SEAT1358,Available
T550,M46,SEAT1076,Available
T551,M36,SEAT1947,Sold
T552,M155,SEAT1304,Available
T553,M173,SEAT356,Sold
T554,M86,SEAT4363,Sold
T555,M141,SEAT1452,Sold
T556,M180,SEAT2428,Sold
T557,M44,SEAT3584,Sold
T558,M150,SEAT2791,Sold
T559,M151,SEAT667,Available
T560,M121,SEAT1323,Sold
T561,M137,SEAT3057,Available
T562,M15,SEAT29,Sold
T563,M72,SEAT1119,Sold
T564,M118,SEAT639,Available
T565,M125,SEAT2742,Sold
T566,M111,SEAT2668,Available
T567,M167,SEAT1947,Available
T568,M55,SEAT2719,Available
T569,M2,SEAT1081,Available
T570,M104,SEAT1624,Sold
T571,M152,SEAT2308,Sold
T572,M163,SEAT2799,Available
T573,M23,SEAT460,Sold
T574,M44,SEAT408,Sold
T575,M22,SEAT3847,Sold
T576,M96,SEAT3813,Available
T577,M89,SEAT2993,Available
T578,M171,SEAT1221,Sold
T579,M11,SEAT4729,Sold
T580,M133,SEAT2392,Sold
T581,M138,SEAT2511,Available
T582,M148,SEAT4471,Available
T583,M102,SEAT4281,Sold
T584,M191,SEAT4622,Available
T585,M121,SEAT256,Available
T586,M168,SEAT3773,Sold
T587,M1,SEAT4656,Available
T588,M83,SEAT169,Sold
T589,M166,SEAT4720,Sold
T590,M69,SEAT1881,Sold
T591,M157,SEAT4170,Sold
T592,M154,SEAT550,Sold
T593,M88,SEAT2464,Available
T594,M62,SEAT4574,Sold
T595,M60,SEAT957,Sold
T596,M138,SEAT3036,Available
T597,M165,SEAT2087,Sold
T598,M64,SEAT1080,Available
T599,M153,SEAT2343,Available
T600,M184,SEAT1700,Sold
T601,M53,SEAT1282,Sold
T602,M168,SEAT3086,Available
T603,M87,SEAT1524,Available
T604,M75,SEAT2698,Sold
T605,M100,SEAT1426,Sold
T606,M65,SEAT2022,Sold
T607,M83,SEAT2261,Sold
T608,M196,SEAT2159,Available
T609,M170,SEAT163,Available
T610,M2,SEAT1950,Sold
T611,M128,SEAT3077,Sold
T612,M113,SEAT297,Available
T613,M49,SEAT772,Available
T614,M4,SEAT2738,Available
T615,M175,SEAT1870,Sold
T616,M24,SEAT2273,Available
T617,M130,SEAT4897,Sold
T618,M106,SEAT4334,Available
T619,M9,SEAT3921,Available
T620,M32,SEAT4160,Sold
T621,M92,SEAT3375,Available
T622,M66,SEAT4474,Sold
T623,M33,SEAT2194,Available
T624,M11,SEAT2191,Available
T625,M122,SEAT1751,Sold
T626,M96,SEAT3765,Sold
T627,M161,SEAT3947,Sold
T628,M71,SEAT1968,Sold
T629,M56,SEAT3883,Available
T630,M154,SEAT3633,Sold
T631,M40,SEAT1376,Available
T632,M4,SEAT421,Available
T633,M99,SEAT310,Available
T634,M23,SEAT2849,Sold
T635,M166,SEAT1024,Sold
T636,M79,SEAT4180,Sold
T637,M162,SEAT3532,Available
T638,M9,SEAT3745,Sold
T639,M158,SEAT1259,Sold
T640,M173,SEAT380,Sold
T641,M125,SEAT2058,Sold
T642,M154,SEAT2050,Available
T643,M45,SEAT4799,Available
T644,M147,SEAT1641,Sold
T645,M96,SEAT2409,Sold
T646,M140,SEAT1392,Sold
T647,M100,SEAT3790,Available
T648,M9,SEAT4351,Available
T649,M27,SEAT1331,Sold
T650,M96,SEAT2906,Sold
T651,M71,SEAT1635,Available
T652,M95,SEAT1037,Available
T653,M137,SEAT2040,Sold
T654,M153,SEAT525,Available
T655,M88,SEAT2449,Sold
T656,M79,SEAT2736,Available
T657,M44,SEAT4762,Available
T658,M25,SEAT4334,Available
T659,M149,SEAT3572,Sold
T660,M162,SEAT3250,Available
T661,M146,SEAT3347,Sold
T662,M193,SEAT3922,Sold
T663,M57,SEAT3322,Sold
T664,M110,SEAT1238,Sold
T665,M102,SEAT3497,Sold
T666,M120,SEAT4581,Available
T667,M130,SEAT3050,Available
T668,M180,SEAT986,Available
T669,M54,SEAT4559,Available
T670,M41,SEAT2931,Sold
T671,M24,SEAT1870,Sold
T672,M176,SEAT177,Sold
T673,M188,SEAT4316,Sold
T674,M151,SEAT4798,Sold
T675,M78,SEAT35,Available
T676,M112,SEAT3754,Sold
T677,M123,SEAT385,Available
T678,M21,SEAT2004,Available
T679,M120,SEAT4109,Sold
T680,M47,SEAT1058,Available
T681,M120,SEAT1954,Sold
T682,M15,SEAT1404,Available
T683,M192,SEAT73,Available
T684,M36,SEAT2611,Available
T685,M83,SEAT4112,Available
T686,M77,SEAT2438,Sold
T687,M181,SEAT891,Available
T688,M171,SEAT4150,Available
T689,M25,SEAT1085,Sold
T690,M54,SEAT1300,Available
T691,M18,SEAT3470,Available
T692,M157,SEAT3275,Available
T693,M30,SEAT4678,Sold
T694,M57,SEAT193,Sold
T695,M128,SEAT3634,Available
T696,M51,SEAT2283,Available
T697,M28,SEAT3735,Available
T698,M39,SEAT1501,Available
T699,M127,SEAT2783,Sold
T700,M12,SEAT3063,Sold
T701,M171,SEAT4999,Available
T702,M165,SEAT2746,Sold
T703,M159,SEAT2321,Sold
T704,M24,SEAT2512,Available
T705,M109,SEAT3987,Available
T706,M62,SEAT4765,Available
T707,M143,SEAT637,Available
T708,M93,SEAT187,Available
T709,M127,SEAT4936,Sold
T710,M102,SEAT3156,Available
T711,M183,SEAT4440,Available
T712,M126,SEAT391,Sold
T713,M182,SEAT3315,Sold
T714,M26,SEAT2425,Sold
T715,M80,SEAT2784,Available
T716,M11,SEAT3550,Available
T717,M179,SEAT1434,Available
T718,M195,SEAT2729,Available
T719,M85,SEAT522,Sold
T720,M83,SEAT2117,Sold
T721,M68,SEAT1788,Available
T722,M130,SEAT4900,Available
T723,M165,SEAT4723,Sold
T724,M53,SEAT2449,Available
T725,M114,SEAT2309,Sold
T726,M134,SEAT2105,Available
T727,M183,SEAT43,Sold
T728,M110,SEAT1471,Sold
T729,M16,SEAT3380,Sold
T730,M113,SEAT1253,Available
T731,M90,SEAT3075,Available
T732,M133,SEAT4511,Sold
T733,M126,SEAT351,Available
T734,M9,SEAT2976,Sold
T735,M7,SEAT2224,Available
T736,M169,SEAT3110,Available
T737,M195,SEAT677,Sold
T738,M146,SEAT1205,Sold
T739,M140,SEAT2113,Sold
T740,M52,SEAT1125,Available
T741,M48,SEAT3651,Sold
T742,M50,SEAT396,Available
T743,M142,SEAT4018,Sold
T744,M193,SEAT4498,Available
T745,M7,SEAT4648,Available
T746,M109,SEAT4797,Available
T747,M59,SEAT4452,Sold
T748,M96,SEAT482,Available
T749,M128,SEAT1899,Sold
T750,M63,SEAT3763,Sold
T751,M43,SEAT3964,Available
T752,M129,SEAT4809,Available
T753,M99,SEAT4876,Sold
T754,M41,SEAT1986,Available
T755,M138,SEAT3288,Available
T756,M79,SEAT3095,Available
T757,M143,SEAT2943,Sold
T758,M83,SEAT3839,Available
T759,M52,SEAT4337,Sold
T760,M11,SEAT2056,Sold
T761,M54,SEAT1044,Sold
T762,M88,SEAT2499,Available
T763,M140,SEAT274,Sold
T764,M66,SEAT2983,Available
T765,M91,SEAT1211,Sold
T766,M184,SEAT4715,Sold
T767,M66,SEAT4487,Available
T768,M16,SEAT4039,Sold
T769,M146,SEAT669,Sold
T770,M80,SEAT3360,Available
T771,M200,SEAT4378,Sold
T772,M163,SEAT3062,Sold
T773,M186,SEAT990,Available
T774,M172,SEAT3790,Available
T775,M193,SEAT3600,Available
T776,M124,SEAT3839,Available
T777,M33,SEAT1590,Sold
T778,M20,SEAT2107,Sold
T779,M69,SEAT4992,Available
T780,M47,SEAT3940,Available
T781,M156,SEAT3262,Sold
T782,M157,SEAT2454,Sold
T783,M4,SEAT4036,Sold
T784,M180,SEAT350,Sold
T785,M33,SEAT2847,Available
T786,M119,SEAT4537,Available
T787,M149,SEAT3680,Sold
T788,M29,SEAT826,Sold
T789,M172,SEAT814,Sold
T790,M109,SEAT2397,Available
T791,M147,SEAT2448,Sold
T792,M112,SEAT880,Sold
T793,M42,SEAT227,Sold
T794,M147,SEAT1809,Sold
T795,M12,SEAT3904,Sold
T796,M78,SEAT1418,Sold
T797,M46,SEAT2312,Available
T798,M128,SEAT2206,Sold
T799,M119,SEAT4459,Sold
T800,M89,SEAT1191,Available
T801,M86,SEAT767,Sold
T802,M186,SEAT2666,Sold
T803,M73,SEAT3677,Sold
T804,M12,SEAT746,Available
T805,M168,SEAT1084,Sold
T806,M185,SEAT1120,Sold
T807,M170,SEAT940,Available
T808,M156,SEAT3674,Sold
T809,M119,SEAT689,Available
T810,M148,SEAT1568,Available
T811,M10,SEAT3890,Sold
T812,M84,SEAT4024,Available
T813,M108,SEAT256,Sold
T814,M33,SEAT2456,Sold
T815,M163,SEAT406,Sold
T816,M166,SEAT4392,Sold
T817,M171,SEAT1610,Sold
T818,M177,SEAT1702,Available
T819,M98,SEAT3201,Available
T820,M149,SEAT397,Available
T821,M155,SEAT2910,Available
T822,M96,SEAT897,Available
T823,M103,SEAT3453,Sold
T824,M126,SEAT885,Available
T825,M121,SEAT3373,Sold
T826,M155,SEAT1339,Available
T827,M173,SEAT1080,Available
T828,M111,SEAT829,Available
T829,M162,SEAT3002,Available
T830,M115,SEAT2742,Sold
T831,M167,SEAT2743,Available
T832,M167,SEAT1497,Available
T833,M195,SEAT1351,Available
T834,M38,SEAT4992,Sold
T835,M57,SEAT3718,Available
T836,M93,SEAT260,Sold
T837,M143,SEAT4442,Sold
T838,M45,SEAT2972,Sold
T839,M175,SEAT500,Available
T840,M28,SEAT3479,Available
T841,M29,SEAT3837,Available
T842,M120,SEAT1391,Sold
T843,M174,SEAT2004,Sold
T844,M11,SEAT665,Sold
T845,M195,SEAT620,Available
T846,M86,SEAT2660,Available
T847,M164,SEAT1831,Sold
T848,M107,SEAT35,Available
T849,M139,SEAT809,Sold
T850,M122,SEAT709,Sold
T851,M93,SEAT4997,Sold
T852,M121,SEAT4893,Available
T853,M9,SEAT956,Sold
T854,M48,SEAT2461,Available
T855,M188,SEAT1475,Sold
T856,M84,SEAT905,Available
T857,M133,SEAT2230,Sold
T858,M78,SEAT4511,Sold
T859,M147,SEAT4783,Available
T860,M87,SEAT2179,Available
T861,M156,SEAT3972,Available
T862,M14,SEAT2781,Sold
T863,M16,SEAT2415,Available
T864,M199,SEAT2395,Sold
T865,M70,SEAT2104,Sold
T866,M199,SEAT838,Sold
T867,M133,SEAT2976,Sold
T868,M128,SEAT1560,Sold
T869,M187,SEAT3875,Sold
T870,M60,SEAT3352,Available
T871,M52,SEAT2971,Sold
T872,M114,SEAT3562,Available
T873,M95,SEAT518,Sold
T874,M77,SEAT1205,Sold
T875,M68,SEAT3083,Available
T876,M57,SEAT4907,Available
T877,M6,SEAT4431,Sold
T878,M42,SEAT4534,Available
T879,M124,SEAT4178,Sold
T880,M96,SEAT2858,Available
T881,M190,SEAT2673,Sold
T882,M38,SEAT1841,Sold
T883,M50,SEAT33,Sold
T884,M199,SEAT2229,Available
T885,M121,SEAT2931,Available
T886,M185,SEAT47,Sold
T887,M55,SEAT22,Available
T888,M27,SEAT4721,Available
T889,M44,SEAT4579,Available
T890,M103,SEAT2463,Sold
T891,M97,SEAT2273,Available
T892,M180,SEAT3368,Sold
T893,M103,SEAT3131,Available
T894,M196,SEAT3881,Sold
T895,M14,SEAT4096,Sold
T896,M84,SEAT4136,Sold
T897,M137,SEAT3592,Sold
T898,M65,SEAT1264,Available
T899,M97,SEAT4457,Sold
T900,M3,SEAT2138,Available
T901,M63,SEAT2979,Sold
T902,M153,SEAT3543,Available
T903,M12,SEAT4974,Available
T904,M159,SEAT551,Sold
T905,M129,SEAT793,Available
T906,M101,SEAT446,Sold
T907,M34,SEAT2746,Available
T908,M8,SEAT322,Available
T909,M113,SEAT53,Sold
T910,M183,SEAT4426,Available
T911,M14,SEAT2155,Sold
T912,M89,SEAT4651,Sold
T913,M9,SEAT4036,Available
T914,M50,SEAT4991,Available
T915,M44,SEAT65,Available
T916,M122,SEAT3633,Sold
T917,M8,SEAT4600,Sold
T918,M6,SEAT114,Available
T919,M115,SEAT3819,Sold
T920,M178,SEAT1049,Available
T921,M113,SEAT3614,Sold
T922,M2,SEAT2704,Sold
T923,M61,SEAT4249,Sold
T924,M97,SEAT33,Sold
T925,M184,SEAT1370,Available
T926,M107,SEAT1732,Available
T927,M19,SEAT3532,Available
T928,M51,SEAT3659,Available
T929,M162,SEAT1098,Sold
T930,M129,SEAT2441,Sold
T931,M145,SEAT2435,Available
T932,M192,SEAT1624,Available
T933,M24,SEAT1544,Sold
T934,M25,SEAT669,Available
T935,M107,SEAT743,Sold
T936,M145,SEAT81,Available
T937,M47,SEAT688,Sold
T938,M142,SEAT2622,Available
T939,M10,SEAT3655,Available
T940,M165,SEAT3019,Available
T941,M160,SEAT681,Sold
T942,M97,SEAT1588,Sold
T943,M150,SEAT4526,Sold
T944,M33,SEAT1304,Sold
T945,M71,SEAT2016,Sold
T946,M9,SEAT1090,Available
T947,M169,SEAT3704,Sold
T948,M117,SEAT1206,Sold
T949,M138,SEAT4095,Available
T950,M116,SEAT2099,Sold
T951,M156,SEAT901,Available
T952,M51,SEAT2246,Available
T953,M104,SEAT588,Available
T954,M43,SEAT3405,Sold
T955,M89,SEAT2269,Available
T956,M50,SEAT377,Available
T957,M147,SEAT1534,Sold
T958,M181,SEAT2308,Available
T959,M126,SEAT690,Sold
T960,M136,SEAT4705,Available
T961,M188,SEAT1610,Sold
T962,M90,SEAT806,Sold
T963,M129,SEAT1251,Sold
T964,M21,SEAT1027,Sold
T965,M89,SEAT3099,Sold
T966,M72,SEAT3974,Sold
T967,M182,SEAT3580,Available
T968,M20,SEAT2950,Sold
T969,M62,SEAT4272,Available
T970,M115,SEAT1608,Sold
T971,M122,SEAT2612,Available
T972,M20,SEAT4618,Available
T973,M86,SEAT3047,Available
T974,M22,SEAT1041,Available
T975,M65,SEAT3976,Available
T976,M85,SEAT2646,Available
T977,M156,SEAT967,Sold
T978,M103,SEAT3895,Available
T979,M107,SEAT1068,Available
T980,M6,SEAT1103,Sold
T981,M82,SEAT2043,Available
T982,M95,SEAT916,Sold
T983,M127,SEAT2488,Sold
T984,M138,SEAT4081,Available
T985,M109,SEAT4977,Available
T986,M183,SEAT4075,Sold
T987,M91,SEAT1495,Sold
T988,M58,SEAT2469,Available
T989,M99,SEAT1874,Available
T990,M55,SEAT988,Available
T991,M104,SEAT1883,Available
T992,M70,SEAT1375,Sold
T993,M83,SEAT3068,Available
T994,M200,SEAT4130,Sold
T995,M109,SEAT4325,Sold
T996,M69,SEAT1577,Available
T997,M80,SEAT627,Available
T998,M178,SEAT391,Sold
T999,M136,SEAT1177,Available
T1000,M155,SEAT3872,Sold
T1001,M129,SEAT1118,Sold
T1002,M185,SEAT2873,Available
T1003,M84,SEAT614,Available
T1004,M138,SEAT170,Sold
T1005,M175,SEAT1052,Available
T1006,M112,SEAT2691,Sold
T1007,M170,SEAT4108,Sold
T1008,M160,SEAT498,Sold
T1009,M124,SEAT4447,Sold
T1010,M48,SEAT3410,Sold
T1011,M72,SEAT287,Sold
T1012,M144,SEAT392,Available
T1013,M53,SEAT4753,Sold
T1014,M43,SEAT1619,Available
T1015,M127,SEAT952,Sold
T1016,M36,SEAT49,Available
T1017,M60,SEAT1146,Sold
T1018,M129,SEAT4989,Available
T1019,M69,SEAT1300,Available
T1020,M159,SEAT2048,Sold
T1021,M101,SEAT3,Available
T1022,M164,SEAT2568,Available
T1023,M135,SEAT4237,Available
T1024,M57,SEAT1703,Sold
T1025,M27,SEAT1756,Available
T1026,M104,SEAT3731,Sold
T1027,M1,SEAT3740,Sold
T1028,M196,SEAT1029,Available
T1029,M134,SEAT2362,Available
T1030,M75,SEAT938,Sold
T1031,M117,SEAT4224,Available
T1032,M19,SEAT4116,Available
T1033,M116,SEAT2996,Sold
T1034,M130,SEAT4972,Available
T1035,M125,SEAT2665,Available
T1036,M137,SEAT4455,Available
T1037,M153,SEAT868,Available
T1038,M92,SEAT3000,Sold
T1039,M198,SEAT4206,Available
T1040,M79,SEAT958,Sold
T1041,M43,SEAT3458,Sold
T1042,M145,SEAT2367,Available
T1043,M178,SEAT1662,Sold
T1044,M190,SEAT350,Available
T1045,M55,SEAT4700,Available
T1046,M171,SEAT194,Sold
T1047,M97,SEAT2858,Available
T1048,M52,SEAT4441,Sold
T1049,M194,SEAT4017,Available
T1050,M158,SEAT297,Sold
T1051,M188,SEAT2832,Sold
T1052,M52,SEAT1726,Available
T1053,M109,SEAT2148,Sold
T1054,M146,SEAT3717,Sold
T1055,M167,SEAT890,Available
T1056,M62,SEAT374,Available
T1057,M177,SEAT1014,Sold
T1058,M149,SEAT2874,Available
T1059,M161,SEAT4237,Sold
T1060,M125,SEAT1732,Available
T1061,M114,SEAT2796,Sold
T1062,M198,SEAT4245,Available
T1063,M186,SEAT3087,Available
T1064,M23,SEAT4575,Sold
T1065,M19,SEAT1247,Sold
T1066,M140,SEAT30,Available
T1067,M121,SEAT3241,Sold
T1068,M78,SEAT2406,Available
T1069,M198,SEAT2194,Sold
T1070,M86,SEAT2491,Sold
T1071,M48,SEAT4371,Sold
T1072,M53,SEAT1271,Available
T1073,M118,SEAT2942,Sold
T1074,M21,SEAT2993,Available
T1075,M182,SEAT437,Sold
T1076,M182,SEAT4909,Sold
T1077,M27,SEAT2312,Sold
T1078,M76,SEAT1647,Available
T1079,M72,SEAT3617,Available
T1080,M95,SEAT2789,Available
T1081,M122,SEAT3284,Available
T1082,M64,SEAT1361,Sold
T1083,M12,SEAT2390,Sold
T1084,M133,SEAT3124,Sold
T1085,M7,SEAT3850,Sold
T1086,M147,SEAT2253,Available
T1087,M179,SEAT2305,Available
T1088,M152,SEAT2520,Sold
T1089,M199,SEAT4038,Available
T1090,M155,SEAT1990,Sold
T1091,M145,SEAT1829,Sold
T1092,M86,SEAT3873,Sold
T1093,M102,SEAT3910,Available
T1094,M72,SEAT2659,Available
T1095,M187,SEAT1809,Available
T1096,M132,SEAT1763,Available
T1097,M154,SEAT2436,Sold
T1098,M91,SEAT2195,Sold
T1099,M148,SEAT1929,Available
T1100,M62,SEAT4130,Sold
T1101,M163,SEAT2875,Sold
T1102,M154,SEAT2568,Sold
T1103,M61,SEAT1654,Sold
T1104,M6,SEAT4569,Available
T1105,M32,SEAT2253,Available
T1106,M136,SEAT2781,Available
T1107,M152,SEAT455,Available
T1108,M51,SEAT952,Available
T1109,M110,SEAT1410,Sold
T1110,M138,SEAT3685,Available
T1111,M1,SEAT3289,Sold
T1112,M41,SEAT136,Sold
T1113,M87,SEAT3637,Available
T1114,M85,SEAT3521,Available
T1115,M185,SEAT1643,Sold
T1116,M126,SEAT1214,Sold
T1117,M94,SEAT145,Sold
T1118,M28,SEAT2526,Sold
T1119,M103,SEAT3187,Sold
T1120,M180,SEAT2065,Sold
T1121,M27,SEAT704,Available
T1122,M150,SEAT2649,Available
T1123,M84,SEAT3173,Sold
T1124,M122,SEAT4664,Sold
T1125,M39,SEAT2539,Available
T1126,M13,SEAT3184,Sold
T1127,M138,SEAT3299,Sold
T1128,M5,SEAT4669,Sold
T1129,M109,SEAT341,Available
T1130,M105,SEAT4671,Sold
T1131,M10,SEAT3366,Sold
T1132,M67,SEAT2839,Available
T1133,M3,SEAT4666,Available
T1134,M163,SEAT2235,Available
T1135,M176,SEAT1851,Sold
T1136,M136,SEAT3656,Sold
T1137,M188,SEAT3349,Sold
T1138,M79,SEAT4598,Available
T1139,M180,SEAT2793,Sold
T1140,M57,SEAT4579,Available
T1141,M28,SEAT2294,Available
T1142,M65,SEAT3096,Sold
T1143,M151,SEAT2927,Available
T1144,M101,SEAT2488,Sold
T1145,M135,SEAT3002,Sold
T1146,M17,SEAT1999,Sold
T1147,M15,SEAT3,Available
T1148,M107,SEAT1598,Available
T1149,M14,SEAT3412,Sold
T1150,M33,SEAT2075,Sold
T1151,M143,SEAT1462,Sold
T1152,M78,SEAT213,Available
T1153,M16,SEAT776,Available
T1154,M123,SEAT648,Available
T1155,M87,SEAT1876,Available
T1156,M157,SEAT2710,Available
T1157,M56,SEAT552,Available
T1158,M73,SEAT4656,Sold
T1159,M173,SEAT624,Available
T1160,M151,SEAT881,Available
T1161,M97,SEAT1928,Available
T1162,M188,SEAT4725,Available
T1163,M71,SEAT588,Sold
T1164,M171,SEAT3194,Sold
T1165,M3,SEAT884,Available
T1166,M199,SEAT4249,Sold
T1167,M93,SEAT2014,Sold
T1168,M165,SEAT4151,Sold
T1169,M168,SEAT792,Available
T1170,M125,SEAT3505,Available
T1171,M190,SEAT4863,Available
T1172,M91,SEAT4346,Sold
T1173,M64,SEAT4839,Sold
T1174,M117,SEAT564,Available
T1175,M190,SEAT302,Available
T1176,M143,SEAT2567,Available
T1177,M77,SEAT4493,Available
T1178,M30,SEAT1492,Available
T1179,M73,SEAT4378,Available
T1180,M72,SEAT2834,Available
T1181,M77,SEAT2599,Sold
T1182,M158,SEAT3576,Sold
T1183,M41,SEAT1509,Available
T1184,M1,SEAT4423,Sold
T1185,M2,SEAT2083,Available
T1186,M125,SEAT2046,Available
T1187,M159,SEAT3244,Available
T1188,M171,SEAT479,Sold
T1189,M79,SEAT1289,Available
T1190,M167,SEAT280,Available
T1191,M56,SEAT1244,Sold
T1192,M53,SEAT2338,Sold
T1193,M129,SEAT1535,Sold
T1194,M7,SEAT1329,Sold
T1195,M54,SEAT4439,Sold
T1196,M184,SEAT3494,Sold
T1197,M191,SEAT2220,Sold
T1198,M112,SEAT4692,Available
T1199,M65,SEAT788,Available
T1200,M129,SEAT324,Sold
T1201,M71,SEAT3524,Available
T1202,M22,SEAT4802,Available
T1203,M2,SEAT3421,Available
T1204,M111,SEAT474,Sold
T1205,M111,SEAT2890,Available
T1206,M9,SEAT4934,Sold
T1207,M115,SEAT1306,Sold
T1208,M181,SEAT4162,Sold
T1209,M190,SEAT4212,Available
T1210,M42,SEAT4519,Available
T1211,M141,SEAT1900,Sold
T1212,M33,SEAT614,Available
T1213,M181,SEAT4703,Available
T1214,M110,SEAT4425,Sold
T1215,M94,SEAT4444,Available
T1216,M170,SEAT3885,Sold
T1217,M77,SEAT4947,Sold
T1218,M144,SEAT3176,Available
T1219,M158,SEAT563,Sold
T1220,M143,SEAT2493,Available
T1221,M149,SEAT3809,Sold
T1222,M172,SEAT2218,Sold
T1223,M94,SEAT1819,Sold
T1224,M20,SEAT646,Sold
T1225,M104,SEAT936,Sold
T1226,M135,SEAT777,Available
T1227,M125,SEAT1395,Available
T1228,M136,SEAT4232,Sold
T1229,M170,SEAT663,Available
T1230,M122,SEAT226,Sold
T1231,M119,SEAT1352,Sold
T1232,M65,SEAT2858,Available
T1233,M198,SEAT1156,Sold
T1234,M62,SEAT541,Available
T1235,M11,SEAT1415,Available
T1236,M88,SEAT3199,Available
T1237,M37,SEAT954,Sold
T1238,M66,SEAT4561,Available
T1239,M193,SEAT2775,Available
T1240,M64,SEAT1190,Sold
T1241,M148,SEAT3985,Sold
T1242,M144,SEAT4922,Available
T1243,M198,SEAT4212,Sold
T1244,M186,SEAT3469,Sold
T1245,M34,SEAT1144,Sold
T1246,M198,SEAT2010,Sold
T1247,M140,SEAT4024,Sold
T1248,M116,SEAT66,Available
T1249,M149,SEAT1717,Sold
T1250,M97,SEAT90,Sold
T1251,M1,SEAT2939,Available
T1252,M199,SEAT3926,Sold
T1253,M121,SEAT572,Sold
T1254,M196,SEAT1956,Sold
T1255,M171,SEAT2841,Sold
T1256,M47,SEAT4840,Sold
T1257,M148,SEAT3429,Sold
T1258,M46,SEAT1815,Available
T1259,M14,SEAT683,Sold
T1260,M29,SEAT1307,Available
T1261,M105,SEAT232,Available
T1262,M147,SEAT1462,Sold
T1263,M180,SEAT1246,Available
T1264,M168,SEAT2140,Sold
T1265,M191,SEAT2972,Available
T1266,M10,SEAT509,Sold
T1267,M39,SEAT4144,Sold
T1268,M90,SEAT1684,Sold
T1269,M141,SEAT3548,Available
T1270,M140,SEAT816,Sold
T1271,M156,SEAT706,Sold
T1272,M78,SEAT2765,Sold
T1273,M117,SEAT482,Sold
T1274,M132,SEAT2570,Available
T1275,M95,SEAT4200,Available
T1276,M183,SEAT1691,Sold
T1277,M18,SEAT581,Available
T1278,M186,SEAT272,Sold
T1279,M6,SEAT3236,Available
T1280,M187,SEAT4577,Sold
T1281,M199,SEAT1605,Sold
T1282,M114,SEAT496,Available
T1283,M20,SEAT4256,Available
T1284,M22,SEAT3430,Available
T1285,M85,SEAT4816,Sold
T1286,M75,SEAT1081,Sold
T1287,M92,SEAT4379,Available
T1288,M115,SEAT3715,Sold
T1289,M33,SEAT692,Available
T1290,M170,SEAT2280,Sold
T1291,M183,SEAT636,Sold
T1292,M69,SEAT2492,Available
T1293,M120,SEAT3116,Sold
T1294,M125,SEAT2660,Available
T1295,M131,SEAT211,Available
T1296,M67,SEAT784,Sold
T1297,M136,SEAT1455,Sold
T1298,M173,SEAT3846,Available
T1299,M25,SEAT3725,Available
T1300,M185,SEAT317,Sold
T1301,M188,SEAT4956,Available
T1302,M131,SEAT4625,Available
T1303,M105,SEAT302,Sold
T1304,M99,SEAT4628,Sold
T1305,M75,SEAT4274,Sold
T1306,M163,SEAT371,Available
T1307,M197,SEAT2922,Available
T1308,M84,SEAT885,Sold
T1309,M191,SEAT2979,Sold
T1310,M198,SEAT2893,Sold
T1311,M9,SEAT164,Available
T1312,M37,SEAT3063,Sold
T1313,M117,SEAT2383,Available
T1314,M170,SEAT4317,Available
T1315,M171,SEAT1000,Available
T1316,M80,SEAT2440,Sold
T1317,M62,SEAT4190,Available
T1318,M29,SEAT4061,Available
T1319,M44,SEAT4220,Available
T1320,M84,SEAT77,Available
T1321,M177,SEAT2720,Sold
T1322,M151,SEAT3079,Sold
T1323,M34,SEAT4874,Available
T1324,M34,SEAT3149,Sold
T1325,M50,SEAT2214,Available
T1326,M86,SEAT3904,Sold
T1327,M152,SEAT1793,Sold
T1328,M198,SEAT720,Available
T1329,M163,SEAT2987,Available
T1330,M187,SEAT1614,Sold
T1331,M36,SEAT2458,Sold
T1332,M9,SEAT2326,Sold
T1333,M54,SEAT1765,Sold
T1334,M26,SEAT2447,Sold
T1335,M68,SEAT3175,Available
T1336,M66,SEAT4814,Available
T1337,M68,SEAT1620,Sold
T1338,M120,SEAT1808,Available
T1339,M61,SEAT3174,Available
T1340,M21,SEAT3862,Available
T1341,M157,SEAT4573,Sold
T1342,M182,SEAT487,Available
T1343,M104,SEAT1300,Available
T1344,M83,SEAT2881,Sold
T1345,M61,SEAT3872,Available
T1346,M178,SEAT1741,Sold
T1347,M122,SEAT645,Sold
T1348,M49,SEAT4000,Available
T1349,M111,SEAT2492,Sold
T1350,M53,SEAT908,Sold
T1351,M184,SEAT4017,Sold
T1352,M189,SEAT80,Sold
T1353,M97,SEAT4580,Sold
T1354,M111,SEAT4081,Available
T1355,M4,SEAT3128,Available
T1356,M114,SEAT2781,Sold
T1357,M68,SEAT4899,Sold
T1358,M152,SEAT4598,Available
T1359,M8,SEAT4327,Available
T1360,M116,SEAT3585,Sold
T1361,M6,SEAT3195,Available
T1362,M32,SEAT3103,Available
T1363,M45,SEAT1387,Sold
T1364,M166,SEAT2133,Sold
T1365,M70,SEAT283,Available
T1366,M142,SEAT1111,Available
T1367,M176,SEAT1506,Available
T1368,M200,SEAT809,Sold
T1369,M27,SEAT3502,Available
T1370,M167,SEAT1742,Available
T1371,M33,SEAT1778,Available
T1372,M78,SEAT4746,Available
T1373,M9,SEAT4215,Sold
T1374,M5,SEAT761,Available
T1375,M80,SEAT4665,Available
T1376,M60,SEAT3433,Available
T1377,M122,SEAT3154,Available
T1378,M159,SEAT4766,Available
T1379,M157,SEAT4460,Available
T1380,M173,SEAT483,Available
T1381,M141,SEAT1022,Sold
T1382,M32,SEAT738,Available
T1383,M51,SEAT4180,Available
T1384,M178,SEAT2201,Available
T1385,M94,SEAT3150,Sold
T1386,M80,SEAT1410,Available
T1387,M65,SEAT140,Sold
T1388,M48,SEAT950,Sold
T1389,M185,SEAT71,Available
T1390,M95,SEAT387,Available
T1391,M174,SEAT1614,Sold
T1392,M49,SEAT3919,Available
T1393,M116,SEAT2587,Available
T1394,M25,SEAT4046,Sold
T1395,M8,SEAT1283,Available
T1396,M108,SEAT3259,Available
T1397,M185,SEAT1731,Available
T1398,M179,SEAT3979,Available
T1399,M121,SEAT3282,Sold
T1400,M88,SEAT4872,Sold
T1401,M13,SEAT1835,Sold
T1402,M140,SEAT2320,Available
T1403,M142,SEAT3080,Available
T1404,M44,SEAT606,Available
T1405,M183,SEAT1031,Available
T1406,M96,SEAT1327,Sold
T1407,M67,SEAT782,Sold
T1408,M121,SEAT4892,Available
T1409,M16,SEAT770,Available
T1410,M166,SEAT3242,Available
T1411,M80,SEAT1281,Sold
T1412,M104,SEAT2588,Sold
T1413,M156,SEAT1679,Sold
T1414,M10,SEAT908,Available
T1415,M33,SEAT3667,Available
T1416,M192,SEAT2653,Sold
T1417,M3,SEAT657,Available
T1418,M69,SEAT1773,Sold
T1419,M45,SEAT8,Available
T1420,M63,SEAT4036,Available
T1421,M63,SEAT1837,Available
T1422,M113,SEAT1801,Sold
T1423,M87,SEAT4212,Available
T1424,M186,SEAT1062,Sold
T1425,M82,SEAT4543,Available
T1426,M73,SEAT1270,Sold
T1427,M10,SEAT2064,Sold
T1428,M23,SEAT3094,Sold
T1429,M146,SEAT960,Available
T1430,M85,SEAT3265,Sold
T1431,M163,SEAT3275,Sold
T1432,M23,SEAT3143,Available
T1433,M36,SEAT1174,Sold
T1434,M4,SEAT2155,Available
T1435,M104,SEAT1189,Available
T1436,M169,SEAT293,Available
T1437,M99,SEAT614,Sold
T1438,M131,SEAT1437,Sold
T1439,M88,SEAT3871,Available
T1440,M97,SEAT2942,Sold
T1441,M140,SEAT1341,Available
T1442,M107,SEAT4294,Available
T1443,M46,SEAT4344,Sold
T1444,M183,SEAT1704,Sold
T1445,M95,SEAT1324,Available
T1446,M47,SEAT4748,Sold
T1447,M71,SEAT682,Available
T1448,M195,SEAT4070,Sold
T1449,M20,SEAT2673,Sold
T1450,M11,SEAT4831,Available
T1451,M164,SEAT505,Sold
T1452,M173,SEAT4891,Sold
T1453,M120,SEAT1081,Sold
T1454,M72,SEAT4982,Available
T1455,M6,SEAT547,Sold
T1456,M59,SEAT4810,Sold
T1457,M162,SEAT1827,Sold
T1458,M76,SEAT3308,Available
T1459,M157,SEAT572,Available
T1460,M156,SEAT1449,Available
T1461,M126,SEAT4303,Sold
T1462,M176,SEAT843,Sold
T1463,M43,SEAT505,Available
T1464,M1,SEAT3457,Sold
T1465,M165,SEAT4493,Available
T1466,M66,SEAT2371,Available
T1467,M171,SEAT4773,Available
T1468,M114,SEAT4868,Available
T1469,M112,SEAT1323,Sold
T1470,M82,SEAT824,Sold
T1471,M104,SEAT2377,Sold
T1472,M158,SEAT3003,Sold
T1473,M48,SEAT4629,Available
T1474,M8,SEAT293,Available
T1475,M165,SEAT2740,Sold
T1476,M4,SEAT4618,Sold
T1477,M59,SEAT4480,Sold
T1478,M98,SEAT1896,Sold
T1479,M112,SEAT3267,Sold
T1480,M94,SEAT2001,Available
T1481,M77,SEAT3858,Sold
T1482,M92,SEAT20,Available
T1483,M138,SEAT139,Sold
T1484,M133,SEAT3040,Sold
T1485,M64,SEAT8,Available
T1486,M161,SEAT4125,Sold
T1487,M191,SEAT4986,Sold
T1488,M103,SEAT711,Sold
T1489,M1,SEAT4515,Available
T1490,M135,SEAT3524,Available
T1491,M6,SEAT3556,Sold
T1492,M101,SEAT3673,Sold
T1493,M113,SEAT4188,Available
T1494,M71,SEAT3991,Sold
T1495,M5,SEAT497,Sold
T1496,M128,SEAT1940,Available
T1497,M77,SEAT4315,Sold
T1498,M75,SEAT1860,Available
T1499,M195,SEAT1124,Sold
T1500,M91,SEAT3878,Available
T1501,M91,SEAT3159,Available
T1502,M24,SEAT2058,Available
T1503,M130,SEAT119,Sold
T1504,M116,SEAT606,Available
T1505,M2,SEAT3464,Available
T1506,M67,SEAT332,Available
T1507,M183,SEAT4987,Sold
T1508,M68,SEAT1462,Sold
T1509,M28,SEAT4880,Sold
T1510,M104,SEAT4387,Sold
T1511,M105,SEAT1892,Available
T1512,M166,SEAT3314,Sold
T1513,M82,SEAT2335,Sold
T1514,M166,SEAT471,Sold
T1515,M147,SEAT2753,Available
T1516,M187,SEAT3062,Sold
T1517,M172,SEAT1334,Available
T1518,M168,SEAT1946,Sold
T1519,M39,SEAT2082,Sold
T1520,M131,SEAT345,Sold
T1521,M140,SEAT2795,Available
T1522,M189,SEAT3937,Available
T1523,M72,SEAT363,Available
T1524,M71,SEAT1617,Sold
T1525,M127,SEAT1938,Available
T1526,M39,SEAT1792,Available
T1527,M124,SEAT4022,Sold
T1528,M131,SEAT882,Available
T1529,M167,SEAT1164,Available
T1530,M137,SEAT4001,Sold
T1531,M83,SEAT1717,Sold
T1532,M137,SEAT3224,Available
T1533,M160,SEAT2161,Sold
T1534,M178,SEAT553,Sold
T1535,M79,SEAT3949,Available
T1536,M144,SEAT3141,Available
T1537,M68,SEAT2912,Sold
T1538,M191,SEAT2423,Sold
T1539,M73,SEAT1399,Sold
T1540,M123,SEAT3305,Available
T1541,M69,SEAT2111,Sold
T1542,M14,SEAT3865,Sold
T1543,M5,SEAT3960,Sold
T1544,M14,SEAT4700,Sold
T1545,M23,SEAT1694,Available
T1546,M149,SEAT4501,Sold
T1547,M75,SEAT4193,Sold
T1548,M43,SEAT4058,Available
T1549,M136,SEAT2342,Available
T1550,M72,SEAT4577,Available
T1551,M185,SEAT897,Available
T1552,M162,SEAT1371,Available
T1553,M134,SEAT775,Available
T1554,M90,SEAT3584,Available
T1555,M25,SEAT2719,Available
T1556,M142,SEAT637,Available
T1557,M83,SEAT3158,Sold
T1558,M188,SEAT114,Available
T1559,M44,SEAT2524,Sold
T1560,M188,SEAT3768,Available
T1561,M55,SEAT2372,Sold
T1562,M34,SEAT167,Sold
T1563,M25,SEAT4870,Available
T1564,M142,SEAT3469,Sold
T1565,M170,SEAT1971,Available
T1566,M124,SEAT4712,Sold
T1567,M173,SEAT4455,Sold
T1568,M189,SEAT3027,Available
T1569,M164,SEAT371,Sold
T1570,M8,SEAT1081,Sold
T1571,M72,SEAT1157,Available
T1572,M29,SEAT1214,Available
T1573,M187,SEAT1418,Available
T1574,M125,SEAT2927,Sold
T1575,M136,SEAT2739,Sold
T1576,M186,SEAT2565,Available
T1577,M41,SEAT4858,Sold
T1578,M179,SEAT1082,Available
T1579,M5,SEAT1373,Sold
T1580,M81,SEAT4183,Available
T1581,M56,SEAT2236,Available
T1582,M143,SEAT4887,Sold
T1583,M122,SEAT1978,Sold
T1584,M176,SEAT1211,Sold
T1585,M75,SEAT1515,Sold
T1586,M131,SEAT2981,Available
T1587,M20,SEAT4626,Available
T1588,M102,SEAT3378,Available
T1589,M58,SEAT2371,Available
T1590,M42,SEAT498,Available
T1591,M169,SEAT2736,Sold
T1592,M199,SEAT1050,Sold
T1593,M145,SEAT495,Available
T1594,M81,SEAT2649,Available
T1595,M199,SEAT4481,Sold
T1596,M15,SEAT3257,Available
T1597,M142,SEAT2673,Available
T1598,M58,SEAT2499,Available
T1599,M55,SEAT2226,Available
T1600,M136,SEAT627,Available
T1601,M197,SEAT1091,Sold
T1602,M99,SEAT4695,Sold
T1603,M14,SEAT3304,Available
T1604,M183,SEAT1729,Sold
T1605,M106,SEAT3885,Available
T1606,M44,SEAT687,Available
T1607,M47,SEAT1866,Available
T1608,M176,SEAT3544,Available
T1609,M43,SEAT1935,Available
T1610,M142,SEAT3825,Sold
T1611,M55,SEAT1122,Available
T1612,M128,SEAT2490,Sold
T1613,M55,SEAT174,Available
T1614,M63,SEAT3470,Available
T1615,M125,SEAT3865,Available
T1616,M123,SEAT2659,Available
T1617,M23,SEAT235,Available
T1618,M74,SEAT3531,Available
T1619,M164,SEAT4353,Available
T1620,M108,SEAT123,Available
T1621,M199,SEAT2413,Available
T1622,M45,SEAT314,Available
T1623,M120,SEAT1084,Available
T1624,M177,SEAT2532,Available
T1625,M73,SEAT4793,Available
T1626,M43,SEAT3708,Available
T1627,M163,SEAT1690,Sold
T1628,M97,SEAT1009,Available
T1629,M119,SEAT1000,Available
T1630,M160,SEAT1398,Available
T1631,M82,SEAT2033,Sold
T1632,M21,SEAT1171,Sold
T1633,M131,SEAT30,Sold
T1634,M179,SEAT37,Available
T1635,M8,SEAT2845,Available
T1636,M195,SEAT1103,Available
T1637,M53,SEAT1123,Sold
T1638,M77,SEAT4247,Sold
T1639,M21,SEAT4136,Available
T1640,M73,SEAT2760,Sold
T1641,M49,SEAT1289,Available
T1642,M41,SEAT1527,Available
T1643,M139,SEAT76,Sold
T1644,M30,SEAT22,Sold
T1645,M2,SEAT773,Sold
T1646,M165,SEAT1716,Sold
T1647,M102,SEAT3619,Sold
T1648,M101,SEAT3673,Sold
T1649,M38,SEAT763,Available
T1650,M133,SEAT3575,Available
T1651,M119,SEAT192,Available
T1652,M82,SEAT117,Sold
T1653,M104,SEAT1730,Sold
T1654,M160,SEAT1304,Sold
T1655,M85,SEAT1886,Sold
T1656,M150,SEAT1170,Available
T1657,M12,SEAT4078,Sold
T1658,M18,SEAT4580,Available
T1659,M119,SEAT3567,Available
T1660,M46,SEAT368,Available
T1661,M11,SEAT4555,Available
T1662,M97,SEAT3181,Available
T1663,M153,SEAT2296,Sold
T1664,M111,SEAT589,Available
T1665,M179,SEAT1839,Sold
T1666,M52,SEAT1686,Sold
T1667,M18,SEAT2129,Sold
T1668,M46,SEAT1356,Available
T1669,M177,SEAT3176,Sold
T1670,M181,SEAT2209,Sold
T1671,M7,SEAT2353,Sold
T1672,M116,SEAT1771,Available
T1673,M199,SEAT1476,Sold
T1674,M176,SEAT1943,Sold
T1675,M150,SEAT4470,Available
T1676,M142,SEAT3623,Available
T1677,M29,SEAT4368,Available
T1678,M189,SEAT4300,Available
T1679,M90,SEAT643,Sold
T1680,M2,SEAT3143,Available
T1681,M125,SEAT2735,Available
T1682,M192,SEAT1957,Sold
T1683,M39,SEAT1002,Available
T1684,M53,SEAT3787,Available
T1685,M134,SEAT3307,Available
T1686,M192,SEAT2215,Sold
T1687,M131,SEAT2218,Sold
T1688,M153,SEAT520,Sold
T1689,M132,SEAT458,Available
T1690,M148,SEAT2492,Sold
T1691,M8,SEAT1058,Available
T1692,M4,SEAT2451,Sold
T1693,M131,SEAT1471,Available
T1694,M162,SEAT1381,Sold
T1695,M153,SEAT580,Available
T1696,M115,SEAT4422,Available
T1697,M143,SEAT4473,Sold
T1698,M170,SEAT1711,Sold
T1699,M199,SEAT3270,Available
T1700,M133,SEAT2931,Sold
T1701,M2,SEAT4985,Sold
T1702,M144,SEAT1267,Available
T1703,M72,SEAT818,Sold
T1704,M131,SEAT2891,Sold
T1705,M49,SEAT2220,Available
T1706,M88,SEAT1591,Sold
T1707,M149,SEAT3565,Sold
T1708,M4,SEAT3594,Available
T1709,M171,SEAT136,Sold
T1710,M186,SEAT4698,Available
T1711,M133,SEAT221,Available
T1712,M63,SEAT3138,Available
T1713,M174,SEAT4739,Available
T1714,M141,SEAT2544,Sold
T1715,M146,SEAT1068,Available
T1716,M66,SEAT2954,Sold
T1717,M152,SEAT2743,Sold
T1718,M49,SEAT4819,Available
T1719,M46,SEAT1794,Available
T1720,M102,SEAT4674,Sold
T1721,M199,SEAT3505,Sold
T1722,M93,SEAT1569,Sold
T1723,M35,SEAT3976,Available
T1724,M109,SEAT1973,Available
T1725,M142,SEAT968,Sold
T1726,M183,SEAT3568,Sold
T1727,M125,SEAT4776,Sold
T1728,M60,SEAT1994,Sold
T1729,M197,SEAT1890,Sold
T1730,M10,SEAT1020,Available
T1731,M109,SEAT2624,Sold
T1732,M186,SEAT2280,Available
T1733,M27,SEAT4178,Sold
T1734,M194,SEAT4024,Sold
T1735,M84,SEAT1981,Sold
T1736,M114,SEAT2805,Sold
T1737,M67,SEAT3549,Available
T1738,M44,SEAT537,Sold
T1739,M26,SEAT4317,Sold
T1740,M36,SEAT4466,Available
T1741,M17,SEAT1404,Sold
T1742,M178,SEAT3778,Available
T1743,M9,SEAT3718,Available
T1744,M39,SEAT1190,Available
T1745,M23,SEAT1579,Available
T1746,M58,SEAT4253,Sold
T1747,M130,SEAT963,Available
T1748,M59,SEAT4109,Sold
T1749,M32,SEAT3071,Available
T1750,M46,SEAT1200,Available
T1751,M43,SEAT2364,Available
T1752,M107,SEAT3604,Available
T1753,M128,SEAT3431,Available
T1754,M119,SEAT1871,Sold
T1755,M122,SEAT781,Available
T1756,M191,SEAT1938,Sold
T1757,M182,SEAT2049,Sold
T1758,M108,SEAT268,Sold
T1759,M17,SEAT856,Sold
T1760,M166,SEAT1893,Available
T1761,M168,SEAT765,Available
T1762,M119,SEAT4744,Sold
T1763,M135,SEAT3189,Available
T1764,M106,SEAT4159,Sold
T1765,M65,SEAT254,Available
T1766,M159,SEAT4348,Sold
T1767,M88,SEAT633,Available
T1768,M78,SEAT2021,Available
T1769,M50,SEAT3563,Sold
T1770,M88,SEAT2937,Available
T1771,M138,SEAT3050,Sold
T1772,M42,SEAT4220,Available
T1773,M106,SEAT3157,Sold
T1774,M175,SEAT3169,Available
T1775,M132,SEAT656,Available
T1776,M143,SEAT4991,Sold
T1777,M99,SEAT4115,Available
T1778,M130,SEAT1208,Sold
T1779,M52,SEAT2848,Sold
T1780,M126,SEAT4680,Available
T1781,M3,SEAT3730,Sold
T1782,M29,SEAT1842,Sold
T1783,M165,SEAT4812,Available
T1784,M153,SEAT49,Available
T1785,M131,SEAT1168,Sold
T1786,M120,SEAT970,Sold
T1787,M194,SEAT4325,Available
T1788,M28,SEAT319,Available
T1789,M144,SEAT807,Available
T1790,M20,SEAT4212,Sold
T1791,M170,SEAT776,Available
T1792,M78,SEAT4891,Available
T1793,M4,SEAT4005,Sold
T1794,M149,SEAT4168,Available
T1795,M16,SEAT399,Sold
T1796,M98,SEAT1278,Available
T1797,M120,SEAT4153,Available
T1798,M122,SEAT3148,Sold
T1799,M183,SEAT2303,Sold
T1800,M18,SEAT903,Available
T1801,M184,SEAT2066,Sold
T1802,M9,SEAT4604,Available
T1803,M33,SEAT4064,Sold
T1804,M147,SEAT3379,Available
T1805,M91,SEAT4562,Sold
T1806,M22,SEAT4537,Sold
T1807,M10,SEAT705,Available
T1808,M130,SEAT4433,Available
T1809,M150,SEAT1872,Available
T1810,M186,SEAT4348,Available
T1811,M164,SEAT4906,Sold
T1812,M141,SEAT608,Available
T1813,M76,SEAT3450,Sold
T1814,M40,SEAT269,Sold
T1815,M120,SEAT2124,Available
T1816,M134,SEAT3703,Available
T1817,M132,SEAT1920,Available
T1818,M139,SEAT3533,Sold
T1819,M38,SEAT4820,Sold
T1820,M74,SEAT15,Available
T1821,M159,SEAT3157,Sold
T1822,M44,SEAT412,Available
T1823,M51,SEAT189,Available
T1824,M80,SEAT4648,Sold
T1825,M181,SEAT2472,Available
T1826,M89,SEAT3631,Sold
T1827,M70,SEAT3971,Available
T1828,M116,SEAT3118,Available
T1829,M107,SEAT2736,Available
T1830,M136,SEAT194,Available
T1831,M94,SEAT1501,Available
T1832,M147,SEAT3031,Sold
T1833,M3,SEAT535,Available
T1834,M137,SEAT3334,Sold
T1835,M34,SEAT4018,Available
T1836,M9,SEAT787,Available
T1837,M112,SEAT2877,Sold
T1838,M106,SEAT816,Sold
T1839,M118,SEAT2541,Sold
T1840,M29,SEAT1872,Available
T1841,M196,SEAT1588,Sold
T1842,M180,SEAT750,Available
T1843,M134,SEAT3844,Available
T1844,M62,SEAT16,Available
T1845,M136,SEAT3227,Available
T1846,M76,SEAT4966,Sold
T1847,M137,SEAT1426,Available
T1848,M102,SEAT2344,Sold
T1849,M96,SEAT3323,Available
T1850,M181,SEAT2220,Sold
T1851,M44,SEAT525,Available
T1852,M148,SEAT2031,Available
T1853,M160,SEAT2535,Available
T1854,M160,SEAT2392,Available
T1855,M145,SEAT4954,Available
T1856,M135,SEAT320,Sold
T1857,M119,SEAT4305,Sold
T1858,M78,SEAT4515,Available
T1859,M187,SEAT437,Available
T1860,M38,SEAT4821,Available
T1861,M159,SEAT2959,Sold
T1862,M117,SEAT1908,Available
T1863,M32,SEAT925,Available
T1864,M5,SEAT1769,Sold
T1865,M158,SEAT652,Available
T1866,M78,SEAT731,Available
T1867,M99,SEAT2309,Available
T1868,M137,SEAT1969,Available
T1869,M76,SEAT4946,Available
T1870,M25,SEAT1985,Available
T1871,M132,SEAT2078,Available
T1872,M4,SEAT2976,Available
T1873,M170,SEAT1932,Sold
T1874,M14,SEAT1409,Available
T1875,M182,SEAT1121,Sold
T1876,M59,SEAT3732,Available
T1877,M115,SEAT4706,Sold
T1878,M13,SEAT1088,Available
T1879,M171,SEAT521,Sold
T1880,M60,SEAT2569,Sold
T1881,M1,SEAT4501,Sold
T1882,M168,SEAT4701,Available
T1883,M175,SEAT3773,Available
T1884,M93,SEAT1930,Available
T1885,M63,SEAT3970,Sold
T1886,M60,SEAT4645,Available
T1887,M151,SEAT1923,Sold
T1888,M64,SEAT191,Available
T1889,M127,SEAT3404,Sold
T1890,M104,SEAT1773,Sold
T1891,M69,SEAT3201,Available
T1892,M178,SEAT2534,Available
T1893,M176,SEAT3537,Sold
T1894,M197,SEAT1133,Sold
T1895,M106,SEAT3342,Available
T1896,M35,SEAT3345,Available
T1897,M157,SEAT662,Available
T1898,M28,SEAT846,Sold
T1899,M175,SEAT2629,Sold
T1900,M191,SEAT928,Sold
T1901,M45,SEAT1038,Sold
T1902,M29,SEAT2928,Sold
T1903,M89,SEAT4474,Sold
T1904,M58,SEAT388,Sold
T1905,M186,SEAT4285,Sold
T1906,M172,SEAT1610,Sold
T1907,M175,SEAT3078,Sold
T1908,M66,SEAT1369,Available
T1909,M48,SEAT3506,Sold
T1910,M86,SEAT3791,Sold
T1911,M123,SEAT3093,Available
T1912,M181,SEAT175,Available
T1913,M125,SEAT1771,Sold
T1914,M146,SEAT1978,Available
T1915,M18,SEAT3080,Available
T1916,M59,SEAT1396,Available
T1917,M160,SEAT1226,Sold
T1918,M76,SEAT1781,Available
T1919,M161,SEAT5,Available
T1920,M182,SEAT320,Sold
T1921,M39,SEAT2813,Sold
T1922,M195,SEAT1332,Sold
T1923,M22,SEAT1810,Available
T1924,M78,SEAT2062,Sold
T1925,M9,SEAT1715,Sold
T1926,M115,SEAT4097,Sold
T1927,M175,SEAT2545,Available
T1928,M33,SEAT4082,Sold
T1929,M52,SEAT3809,Available
T1930,M61,SEAT4500,Available
T1931,M145,SEAT3350,Available
T1932,M71,SEAT1957,Sold
T1933,M28,SEAT4493,Available
T1934,M19,SEAT3833,Sold
T1935,M144,SEAT1436,Available
T1936,M27,SEAT1090,Available
T1937,M130,SEAT2921,Available
T1938,M48,SEAT4757,Available
T1939,M95,SEAT2607,Sold
T1940,M197,SEAT3843,Sold
T1941,M156,SEAT2968,Sold
T1942,M84,SEAT2015,Sold
T1943,M4,SEAT587,Sold
T1944,M173,SEAT1076,Sold
T1945,M199,SEAT4551,Available
T1946,M118,SEAT1487,Sold
T1947,M163,SEAT3985,Sold
T1948,M193,SEAT1722,Sold
T1949,M110,SEAT3562,Sold
T1950,M91,SEAT1206,Available
T1951,M20,SEAT371,Available
T1952,M126,SEAT161,Available
T1953,M61,SEAT4960,Available
T1954,M196,SEAT4082,Available
T1955,M131,SEAT509,Sold
T1956,M45,SEAT4800,Sold
T1957,M47,SEAT2240,Sold
T1958,M20,SEAT844,Available
T1959,M195,SEAT3748,Sold
T1960,M68,SEAT4554,Sold
T1961,M160,SEAT4594,Available
T1962,M119,SEAT4880,Sold
T1963,M183,SEAT1667,Available
T1964,M21,SEAT4219,Available
T1965,M152,SEAT4130,Sold
T1966,M79,SEAT3736,Available
T1967,M141,SEAT2713,Sold
T1968,M117,SEAT4276,Available
T1969,M53,SEAT1550,Available
T1970,M32,SEAT678,Sold
T1971,M145,SEAT4191,Available
T1972,M58,SEAT508,Sold
T1973,M195,SEAT4728,Available
T1974,M148,SEAT3348,Sold
T1975,M179,SEAT4222,Available
T1976,M102,SEAT3645,Sold
T1977,M51,SEAT2798,Sold
T1978,M1,SEAT1506,Available
T1979,M52,SEAT3942,Sold
T1980,M3,SEAT2271,Sold
T1981,M118,SEAT567,Available
T1982,M126,SEAT3299,Sold
T1983,M155,SEAT1129,Available
T1984,M52,SEAT76,Sold
T1985,M92,SEAT856,Sold
T1986,M86,SEAT4260,Available
T1987,M104,SEAT4374,Sold
T1988,M10,SEAT2912,Available
T1989,M77,SEAT1317,Available
T1990,M52,SEAT146,Sold
T1991,M67,SEAT482,Sold
T1992,M72,SEAT2884,Available
T1993,M20,SEAT891,Sold
T1994,M5,SEAT3823,Available
T1995,M11,SEAT2642,Sold
T1996,M182,SEAT4302,Available
T1997,M11,SEAT4761,Sold
T1998,M140,SEAT130,Available
T1999,M125,SEAT2355,Sold
T2000,M169,SEAT1711,Sold
T2001,M167,SEAT318,Available
T2002,M31,SEAT96,Sold
T2003,M32,SEAT83,Sold
T2004,M51,SEAT4627,Available
T2005,M49,SEAT3765,Sold
T2006,M31,SEAT3810,Available
T2007,M186,SEAT1802,Sold
T2008,M87,SEAT3470,Available
T2009,M165,SEAT4645,Sold
T2010,M38,SEAT2621,Sold
T2011,M179,SEAT3505,Sold
T2012,M84,SEAT3704,Available
T2013,M163,SEAT661,Sold
T2014,M105,SEAT3360,Sold
T2015,M75,SEAT1139,Sold
T2016,M59,SEAT4350,Sold
T2017,M152,SEAT3043,Available
T2018,M125,SEAT94,Available
T2019,M137,SEAT2305,Sold
T2020,M155,SEAT2739,Sold
T2021,M48,SEAT61,Sold
T2022,M39,SEAT1408,Available
T2023,M74,SEAT791,Available
T2024,M192,SEAT4971,Sold
T2025,M131,SEAT3225,Sold
T2026,M84,SEAT3557,Available
T2027,M194,SEAT1461,Sold
T2028,M156,SEAT3179,Available
T2029,M98,SEAT3167,Sold
T2030,M111,SEAT4545,Available
T2031,M172,SEAT3880,Available
T2032,M125,SEAT3880,Sold
T2033,M92,SEAT2286,Sold
T2034,M106,SEAT4392,Sold
T2035,M9,SEAT3904,Available
T2036,M182,SEAT201,Sold
T2037,M193,SEAT3932,Sold
T2038,M124,SEAT1142,Sold
T2039,M56,SEAT3715,Available
T2040,M170,SEAT2235,Sold
T2041,M113,SEAT2038,Available
T2042,M41,SEAT4980,Available
T2043,M146,SEAT1575,Available
T2044,M122,SEAT3064,Available
T2045,M26,SEAT4022,Available
T2046,M152,SEAT2417,Available
T2047,M119,SEAT54,Sold
T2048,M95,SEAT691,Sold
T2049,M37,SEAT196,Sold
T2050,M198,SEAT1811,Available
T2051,M18,SEAT2193,Sold
T2052,M123,SEAT556,Sold
T2053,M68,SEAT229,Sold
T2054,M112,SEAT640,Sold
T2055,M4,SEAT4536,Available
T2056,M185,SEAT220,Sold
T2057,M3,SEAT977,Available
T2058,M143,SEAT4942,Sold
T2059,M88,SEAT3713,Available
T2060,M12,SEAT2077,Sold
T2061,M136,SEAT824,Sold
T2062,M69,SEAT4611,Available
T2063,M172,SEAT1428,Sold
T2064,M77,SEAT89,Available
T2065,M176,SEAT371,Sold
T2066,M51,SEAT2601,Sold
T2067,M73,SEAT1320,Available
T2068,M174,SEAT3908,Available
T2069,M127,SEAT4304,Sold
T2070,M30,SEAT4770,Available
T2071,M182,SEAT3854,Sold
T2072,M195,SEAT2135,Available
T2073,M68,SEAT1870,Sold
T2074,M6,SEAT2733,Sold
T2075,M158,SEAT3012,Sold
T2076,M152,SEAT2963,Sold
T2077,M7,SEAT4729,Available
T2078,M151,SEAT3442,Available
T2079,M99,SEAT2501,Available
T2080,M189,SEAT224,Available
T2081,M192,SEAT4535,Available
T2082,M140,SEAT4752,Sold
T2083,M166,SEAT3892,Available
T2084,M125,SEAT4400,Available
T2085,M37,SEAT4857,Sold
T2086,M21,SEAT3968,Available
T2087,M190,SEAT928,Sold
T2088,M54,SEAT2427,Available
T2089,M47,SEAT4797,Available
T2090,M154,SEAT3877,Available
T2091,M162,SEAT1305,Sold
T2092,M19,SEAT4241,Sold
T2093,M122,SEAT3447,Sold
T2094,M55,SEAT4251,Sold
T2095,M12,SEAT761,Sold
T2096,M156,SEAT1135,Available
T2097,M152,SEAT104,Available
T2098,M176,SEAT2225,Available
T2099,M66,SEAT3151,Sold
T2100,M159,SEAT3119,Sold
T2101,M1,SEAT2365,Available
T2102,M200,SEAT1044,Sold
T2103,M115,SEAT3246,Sold
T2104,M143,SEAT896,Sold
T2105,M185,SEAT1178,Sold
T2106,M74,SEAT1410,Sold
T2107,M107,SEAT3691,Available
T2108,M194,SEAT3702,Available
T2109,M149,SEAT424,Sold
T2110,M161,SEAT2784,Sold
T2111,M148,SEAT380,Sold
T2112,M48,SEAT2215,Available
T2113,M147,SEAT897,Available
T2114,M107,SEAT784,Sold
T2115,M99,SEAT172,Available
T2116,M183,SEAT3114,Available
T2117,M86,SEAT3059,Sold
T2118,M120,SEAT3723,Sold
T2119,M179,SEAT2995,Sold
T2120,M84,SEAT2525,Available
T2121,M107,SEAT1370,Sold
T2122,M145,SEAT2983,Sold
T2123,M122,SEAT3563,Sold
T2124,M155,SEAT3178,Sold
T2125,M76,SEAT3233,Sold
T2126,M76,SEAT1965,Sold
T2127,M53,SEAT453,Sold
T2128,M111,SEAT1862,Available
T2129,M6,SEAT1104,Available
T2130,M85,SEAT2273,Available
T2131,M57,SEAT2315,Available
T2132,M148,SEAT239,Sold
T2133,M153,SEAT3016,Sold
T2134,M151,SEAT1087,Sold
T2135,M144,SEAT903,Sold
T2136,M58,SEAT433,Available
T2137,M155,SEAT2700,Available
T2138,M96,SEAT1151,Sold
T2139,M5,SEAT3601,Available
T2140,M196,SEAT3132,Available
T2141,M49,SEAT1199,Sold
T2142,M43,SEAT4709,Sold
T2143,M22,SEAT4303,Sold
T2144,M101,SEAT3756,Available
T2145,M124,SEAT1436,Available
T2146,M175,SEAT1048,Available
T2147,M11,SEAT614,Sold
T2148,M92,SEAT2943,Available
T2149,M36,SEAT154,Sold
T2150,M134,SEAT2605,Sold
T2151,M40,SEAT4165,Sold
T2152,M166,SEAT4,Available
T2153,M132,SEAT3029,Available
T2154,M80,SEAT1319,Available
T2155,M132,SEAT2209,Available
T2156,M58,SEAT4629,Available
T2157,M145,SEAT2913,Sold
T2158,M111,SEAT645,Sold
T2159,M165,SEAT4539,Available
T2160,M81,SEAT4930,Sold
T2161,M160,SEAT2481,Sold
T2162,M60,SEAT2960,Sold
T2163,M18,SEAT3726,Sold
T2164,M115,SEAT839,Available
T2165,M91,SEAT2653,Sold
T2166,M95,SEAT4863,Available
T2167,M147,SEAT622,Sold
T2168,M23,SEAT4765,Sold
T2169,M152,SEAT3698,Sold
T2170,M132,SEAT4761,Available
T2171,M40,SEAT4546,Sold
T2172,M154,SEAT2034,Available
T2173,M15,SEAT1955,Sold
T2174,M105,SEAT4407,Available
T2175,M91,SEAT4371,Sold
T2176,M152,SEAT3237,Sold
T2177,M118,SEAT4573,Sold
T2178,M133,SEAT3484,Sold
T2179,M84,SEAT653,Sold
T2180,M40,SEAT3513,Available
T2181,M114,SEAT3288,Available
T2182,M50,SEAT842,Available
T2183,M88,SEAT2723,Sold
T2184,M129,SEAT4972,Available
T2185,M68,SEAT2008,Sold
T2186,M140,SEAT3026,Sold
T2187,M70,SEAT2344,Available
T2188,M82,SEAT1780,Sold
T2189,M78,SEAT1027,Sold
T2190,M147,SEAT4248,Sold
T2191,M175,SEAT4136,Sold
T2192,M199,SEAT3942,Sold
T2193,M145,SEAT589,Sold
T2194,M91,SEAT200,Available
T2195,M161,SEAT2101,Sold
T2196,M111,SEAT4588,Sold
T2197,M37,SEAT3127,Sold
T2198,M187,SEAT1513,Sold
T2199,M7,SEAT814,Available
T2200,M186,SEAT2929,Sold
T2201,M171,SEAT1478,Sold
T2202,M51,SEAT4716,Sold
T2203,M15,SEAT4538,Sold
T2204,M200,SEAT4659,Available
T2205,M178,SEAT1672,Available
T2206,M150,SEAT1801,Available
T2207,M105,SEAT1163,Available
T2208,M164,SEAT3485,Available
T2209,M29,SEAT1456,Available
T2210,M104,SEAT1687,Available
T2211,M168,SEAT3151,Sold
T2212,M103,SEAT1903,Available
T2213,M45,SEAT1985,Sold
T2214,M162,SEAT3711,Available
T2215,M80,SEAT552,Available
T2216,M112,SEAT2947,Sold
T2217,M17,SEAT2801,Sold
T2218,M16,SEAT3188,Available
T2219,M59,SEAT139,Available
T2220,M17,SEAT150,Sold
T2221,M151,SEAT3733,Sold
T2222,M125,SEAT2760,Sold
T2223,M16,SEAT2822,Sold
T2224,M84,SEAT4264,Available
T2225,M45,SEAT4906,Sold
T2226,M109,SEAT4590,Available
T2227,M42,SEAT4476,Available
T2228,M52,SEAT385,Available
T2229,M105,SEAT243,Sold
T2230,M128,SEAT1711,Available
T2231,M9,SEAT4475,Sold
T2232,M104,SEAT2082,Available
T2233,M177,SEAT702,Available
T2234,M159,SEAT3652,Sold
T2235,M8,SEAT4093,Sold
T2236,M98,SEAT2492,Sold
T2237,M143,SEAT4809,Available
T2238,M88,SEAT4639,Sold
T2239,M76,SEAT4179,Available
T2240,M182,SEAT1688,Sold
T2241,M37,SEAT2201,Sold
T2242,M172,SEAT1663,Available
T2243,M28,SEAT2822,Sold
T2244,M29,SEAT1090,Available
T2245,M49,SEAT2314,Sold
T2246,M64,SEAT2462,Available
T2247,M171,SEAT1640,Available
T2248,M120,SEAT684,Sold
T2249,M46,SEAT4426,Available
T2250,M1,SEAT1136,Available
T2251,M78,SEAT4232,Available
T2252,M153,SEAT3412,Sold
T2253,M95,SEAT4584,Available
T2254,M49,SEAT2675,Available
T2255,M171,SEAT4507,Available
T2256,M141,SEAT363,Available
T2257,M136,SEAT2483,Sold
T2258,M166,SEAT2493,Sold
T2259,M120,SEAT2102,Available
T2260,M134,SEAT3346,Sold
T2261,M11,SEAT4964,Available
T2262,M27,SEAT2247,Available
T2263,M172,SEAT297,Sold
T2264,M141,SEAT4658,Sold
T2265,M140,SEAT2116,Sold
T2266,M158,SEAT1100,Available
T2267,M22,SEAT1918,Sold
T2268,M108,SEAT1696,Available
T2269,M34,SEAT26,Available
T2270,M169,SEAT4822,Sold
T2271,M47,SEAT4144,Sold
T2272,M17,SEAT1817,Available
T2273,M122,SEAT1284,Sold
T2274,M133,SEAT845,Sold
T2275,M133,SEAT487,Sold
T2276,M101,SEAT2313,Sold
T2277,M58,SEAT2447,Sold
T2278,M89,SEAT1149,Sold
T2279,M109,SEAT4872,Available
T2280,M45,SEAT2987,Sold
T2281,M15,SEAT4169,Available
T2282,M2,SEAT571,Sold
T2283,M181,SEAT1945,Sold
T2284,M160,SEAT3901,Available
T2285,M107,SEAT2083,Sold
T2286,M74,SEAT2644,Sold
T2287,M189,SEAT4651,Sold
T2288,M174,SEAT1378,Sold
T2289,M183,SEAT2403,Sold
T2290,M123,SEAT122,Available
T2291,M33,SEAT2881,Available
T2292,M57,SEAT4644,Sold
T2293,M48,SEAT2807,Sold
T2294,M165,SEAT1804,Available
T2295,M21,SEAT3509,Sold
T2296,M124,SEAT726,Available
T2297,M42,SEAT2534,Available
T2298,M148,SEAT2353,Sold
T2299,M52,SEAT2099,Available
T2300,M138,SEAT2555,Available
T2301,M198,SEAT1160,Available
T2302,M166,SEAT352,Sold
T2303,M182,SEAT1813,Sold
T2304,M9,SEAT4774,Available
T2305,M121,SEAT2430,Sold
T2306,M32,SEAT968,Sold
T2307,M133,SEAT182,Sold
T2308,M149,SEAT3285,Sold
T2309,M147,SEAT1715,Available
T2310,M41,SEAT3207,Sold
T2311,M179,SEAT4283,Sold
T2312,M17,SEAT2315,Available
T2313,M176,SEAT2049,Available
T2314,M39,SEAT1713,Available
T2315,M122,SEAT4747,Available
T2316,M160,SEAT3642,Sold
T2317,M183,SEAT3152,Available
T2318,M30,SEAT3567,Available
T2319,M105,SEAT856,Sold
T2320,M2,SEAT2683,Available
T2321,M100,SEAT1120,Sold
T2322,M71,SEAT265,Sold
T2323,M175,SEAT2759,Sold
T2324,M41,SEAT3195,Sold
T2325,M164,SEAT4056,Available
T2326,M189,SEAT2073,Sold
T2327,M175,SEAT4618,Available
T2328,M106,SEAT2634,Sold
T2329,M53,SEAT4351,Sold
T2330,M163,SEAT4391,Available
T2331,M199,SEAT2837,Sold
T2332,M24,SEAT1658,Sold
T2333,M192,SEAT3095,Sold
T2334,M59,SEAT1219,Sold
T2335,M86,SEAT2534,Sold
T2336,M180,SEAT905,Available
T2337,M77,SEAT3465,Available
T2338,M48,SEAT4954,Available
T2339,M9,SEAT2438,Sold
T2340,M40,SEAT4788,Sold
T2341,M33,SEAT4299,Available
T2342,M36,SEAT1104,Sold
T2343,M128,SEAT901,Available
T2344,M163,SEAT314,Available
T2345,M5,SEAT1757,Sold
T2346,M116,SEAT677,Sold
T2347,M115,SEAT2186,Available
T2348,M119,SEAT881,Sold
T2349,M94,SEAT4659,Available
T2350,M7,SEAT4936,Sold
T2351,M131,SEAT2640,Sold
T2352,M117,SEAT2144,Available
T2353,M149,SEAT493,Available
T2354,M30,SEAT3358,Available
T2355,M144,SEAT1725,Available
T2356,M98,SEAT2089,Available
T2357,M75,SEAT3514,Available
T2358,M198,SEAT2245,Available
T2359,M30,SEAT716,Sold
T2360,M138,SEAT666,Sold
T2361,M187,SEAT2786,Sold
T2362,M89,SEAT1361,Sold
T2363,M180,SEAT3179,Sold
T2364,M74,SEAT4184,Available
T2365,M68,SEAT2186,Available
T2366,M131,SEAT2097,Sold
T2367,M194,SEAT1776,Sold
T2368,M43,SEAT1727,Sold
T2369,M97,SEAT266,Sold
T2370,M106,SEAT4952,Sold
T2371,M36,SEAT1781,Available
T2372,M2,SEAT9,Sold
T2373,M183,SEAT58,Available
T2374,M173,SEAT3580,Available
T2375,M105,SEAT2458,Sold
T2376,M197,SEAT1730,Sold
T2377,M35,SEAT3275,Sold
T2378,M149,SEAT1292,Available
T2379,M146,SEAT4930,Available
T2380,M127,SEAT1325,Available
T2381,M149,SEAT1409,Available
T2382,M58,SEAT1019,Sold
T2383,M16,SEAT2862,Available
T2384,M180,SEAT3606,Available
T2385,M117,SEAT4822,Sold
T2386,M13,SEAT796,Available
T2387,M86,SEAT4711,Sold
T2388,M152,SEAT1340,Available
T2389,M152,SEAT1617,Available
T2390,M139,SEAT833,Sold
T2391,M127,SEAT4560,Available
T2392,M57,SEAT2882,Available
T2393,M31,SEAT3077,Available
T2394,M18,SEAT644,Available
T2395,M117,SEAT3992,Available
T2396,M92,SEAT2177,Available
T2397,M61,SEAT4006,Sold
T2398,M4,SEAT1152,Sold
T2399,M86,SEAT3293,Available
T2400,M165,SEAT2132,Available
T2401,M187,SEAT2429,Sold
T2402,M184,SEAT3045,Available
T2403,M132,SEAT4037,Sold
T2404,M88,SEAT769,Sold
T2405,M146,SEAT4053,Sold
T2406,M121,SEAT1359,Available
T2407,M81,SEAT631,Available
T2408,M123,SEAT3776,Sold
T2409,M116,SEAT3710,Available
T2410,M39,SEAT618,Sold
T2411,M164,SEAT2766,Available
T2412,M150,SEAT2579,Available
T2413,M80,SEAT3933,Sold
T2414,M58,SEAT61,Sold
T2415,M51,SEAT4278,Sold
T2416,M139,SEAT1961,Sold
T2417,M128,SEAT4359,Available
T2418,M174,SEAT3815,Sold
T2419,M118,SEAT4792,Sold
T2420,M199,SEAT1720,Available
T2421,M152,SEAT490,Available
T2422,M121,SEAT354,Sold
T2423,M85,SEAT3097,Available
T2424,M106,SEAT3669,Sold
T2425,M190,SEAT387,Sold
T2426,M200,SEAT4819,Available
T2427,M151,SEAT2743,Available
T2428,M187,SEAT218,Available
T2429,M72,SEAT918,Available
T2430,M88,SEAT4587,Sold
T2431,M47,SEAT971,Available
T2432,M19,SEAT3684,Sold
T2433,M127,SEAT3567,Sold
T2434,M160,SEAT1750,Available
T2435,M20,SEAT163,Available
T2436,M180,SEAT3927,Sold
T2437,M182,SEAT2391,Sold
T2438,M188,SEAT990,Sold
T2439,M116,SEAT3039,Available
T2440,M114,SEAT4768,Sold
T2441,M14,SEAT1298,Available
T2442,M53,SEAT1370,Sold
T2443,M181,SEAT2652,Available
T2444,M175,SEAT1414,Available
T2445,M26,SEAT3292,Sold
T2446,M197,SEAT4264,Sold
T2447,M57,SEAT4109,Available
T2448,M117,SEAT3677,Sold
T2449,M26,SEAT924,Available
T2450,M183,SEAT2037,Sold
T2451,M196,SEAT1301,Sold
T2452,M75,SEAT4503,Sold
T2453,M151,SEAT416,Sold
T2454,M188,SEAT4213,Sold
T2455,M181,SEAT2011,Available
T2456,M154,SEAT1481,Available
T2457,M130,SEAT1024,Sold
T2458,M153,SEAT1643,Available
T2459,M182,SEAT1317,Available
T2460,M193,SEAT2486,Sold
T2461,M41,SEAT1567,Available
T2462,M180,SEAT4847,Available
T2463,M16,SEAT3710,Sold
T2464,M108,SEAT1515,Sold
T2465,M111,SEAT498,Sold
T2466,M85,SEAT1655,Available
T2467,M111,SEAT3938,Sold
T2468,M19,SEAT4136,Available
T2469,M134,SEAT4749,Available
T2470,M138,SEAT4731,Available
T2471,M31,SEAT1702,Sold
T2472,M158,SEAT94,Sold
T2473,M100,SEAT202,Sold
T2474,M180,SEAT753,Available
T2475,M33,SEAT2942,Available
T2476,M6,SEAT2059,Available
T2477,M32,SEAT2434,Available
T2478,M165,SEAT1034,Sold
T2479,M21,SEAT4134,Available
T2480,M14,SEAT3382,Available
T2481,M200,SEAT816,Sold
T2482,M20,SEAT4336,Sold
T2483,M44,SEAT3474,Available
T2484,M120,SEAT3256,Available
T2485,M24,SEAT1792,Available
T2486,M191,SEAT3036,Sold
T2487,M162,SEAT4994,Available
T2488,M180,SEAT1224,Sold
T2489,M64,SEAT2727,Sold
T2490,M192,SEAT4264,Sold
T2491,M198,SEAT2494,Available
T2492,M19,SEAT4930,Available
T2493,M19,SEAT1140,Sold
T2494,M115,SEAT1198,Sold
T2495,M54,SEAT1816,Sold
T2496,M74,SEAT957,Sold
T2497,M56,SEAT2196,Available
T2498,M4,SEAT2619,Available
T2499,M75,SEAT3472,Sold
T2500,M185,SEAT1239,Available
T2501,M191,SEAT2530,Available
T2502,M118,SEAT3700,Available
T2503,M157,SEAT1384,Sold
T2504,M26,SEAT38,Sold
T2505,M66,SEAT2660,Sold
T2506,M110,SEAT3083,Sold
T2507,M124,SEAT3208,Sold
T2508,M86,SEAT4085,Sold
T2509,M101,SEAT4970,Sold
T2510,M127,SEAT814,Available
T2511,M11,SEAT3397,Sold
T2512,M163,SEAT4960,Available
T2513,M132,SEAT4553,Sold
T2514,M135,SEAT2492,Sold
T2515,M10,SEAT3883,Sold
T2516,M138,SEAT2332,Sold
T2517,M192,SEAT1550,Sold
T2518,M136,SEAT2565,Sold
T2519,M184,SEAT2403,Sold
T2520,M149,SEAT4360,Available
T2521,M37,SEAT854,Sold
T2522,M73,SEAT3222,Available
T2523,M67,SEAT1358,Available
T2524,M93,SEAT1657,Available
T2525,M43,SEAT3546,Available
T2526,M131,SEAT318,Available
T2527,M52,SEAT1319,Sold
T2528,M161,SEAT1014,Sold
T2529,M23,SEAT1143,Sold
T2530,M160,SEAT3343,Sold
T2531,M162,SEAT4279,Sold
T2532,M194,SEAT4680,Available
T2533,M125,SEAT2219,Available
T2534,M69,SEAT1116,Sold
T2535,M99,SEAT2098,Sold
T2536,M155,SEAT4116,Sold
T2537,M93,SEAT571,Sold
T2538,M161,SEAT171,Available
T2539,M66,SEAT2536,Available
T2540,M101,SEAT2664,Sold
T2541,M119,SEAT4289,Available
T2542,M47,SEAT2128,Sold
T2543,M40,SEAT3735,Sold
T2544,M8,SEAT183,Available
T2545,M132,SEAT4714,Available
T2546,M14,SEAT3239,Sold
T2547,M10,SEAT2532,Sold
T2548,M62,SEAT4313,Available
T2549,M154,SEAT3173,Available
T2550,M121,SEAT2467,Available
T2551,M180,SEAT4105,Sold
T2552,M121,SEAT1075,Sold
T2553,M172,SEAT1336,Available
T2554,M169,SEAT984,Available
T2555,M184,SEAT3608,Available
T2556,M100,SEAT4952,Sold
T2557,M148,SEAT4364,Available
T2558,M110,SEAT3977,Available
T2559,M39,SEAT1262,Sold
T2560,M94,SEAT2034,Sold
T2561,M63,SEAT4041,Available
T2562,M93,SEAT31,Available
T2563,M26,SEAT1172,Sold
T2564,M2,SEAT4192,Sold
T2565,M139,SEAT3019,Sold
T2566,M139,SEAT4215,Sold
T2567,M20,SEAT3255,Available
T2568,M20,SEAT916,Available
T2569,M143,SEAT3899,Sold
T2570,M121,SEAT1854,Available
T2571,M110,SEAT2456,Sold
T2572,M102,SEAT721,Sold
T2573,M111,SEAT2250,Available
T2574,M185,SEAT1460,Sold
T2575,M103,SEAT1023,Sold
T2576,M48,SEAT910,Available
T2577,M187,SEAT3727,Available
T2578,M84,SEAT3363,Sold
T2579,M48,SEAT1144,Available
T2580,M198,SEAT3211,Available
T2581,M91,SEAT4018,Available
T2582,M55,SEAT3467,Available
T2583,M169,SEAT768,Available
T2584,M91,SEAT574,Available
T2585,M1,SEAT3185,Sold
T2586,M195,SEAT2195,Sold
T2587,M67,SEAT433,Sold
T2588,M58,SEAT50,Available
T2589,M180,SEAT1527,Available
T2590,M65,SEAT4717,Sold
T2591,M194,SEAT3386,Available
T2592,M140,SEAT2108,Sold
T2593,M75,SEAT3164,Sold
T2594,M159,SEAT4774,Sold
T2595,M133,SEAT4963,Available
T2596,M77,SEAT2082,Sold
T2597,M198,SEAT4687,Sold
T2598,M44,SEAT4097,Sold
T2599,M100,SEAT4812,Available
T2600,M98,SEAT1210,Sold
T2601,M197,SEAT1352,Sold
T2602,M176,SEAT3744,Available
T2603,M118,SEAT1069,Sold
T2604,M77,SEAT3043,Available
T2605,M92,SEAT4569,Sold
T2606,M56,SEAT1151,Sold
T2607,M21,SEAT3841,Sold
T2608,M40,SEAT3699,Available
T2609,M21,SEAT4484,Sold
T2610,M118,SEAT4692,Available
T2611,M88,SEAT4877,Available
T2612,M55,SEAT2957,Sold
T2613,M55,SEAT1632,Sold
T2614,M117,SEAT4047,Available
T2615,M196,SEAT4876,Available
T2616,M15,SEAT1966,Available
T2617,M200,SEAT3181,Sold
T2618,M27,SEAT1178,Sold
T2619,M102,SEAT5,Available
T2620,M52,SEAT3947,Available
T2621,M100,SEAT1902,Sold
T2622,M80,SEAT4157,Sold
T2623,M17,SEAT3437,Sold
T2624,M32,SEAT378,Available
T2625,M193,SEAT3294,Available
T2626,M67,SEAT2089,Available
T2627,M80,SEAT1087,Available
T2628,M80,SEAT3691,Sold
T2629,M194,SEAT4650,Available
T2630,M172,SEAT3167,Available
T2631,M160,SEAT875,Available
T2632,M80,SEAT4809,Available
T2633,M76,SEAT3686,Available
T2634,M132,SEAT3900,Available
T2635,M76,SEAT3691,Sold
T2636,M174,SEAT810,Available
T2637,M144,SEAT4027,Available
T2638,M65,SEAT779,Available
T2639,M5,SEAT3265,Sold
T2640,M171,SEAT4992,Sold
T2641,M158,SEAT4414,Sold
T2642,M55,SEAT3896,Sold
T2643,M45,SEAT2997,Sold
T2644,M85,SEAT851,Available
T2645,M114,SEAT2380,Available
T2646,M193,SEAT1004,Available
T2647,M40,SEAT2354,Available
T2648,M10,SEAT2981,Sold
T2649,M37,SEAT4696,Available
T2650,M13,SEAT1914,Sold
T2651,M63,SEAT3240,Sold
T2652,M135,SEAT1672,Available
T2653,M99,SEAT4662,Available
T2654,M54,SEAT2533,Available
T2655,M185,SEAT4053,Available
T2656,M46,SEAT2174,Sold
T2657,M173,SEAT3073,Sold
T2658,M12,SEAT2060,Sold
T2659,M63,SEAT342,Sold
T2660,M93,SEAT1614,Sold
T2661,M98,SEAT4505,Available
T2662,M38,SEAT2523,Available
T2663,M155,SEAT3954,Available
T2664,M27,SEAT2455,Sold
T2665,M191,SEAT2529,Sold
T2666,M96,SEAT2135,Sold
T2667,M46,SEAT2798,Available
T2668,M141,SEAT3619,Available
T2669,M72,SEAT364,Sold
T2670,M88,SEAT3046,Sold
T2671,M124,SEAT1556,Available
T2672,M190,SEAT891,Available
T2673,M74,SEAT1847,Sold
T2674,M43,SEAT401,Available
T2675,M173,SEAT4564,Available
T2676,M149,SEAT2514,Sold
T2677,M63,SEAT417,Sold
T2678,M101,SEAT1207,Sold
T2679,M33,SEAT4045,Sold
T2680,M104,SEAT3760,Available
T2681,M141,SEAT54,Sold
T2682,M126,SEAT4735,Sold
T2683,M8,SEAT3350,Sold
T2684,M141,SEAT3068,Available
T2685,M91,SEAT2315,Sold
T2686,M9,SEAT4394,Sold
T2687,M165,SEAT1846,Sold
T2688,M121,SEAT2550,Available
T2689,M17,SEAT51,Available
T2690,M94,SEAT2450,Sold
T2691,M174,SEAT186,Available
T2692,M33,SEAT3631,Sold
T2693,M179,SEAT2840,Available
T2694,M39,SEAT4523,Sold
T2695,M146,SEAT3557,Available
T2696,M78,SEAT3334,Available
T2697,M194,SEAT4533,Sold
T2698,M160,SEAT1349,Sold
T2699,M14,SEAT1793,Sold
T2700,M110,SEAT162,Available
T2701,M112,SEAT1111,Available
T2702,M41,SEAT4363,Available
T2703,M100,SEAT4549,Sold
T2704,M52,SEAT206,Available
T2705,M189,SEAT3804,Available
T2706,M22,SEAT3595,Available
T2707,M26,SEAT4968,Available
T2708,M57,SEAT3277,Available
T2709,M19,SEAT3563,Sold
T2710,M94,SEAT571,Available
T2711,M28,SEAT914,Sold
T2712,M52,SEAT2523,Sold
T2713,M154,SEAT2027,Sold
T2714,M169,SEAT620,Available
T2715,M102,SEAT1138,Sold
T2716,M188,SEAT3268,Available
T2717,M9,SEAT1760,Sold
T2718,M163,SEAT4702,Available
T2719,M98,SEAT242,Available
T2720,M142,SEAT700,Available
T2721,M107,SEAT2447,Available
T2722,M125,SEAT664,Sold
T2723,M177,SEAT3568,Sold
T2724,M161,SEAT3051,Available
T2725,M121,SEAT4986,Available
T2726,M195,SEAT1234,Available
T2727,M16,SEAT2598,Sold
T2728,M198,SEAT748,Sold
T2729,M65,SEAT1046,Available
T2730,M49,SEAT4737,Available
T2731,M185,SEAT4018,Sold
T2732,M93,SEAT4385,Sold
T2733,M195,SEAT3297,Sold
T2734,M143,SEAT2238,Sold
T2735,M108,SEAT3480,Available
T2736,M42,SEAT4390,Available
T2737,M76,SEAT2705,Available
T2738,M157,SEAT444,Available
T2739,M73,SEAT2051,Available
T2740,M134,SEAT1896,Available
T2741,M137,SEAT4936,Sold
T2742,M168,SEAT1948,Available
T2743,M124,SEAT859,Sold
T2744,M90,SEAT2249,Available
T2745,M98,SEAT1163,Available
T2746,M162,SEAT4382,Sold
T2747,M134,SEAT3553,Sold
T2748,M158,SEAT2859,Available
T2749,M57,SEAT4361,Sold
T2750,M25,SEAT1511,Available
T2751,M187,SEAT183,Sold
T2752,M16,SEAT885,Available
T2753,M101,SEAT1360,Available
T2754,M22,SEAT618,Sold
T2755,M196,SEAT1147,Sold
T2756,M151,SEAT2629,Available
T2757,M119,SEAT4379,Sold
T2758,M102,SEAT1300,Available
T2759,M1,SEAT995,Available
T2760,M166,SEAT2051,Sold
T2761,M65,SEAT4464,Available
T2762,M70,SEAT976,Sold
T2763,M51,SEAT2339,Sold
T2764,M22,SEAT4623,Sold
T2765,M78,SEAT3253,Available
T2766,M176,SEAT203,Sold
T2767,M181,SEAT2809,Available
T2768,M92,SEAT1695,Available
T2769,M58,SEAT442,Sold
T2770,M122,SEAT3862,Available
T2771,M79,SEAT2970,Sold
T2772,M113,SEAT1240,Sold
T2773,M6,SEAT1882,Sold
T2774,M71,SEAT1862,Available
T2775,M110,SEAT2086,Sold
T2776,M183,SEAT1544,Available
T2777,M176,SEAT4418,Available
T2778,M190,SEAT1929,Available
T2779,M34,SEAT4871,Sold
T2780,M153,SEAT2149,Available
T2781,M38,SEAT99,Sold
T2782,M62,SEAT4039,Sold
T2783,M140,SEAT1976,Sold
T2784,M147,SEAT1133,Sold
T2785,M13,SEAT4836,Available
T2786,M44,SEAT2571,Available
T2787,M82,SEAT913,Available
T2788,M33,SEAT2386,Available
T2789,M90,SEAT2200,Sold
T2790,M12,SEAT813,Sold
T2791,M138,SEAT2471,Sold
T2792,M123,SEAT4576,Available
T2793,M60,SEAT4695,Sold
T2794,M11,SEAT1093,Sold
T2795,M120,SEAT1281,Available
T2796,M157,SEAT4013,Available
T2797,M76,SEAT3776,Sold
T2798,M166,SEAT4407,Sold
T2799,M102,SEAT2885,Available
T2800,M172,SEAT4149,Available
T2801,M35,SEAT971,Available
T2802,M44,SEAT3141,Sold
T2803,M134,SEAT361,Available
T2804,M188,SEAT2649,Sold
T2805,M70,SEAT4045,Sold
T2806,M134,SEAT2765,Available
T2807,M149,SEAT790,Available
T2808,M39,SEAT2859,Sold
T2809,M192,SEAT2988,Sold
T2810,M168,SEAT4936,Sold
T2811,M159,SEAT2896,Available
T2812,M191,SEAT1071,Available
T2813,M100,SEAT1274,Available
T2814,M144,SEAT564,Available
T2815,M82,SEAT3657,Available
T2816,M133,SEAT3440,Available
T2817,M142,SEAT4942,Sold
T2818,M51,SEAT3280,Available
T2819,M9,SEAT1732,Sold
T2820,M73,SEAT589,Sold
T2821,M134,SEAT1045,Sold
T2822,M184,SEAT1242,Available
T2823,M126,SEAT3014,Sold
T2824,M1,SEAT3815,Sold
T2825,M48,SEAT2303,Available
T2826,M117,SEAT4798,Available
T2827,M76,SEAT2975,Sold
T2828,M94,SEAT4713,Sold
T2829,M106,SEAT2502,Sold
T2830,M78,SEAT4636,Sold
T2831,M184,SEAT1311,Sold
T2832,M49,SEAT2692,Available
T2833,M91,SEAT3377,Sold
T2834,M124,SEAT4318,Sold
T2835,M11,SEAT4516,Sold
T2836,M109,SEAT4029,Available
T2837,M189,SEAT4422,Available
T2838,M98,SEAT1310,Available
T2839,M38,SEAT3512,Available
T2840,M61,SEAT4901,Available
T2841,M38,SEAT1725,Available
T2842,M36,SEAT3249,Available
T2843,M16,SEAT87,Available
T2844,M6,SEAT1292,Available
T2845,M17,SEAT2457,Available
T2846,M81,SEAT4825,Sold
T2847,M120,SEAT1863,Available
T2848,M135,SEAT810,Available
T2849,M84,SEAT2242,Sold
T2850,M128,SEAT4772,Sold
T2851,M75,SEAT1593,Available
T2852,M5,SEAT1618,Sold
T2853,M182,SEAT1749,Sold
T2854,M167,SEAT3253,Available
T2855,M82,SEAT4565,Available
T2856,M107,SEAT4596,Sold
T2857,M96,SEAT1636,Available
T2858,M198,SEAT4717,Sold
T2859,M91,SEAT4171,Sold
T2860,M69,SEAT1767,Available
T2861,M36,SEAT337,Available
T2862,M139,SEAT4712,Available
T2863,M81,SEAT2395,Sold
T2864,M61,SEAT2960,Sold
T2865,M86,SEAT3582,Available
T2866,M136,SEAT4477,Sold
T2867,M162,SEAT1758,Available
T2868,M134,SEAT1626,Sold
T2869,M102,SEAT2376,Available
T2870,M119,SEAT1603,Available
T2871,M3,SEAT2991,Available
T2872,M46,SEAT1867,Sold
T2873,M183,SEAT993,Available
T2874,M158,SEAT3869,Available
T2875,M147,SEAT4706,Sold
T2876,M185,SEAT4505,Sold
T2877,M63,SEAT1885,Available
T2878,M166,SEAT4947,Available
T2879,M163,SEAT3389,Sold
T2880,M71,SEAT790,Sold
T2881,M4,SEAT4227,Available
T2882,M62,SEAT485,Available
T2883,M46,SEAT2356,Available
T2884,M119,SEAT1310,Available
T2885,M143,SEAT3301,Available
T2886,M133,SEAT3412,Available
T2887,M73,SEAT4687,Available
T2888,M45,SEAT1691,Sold
T2889,M104,SEAT3058,Sold
T2890,M12,SEAT4278,Available
T2891,M105,SEAT1247,Available
T2892,M190,SEAT633,Sold
T2893,M6,SEAT3000,Available
T2894,M147,SEAT4606,Available
T2895,M52,SEAT1654,Sold
T2896,M132,SEAT4357,Available
T2897,M160,SEAT1815,Available
T2898,M107,SEAT3574,Sold
T2899,M46,SEAT3012,Sold
T2900,M69,SEAT4708,Sold
T2901,M149,SEAT1944,Sold
T2902,M65,SEAT554,Available
T2903,M27,SEAT4095,Available
T2904,M197,SEAT3338,Sold
T2905,M141,SEAT645,Sold
T2906,M155,SEAT795,Available
T2907,M123,SEAT1883,Available
T2908,M187,SEAT3865,Available
T2909,M139,SEAT1393,Sold
T2910,M115,SEAT60,Available
T2911,M6,SEAT1839,Available
T2912,M153,SEAT3146,Available
T2913,M32,SEAT2903,Sold
T2914,M89,SEAT1501,Sold
T2915,M12,SEAT1209,Available
T2916,M21,SEAT2700,Available
T2917,M172,SEAT1032,Sold
T2918,M102,SEAT4065,Sold
T2919,M72,SEAT4304,Sold
T2920,M148,SEAT3824,Sold
T2921,M12,SEAT2870,Available
T2922,M43,SEAT390,Available
T2923,M81,SEAT1696,Available
T2924,M141,SEAT3030,Available
T2925,M35,SEAT3013,Available
T2926,M192,SEAT3690,Sold
T2927,M102,SEAT4747,Available
T2928,M99,SEAT3166,Available
T2929,M102,SEAT201,Available
T2930,M105,SEAT3028,Available
T2931,M5,SEAT2498,Available
T2932,M164,SEAT4334,Sold
T2933,M200,SEAT2505,Sold
T2934,M124,SEAT4422,Sold
T2935,M63,SEAT3660,Available
T2936,M79,SEAT996,Available
T2937,M14,SEAT4011,Sold
T2938,M198,SEAT1437,Sold
T2939,M83,SEAT2007,Available
T2940,M34,SEAT944,Sold
T2941,M48,SEAT1313,Sold
T2942,M180,SEAT3090,Available
T2943,M189,SEAT4146,Available
T2944,M25,SEAT2265,Available
T2945,M78,SEAT1737,Sold
T2946,M5,SEAT1504,Sold
T2947,M114,SEAT1747,Available
T2948,M193,SEAT2361,Sold
T2949,M99,SEAT603,Available
T2950,M125,SEAT4346,Available
T2951,M130,SEAT2364,Sold
T2952,M132,SEAT1830,Sold
T2953,M80,SEAT4090,Available
T2954,M37,SEAT2745,Available
T2955,M73,SEAT4553,Available
T2956,M71,SEAT1015,Available
T2957,M159,SEAT4812,Sold
T2958,M135,SEAT4896,Sold
T2959,M114,SEAT118,Available
T2960,M94,SEAT3137,Sold
T2961,M67,SEAT1102,Available
T2962,M119,SEAT484,Available
T2963,M50,SEAT804,Available
T2964,M57,SEAT3156,Available
T2965,M113,SEAT2040,Sold
T2966,M91,SEAT291,Sold
T2967,M69,SEAT4587,Available
T2968,M7,SEAT4534,Sold
T2969,M117,SEAT4144,Sold
T2970,M67,SEAT239,Available
T2971,M81,SEAT2145,Available
T2972,M97,SEAT1091,Available
T2973,M107,SEAT395,Available
T2974,M36,SEAT2871,Sold
T2975,M181,SEAT825,Available
T2976,M1,SEAT1278,Available
T2977,M96,SEAT4597,Available
T2978,M87,SEAT891,Available
T2979,M52,SEAT4335,Sold
T2980,M25,SEAT2800,Sold
T2981,M182,SEAT137,Available
T2982,M63,SEAT2475,Available
T2983,M163,SEAT4384,Sold
T2984,M168,SEAT1851,Sold
T2985,M80,SEAT4931,Sold
T2986,M104,SEAT4403,Sold
T2987,M155,SEAT2296,Sold
T2988,M118,SEAT4802,Available
T2989,M120,SEAT2610,Available
T2990,M68,SEAT4060,Sold
T2991,M117,SEAT4179,Available
T2992,M144,SEAT232,Sold
T2993,M34,SEAT2355,Sold
T2994,M7,SEAT1210,Sold
T2995,M64,SEAT382,Sold
T2996,M166,SEAT2131,Sold
T2997,M69,SEAT1809,Available
T2998,M187,SEAT4565,Sold
T2999,M185,SEAT1550,Available
T3000,M18,SEAT860,Available
T3001,M54,SEAT480,Sold
T3002,M39,SEAT4423,Available
T3003,M39,SEAT3967,Sold
T3004,M75,SEAT525,Sold
T3005,M112,SEAT2032,Available
T3006,M96,SEAT3097,Sold
T3007,M97,SEAT568,Available
T3008,M120,SEAT1455,Available
T3009,M4,SEAT407,Sold
T3010,M18,SEAT130,Available
T3011,M158,SEAT4049,Available
T3012,M95,SEAT4381,Available
T3013,M113,SEAT575,Sold
T3014,M48,SEAT118,Sold
T3015,M176,SEAT2511,Available
T3016,M36,SEAT1857,Available
T3017,M193,SEAT1373,Sold
T3018,M71,SEAT3183,Available
T3019,M77,SEAT4799,Sold
T3020,M55,SEAT3403,Available
T3021,M104,SEAT1363,Available
T3022,M74,SEAT3698,Sold
T3023,M105,SEAT3031,Sold
T3024,M46,SEAT3785,Available
T3025,M9,SEAT2845,Available
T3026,M72,SEAT2681,Sold
T3027,M61,SEAT1235,Sold
T3028,M73,SEAT1374,Sold
T3029,M103,SEAT1855,Available
T3030,M8,SEAT4624,Available
T3031,M190,SEAT1380,Available
T3032,M116,SEAT1954,Available
T3033,M61,SEAT3160,Available
T3034,M84,SEAT439,Sold
T3035,M155,SEAT3219,Available
T3036,M86,SEAT1843,Sold
T3037,M155,SEAT1343,Available
T3038,M20,SEAT2355,Available
T3039,M182,SEAT3699,Available
T3040,M24,SEAT1134,Available
T3041,M77,SEAT4251,Available
T3042,M194,SEAT801,Sold
T3043,M148,SEAT4661,Available
T3044,M73,SEAT1013,Sold
T3045,M153,SEAT3640,Available
T3046,M156,SEAT760,Available
T3047,M76,SEAT413,Available
T3048,M133,SEAT1862,Sold
T3049,M126,SEAT133,Available
T3050,M175,SEAT3674,Sold
T3051,M121,SEAT299,Available
T3052,M22,SEAT4405,Sold
T3053,M100,SEAT1850,Sold
T3054,M15,SEAT1687,Available
T3055,M77,SEAT4429,Available
T3056,M83,SEAT4110,Sold
T3057,M188,SEAT4022,Available
T3058,M107,SEAT1086,Sold
T3059,M51,SEAT4568,Available
T3060,M173,SEAT226,Sold
T3061,M36,SEAT4695,Sold
T3062,M174,SEAT2505,Sold
T3063,M40,SEAT3694,Sold
T3064,M15,SEAT2916,Sold
T3065,M62,SEAT3306,Available
T3066,M48,SEAT3091,Available
T3067,M199,SEAT1778,Available
T3068,M101,SEAT2200,Available
T3069,M119,SEAT26,Available
T3070,M76,SEAT457,Sold
T3071,M31,SEAT1191,Available
T3072,M117,SEAT2920,Available
T3073,M200,SEAT1085,Available
T3074,M76,SEAT3715,Sold
T3075,M42,SEAT4135,Sold
T3076,M186,SEAT1427,Available
T3077,M114,SEAT1673,Available
T3078,M30,SEAT3366,Available
T3079,M195,SEAT1855,Available
T3080,M15,SEAT4220,Available
T3081,M83,SEAT2085,Sold
T3082,M195,SEAT4767,Sold
T3083,M148,SEAT2472,Available
T3084,M176,SEAT3884,Sold
T3085,M167,SEAT2915,Available
T3086,M173,SEAT1134,Sold
T3087,M27,SEAT4401,Sold
T3088,M36,SEAT708,Sold
T3089,M157,SEAT2716,Available
T3090,M174,SEAT3308,Sold
T3091,M79,SEAT1625,Sold
T3092,M150,SEAT106,Sold
T3093,M152,SEAT4420,Available
T3094,M144,SEAT4443,Sold
T3095,M36,SEAT4858,Available
T3096,M58,SEAT1366,Available
T3097,M126,SEAT2316,Available
T3098,M175,SEAT1720,Available
T3099,M96,SEAT183,Sold
T3100,M36,SEAT848,Available
T3101,M88,SEAT2885,Available
T3102,M3,SEAT48,Sold
T3103,M168,SEAT375,Sold
T3104,M60,SEAT545,Available
T3105,M55,SEAT361,Available
T3106,M18,SEAT533,Available
T3107,M60,SEAT4938,Sold
T3108,M22,SEAT3156,Available
T3109,M176,SEAT1021,Available
T3110,M28,SEAT2219,Available
T3111,M42,SEAT576,Available
T3112,M149,SEAT2208,Sold
T3113,M108,SEAT3787,Sold
T3114,M63,SEAT2275,Available
T3115,M138,SEAT3162,Available
T3116,M87,SEAT2740,Available
T3117,M102,SEAT3764,Available
T3118,M121,SEAT563,Available
T3119,M119,SEAT2352,Available
T3120,M124,SEAT39,Sold
T3121,M185,SEAT3937,Sold
T3122,M148,SEAT4200,Available
T3123,M62,SEAT1306,Available
T3124,M167,SEAT2930,Available
T3125,M190,SEAT3042,Sold
T3126,M179,SEAT4738,Sold
T3127,M181,SEAT1787,Available
T3128,M15,SEAT147,Available
T3129,M160,SEAT2920,Available
T3130,M28,SEAT1754,Sold
T3131,M26,SEAT3280,Sold
T3132,M23,SEAT1520,Available
T3133,M100,SEAT2677,Sold
T3134,M135,SEAT2610,Available
T3135,M30,SEAT679,Sold
T3136,M16,SEAT3045,Sold
T3137,M56,SEAT683,Available
T3138,M91,SEAT1642,Sold
T3139,M37,SEAT1403,Available
T3140,M32,SEAT339,Available
T3141,M150,SEAT4057,Sold
T3142,M96,SEAT4891,Sold
T3143,M4,SEAT1564,Sold
T3144,M100,SEAT2750,Available
T3145,M29,SEAT1745,Available
T3146,M95,SEAT3426,Sold
T3147,M111,SEAT4876,Sold
T3148,M57,SEAT3987,Available
T3149,M77,SEAT1654,Available
T3150,M102,SEAT1642,Sold
T3151,M101,SEAT1757,Sold
T3152,M40,SEAT235,Available
T3153,M29,SEAT515,Sold
T3154,M153,SEAT4078,Sold
T3155,M186,SEAT4454,Sold
T3156,M110,SEAT2319,Available
T3157,M35,SEAT903,Sold
T3158,M131,SEAT3594,Available
T3159,M112,SEAT3125,Available
T3160,M170,SEAT4217,Sold
T3161,M71,SEAT4387,Sold
T3162,M10,SEAT4677,Available
T3163,M113,SEAT2287,Available
T3164,M178,SEAT4699,Available
T3165,M77,SEAT2021,Sold
T3166,M170,SEAT293,Available
T3167,M92,SEAT4299,Sold
T3168,M110,SEAT3200,Available
T3169,M69,SEAT2543,Available
T3170,M192,SEAT239,Sold
T3171,M123,SEAT4886,Sold
T3172,M158,SEAT3413,Sold
T3173,M73,SEAT1640,Available
T3174,M119,SEAT4090,Sold
T3175,M158,SEAT800,Available
T3176,M167,SEAT4714,Available
T3177,M18,SEAT1677,Sold
T3178,M120,SEAT623,Sold
T3179,M7,SEAT3395,Available
T3180,M16,SEAT3882,Sold
T3181,M71,SEAT2767,Available
T3182,M178,SEAT3703,Sold
T3183,M2,SEAT572,Available
T3184,M27,SEAT388,Available
T3185,M132,SEAT301,Available
T3186,M49,SEAT690,Available
T3187,M120,SEAT979,Sold
T3188,M6,SEAT364,Available
T3189,M155,SEAT1612,Available
T3190,M180,SEAT1703,Available
T3191,M167,SEAT4741,Available
T3192,M88,SEAT4890,Sold
T3193,M65,SEAT3962,Available
T3194,M16,SEAT252,Sold
T3195,M81,SEAT1201,Sold
T3196,M65,SEAT4334,Available
T3197,M135,SEAT1754,Sold
T3198,M48,SEAT2540,Available
T3199,M95,SEAT1488,Available
T3200,M130,SEAT2750,Sold
T3201,M140,SEAT4201,Available
T3202,M191,SEAT4840,Available
T3203,M32,SEAT1510,Available
T3204,M99,SEAT1965,Sold
T3205,M108,SEAT967,Sold
T3206,M76,SEAT2100,Available
T3207,M91,SEAT2462,Sold
T3208,M163,SEAT952,Sold
T3209,M72,SEAT2681,Available
T3210,M28,SEAT1959,Available
T3211,M38,SEAT275,Available
T3212,M97,SEAT247,Sold
T3213,M81,SEAT2931,Available
T3214,M31,SEAT1622,Available
T3215,M138,SEAT4249,Sold
T3216,M98,SEAT2310,Available
T3217,M146,SEAT1682,Sold
T3218,M65,SEAT4239,Available
T3219,M44,SEAT1755,Available
T3220,M11,SEAT3542,Available
T3221,M97,SEAT3767,Available
T3222,M74,SEAT2733,Sold
T3223,M89,SEAT422,Available
T3224,M21,SEAT980,Available
T3225,M89,SEAT3791,Available
T3226,M143,SEAT1628,Available
T3227,M197,SEAT698,Sold
T3228,M88,SEAT124,Available
T3229,M64,SEAT2008,Sold
T3230,M183,SEAT2595,Available
T3231,M138,SEAT1057,Sold
T3232,M175,SEAT523,Available
T3233,M48,SEAT1717,Available
T3234,M19,SEAT1769,Sold
T3235,M89,SEAT1897,Sold
T3236,M163,SEAT2839,Sold
T3237,M12,SEAT218,Available
T3238,M45,SEAT1933,Available
T3239,M112,SEAT2188,Sold
T3240,M100,SEAT1724,Sold
T3241,M186,SEAT51,Sold
T3242,M162,SEAT174,Sold
T3243,M55,SEAT2632,Available
T3244,M105,SEAT1509,Sold
T3245,M167,SEAT2181,Sold
T3246,M154,SEAT3196,Available
T3247,M15,SEAT2393,Available
T3248,M176,SEAT1332,Available
T3249,M139,SEAT1264,Sold
T3250,M148,SEAT401,Sold
T3251,M73,SEAT1603,Sold
T3252,M145,SEAT2832,Sold
T3253,M34,SEAT2604,Sold
T3254,M8,SEAT4448,Sold
T3255,M200,SEAT540,Available
T3256,M180,SEAT4993,Available
T3257,M148,SEAT1928,Available
T3258,M29,SEAT3641,Available
T3259,M107,SEAT4478,Available
T3260,M51,SEAT2746,Sold
T3261,M2,SEAT1770,Available
T3262,M34,SEAT4758,Available
T3263,M49,SEAT3866,Available
T3264,M122,SEAT4226,Sold
T3265,M69,SEAT647,Available
T3266,M184,SEAT133,Sold
T3267,M91,SEAT641,Sold
T3268,M162,SEAT4112,Available
T3269,M165,SEAT4124,Sold
T3270,M140,SEAT130,Sold
T3271,M112,SEAT1973,Available
T3272,M92,SEAT4570,Available
T3273,M59,SEAT1237,Sold
T3274,M163,SEAT2424,Available
T3275,M80,SEAT4709,Available
T3276,M34,SEAT1577,Available
T3277,M28,SEAT4466,Available
T3278,M135,SEAT412,Sold
T3279,M128,SEAT3967,Sold
T3280,M146,SEAT3228,Sold
T3281,M35,SEAT2834,Sold
T3282,M191,SEAT1398,Sold
T3283,M101,SEAT1638,Available
T3284,M164,SEAT1630,Sold
T3285,M66,SEAT3551,Available
T3286,M19,SEAT3677,Sold
T3287,M168,SEAT4027,Available
T3288,M66,SEAT4054,Sold
T3289,M28,SEAT3688,Sold
T3290,M197,SEAT2646,Available
T3291,M14,SEAT816,Available
T3292,M134,SEAT338,Sold
T3293,M185,SEAT4004,Sold
T3294,M4,SEAT4753,Available
T3295,M25,SEAT992,Sold
T3296,M78,SEAT1505,Available
T3297,M168,SEAT1484,Sold
T3298,M138,SEAT4888,Available
T3299,M24,SEAT1835,Sold
T3300,M28,SEAT4187,Available
T3301,M123,SEAT1745,Available
T3302,M70,SEAT3030,Available
T3303,M159,SEAT1126,Available
T3304,M2,SEAT2581,Sold
T3305,M49,SEAT861,Available
T3306,M101,SEAT2144,Available
T3307,M52,SEAT784,Available
T3308,M114,SEAT4910,Available
T3309,M21,SEAT4422,Available
T3310,M169,SEAT626,Sold
T3311,M134,SEAT327,Sold
T3312,M35,SEAT3816,Sold
T3313,M23,SEAT515,Available
T3314,M28,SEAT592,Sold
T3315,M59,SEAT4458,Available
T3316,M191,SEAT1517,Available
T3317,M20,SEAT4242,Sold
T3318,M39,SEAT727,Sold
T3319,M61,SEAT2376,Sold
T3320,M162,SEAT4407,Available
T3321,M31,SEAT2618,Sold
T3322,M91,SEAT904,Sold
T3323,M25,SEAT1557,Sold
T3324,M77,SEAT227,Sold
T3325,M59,SEAT1547,Sold
T3326,M74,SEAT4369,Available
T3327,M166,SEAT3934,Available
T3328,M96,SEAT1826,Sold
T3329,M139,SEAT406,Available
T3330,M22,SEAT2928,Sold
T3331,M37,SEAT4467,Available
T3332,M133,SEAT4188,Available
T3333,M121,SEAT1927,Available
T3334,M71,SEAT2524,Sold
T3335,M10,SEAT4274,Available
T3336,M72,SEAT755,Sold
T3337,M144,SEAT4821,Sold
T3338,M67,SEAT3074,Sold
T3339,M46,SEAT259,Available
T3340,M132,SEAT1600,Available
T3341,M6,SEAT1587,Available
T3342,M142,SEAT282,Sold
T3343,M31,SEAT3974,Available
T3344,M80,SEAT3750,Available
T3345,M9,SEAT3617,Sold
T3346,M17,SEAT4612,Sold
T3347,M22,SEAT1401,Available
T3348,M96,SEAT3928,Available
T3349,M5,SEAT2084,Sold
T3350,M56,SEAT2778,Available
T3351,M164,SEAT1670,Sold
T3352,M65,SEAT232,Sold
T3353,M135,SEAT4532,Available
T3354,M156,SEAT1138,Sold
T3355,M49,SEAT3201,Available
T3356,M196,SEAT4734,Available
T3357,M58,SEAT2619,Available
T3358,M95,SEAT2448,Available
T3359,M162,SEAT1392,Available
T3360,M83,SEAT4114,Available
T3361,M156,SEAT4186,Sold
T3362,M47,SEAT4015,Sold
T3363,M6,SEAT4676,Available
T3364,M81,SEAT1288,Sold
T3365,M67,SEAT143,Sold
T3366,M51,SEAT2042,Available
T3367,M28,SEAT1773,Sold
T3368,M114,SEAT3446,Available
T3369,M42,SEAT2099,Available
T3370,M9,SEAT4028,Available
T3371,M59,SEAT2875,Available
T3372,M123,SEAT3060,Sold
T3373,M122,SEAT2104,Available
T3374,M200,SEAT3944,Sold
T3375,M7,SEAT1071,Available
T3376,M189,SEAT4760,Available
T3377,M47,SEAT4183,Available
T3378,M185,SEAT2645,Sold
T3379,M132,SEAT2648,Sold
T3380,M162,SEAT2924,Sold
T3381,M16,SEAT3511,Available
T3382,M185,SEAT1594,Available
T3383,M145,SEAT569,Available
T3384,M58,SEAT637,Sold
T3385,M26,SEAT200,Available
T3386,M3,SEAT2410,Sold
T3387,M195,SEAT3544,Available
T3388,M63,SEAT3458,Sold
T3389,M26,SEAT3055,Sold
T3390,M81,SEAT2044,Sold
T3391,M27,SEAT1731,Sold
T3392,M67,SEAT622,Available
T3393,M174,SEAT4053,Sold
T3394,M130,SEAT2986,Sold
T3395,M95,SEAT188,Available
T3396,M92,SEAT1275,Sold
T3397,M15,SEAT4383,Available
T3398,M173,SEAT1068,Available
T3399,M194,SEAT4059,Available
T3400,M189,SEAT3276,Sold
T3401,M148,SEAT1882,Sold
T3402,M11,SEAT4872,Sold
T3403,M159,SEAT3683,Sold
T3404,M77,SEAT2310,Sold
T3405,M102,SEAT1087,Sold
T3406,M36,SEAT56,Sold
T3407,M192,SEAT2390,Sold
T3408,M45,SEAT1771,Available
T3409,M92,SEAT2313,Sold
T3410,M161,SEAT3792,Sold
T3411,M191,SEAT874,Sold
T3412,M66,SEAT1156,Sold
T3413,M51,SEAT2855,Available
T3414,M159,SEAT747,Sold
T3415,M94,SEAT4030,Sold
T3416,M154,SEAT426,Sold
T3417,M115,SEAT3004,Sold
T3418,M180,SEAT345,Sold
T3419,M81,SEAT2710,Available
T3420,M194,SEAT3408,Sold
T3421,M177,SEAT324,Sold
T3422,M114,SEAT3792,Sold
T3423,M85,SEAT4177,Sold
T3424,M158,SEAT192,Sold
T3425,M125,SEAT3705,Sold
T3426,M89,SEAT3556,Sold
T3427,M67,SEAT2541,Sold
T3428,M26,SEAT2055,Available
T3429,M143,SEAT1883,Sold
T3430,M194,SEAT4484,Sold
T3431,M15,SEAT4753,Available
T3432,M173,SEAT2359,Available
T3433,M83,SEAT397,Available
T3434,M22,SEAT146,Available
T3435,M87,SEAT1377,Sold
T3436,M77,SEAT688,Sold
T3437,M86,SEAT1004,Sold
T3438,M182,SEAT2423,Available
T3439,M193,SEAT3559,Available
T3440,M84,SEAT2547,Available
T3441,M100,SEAT3,Available
T3442,M172,SEAT113,Sold
T3443,M196,SEAT1261,Sold
T3444,M98,SEAT3692,Sold
T3445,M63,SEAT2913,Sold
T3446,M6,SEAT1217,Sold
T3447,M58,SEAT4991,Available
T3448,M180,SEAT2691,Available
T3449,M111,SEAT651,Available
T3450,M140,SEAT1798,Sold
T3451,M80,SEAT3382,Available
T3452,M161,SEAT2374,Available
T3453,M161,SEAT741,Sold
T3454,M143,SEAT1392,Sold
T3455,M163,SEAT2600,Available
T3456,M126,SEAT469,Sold
T3457,M21,SEAT4123,Available
T3458,M154,SEAT690,Available
T3459,M144,SEAT20,Available
T3460,M135,SEAT1402,Available
T3461,M152,SEAT430,Sold
T3462,M38,SEAT4103,Available
T3463,M119,SEAT2170,Sold
T3464,M141,SEAT4988,Available
T3465,M194,SEAT4834,Sold
T3466,M53,SEAT656,Sold
T3467,M13,SEAT3271,Available
T3468,M6,SEAT3761,Sold
T3469,M125,SEAT4100,Available
T3470,M169,SEAT2879,Available
T3471,M11,SEAT903,Sold
T3472,M87,SEAT2260,Available
T3473,M179,SEAT4104,Sold
T3474,M174,SEAT971,Available
T3475,M199,SEAT2763,Available
T3476,M79,SEAT1393,Available
T3477,M187,SEAT112,Available
T3478,M66,SEAT1505,Sold
T3479,M134,SEAT3435,Sold
T3480,M141,SEAT4363,Sold
T3481,M144,SEAT4145,Available
T3482,M77,SEAT1155,Available
T3483,M100,SEAT837,Available
T3484,M177,SEAT2319,Available
T3485,M166,SEAT4823,Sold
T3486,M188,SEAT3848,Sold
T3487,M129,SEAT3964,Sold
T3488,M103,SEAT3145,Sold
T3489,M58,SEAT1456,Sold
T3490,M200,SEAT520,Available
T3491,M113,SEAT4452,Available
T3492,M55,SEAT632,Sold
T3493,M29,SEAT4581,Sold
T3494,M77,SEAT962,Available
T3495,M111,SEAT1474,Available
T3496,M65,SEAT879,Sold
T3497,M141,SEAT4540,Available
T3498,M21,SEAT2692,Sold
T3499,M62,SEAT4866,Sold
T3500,M158,SEAT4178,Available
T3501,M176,SEAT2043,Sold
T3502,M74,SEAT4406,Sold
T3503,M164,SEAT3473,Available
T3504,M186,SEAT3298,Available
T3505,M165,SEAT4694,Available
T3506,M51,SEAT4963,Available
T3507,M164,SEAT865,Available
T3508,M45,SEAT1326,Sold
T3509,M193,SEAT3681,Sold
T3510,M183,SEAT710,Available
T3511,M72,SEAT2995,Available
T3512,M16,SEAT2112,Available
T3513,M131,SEAT2586,Sold
T3514,M45,SEAT2021,Sold
T3515,M89,SEAT415,Sold
T3516,M132,SEAT4368,Available
T3517,M37,SEAT1245,Available
T3518,M157,SEAT220,Available
T3519,M132,SEAT1119,Available
T3520,M174,SEAT1392,Available
T3521,M128,SEAT3994,Sold
T3522,M168,SEAT1937,Available
T3523,M81,SEAT467,Available
T3524,M38,SEAT636,Sold
T3525,M179,SEAT3739,Sold
T3526,M10,SEAT1432,Sold
T3527,M146,SEAT1182,Available
T3528,M102,SEAT1628,Available
T3529,M88,SEAT2271,Available
T3530,M104,SEAT3474,Sold
T3531,M197,SEAT3894,Available
T3532,M160,SEAT3609,Sold
T3533,M74,SEAT2324,Sold
T3534,M189,SEAT1655,Available
T3535,M176,SEAT1081,Available
T3536,M72,SEAT4993,Available
T3537,M31,SEAT2968,Available
T3538,M48,SEAT4773,Sold
T3539,M55,SEAT3763,Available
T3540,M40,SEAT4848,Available
T3541,M14,SEAT232,Available
T3542,M96,SEAT588,Available
T3543,M36,SEAT2245,Available
T3544,M98,SEAT2140,Available
T3545,M53,SEAT4401,Available
T3546,M136,SEAT2719,Available
T3547,M59,SEAT2496,Available
T3548,M71,SEAT4644,Available
T3549,M10,SEAT2996,Available
T3550,M45,SEAT601,Available
T3551,M143,SEAT2575,Sold
T3552,M86,SEAT1558,Sold
T3553,M156,SEAT4655,Available
T3554,M77,SEAT3978,Available
T3555,M78,SEAT787,Available
T3556,M112,SEAT2626,Available
T3557,M6,SEAT1501,Sold
T3558,M178,SEAT3413,Sold
T3559,M85,SEAT3825,Available
T3560,M72,SEAT1919,Sold
T3561,M199,SEAT3943,Available
T3562,M12,SEAT3688,Available
T3563,M144,SEAT3942,Sold
T3564,M24,SEAT1217,Sold
T3565,M97,SEAT1067,Sold
T3566,M6,SEAT4622,Sold
T3567,M121,SEAT1763,Sold
T3568,M94,SEAT4941,Sold
T3569,M68,SEAT2250,Sold
T3570,M112,SEAT4332,Sold
T3571,M60,SEAT3677,Available
T3572,M108,SEAT426,Sold
T3573,M174,SEAT2064,Available
T3574,M98,SEAT1111,Sold
T3575,M116,SEAT3124,Sold
T3576,M198,SEAT3165,Sold
T3577,M65,SEAT4820,Sold
T3578,M120,SEAT2295,Sold
T3579,M61,SEAT2211,Available
T3580,M15,SEAT4808,Available
T3581,M17,SEAT2263,Available
T3582,M162,SEAT1082,Available
T3583,M46,SEAT3359,Available
T3584,M28,SEAT822,Sold
T3585,M33,SEAT3769,Available
T3586,M131,SEAT2583,Sold
T3587,M154,SEAT4521,Available
T3588,M81,SEAT4343,Available
T3589,M89,SEAT4566,Available
T3590,M185,SEAT4453,Sold
T3591,M155,SEAT2855,Available
T3592,M82,SEAT3812,Available
T3593,M22,SEAT2488,Available
T3594,M37,SEAT2176,Available
T3595,M90,SEAT680,Sold
T3596,M137,SEAT4447,Sold
T3597,M95,SEAT2181,Sold
T3598,M177,SEAT399,Sold
T3599,M6,SEAT652,Available
T3600,M95,SEAT4425,Sold
T3601,M159,SEAT1768,Sold
T3602,M135,SEAT1613,Sold
T3603,M95,SEAT4834,Available
T3604,M141,SEAT4665,Available
T3605,M44,SEAT4814,Sold
T3606,M97,SEAT411,Sold
T3607,M7,SEAT3908,Sold
T3608,M193,SEAT3981,Available
T3609,M19,SEAT2886,Available
T3610,M179,SEAT2094,Available
T3611,M117,SEAT1125,Sold
T3612,M158,SEAT2223,Available
T3613,M29,SEAT1035,Available
T3614,M198,SEAT4003,Available
T3615,M38,SEAT2988,Available
T3616,M3,SEAT4526,Sold
T3617,M3,SEAT86,Available
T3618,M46,SEAT4499,Sold
T3619,M130,SEAT4321,Sold
T3620,M118,SEAT2734,Sold
T3621,M137,SEAT3859,Sold
T3622,M67,SEAT2116,Available
T3623,M32,SEAT4244,Available
T3624,M105,SEAT4967,Sold
T3625,M146,SEAT341,Available
T3626,M189,SEAT2326,Sold
T3627,M198,SEAT3598,Available
T3628,M185,SEAT4470,Available
T3629,M80,SEAT2254,Available
T3630,M65,SEAT4167,Sold
T3631,M176,SEAT983,Available
T3632,M80,SEAT307,Sold
T3633,M174,SEAT3542,Available
T3634,M193,SEAT3596,Available
T3635,M3,SEAT3343,Sold
T3636,M104,SEAT240,Sold
T3637,M141,SEAT709,Sold
T3638,M89,SEAT2284,Available
T3639,M134,SEAT4865,Sold
T3640,M111,SEAT4873,Sold
T3641,M135,SEAT2139,Sold
T3642,M172,SEAT963,Available
T3643,M93,SEAT2834,Available
T3644,M193,SEAT1581,Available
T3645,M195,SEAT1380,Available
T3646,M189,SEAT2600,Available
T3647,M67,SEAT3992,Sold
T3648,M168,SEAT808,Available
T3649,M86,SEAT4504,Sold
T3650,M130,SEAT2859,Sold
T3651,M146,SEAT3167,Sold
T3652,M81,SEAT340,Sold
T3653,M138,SEAT4272,Available
T3654,M52,SEAT3702,Available
T3655,M161,SEAT4605,Available
T3656,M96,SEAT1299,Sold
T3657,M150,SEAT1444,Sold
T3658,M178,SEAT2376,Available
T3659,M98,SEAT1301,Sold
T3660,M35,SEAT3939,Sold
T3661,M177,SEAT1513,Sold
T3662,M99,SEAT3392,Sold
T3663,M173,SEAT2049,Sold
T3664,M188,SEAT4253,Sold
T3665,M4,SEAT560,Available
T3666,M83,SEAT4292,Sold
T3667,M182,SEAT1032,Sold
T3668,M87,SEAT2163,Available
T3669,M140,SEAT4818,Sold
T3670,M93,SEAT4559,Sold
T3671,M199,SEAT3984,Available
T3672,M195,SEAT4429,Sold
T3673,M17,SEAT3007,Available
T3674,M16,SEAT3440,Available
T3675,M155,SEAT4590,Available
T3676,M189,SEAT2919,Sold
T3677,M31,SEAT4676,Sold
T3678,M5,SEAT1469,Sold
T3679,M128,SEAT2961,Sold
T3680,M199,SEAT3978,Available
T3681,M142,SEAT3245,Sold
T3682,M148,SEAT3547,Sold
T3683,M102,SEAT1502,Available
T3684,M71,SEAT444,Sold
T3685,M103,SEAT4856,Sold
T3686,M119,SEAT4976,Available
T3687,M121,SEAT4133,Available
T3688,M60,SEAT3982,Sold
T3689,M158,SEAT4040,Sold
T3690,M191,SEAT2400,Available
T3691,M168,SEAT16,Sold
T3692,M27,SEAT3049,Available
T3693,M70,SEAT531,Sold
T3694,M155,SEAT4104,Sold
T3695,M33,SEAT1044,Available
T3696,M184,SEAT733,Available
T3697,M110,SEAT2787,Sold
T3698,M24,SEAT4410,Sold
T3699,M147,SEAT2529,Available
T3700,M79,SEAT4478,Available
T3701,M174,SEAT1368,Available
T3702,M147,SEAT2190,Available
T3703,M166,SEAT2428,Sold
T3704,M89,SEAT1141,Available
T3705,M14,SEAT214,Sold
T3706,M33,SEAT3738,Available
T3707,M185,SEAT2845,Sold
T3708,M36,SEAT4328,Sold
T3709,M92,SEAT3106,Available
T3710,M168,SEAT3598,Available
T3711,M161,SEAT2675,Sold
T3712,M27,SEAT2078,Available
T3713,M127,SEAT1047,Available
T3714,M168,SEAT2294,Sold
T3715,M194,SEAT755,Available
T3716,M85,SEAT4986,Available
T3717,M101,SEAT751,Sold
T3718,M9,SEAT2301,Sold
T3719,M173,SEAT128,Available
T3720,M200,SEAT466,Sold
T3721,M198,SEAT413,Sold
T3722,M192,SEAT4818,Sold
T3723,M69,SEAT3765,Available
T3724,M117,SEAT4796,Available
T3725,M27,SEAT1511,Available
T3726,M77,SEAT1058,Sold
T3727,M111,SEAT4158,Sold
T3728,M7,SEAT1405,Available
T3729,M30,SEAT1625,Available
T3730,M132,SEAT1370,Available
T3731,M181,SEAT1310,Available
T3732,M165,SEAT3527,Sold
T3733,M47,SEAT483,Available
T3734,M5,SEAT4871,Available
T3735,M70,SEAT1673,Available
T3736,M30,SEAT3525,Sold
T3737,M144,SEAT1492,Sold
T3738,M21,SEAT2724,Sold
T3739,M4,SEAT2522,Available
T3740,M28,SEAT2005,Sold
T3741,M167,SEAT752,Sold
T3742,M139,SEAT1047,Available
T3743,M2,SEAT3104,Available
T3744,M177,SEAT4537,Available
T3745,M110,SEAT2988,Sold
T3746,M48,SEAT273,Sold
T3747,M66,SEAT858,Available
T3748,M141,SEAT1243,Available
T3749,M16,SEAT1506,Available
T3750,M174,SEAT1489,Sold
T3751,M24,SEAT1690,Available
T3752,M89,SEAT3908,Available
T3753,M74,SEAT4183,Sold
T3754,M74,SEAT4699,Sold
T3755,M118,SEAT174,Available
T3756,M173,SEAT2065,Sold
T3757,M115,SEAT4098,Sold
T3758,M61,SEAT3754,Sold
T3759,M3,SEAT3314,Available
T3760,M158,SEAT1922,Sold
T3761,M186,SEAT2215,Sold
T3762,M180,SEAT4607,Sold
T3763,M121,SEAT4930,Sold
T3764,M195,SEAT2991,Available
T3765,M195,SEAT2569,Sold
T3766,M104,SEAT3957,Sold
T3767,M75,SEAT4836,Available
T3768,M102,SEAT4617,Available
T3769,M5,SEAT2661,Available
T3770,M144,SEAT2979,Sold
T3771,M1,SEAT2506,Available
T3772,M87,SEAT809,Available
T3773,M139,SEAT2242,Available
T3774,M154,SEAT1253,Sold
T3775,M120,SEAT3918,Sold
T3776,M4,SEAT4423,Sold
T3777,M46,SEAT1199,Available
T3778,M66,SEAT952,Sold
T3779,M186,SEAT3335,Available
T3780,M44,SEAT4914,Sold
T3781,M123,SEAT1133,Available
T3782,M138,SEAT2480,Available
T3783,M22,SEAT2288,Available
T3784,M3,SEAT801,Available
T3785,M62,SEAT4946,Available
T3786,M8,SEAT4111,Sold
T3787,M29,SEAT1880,Sold
T3788,M183,SEAT4443,Sold
T3789,M195,SEAT1991,Sold
T3790,M102,SEAT1348,Sold
T3791,M154,SEAT4989,Sold
T3792,M152,SEAT128,Sold
T3793,M45,SEAT4185,Sold
T3794,M171,SEAT3934,Available
T3795,M131,SEAT1930,Sold
T3796,M182,SEAT2812,Available
T3797,M5,SEAT4996,Available
T3798,M79,SEAT3908,Available
T3799,M41,SEAT4552,Available
T3800,M180,SEAT524,Available
T3801,M144,SEAT2253,Sold
T3802,M124,SEAT2803,Available
T3803,M42,SEAT393,Available
T3804,M67,SEAT4992,Available
T3805,M61,SEAT2893,Sold
T3806,M113,SEAT1443,Sold
T3807,M135,SEAT1792,Available
T3808,M64,SEAT3076,Sold
T3809,M90,SEAT2091,Sold
T3810,M33,SEAT4502,Available
T3811,M37,SEAT965,Available
T3812,M143,SEAT2388,Available
T3813,M27,SEAT4555,Sold
T3814,M129,SEAT1958,Sold
T3815,M148,SEAT3909,Sold
T3816,M128,SEAT3635,Available
T3817,M103,SEAT1419,Sold
T3818,M158,SEAT3034,Sold
T3819,M143,SEAT55,Sold
T3820,M159,SEAT2279,Sold
T3821,M142,SEAT3267,Available
T3822,M197,SEAT1525,Available
T3823,M7,SEAT3202,Sold
T3824,M50,SEAT4371,Available
T3825,M42,SEAT3475,Available
T3826,M45,SEAT2243,Available
T3827,M56,SEAT3330,Sold
T3828,M123,SEAT2993,Available
T3829,M121,SEAT88,Available
T3830,M104,SEAT2512,Available
T3831,M54,SEAT2065,Available
T3832,M117,SEAT2284,Sold
T3833,M13,SEAT1432,Available
T3834,M135,SEAT55,Available
T3835,M84,SEAT4147,Available
T3836,M26,SEAT4311,Sold
T3837,M177,SEAT2741,Available
T3838,M20,SEAT3397,Available
T3839,M41,SEAT3819,Sold
T3840,M179,SEAT1644,Sold
T3841,M112,SEAT782,Available
T3842,M41,SEAT3880,Available
T3843,M153,SEAT2201,Available
T3844,M72,SEAT892,Sold
T3845,M12,SEAT3088,Available
T3846,M190,SEAT1799,Sold
T3847,M197,SEAT974,Sold
T3848,M103,SEAT1495,Sold
T3849,M63,SEAT1516,Sold
T3850,M57,SEAT4319,Available
T3851,M200,SEAT2575,Available
T3852,M57,SEAT56,Available
T3853,M73,SEAT2449,Available
T3854,M86,SEAT3799,Sold
T3855,M134,SEAT3357,Available
T3856,M87,SEAT2807,Sold
T3857,M112,SEAT322,Available
T3858,M110,SEAT4097,Sold
T3859,M58,SEAT4038,Sold
T3860,M28,SEAT867,Available
T3861,M37,SEAT2170,Available
T3862,M173,SEAT1158,Sold
T3863,M91,SEAT1388,Available
T3864,M92,SEAT3251,Sold
T3865,M48,SEAT4530,Sold
T3866,M140,SEAT4948,Sold
T3867,M82,SEAT979,Sold
T3868,M170,SEAT3137,Available
T3869,M131,SEAT1669,Available
T3870,M126,SEAT655,Available
T3871,M93,SEAT1945,Available
T3872,M198,SEAT4995,Available
T3873,M179,SEAT2779,Sold
T3874,M151,SEAT1698,Available
T3875,M88,SEAT1216,Sold
T3876,M69,SEAT4990,Sold
T3877,M113,SEAT3073,Sold
T3878,M166,SEAT4640,Available
T3879,M126,SEAT2589,Available
T3880,M194,SEAT3385,Available
T3881,M12,SEAT2698,Sold
T3882,M171,SEAT4803,Sold
T3883,M188,SEAT2427,Sold
T3884,M137,SEAT1066,Available
T3885,M72,SEAT3862,Sold
T3886,M85,SEAT840,Sold
T3887,M116,SEAT2834,Available
T3888,M28,SEAT2816,Available
T3889,M104,SEAT4128,Sold
T3890,M91,SEAT1781,Sold
T3891,M197,SEAT3441,Available
T3892,M151,SEAT4733,Available
T3893,M139,SEAT2797,Sold
T3894,M107,SEAT1592,Sold
T3895,M30,SEAT1963,Available
T3896,M70,SEAT3855,Available
T3897,M166,SEAT1640,Available
T3898,M48,SEAT4558,Sold
T3899,M2,SEAT3951,Available
T3900,M197,SEAT2251,Sold
T3901,M78,SEAT186,Sold
T3902,M188,SEAT789,Available
T3903,M20,SEAT3640,Available
T3904,M15,SEAT3349,Available
T3905,M24,SEAT1518,Sold
T3906,M173,SEAT2823,Sold
T3907,M8,SEAT3643,Available
T3908,M144,SEAT23,Sold
T3909,M95,SEAT3538,Sold
T3910,M93,SEAT2443,Sold
T3911,M58,SEAT4160,Available
T3912,M141,SEAT709,Available
T3913,M105,SEAT601,Available
T3914,M195,SEAT2225,Sold
T3915,M62,SEAT3184,Sold
T3916,M44,SEAT4106,Sold
T3917,M95,SEAT1862,Sold
T3918,M157,SEAT979,Available
T3919,M196,SEAT2965,Available
T3920,M85,SEAT2226,Sold
T3921,M87,SEAT4218,Available
T3922,M15,SEAT3994,Available
T3923,M103,SEAT1192,Available
T3924,M70,SEAT4756,Available
T3925,M160,SEAT1406,Sold
T3926,M110,SEAT2732,Sold
T3927,M82,SEAT1405,Available
T3928,M62,SEAT3234,Sold
T3929,M137,SEAT4524,Sold
T3930,M149,SEAT4400,Sold
T3931,M199,SEAT3905,Available
T3932,M25,SEAT4856,Sold
T3933,M142,SEAT3055,Sold
T3934,M114,SEAT3236,Sold
T3935,M12,SEAT2235,Available
T3936,M98,SEAT2358,Available
T3937,M153,SEAT459,Sold
T3938,M82,SEAT3716,Sold
T3939,M59,SEAT4313,Available
T3940,M23,SEAT666,Sold
T3941,M9,SEAT4846,Available
T3942,M30,SEAT1374,Available
T3943,M126,SEAT450,Available
T3944,M29,SEAT3558,Sold
T3945,M178,SEAT4821,Sold
T3946,M170,SEAT191,Sold
T3947,M172,SEAT4586,Available
T3948,M124,SEAT651,Sold
T3949,M9,SEAT996,Sold
T3950,M75,SEAT2924,Available
T3951,M35,SEAT3707,Sold
T3952,M181,SEAT776,Available
T3953,M186,SEAT4109,Sold
T3954,M62,SEAT1726,Sold
T3955,M155,SEAT2839,Sold
T3956,M103,SEAT4139,Available
T3957,M31,SEAT3608,Available
T3958,M145,SEAT4901,Available
T3959,M196,SEAT2675,Available
T3960,M49,SEAT2833,Available
T3961,M47,SEAT1883,Sold
T3962,M177,SEAT4431,Available
T3963,M181,SEAT198,Sold
T3964,M81,SEAT4052,Sold
T3965,M169,SEAT4241,Sold
T3966,M11,SEAT2598,Available
T3967,M105,SEAT2015,Sold
T3968,M139,SEAT4425,Sold
T3969,M60,SEAT1973,Available
T3970,M15,SEAT196,Sold
T3971,M46,SEAT3780,Available
T3972,M36,SEAT3196,Sold
T3973,M149,SEAT3546,Available
T3974,M7,SEAT76,Sold
T3975,M124,SEAT4888,Sold
T3976,M62,SEAT3858,Sold
T3977,M155,SEAT3803,Available
T3978,M53,SEAT2046,Available
T3979,M112,SEAT1541,Sold
T3980,M78,SEAT2578,Sold
T3981,M11,SEAT3860,Sold
T3982,M75,SEAT2071,Available
T3983,M4,SEAT3216,Sold
T3984,M17,SEAT2856,Sold
T3985,M123,SEAT1787,Available
T3986,M53,SEAT4755,Available
T3987,M125,SEAT1874,Available
T3988,M197,SEAT4318,Available
T3989,M141,SEAT440,Available
T3990,M1,SEAT1695,Available
T3991,M23,SEAT4458,Available
T3992,M66,SEAT1344,Available
T3993,M107,SEAT233,Sold
T3994,M112,SEAT4535,Available
T3995,M151,SEAT689,Sold
T3996,M161,SEAT3996,Sold
T3997,M121,SEAT395,Sold
T3998,M117,SEAT345,Sold
T3999,M189,SEAT1223,Available
T4000,M196,SEAT2532,Available
