transactionId,ticketId,fanId,amount,paymentMethod,status
TR1,T3018,F1416,214705,MoMo,Success
TR2,T3605,F1978,592561,Cash,Failed
TR3,T2782,F628,564552,Cash,Success
TR4,T3313,F836,530226,MoMo,Failed
TR5,T2883,F836,148830,VNPay,Success
TR6,T424,F1353,292804,Credit,Failed
TR7,T3660,F1394,249173,VNPay,Success
TR8,T3592,F1475,543204,Credit,Failed
TR9,T2657,F908,446597,VNPay,Failed
TR10,T3828,F1174,405183,Credit,Success
TR11,T2639,F461,407192,VNPay,Failed
TR12,T1210,F1427,271249,MoMo,Failed
TR13,T2202,F654,283498,VNPay,Success
TR14,T631,F271,318935,Cash,Failed
TR15,T2590,F1657,326842,Credit,Success
TR16,T715,F1927,211921,MoMo,Success
TR17,T2900,F459,567015,Credit,Failed
TR18,T1181,F1234,183199,VNPay,Failed
TR19,T111,F1970,153355,Credit,Success
TR20,T3157,F317,505100,Cash,Failed
TR21,T2917,F1516,298780,Credit,Success
TR22,T1459,F44,465580,Cash,Success
TR23,T348,F1906,255136,VNPay,Success
TR24,T2819,F537,482534,VNPay,Failed
TR25,T1160,F1587,105841,MoMo,Success
TR26,T1334,F493,510232,MoMo,Success
TR27,T3921,F813,426060,Cash,Failed
TR28,T3611,F1547,439445,Cash,Failed
TR29,T1530,F410,128230,MoMo,Success
TR30,T3468,F952,552320,Cash,Success
TR31,T787,F410,578294,VNPay,Failed
TR32,T925,F1121,170736,Credit,Success
TR33,T339,F185,282940,Credit,Success
TR34,T2702,F1910,333740,MoMo,Success
TR35,T299,F720,540825,Cash,Failed
TR36,T1443,F968,475781,VNPay,Failed
TR37,T161,F1033,328766,Cash,Failed
TR38,T2624,F1851,509259,Credit,Failed
TR39,T1809,F283,256793,Cash,Failed
TR40,T1828,F1708,385734,MoMo,Success
TR41,T3999,F271,175592,MoMo,Success
TR42,T159,F81,168376,VNPay,Failed
TR43,T148,F1945,145730,Credit,Success
TR44,T2936,F64,560705,Cash,Success
TR45,T1235,F791,252121,MoMo,Failed
TR46,T3958,F801,580701,MoMo,Success
TR47,T6,F981,401435,VNPay,Failed
TR48,T3897,F568,160971,MoMo,Success
TR49,T3942,F1088,340339,Cash,Success
TR50,T2957,F1217,121714,MoMo,Failed
TR51,T2053,F671,562793,Credit,Success
TR52,T2724,F531,273720,VNPay,Success
TR53,T125,F1533,289455,Credit,Failed
TR54,T1982,F1080,470849,VNPay,Failed
TR55,T2853,F1670,382975,MoMo,Success
TR56,T1915,F341,134729,Cash,Failed
TR57,T1589,F798,594303,VNPay,Success
TR58,T2341,F877,394025,Cash,Success
TR59,T2521,F1795,277761,VNPay,Success
TR60,T777,F1169,569474,Credit,Success
TR61,T1372,F1084,152731,Cash,Failed
TR62,T3058,F1502,429981,Credit,Failed
TR63,T3905,F210,107385,Credit,Success
TR64,T192,F1172,408343,Cash,Success
TR65,T3499,F1274,415374,Credit,Failed
TR66,T1566,F237,262728,VNPay,Failed
TR67,T1711,F752,220561,Cash,Success
TR68,T1698,F1357,139426,Cash,Failed
TR69,T1120,F862,124538,MoMo,Failed
TR70,T3415,F70,165423,Credit,Success
TR71,T2482,F667,463728,Credit,Failed
TR72,T3514,F201,558195,Credit,Failed
TR73,T1497,F828,515494,MoMo,Failed
TR74,T3674,F1643,423187,Cash,Success
TR75,T869,F234,476272,Credit,Failed
TR76,T2853,F379,130884,MoMo,Failed
TR77,T3019,F1707,382217,MoMo,Success
TR78,T2205,F1905,166289,VNPay,Failed
TR79,T1072,F1226,532957,MoMo,Success
TR80,T1715,F442,163656,Credit,Failed
TR81,T2945,F22,207215,MoMo,Success
TR82,T2277,F805,219431,MoMo,Failed
TR83,T3836,F1425,396809,VNPay,Failed
TR84,T2116,F1156,235647,MoMo,Success
TR85,T624,F1584,529609,MoMo,Success
TR86,T1178,F1031,532949,MoMo,Success
TR87,T1621,F1347,411882,Credit,Success
TR88,T2928,F990,566728,Cash,Success
TR89,T3192,F1541,242322,Cash,Success
TR90,T52,F519,118974,VNPay,Failed
TR91,T2136,F1679,597430,MoMo,Failed
TR92,T1351,F910,534164,MoMo,Success
TR93,T950,F1689,549212,MoMo,Success
TR94,T626,F1885,531177,Cash,Success
TR95,T2652,F229,225589,Cash,Failed
TR96,T2513,F896,346387,MoMo,Success
TR97,T2405,F1119,204665,MoMo,Success
TR98,T1479,F418,341928,MoMo,Failed
TR99,T222,F1910,446822,Cash,Failed
TR100,T1234,F1462,508364,Cash,Failed
TR101,T2932,F600,441702,Credit,Failed
TR102,T1938,F1837,456884,MoMo,Failed
TR103,T1317,F199,132237,Cash,Failed
TR104,T1646,F476,274510,Credit,Failed
TR105,T2146,F213,461107,Cash,Success
TR106,T2728,F985,253043,Cash,Failed
TR107,T2581,F803,194136,VNPay,Success
TR108,T965,F808,332766,VNPay,Success
TR109,T1653,F1771,311471,VNPay,Success
TR110,T3023,F1539,525495,Credit,Success
TR111,T1873,F1339,572114,Credit,Success
TR112,T1819,F1359,580108,Credit,Success
TR113,T2680,F1426,130319,VNPay,Failed
TR114,T1865,F1520,238947,MoMo,Failed
TR115,T3271,F205,353790,VNPay,Failed
TR116,T343,F1730,331110,VNPay,Success
TR117,T2579,F1706,525085,MoMo,Failed
TR118,T1323,F1084,250701,VNPay,Failed
TR119,T2656,F1326,299414,MoMo,Success
TR120,T2949,F41,530056,MoMo,Failed
TR121,T164,F298,157502,MoMo,Success
TR122,T1353,F254,277914,VNPay,Failed
TR123,T704,F1685,575773,Cash,Success
TR124,T3385,F231,278606,Cash,Failed
TR125,T1084,F1606,359068,Cash,Success
TR126,T3088,F599,432938,MoMo,Failed
TR127,T1175,F1062,278688,VNPay,Failed
TR128,T3890,F1051,324648,Credit,Success
TR129,T2166,F1372,182611,Cash,Success
TR130,T2448,F298,230481,VNPay,Failed
TR131,T1611,F1879,285802,VNPay,Failed
TR132,T1849,F568,591881,MoMo,Failed
TR133,T914,F874,317495,VNPay,Failed
TR134,T1203,F37,209567,VNPay,Success
TR135,T766,F1554,281765,MoMo,Success
TR136,T2948,F1146,394843,Credit,Failed
TR137,T2766,F272,591203,Credit,Failed
TR138,T1997,F702,108733,VNPay,Success
TR139,T3674,F343,493516,Credit,Success
TR140,T3771,F666,288850,MoMo,Failed
TR141,T2564,F461,256350,Credit,Success
TR142,T2961,F1386,299283,VNPay,Failed
TR143,T27,F1997,447438,Credit,Success
TR144,T726,F844,494012,MoMo,Success
TR145,T1183,F297,373319,Credit,Success
TR146,T3742,F472,453834,VNPay,Success
TR147,T1724,F373,576286,Cash,Success
TR148,T1089,F1732,491185,Credit,Success
TR149,T280,F1982,389535,VNPay,Success
TR150,T2517,F508,151915,Credit,Success
TR151,T2842,F1419,104887,Cash,Success
TR152,T3293,F392,463148,MoMo,Success
TR153,T3022,F1219,291190,Cash,Failed
TR154,T2696,F902,156770,VNPay,Success
TR155,T357,F890,127916,Credit,Success
TR156,T2980,F799,169046,VNPay,Success
TR157,T2210,F1718,293071,VNPay,Success
TR158,T1904,F1201,224035,Cash,Failed
TR159,T2599,F826,268139,VNPay,Success
TR160,T1129,F1864,196091,Credit,Failed
TR161,T1873,F933,224589,VNPay,Success
TR162,T2202,F567,248327,Credit,Success
TR163,T2252,F1992,387250,Credit,Success
TR164,T1145,F1990,599484,Credit,Success
TR165,T2988,F1849,341472,Credit,Failed
TR166,T1982,F98,482386,VNPay,Success
TR167,T3887,F98,179627,VNPay,Failed
TR168,T865,F952,558431,Cash,Success
TR169,T1298,F719,460298,Cash,Failed
TR170,T1902,F799,293300,Credit,Failed
TR171,T2470,F268,354050,Credit,Failed
TR172,T684,F309,572870,Credit,Failed
TR173,T2702,F1317,513226,VNPay,Failed
TR174,T2824,F108,156906,Cash,Failed
TR175,T1956,F852,394054,Cash,Success
TR176,T3849,F1285,372187,Cash,Failed
TR177,T331,F589,339082,Cash,Success
TR178,T1256,F65,599712,VNPay,Success
TR179,T781,F287,547804,Credit,Success
TR180,T999,F508,495076,Credit,Failed
TR181,T1716,F1104,503044,VNPay,Success
TR182,T3516,F1787,360949,VNPay,Failed
TR183,T1816,F94,109823,VNPay,Failed
TR184,T94,F1313,154009,VNPay,Failed
TR185,T1097,F1298,401712,VNPay,Success
TR186,T3284,F1075,489594,VNPay,Failed
TR187,T1469,F720,392086,Credit,Failed
TR188,T1772,F1419,294927,Cash,Failed
TR189,T2269,F1470,575465,Cash,Success
TR190,T1525,F430,222840,MoMo,Failed
TR191,T2750,F293,458316,MoMo,Failed
TR192,T1080,F507,361359,MoMo,Success
TR193,T1323,F445,113278,Cash,Failed
TR194,T3659,F63,413261,VNPay,Success
TR195,T2547,F1195,127635,Cash,Success
TR196,T342,F597,281960,VNPay,Success
TR197,T823,F24,278454,Credit,Failed
TR198,T3353,F1832,571635,Credit,Failed
TR199,T2862,F489,448371,MoMo,Success
TR200,T3431,F920,278813,MoMo,Success
TR201,T1666,F951,532635,MoMo,Success
TR202,T174,F1535,324573,Cash,Success
TR203,T2446,F1302,279853,Cash,Success
TR204,T60,F1406,553277,VNPay,Success
TR205,T1861,F1366,273671,Cash,Failed
TR206,T3606,F1147,551966,VNPay,Success
TR207,T128,F196,214765,Cash,Failed
TR208,T3159,F1599,327693,VNPay,Failed
TR209,T432,F355,552525,Cash,Failed
TR210,T3305,F1085,318280,Credit,Failed
TR211,T2095,F846,339501,MoMo,Success
TR212,T1037,F238,393923,Cash,Success
TR213,T2555,F741,531391,Credit,Success
TR214,T963,F1020,375374,MoMo,Failed
TR215,T1101,F42,475045,MoMo,Failed
TR216,T2092,F70,268882,MoMo,Failed
TR217,T330,F1340,463422,Credit,Success
TR218,T2833,F474,429446,MoMo,Success
TR219,T3258,F989,542894,Cash,Success
TR220,T2485,F1982,469148,Credit,Success
TR221,T159,F593,244223,Cash,Failed
TR222,T1221,F1092,288813,Cash,Failed
TR223,T338,F410,181303,MoMo,Success
TR224,T773,F344,572041,Credit,Success
TR225,T983,F1546,454393,VNPay,Success
TR226,T1831,F1462,580232,MoMo,Failed
TR227,T2453,F886,490464,MoMo,Failed
TR228,T54,F1208,291634,Cash,Success
TR229,T2759,F1980,243147,MoMo,Success
TR230,T3239,F1306,175269,Credit,Success
TR231,T3566,F1371,286355,MoMo,Failed
TR232,T2332,F992,325050,VNPay,Success
TR233,T1649,F1372,439819,VNPay,Success
TR234,T3986,F321,433500,VNPay,Failed
TR235,T101,F1575,175008,MoMo,Failed
TR236,T1134,F905,387610,MoMo,Success
TR237,T2847,F964,234122,MoMo,Failed
TR238,T3072,F1739,155605,Credit,Success
TR239,T3777,F960,109624,VNPay,Failed
TR240,T2084,F1340,415063,VNPay,Success
TR241,T1345,F1743,333700,Credit,Failed
TR242,T3751,F1234,156263,MoMo,Success
TR243,T1270,F950,236003,MoMo,Success
TR244,T1207,F351,324722,Cash,Failed
TR245,T2242,F1056,564132,VNPay,Success
TR246,T1776,F325,216858,Cash,Failed
TR247,T3405,F1316,283771,Credit,Success
TR248,T1929,F476,488763,Cash,Success
TR249,T3684,F1685,188565,Cash,Failed
TR250,T228,F478,558697,MoMo,Failed
TR251,T1841,F100,471722,MoMo,Success
TR252,T1186,F733,455779,MoMo,Failed
TR253,T2589,F627,361860,MoMo,Failed
TR254,T3043,F1301,263783,VNPay,Failed
TR255,T2551,F14,237695,Cash,Success
TR256,T51,F1667,408044,MoMo,Failed
TR257,T490,F110,300753,MoMo,Success
TR258,T368,F1790,251740,Cash,Success
TR259,T1477,F1388,245708,Cash,Success
TR260,T3994,F884,516223,Credit,Success
TR261,T3409,F1960,380853,MoMo,Failed
TR262,T3148,F1421,138796,Credit,Success
TR263,T1924,F1357,206876,MoMo,Failed
TR264,T131,F818,114393,Credit,Failed
TR265,T3955,F866,460526,Cash,Success
TR266,T2461,F124,169045,Cash,Success
TR267,T2817,F996,244497,MoMo,Success
TR268,T871,F1225,115235,MoMo,Success
TR269,T879,F1043,437958,MoMo,Success
TR270,T3626,F1554,192274,Credit,Failed
TR271,T93,F1373,488763,Cash,Failed
TR272,T3796,F1106,208924,VNPay,Failed
TR273,T2194,F1413,386594,Credit,Failed
TR274,T3494,F196,393792,Cash,Success
TR275,T3733,F1035,129363,Cash,Success
TR276,T2344,F1203,586997,MoMo,Success
TR277,T1083,F1702,564264,VNPay,Success
TR278,T2854,F1032,109405,VNPay,Failed
TR279,T365,F1856,572309,Credit,Success
TR280,T3611,F168,593689,Credit,Success
TR281,T268,F1825,142120,Cash,Failed
TR282,T2288,F1988,376808,Credit,Failed
TR283,T1078,F553,265341,Credit,Failed
TR284,T2296,F1963,461382,MoMo,Failed
TR285,T1323,F1001,100652,Credit,Failed
TR286,T2098,F1670,186728,MoMo,Success
TR287,T1919,F1812,331449,Cash,Success
TR288,T1798,F1968,458332,Credit,Success
TR289,T3096,F254,562971,Credit,Failed
TR290,T1804,F173,539532,Credit,Failed
TR291,T57,F466,186509,Cash,Failed
TR292,T2313,F220,284721,Cash,Success
TR293,T583,F656,361479,VNPay,Failed
TR294,T3851,F998,426476,VNPay,Failed
TR295,T2563,F1907,406885,MoMo,Failed
TR296,T96,F212,456351,Credit,Failed
TR297,T1021,F1661,415063,Credit,Success
TR298,T563,F481,557131,VNPay,Failed
TR299,T1140,F1586,293203,MoMo,Success
TR300,T1419,F1090,270138,Cash,Failed
TR301,T424,F1128,461008,Cash,Success
TR302,T568,F1346,501689,Credit,Failed
TR303,T2151,F1598,206537,Credit,Success
TR304,T843,F1491,136769,VNPay,Success
TR305,T1977,F1576,241693,VNPay,Failed
TR306,T3145,F389,189337,Cash,Success
TR307,T66,F977,357553,Credit,Success
TR308,T1861,F29,576879,MoMo,Failed
TR309,T1467,F1130,420350,VNPay,Success
TR310,T2888,F1242,564507,VNPay,Success
TR311,T800,F177,295817,Cash,Failed
TR312,T2500,F1965,220271,VNPay,Failed
TR313,T3446,F212,371341,Credit,Failed
TR314,T2234,F1855,196710,Cash,Success
TR315,T3325,F1808,339066,Credit,Failed
TR316,T538,F1373,353802,Cash,Failed
TR317,T2525,F1142,271116,MoMo,Success
TR318,T3095,F138,572950,Credit,Failed
TR319,T1088,F210,378712,Credit,Failed
TR320,T2787,F1698,224830,MoMo,Failed
TR321,T2292,F559,546699,Credit,Failed
TR322,T2943,F982,182941,MoMo,Success
TR323,T355,F778,328501,Cash,Success
TR324,T261,F1589,481485,Credit,Failed
TR325,T3358,F521,134358,VNPay,Failed
TR326,T2537,F1494,445193,VNPay,Failed
TR327,T414,F1985,588831,Cash,Failed
TR328,T3031,F1881,128335,MoMo,Success
TR329,T2531,F113,174460,MoMo,Success
TR330,T2905,F518,251683,MoMo,Failed
TR331,T1651,F788,501306,Credit,Success
TR332,T3773,F585,304676,VNPay,Success
TR333,T576,F759,264058,Cash,Failed
TR334,T3661,F192,388911,Cash,Failed
TR335,T3092,F1144,524214,Cash,Success
TR336,T2893,F100,242281,VNPay,Failed
TR337,T2279,F46,163303,MoMo,Failed
TR338,T2484,F267,406899,MoMo,Failed
TR339,T1903,F1596,392849,VNPay,Failed
TR340,T1618,F1106,451238,Cash,Failed
TR341,T3127,F1728,342938,Credit,Failed
TR342,T92,F398,108120,Credit,Failed
TR343,T122,F1100,248936,Cash,Success
TR344,T1962,F910,419842,MoMo,Success
TR345,T2933,F178,144630,VNPay,Success
TR346,T3109,F450,453256,Credit,Failed
TR347,T1465,F445,597079,Cash,Failed
TR348,T3533,F1750,579155,Cash,Failed
TR349,T2152,F1263,192182,Credit,Failed
TR350,T247,F279,368628,VNPay,Success
TR351,T1901,F1514,154481,VNPay,Failed
TR352,T940,F1807,278742,Cash,Failed
TR353,T1330,F1763,440020,Cash,Failed
TR354,T2892,F93,267571,Credit,Success
TR355,T2904,F1961,182778,Credit,Success
TR356,T2131,F1442,179511,VNPay,Success
TR357,T523,F1814,127188,VNPay,Failed
TR358,T2219,F132,191752,VNPay,Failed
TR359,T3916,F666,108321,Cash,Failed
TR360,T1517,F868,482573,Cash,Success
TR361,T3256,F1938,420879,MoMo,Success
TR362,T3986,F1518,370528,VNPay,Success
TR363,T2130,F1230,483290,MoMo,Success
TR364,T1346,F1906,353509,VNPay,Failed
TR365,T202,F1091,503258,Credit,Success
TR366,T1551,F144,266006,VNPay,Failed
TR367,T2454,F1327,314104,Credit,Failed
TR368,T2751,F1242,268217,VNPay,Success
TR369,T3954,F906,296181,VNPay,Failed
TR370,T1228,F233,128949,Cash,Failed
TR371,T241,F545,343943,VNPay,Failed
TR372,T3858,F1125,181916,Cash,Success
TR373,T513,F461,347088,VNPay,Failed
TR374,T2724,F474,185625,MoMo,Success
TR375,T2959,F452,437864,MoMo,Failed
TR376,T80,F1041,471605,Credit,Success
TR377,T125,F46,188760,Cash,Success
TR378,T2422,F292,502034,Credit,Failed
TR379,T960,F1797,116455,Cash,Failed
TR380,T3093,F75,469798,VNPay,Success
TR381,T2494,F583,537344,Cash,Failed
TR382,T148,F1487,567878,MoMo,Success
TR383,T2394,F576,411352,Cash,Success
TR384,T391,F987,525574,VNPay,Failed
TR385,T3847,F447,329292,Cash,Failed
TR386,T2487,F87,516977,Cash,Failed
TR387,T1260,F1764,262543,Credit,Success
TR388,T2423,F1800,583795,Credit,Failed
TR389,T2880,F827,303895,MoMo,Success
TR390,T2835,F642,400012,MoMo,Success
TR391,T3870,F1283,378685,VNPay,Success
TR392,T1860,F1227,335550,VNPay,Success
TR393,T1265,F771,391749,VNPay,Success
TR394,T2467,F414,274343,Cash,Failed
TR395,T837,F980,454150,VNPay,Failed
TR396,T2558,F688,488353,VNPay,Success
TR397,T1050,F1440,409411,Credit,Failed
TR398,T193,F1702,598196,Cash,Failed
TR399,T3811,F486,524928,VNPay,Success
TR400,T3780,F1784,457268,MoMo,Failed
TR401,T1678,F1839,325979,Cash,Failed
TR402,T564,F627,178657,MoMo,Success
TR403,T1019,F1555,291591,Credit,Failed
TR404,T3754,F1483,340023,Credit,Success
TR405,T2831,F1909,111893,MoMo,Failed
TR406,T2949,F1568,421185,Cash,Success
TR407,T820,F1998,374589,Credit,Failed
TR408,T58,F185,512748,Cash,Failed
TR409,T1763,F1486,535431,Credit,Success
TR410,T1263,F1798,330247,VNPay,Success
TR411,T3876,F1818,407422,MoMo,Failed
TR412,T3861,F240,521573,VNPay,Success
TR413,T2772,F115,555198,Cash,Failed
TR414,T3667,F759,586960,Credit,Failed
TR415,T3516,F521,270688,MoMo,Success
TR416,T1079,F1768,238933,Cash,Success
TR417,T582,F295,132421,VNPay,Success
TR418,T2821,F199,268348,VNPay,Failed
TR419,T146,F1694,392328,Credit,Failed
TR420,T2036,F267,526597,VNPay,Success
TR421,T3571,F1197,355923,Cash,Success
TR422,T614,F1013,364280,Cash,Success
TR423,T3658,F1407,134055,VNPay,Failed
TR424,T3938,F928,257893,VNPay,Success
TR425,T1857,F122,169554,Cash,Failed
TR426,T591,F264,112220,MoMo,Failed
TR427,T447,F1194,597460,MoMo,Failed
TR428,T2516,F1512,149404,MoMo,Success
TR429,T1572,F1763,125162,VNPay,Failed
TR430,T1318,F358,108875,MoMo,Failed
TR431,T2095,F1090,519460,Cash,Failed
TR432,T1376,F401,417758,MoMo,Failed
TR433,T3278,F1842,346284,Cash,Failed
TR434,T2480,F1166,582588,Cash,Failed
TR435,T163,F294,166918,VNPay,Success
TR436,T958,F839,188569,Credit,Success
TR437,T2291,F938,311644,Credit,Success
TR438,T3971,F1893,440628,MoMo,Failed
TR439,T1436,F1694,453370,VNPay,Failed
TR440,T12,F137,341804,MoMo,Failed
TR441,T123,F1220,366167,Cash,Success
TR442,T2903,F1054,274317,Credit,Failed
TR443,T825,F1378,213680,Credit,Failed
TR444,T2546,F1544,225556,VNPay,Success
TR445,T2175,F773,151490,Credit,Success
TR446,T2456,F1651,104758,VNPay,Failed
TR447,T1990,F1849,167645,Credit,Success
TR448,T1663,F795,366532,MoMo,Success
TR449,T2245,F175,175060,Cash,Success
TR450,T1050,F977,586584,MoMo,Failed
TR451,T672,F187,250904,Cash,Success
TR452,T1103,F766,207376,Credit,Success
TR453,T3190,F1040,546778,VNPay,Failed
TR454,T904,F1921,148082,Credit,Failed
TR455,T3587,F1667,547476,Credit,Success
TR456,T2506,F233,392070,Credit,Success
TR457,T1757,F297,259113,Credit,Success
TR458,T219,F354,146754,VNPay,Success
TR459,T1749,F500,589687,VNPay,Success
TR460,T777,F1501,567578,MoMo,Success
TR461,T348,F1375,192834,VNPay,Failed
TR462,T3492,F1827,305473,Cash,Failed
TR463,T1388,F1591,444472,MoMo,Failed
TR464,T183,F283,576508,VNPay,Failed
TR465,T2951,F1832,337598,Credit,Success
TR466,T453,F445,526345,VNPay,Failed
TR467,T3899,F894,168918,Cash,Success
TR468,T3153,F126,135975,Cash,Success
TR469,T1251,F834,520217,Credit,Success
TR470,T2722,F877,130486,Credit,Success
TR471,T3035,F872,520468,Credit,Failed
TR472,T1259,F631,120728,Cash,Success
TR473,T2488,F630,548315,Cash,Failed
TR474,T2895,F703,535077,VNPay,Success
TR475,T2293,F1840,290833,MoMo,Success
TR476,T2960,F807,418137,Cash,Success
TR477,T945,F276,476386,MoMo,Success
TR478,T1414,F583,291229,VNPay,Failed
TR479,T908,F1332,486852,Cash,Success
TR480,T2630,F296,408761,Cash,Failed
TR481,T1173,F1914,586125,MoMo,Failed
TR482,T3416,F1578,415208,Cash,Failed
TR483,T3272,F767,585941,MoMo,Success
TR484,T2379,F805,131802,MoMo,Success
TR485,T1055,F1990,140962,VNPay,Failed
TR486,T1597,F1674,230814,VNPay,Failed
TR487,T126,F275,125752,VNPay,Failed
TR488,T160,F537,490662,Credit,Success
TR489,T792,F134,161471,MoMo,Failed
TR490,T3657,F95,427518,Cash,Failed
TR491,T3163,F1591,375427,Credit,Success
TR492,T3841,F100,592351,MoMo,Failed
TR493,T2934,F1608,451103,Credit,Failed
TR494,T157,F722,215129,Cash,Failed
TR495,T3952,F520,136463,VNPay,Failed
TR496,T429,F520,114769,VNPay,Success
TR497,T3597,F1987,156675,MoMo,Failed
TR498,T2615,F68,414189,Cash,Success
TR499,T2072,F1663,355436,Credit,Failed
TR500,T872,F1347,432517,Credit,Failed
TR501,T881,F465,390880,Credit,Failed
TR502,T3366,F1115,313387,Credit,Success
TR503,T3942,F1455,189630,Credit,Success
TR504,T697,F1510,233877,VNPay,Success
TR505,T3022,F6,587624,Credit,Failed
TR506,T2909,F845,346870,MoMo,Failed
TR507,T1866,F1768,372053,Credit,Failed
TR508,T2835,F1554,440311,VNPay,Success
TR509,T2272,F1009,275121,Cash,Failed
TR510,T355,F1510,534823,Credit,Failed
TR511,T227,F285,268296,Credit,Success
TR512,T1293,F675,585815,Credit,Success
TR513,T108,F1838,401635,Credit,Failed
TR514,T1093,F1525,431089,Cash,Failed
TR515,T3839,F1246,162354,Cash,Success
TR516,T3630,F1925,213670,MoMo,Failed
TR517,T3488,F86,306270,VNPay,Success
TR518,T1801,F1156,458014,MoMo,Failed
TR519,T3501,F1923,508390,Credit,Success
TR520,T712,F1860,433384,Credit,Success
TR521,T2887,F1235,431496,Cash,Failed
TR522,T3936,F1732,309460,VNPay,Success
TR523,T3685,F789,402668,VNPay,Failed
TR524,T2783,F128,199726,Cash,Success
TR525,T902,F115,549621,MoMo,Success
TR526,T726,F487,588376,MoMo,Failed
TR527,T1358,F1338,559710,Cash,Failed
TR528,T1062,F1662,220257,VNPay,Failed
TR529,T2930,F1640,366736,VNPay,Failed
TR530,T2184,F1911,356204,MoMo,Failed
TR531,T494,F1117,387805,Credit,Success
TR532,T70,F955,194935,Cash,Failed
TR533,T1651,F442,523782,Credit,Failed
TR534,T1299,F1573,539479,Credit,Failed
TR535,T1327,F1047,383533,MoMo,Success
TR536,T2876,F457,545702,VNPay,Success
TR537,T50,F1049,190162,VNPay,Success
TR538,T3845,F829,395170,MoMo,Success
TR539,T2157,F1519,513744,VNPay,Success
TR540,T2558,F1869,576945,Credit,Failed
TR541,T3870,F114,325636,Cash,Success
TR542,T3282,F1590,378010,Credit,Failed
TR543,T2877,F633,169278,Cash,Success
TR544,T1593,F304,240899,MoMo,Success
TR545,T94,F349,406123,VNPay,Failed
TR546,T997,F1110,132215,MoMo,Success
TR547,T2520,F861,513219,Credit,Failed
TR548,T1625,F1970,461431,Credit,Success
TR549,T1199,F177,313059,Credit,Failed
TR550,T1104,F210,216951,MoMo,Success
TR551,T422,F1926,445170,VNPay,Success
TR552,T3046,F798,193617,MoMo,Success
TR553,T1022,F1829,584920,VNPay,Success
TR554,T3745,F1204,254279,VNPay,Success
TR555,T1286,F1828,288838,MoMo,Success
TR556,T1864,F182,585677,Cash,Success
TR557,T767,F1588,388825,MoMo,Failed
TR558,T3379,F309,116416,MoMo,Failed
TR559,T27,F929,231032,MoMo,Success
TR560,T3879,F1248,593329,MoMo,Failed
TR561,T2829,F1659,463576,VNPay,Success
TR562,T606,F939,128618,Cash,Success
TR563,T401,F733,252731,MoMo,Success
TR564,T1840,F777,223041,VNPay,Success
TR565,T3579,F1729,108862,Cash,Failed
TR566,T2893,F1037,196095,MoMo,Failed
TR567,T364,F294,473812,Credit,Failed
TR568,T23,F342,233583,MoMo,Success
TR569,T1144,F723,437037,Cash,Success
TR570,T650,F1874,322701,MoMo,Success
TR571,T274,F1655,112086,MoMo,Failed
TR572,T2389,F267,125389,MoMo,Success
TR573,T1664,F523,557838,Credit,Failed
TR574,T1686,F489,115289,VNPay,Failed
TR575,T2544,F1643,365754,Cash,Failed
TR576,T3663,F1843,384832,VNPay,Failed
TR577,T2782,F1981,247769,MoMo,Failed
TR578,T3770,F145,253181,Credit,Failed
TR579,T2409,F1038,408028,MoMo,Failed
TR580,T1139,F1727,540210,MoMo,Success
TR581,T2623,F781,108771,Credit,Failed
TR582,T3254,F617,242862,VNPay,Failed
TR583,T2813,F256,308625,MoMo,Success
TR584,T3967,F186,571108,VNPay,Failed
TR585,T560,F1728,423683,MoMo,Failed
TR586,T1714,F867,509436,Cash,Failed
TR587,T2036,F1655,414181,Cash,Success
TR588,T31,F202,439710,MoMo,Failed
TR589,T56,F1645,259454,Cash,Success
TR590,T1496,F354,181814,VNPay,Success
TR591,T1705,F1328,595122,MoMo,Failed
TR592,T3410,F913,432773,Credit,Failed
TR593,T1040,F672,393489,Cash,Failed
TR594,T2653,F339,290602,MoMo,Success
TR595,T372,F129,203260,Credit,Success
TR596,T3306,F338,144487,Credit,Success
TR597,T1951,F1003,158333,Credit,Success
TR598,T695,F1288,200741,MoMo,Success
TR599,T1937,F686,261512,VNPay,Success
TR600,T3886,F1648,133845,MoMo,Failed
TR601,T2323,F888,453997,VNPay,Success
TR602,T2320,F1760,516797,VNPay,Success
TR603,T2797,F550,381339,MoMo,Failed
TR604,T2430,F1297,358509,Cash,Failed
TR605,T3739,F1983,357955,MoMo,Failed
TR606,T3925,F355,148360,Cash,Failed
TR607,T944,F1272,422319,MoMo,Success
TR608,T2770,F2000,493075,Cash,Success
TR609,T3649,F1136,323809,MoMo,Failed
TR610,T3339,F523,191720,MoMo,Success
TR611,T2788,F1159,443633,Cash,Success
TR612,T1438,F800,238556,MoMo,Failed
TR613,T1059,F1054,140372,Credit,Success
TR614,T1150,F1805,454278,VNPay,Success
TR615,T1668,F823,219735,MoMo,Success
TR616,T470,F1230,488646,MoMo,Success
TR617,T2417,F200,521404,Credit,Success
TR618,T2647,F1669,472023,MoMo,Failed
TR619,T449,F1394,445917,Credit,Failed
TR620,T2345,F1086,238503,VNPay,Failed
TR621,T3138,F788,309144,Cash,Failed
TR622,T3785,F560,269951,MoMo,Success
TR623,T3406,F1676,582816,Cash,Failed
TR624,T3437,F1127,561279,Cash,Success
TR625,T2831,F1323,581549,VNPay,Success
TR626,T712,F1155,594352,VNPay,Success
TR627,T1228,F623,242386,VNPay,Success
TR628,T3416,F745,335181,Cash,Success
TR629,T3858,F1883,178101,Cash,Success
TR630,T1303,F1706,110447,VNPay,Failed
TR631,T2865,F1124,458012,VNPay,Success
TR632,T709,F1579,146555,Credit,Success
TR633,T1304,F108,144773,Cash,Success
TR634,T1372,F1532,566996,MoMo,Failed
TR635,T82,F1918,503027,VNPay,Success
TR636,T827,F450,100727,VNPay,Failed
TR637,T290,F98,407351,MoMo,Failed
TR638,T145,F250,258507,VNPay,Failed
TR639,T1583,F1252,339954,Cash,Success
TR640,T1573,F172,493215,Cash,Failed
TR641,T538,F1836,374263,Cash,Success
TR642,T1977,F1959,246587,Credit,Success
TR643,T734,F1947,499702,MoMo,Success
TR644,T3295,F1723,441495,Credit,Success
TR645,T2481,F1846,199210,VNPay,Failed
TR646,T3534,F913,402659,Credit,Failed
TR647,T3281,F1229,159479,VNPay,Failed
TR648,T1838,F1565,489498,MoMo,Success
TR649,T22,F1057,283769,MoMo,Success
TR650,T499,F1183,544731,Credit,Success
TR651,T194,F42,240674,MoMo,Success
TR652,T650,F185,252362,VNPay,Success
TR653,T3378,F1405,192379,VNPay,Success
TR654,T2410,F1284,234014,MoMo,Failed
TR655,T285,F1177,505460,VNPay,Failed
TR656,T1851,F85,112293,VNPay,Success
TR657,T3711,F831,169953,Cash,Failed
TR658,T3619,F816,100706,MoMo,Success
TR659,T3629,F1562,276690,Credit,Success
TR660,T2973,F547,102454,VNPay,Failed
TR661,T3495,F1493,199836,Cash,Failed
TR662,T1039,F886,281728,Credit,Success
TR663,T223,F1275,169893,MoMo,Failed
TR664,T257,F603,571750,MoMo,Failed
TR665,T2618,F883,582826,Credit,Failed
TR666,T3889,F1432,405782,Cash,Failed
TR667,T1588,F725,573362,Credit,Failed
TR668,T848,F450,584013,VNPay,Failed
TR669,T1832,F409,320895,MoMo,Failed
TR670,T2832,F640,365063,Credit,Failed
TR671,T2915,F658,284982,VNPay,Failed
TR672,T2223,F633,455816,Cash,Failed
TR673,T2302,F1027,280526,Credit,Success
TR674,T2954,F1657,170268,Credit,Success
TR675,T3275,F1262,382271,Credit,Failed
TR676,T2329,F369,475624,Cash,Failed
TR677,T1372,F1004,399319,Cash,Failed
TR678,T1928,F779,349225,Cash,Success
TR679,T3287,F1783,324422,Cash,Failed
TR680,T1389,F1915,298820,Cash,Success
TR681,T819,F1487,267148,Credit,Success
TR682,T2730,F1796,111277,MoMo,Failed
TR683,T2858,F1905,194056,Cash,Success
TR684,T166,F1421,104460,MoMo,Failed
TR685,T3292,F955,161980,Cash,Failed
TR686,T927,F929,220759,VNPay,Success
TR687,T683,F746,550469,Cash,Success
TR688,T1088,F1887,307483,VNPay,Success
TR689,T3028,F994,283073,MoMo,Success
TR690,T3859,F1581,186146,Cash,Failed
TR691,T2891,F1270,312625,VNPay,Failed
TR692,T3454,F804,340104,VNPay,Failed
TR693,T1588,F782,529957,Cash,Success
TR694,T2437,F1922,365148,MoMo,Failed
TR695,T178,F744,269815,MoMo,Failed
TR696,T3972,F1908,102553,Credit,Failed
TR697,T430,F593,237904,Cash,Success
TR698,T1523,F1339,152265,VNPay,Failed
TR699,T424,F1726,401420,Cash,Success
TR700,T1027,F967,113108,Cash,Success
TR701,T1763,F1783,417902,Cash,Success
TR702,T180,F1194,152030,VNPay,Failed
TR703,T3967,F168,364976,Cash,Failed
TR704,T113,F1388,541139,Cash,Failed
TR705,T1824,F842,219452,MoMo,Failed
TR706,T98,F453,294669,VNPay,Success
TR707,T31,F708,217344,VNPay,Success
TR708,T626,F617,296979,Credit,Success
TR709,T2295,F1793,178161,MoMo,Failed
TR710,T2353,F141,423388,VNPay,Failed
TR711,T2026,F1336,320983,VNPay,Success
TR712,T3222,F92,233001,Credit,Success
TR713,T379,F678,219305,Credit,Success
TR714,T3521,F1704,118385,MoMo,Success
TR715,T367,F301,517540,MoMo,Failed
TR716,T2624,F1998,444785,Cash,Success
TR717,T1716,F1394,245838,Cash,Failed
TR718,T331,F1533,113326,Cash,Success
TR719,T3403,F20,325541,VNPay,Success
TR720,T320,F1449,295588,VNPay,Success
TR721,T289,F1559,551617,VNPay,Success
TR722,T3195,F590,542772,Credit,Success
TR723,T2137,F536,290114,VNPay,Failed
TR724,T766,F959,233605,Cash,Failed
TR725,T1676,F1465,146693,Credit,Success
TR726,T1339,F464,415912,MoMo,Success
TR727,T1371,F1983,140517,VNPay,Failed
TR728,T596,F522,184312,MoMo,Failed
TR729,T167,F330,589930,Credit,Failed
TR730,T3847,F886,138991,Cash,Success
TR731,T3618,F1198,105557,VNPay,Failed
TR732,T1814,F178,298128,VNPay,Success
TR733,T3301,F1201,498296,MoMo,Success
TR734,T1922,F396,549974,Cash,Success
TR735,T2424,F1143,151283,MoMo,Success
TR736,T432,F1498,583811,MoMo,Failed
TR737,T2197,F1605,554994,Cash,Success
TR738,T2820,F1232,340818,VNPay,Failed
TR739,T397,F994,467181,MoMo,Failed
TR740,T3979,F1172,377980,MoMo,Success
TR741,T2200,F1947,463499,MoMo,Failed
TR742,T686,F1548,408384,VNPay,Failed
TR743,T1023,F1669,201854,VNPay,Failed
TR744,T1678,F180,394988,Credit,Failed
TR745,T1538,F905,231174,Cash,Failed
TR746,T123,F1119,130058,Cash,Success
TR747,T2275,F417,413448,MoMo,Success
TR748,T733,F1393,291325,MoMo,Failed
TR749,T2286,F647,430597,MoMo,Failed
TR750,T692,F746,454951,MoMo,Failed
TR751,T2449,F586,258792,MoMo,Failed
TR752,T2400,F710,147300,MoMo,Success
TR753,T2362,F1377,581748,VNPay,Success
TR754,T1600,F647,298590,MoMo,Success
TR755,T1741,F354,524216,MoMo,Failed
TR756,T962,F1800,469907,MoMo,Success
TR757,T1475,F1547,346766,Cash,Success
TR758,T3510,F1156,420806,MoMo,Failed
TR759,T1424,F419,599171,MoMo,Failed
TR760,T2100,F1713,481576,Credit,Success
TR761,T2906,F1089,479598,Credit,Success
TR762,T48,F94,158060,Credit,Success
TR763,T309,F1431,446114,MoMo,Success
TR764,T3885,F234,243557,MoMo,Failed
TR765,T196,F794,463921,Credit,Failed
TR766,T1982,F1514,298642,Credit,Failed
TR767,T1537,F710,264852,Cash,Success
TR768,T3313,F1189,433373,VNPay,Success
TR769,T2704,F8,291015,MoMo,Success
TR770,T180,F1821,187088,MoMo,Failed
TR771,T42,F922,376506,VNPay,Success
TR772,T1771,F185,159175,VNPay,Failed
TR773,T1394,F766,379065,VNPay,Failed
TR774,T2209,F1948,526746,Cash,Success
TR775,T649,F818,357457,Credit,Failed
TR776,T855,F1879,511889,Cash,Success
TR777,T3549,F286,127061,MoMo,Success
TR778,T892,F1870,439357,VNPay,Success
TR779,T3899,F193,160905,Credit,Failed
TR780,T3776,F682,404212,MoMo,Success
TR781,T1630,F909,348822,Cash,Failed
TR782,T3004,F1661,487847,Credit,Success
TR783,T3761,F1042,243779,Credit,Failed
TR784,T3843,F1100,313408,Cash,Success
TR785,T564,F949,232367,Cash,Success
TR786,T3909,F1789,499938,VNPay,Failed
TR787,T2041,F1162,267753,MoMo,Success
TR788,T910,F164,160916,Cash,Failed
TR789,T1933,F1239,154615,Credit,Success
TR790,T698,F1316,294012,Credit,Failed
TR791,T3172,F921,547686,VNPay,Failed
TR792,T2600,F221,407308,MoMo,Failed
TR793,T218,F1148,264526,VNPay,Failed
TR794,T2163,F1576,374022,MoMo,Success
TR795,T2615,F1822,505413,Credit,Failed
TR796,T1678,F1617,304631,MoMo,Success
TR797,T275,F630,510478,VNPay,Failed
TR798,T2988,F279,168630,Cash,Failed
TR799,T3726,F247,143270,Credit,Failed
TR800,T1526,F211,514532,Credit,Success
TR801,T3942,F167,588686,MoMo,Failed
TR802,T887,F1697,517643,VNPay,Success
TR803,T1482,F434,443291,MoMo,Failed
TR804,T468,F26,200055,MoMo,Success
TR805,T3609,F1532,100016,Cash,Success
TR806,T815,F384,500141,Cash,Failed
TR807,T220,F1538,135074,Credit,Failed
TR808,T3671,F1273,362333,Credit,Failed
TR809,T2720,F583,465931,Cash,Success
TR810,T585,F1272,430446,VNPay,Failed
TR811,T3083,F241,197979,MoMo,Success
TR812,T3950,F396,376154,Credit,Success
TR813,T2169,F185,505812,Credit,Success
TR814,T3689,F1738,205680,MoMo,Failed
TR815,T3296,F862,107722,Cash,Success
TR816,T1932,F1294,320731,MoMo,Failed
TR817,T2403,F264,370054,Credit,Success
TR818,T3086,F995,246949,Cash,Failed
TR819,T3633,F787,300231,VNPay,Success
TR820,T2789,F1559,124397,Cash,Success
TR821,T2045,F1682,317713,VNPay,Failed
TR822,T2667,F515,338317,Cash,Failed
TR823,T587,F181,188898,Cash,Success
TR824,T3828,F530,596425,MoMo,Failed
TR825,T3068,F1149,375647,Cash,Failed
TR826,T2835,F1352,390655,Cash,Failed
TR827,T3706,F1432,571347,Cash,Success
TR828,T3035,F1179,201994,MoMo,Failed
TR829,T294,F458,419330,VNPay,Success
TR830,T2800,F1977,410950,VNPay,Success
TR831,T659,F799,403806,Cash,Success
TR832,T3493,F614,545180,MoMo,Failed
TR833,T2282,F1365,230586,MoMo,Failed
TR834,T912,F446,445767,MoMo,Failed
TR835,T3841,F701,286756,Credit,Failed
TR836,T1995,F795,189010,Credit,Failed
TR837,T385,F364,181763,Cash,Failed
TR838,T156,F158,527292,Cash,Failed
TR839,T1261,F1306,411141,MoMo,Success
TR840,T144,F1998,329748,Credit,Failed
TR841,T2846,F329,379228,MoMo,Success
TR842,T3686,F1745,285568,Credit,Success
TR843,T2854,F37,516691,VNPay,Failed
TR844,T1131,F604,255827,VNPay,Failed
TR845,T1329,F526,140723,MoMo,Success
TR846,T1309,F517,341352,Credit,Success
TR847,T3217,F802,193808,VNPay,Success
TR848,T3681,F64,349562,MoMo,Failed
TR849,T1210,F732,317709,MoMo,Failed
TR850,T1664,F1277,125738,VNPay,Success
TR851,T2123,F1424,317608,Credit,Failed
TR852,T1548,F1460,345858,Credit,Failed
TR853,T2089,F1247,244305,MoMo,Failed
TR854,T1741,F468,224253,VNPay,Failed
TR855,T90,F378,132234,MoMo,Failed
TR856,T2524,F1396,359810,Credit,Success
TR857,T2932,F1673,499285,VNPay,Success
TR858,T1429,F192,164411,VNPay,Failed
TR859,T3731,F840,499072,Cash,Failed
TR860,T792,F1309,252801,VNPay,Success
TR861,T2928,F1545,132513,Credit,Failed
TR862,T3117,F1538,234823,MoMo,Success
TR863,T3300,F1569,371311,MoMo,Failed
TR864,T1313,F836,490474,Credit,Failed
TR865,T305,F1864,502240,Credit,Failed
TR866,T931,F1466,223079,VNPay,Failed
TR867,T2690,F1903,170761,VNPay,Failed
TR868,T3955,F817,325306,Cash,Success
TR869,T1246,F1055,185766,Cash,Failed
TR870,T2443,F1608,519917,Cash,Failed
TR871,T494,F1918,325807,VNPay,Failed
TR872,T168,F762,323385,MoMo,Failed
TR873,T2188,F409,388956,MoMo,Failed
TR874,T1109,F350,409592,VNPay,Failed
TR875,T1794,F1841,505155,Credit,Failed
TR876,T2619,F1501,289442,MoMo,Failed
TR877,T1371,F1392,414759,MoMo,Success
TR878,T413,F305,113650,Cash,Success
TR879,T24,F1411,364809,VNPay,Failed
TR880,T965,F1702,179712,Cash,Success
TR881,T1710,F1494,444375,MoMo,Success
TR882,T3678,F1376,473494,VNPay,Success
TR883,T1978,F280,135775,VNPay,Success
TR884,T1831,F1712,428663,VNPay,Success
TR885,T2020,F1698,380076,Credit,Failed
TR886,T1092,F828,401936,Cash,Failed
TR887,T260,F1229,532562,Cash,Failed
TR888,T1445,F583,393340,VNPay,Success
TR889,T1205,F628,355683,Credit,Success
TR890,T1020,F1686,375520,MoMo,Failed
TR891,T1781,F306,178177,VNPay,Failed
TR892,T1067,F410,492802,VNPay,Success
TR893,T231,F775,362208,Cash,Success
TR894,T2345,F454,144187,VNPay,Failed
TR895,T694,F962,283886,Cash,Success
TR896,T334,F1743,272785,Credit,Success
TR897,T559,F1746,331028,Credit,Failed
TR898,T1269,F472,283376,MoMo,Success
TR899,T611,F300,244543,MoMo,Success
TR900,T849,F1855,109269,Credit,Success
TR901,T3492,F491,164238,Cash,Success
TR902,T386,F1011,224036,Cash,Failed
TR903,T1077,F1569,585107,Cash,Failed
TR904,T1154,F1633,432816,MoMo,Failed
TR905,T1757,F1193,111358,MoMo,Success
TR906,T2940,F1010,330298,Credit,Failed
TR907,T273,F74,331520,VNPay,Success
TR908,T129,F947,358797,VNPay,Failed
TR909,T2571,F68,282725,VNPay,Success
TR910,T2765,F371,278386,MoMo,Failed
TR911,T3146,F1477,186187,MoMo,Success
TR912,T3996,F1956,387249,Credit,Failed
TR913,T1842,F154,317945,Cash,Failed
TR914,T3501,F367,244076,MoMo,Success
TR915,T1425,F156,309344,VNPay,Failed
TR916,T3162,F190,192432,Cash,Success
TR917,T290,F640,559925,VNPay,Success
TR918,T467,F1519,514474,VNPay,Failed
TR919,T573,F1202,118511,MoMo,Success
TR920,T753,F1503,140346,VNPay,Failed
TR921,T947,F1954,439711,MoMo,Failed
TR922,T684,F253,227504,Credit,Success
TR923,T54,F1690,412552,MoMo,Success
TR924,T2422,F647,414863,Credit,Failed
TR925,T3358,F1785,418002,Credit,Failed
TR926,T3015,F347,237032,VNPay,Failed
TR927,T2940,F486,532590,Cash,Success
TR928,T2928,F1389,570550,Credit,Success
TR929,T2359,F1705,515498,VNPay,Success
TR930,T2890,F1597,176133,VNPay,Success
TR931,T534,F1224,520600,MoMo,Failed
TR932,T3145,F1690,282469,Credit,Success
TR933,T3783,F644,409102,Credit,Failed
TR934,T996,F930,295523,Credit,Failed
TR935,T3894,F536,310950,VNPay,Failed
TR936,T163,F552,211805,MoMo,Failed
TR937,T1926,F1902,489912,Cash,Failed
TR938,T1727,F65,250825,VNPay,Failed
TR939,T3944,F1123,546111,VNPay,Failed
TR940,T2465,F276,423030,VNPay,Success
TR941,T2070,F605,371520,VNPay,Success
TR942,T753,F1279,340300,Credit,Failed
TR943,T1817,F1532,399687,VNPay,Failed
TR944,T843,F1598,360786,MoMo,Success
TR945,T3579,F716,499047,VNPay,Failed
TR946,T3152,F526,239218,VNPay,Success
TR947,T1285,F193,162270,VNPay,Failed
TR948,T1896,F147,145201,MoMo,Failed
TR949,T3831,F764,347745,Credit,Success
TR950,T1088,F144,293135,Credit,Success
TR951,T3482,F412,188565,VNPay,Failed
TR952,T102,F1361,523552,VNPay,Success
TR953,T3043,F615,439771,VNPay,Failed
TR954,T2314,F1401,302479,VNPay,Success
TR955,T520,F436,487499,VNPay,Success
TR956,T3965,F520,484014,VNPay,Success
TR957,T3689,F1059,166731,MoMo,Success
TR958,T394,F531,265329,MoMo,Failed
TR959,T2315,F256,160676,Cash,Failed
TR960,T2508,F1488,487452,Credit,Failed
TR961,T1085,F1471,424629,MoMo,Success
TR962,T2020,F1356,285579,Cash,Success
TR963,T3216,F184,233449,MoMo,Success
TR964,T1214,F454,349071,VNPay,Failed
TR965,T3099,F765,207034,VNPay,Success
TR966,T1364,F1611,532111,VNPay,Failed
TR967,T1571,F631,458715,Credit,Success
TR968,T557,F497,195653,Credit,Success
TR969,T2106,F1996,315804,Credit,Failed
TR970,T1569,F1455,577866,VNPay,Failed
TR971,T282,F1904,258066,Cash,Success
TR972,T3809,F1393,205923,MoMo,Success
TR973,T78,F1007,329420,MoMo,Success
TR974,T2669,F377,298373,Cash,Failed
TR975,T2075,F1531,109140,VNPay,Failed
TR976,T468,F616,395494,Credit,Failed
TR977,T2812,F1840,463221,Credit,Success
TR978,T2155,F977,136458,Credit,Success
TR979,T1897,F1500,423087,Credit,Failed
TR980,T3541,F242,201982,VNPay,Failed
TR981,T3511,F683,285891,MoMo,Failed
TR982,T3501,F884,323268,Cash,Failed
TR983,T3053,F208,480279,VNPay,Success
TR984,T3559,F1551,493971,Cash,Failed
TR985,T217,F903,586188,MoMo,Success
TR986,T1785,F991,115938,VNPay,Success
TR987,T1568,F1333,198588,MoMo,Failed
TR988,T805,F704,448801,VNPay,Failed
TR989,T1532,F824,193759,Credit,Success
TR990,T599,F1171,452122,Credit,Success
TR991,T118,F885,380516,VNPay,Success
TR992,T805,F1438,277799,Cash,Success
TR993,T54,F1577,271146,VNPay,Failed
TR994,T1641,F1849,217414,Cash,Success
TR995,T2084,F1422,592134,MoMo,Success
TR996,T2197,F1862,296248,Cash,Success
TR997,T2324,F538,195238,MoMo,Failed
TR998,T1016,F304,575981,MoMo,Success
TR999,T3858,F1313,364423,VNPay,Success
TR1000,T1957,F641,318988,Credit,Failed
TR1001,T46,F1127,375838,Credit,Failed
TR1002,T3526,F1937,102017,Credit,Failed
TR1003,T2365,F1797,177359,MoMo,Success
TR1004,T2019,F1105,337846,MoMo,Failed
TR1005,T3401,F1055,296766,Credit,Success
TR1006,T2629,F725,404735,VNPay,Failed
TR1007,T3684,F1815,354851,Cash,Failed
TR1008,T2525,F1223,197874,Cash,Success
TR1009,T2474,F1577,229687,Cash,Failed
TR1010,T2947,F429,588344,Cash,Failed
TR1011,T691,F1039,115366,Cash,Failed
TR1012,T3143,F720,326138,VNPay,Failed
TR1013,T3350,F1264,263471,MoMo,Success
TR1014,T256,F1647,504556,VNPay,Success
TR1015,T1068,F1858,236202,Cash,Failed
TR1016,T632,F622,171286,MoMo,Failed
TR1017,T872,F1622,226854,Cash,Success
TR1018,T1245,F274,390829,Cash,Failed
TR1019,T434,F1023,453296,Cash,Failed
TR1020,T2674,F1667,314701,Credit,Failed
TR1021,T203,F1852,482371,Cash,Failed
TR1022,T723,F559,193127,Credit,Failed
TR1023,T2608,F1689,366401,VNPay,Success
TR1024,T222,F1465,376828,Credit,Failed
TR1025,T2646,F892,158557,MoMo,Failed
TR1026,T2493,F664,562297,Credit,Failed
TR1027,T3272,F1648,175236,VNPay,Failed
TR1028,T2898,F1742,124674,VNPay,Success
TR1029,T1318,F1536,354119,Cash,Failed
TR1030,T3986,F694,534432,VNPay,Failed
TR1031,T886,F635,310462,VNPay,Success
TR1032,T496,F1100,361365,VNPay,Failed
TR1033,T3605,F1490,306068,MoMo,Success
TR1034,T1299,F634,219281,Cash,Success
TR1035,T67,F614,567784,VNPay,Failed
TR1036,T2092,F838,259604,Credit,Success
TR1037,T313,F1665,282025,Cash,Failed
TR1038,T1309,F1878,424288,VNPay,Failed
TR1039,T582,F723,318442,VNPay,Success
TR1040,T425,F1597,148121,Credit,Failed
TR1041,T2969,F1501,422176,Credit,Failed
TR1042,T1403,F1285,330946,Cash,Success
TR1043,T3733,F64,405623,Cash,Failed
TR1044,T3680,F624,335403,Credit,Failed
TR1045,T3208,F367,581753,Credit,Success
TR1046,T2715,F229,218506,MoMo,Success
TR1047,T971,F1797,332225,Credit,Failed
TR1048,T734,F1266,481069,MoMo,Failed
TR1049,T3749,F584,266940,VNPay,Failed
TR1050,T2811,F182,580180,VNPay,Success
TR1051,T3730,F1128,416156,MoMo,Success
TR1052,T1544,F198,581142,MoMo,Failed
TR1053,T2634,F595,425418,MoMo,Failed
TR1054,T3040,F683,228060,Cash,Success
TR1055,T2192,F1743,581391,MoMo,Success
TR1056,T1085,F1671,118014,Cash,Failed
TR1057,T304,F778,496578,MoMo,Failed
TR1058,T355,F1885,137673,Cash,Success
TR1059,T1262,F273,235989,Credit,Failed
TR1060,T2904,F979,381874,MoMo,Success
TR1061,T1317,F1746,551632,Credit,Success
TR1062,T1255,F1553,211404,Credit,Success
TR1063,T36,F1321,237235,VNPay,Success
TR1064,T1777,F1319,146148,VNPay,Failed
TR1065,T1444,F1443,138256,VNPay,Success
TR1066,T2987,F862,206623,Cash,Success
TR1067,T1665,F199,114387,MoMo,Failed
TR1068,T927,F68,129985,MoMo,Success
TR1069,T52,F1592,175617,Credit,Success
TR1070,T728,F1409,506027,Cash,Success
TR1071,T2807,F196,367229,Cash,Failed
TR1072,T700,F1743,571360,Cash,Success
TR1073,T2299,F1070,167174,Cash,Failed
TR1074,T1272,F1069,265513,Credit,Failed
TR1075,T1092,F1506,141046,VNPay,Failed
TR1076,T420,F1287,581651,Credit,Success
TR1077,T290,F1805,334613,Cash,Success
TR1078,T1507,F1674,222980,Credit,Failed
TR1079,T1980,F222,282513,Credit,Failed
TR1080,T3387,F1856,367133,Credit,Success
TR1081,T2499,F688,319523,Cash,Failed
TR1082,T1143,F1023,478202,Cash,Success
TR1083,T3059,F1299,243026,Cash,Success
TR1084,T3242,F1357,222336,VNPay,Success
TR1085,T77,F1394,436840,VNPay,Success
TR1086,T67,F1035,278237,MoMo,Success
TR1087,T1575,F316,249219,VNPay,Failed
TR1088,T3621,F1611,140850,VNPay,Failed
TR1089,T441,F1256,510413,Credit,Failed
TR1090,T3903,F1805,590010,MoMo,Success
TR1091,T1131,F1653,420975,Credit,Failed
TR1092,T1036,F1641,472939,Credit,Failed
TR1093,T1061,F1828,175477,VNPay,Success
TR1094,T892,F1252,469653,VNPay,Failed
TR1095,T2927,F494,358906,MoMo,Success
TR1096,T3308,F1108,218141,MoMo,Failed
TR1097,T1487,F685,568423,VNPay,Success
TR1098,T1235,F994,538670,Credit,Success
TR1099,T2507,F397,283618,VNPay,Failed
TR1100,T1249,F432,478849,MoMo,Success
TR1101,T1420,F1320,283578,VNPay,Failed
TR1102,T92,F1690,587780,Cash,Failed
TR1103,T746,F846,261744,Credit,Success
TR1104,T3994,F321,135657,VNPay,Success
TR1105,T1511,F210,424218,Credit,Failed
TR1106,T2205,F761,582164,Credit,Success
TR1107,T3956,F1449,459127,MoMo,Failed
TR1108,T3513,F1192,409783,Cash,Success
TR1109,T118,F925,371640,Cash,Failed
TR1110,T3709,F1937,270302,Cash,Success
TR1111,T1301,F833,339565,Credit,Success
TR1112,T1525,F1546,418953,Credit,Success
TR1113,T150,F1428,416495,MoMo,Failed
TR1114,T500,F1554,579940,VNPay,Success
TR1115,T3306,F1924,195368,MoMo,Success
TR1116,T1949,F859,448079,Cash,Success
TR1117,T136,F1725,535698,Credit,Success
TR1118,T1696,F1890,474031,Credit,Success
TR1119,T1771,F36,491057,Cash,Failed
TR1120,T3771,F841,501979,MoMo,Failed
TR1121,T3620,F1802,102065,MoMo,Failed
TR1122,T1910,F572,311856,Credit,Failed
TR1123,T2163,F416,144196,VNPay,Failed
TR1124,T2130,F227,137619,MoMo,Success
TR1125,T250,F315,382378,Credit,Failed
TR1126,T1267,F1749,252831,Cash,Success
TR1127,T3179,F895,153993,VNPay,Failed
TR1128,T1061,F1560,339909,Credit,Failed
TR1129,T1001,F595,254701,MoMo,Failed
TR1130,T878,F1945,356579,Credit,Failed
TR1131,T2676,F1130,467115,Cash,Failed
TR1132,T246,F1197,298520,VNPay,Success
TR1133,T247,F1238,253705,Credit,Success
TR1134,T971,F597,232783,MoMo,Failed
TR1135,T756,F1029,349973,MoMo,Failed
TR1136,T807,F1815,226203,Cash,Failed
TR1137,T1711,F491,104563,Credit,Failed
TR1138,T750,F686,422117,Cash,Success
TR1139,T2137,F1322,489006,MoMo,Failed
TR1140,T1825,F1480,474012,VNPay,Success
TR1141,T3865,F659,108981,MoMo,Failed
TR1142,T1067,F1104,501466,MoMo,Failed
TR1143,T9,F1793,290986,MoMo,Failed
TR1144,T2286,F1109,155990,VNPay,Success
TR1145,T3252,F1046,586996,VNPay,Failed
TR1146,T3958,F1698,127509,Cash,Success
TR1147,T491,F1839,588913,MoMo,Failed
TR1148,T2564,F1957,159303,MoMo,Success
TR1149,T3151,F1239,438874,VNPay,Failed
TR1150,T3643,F885,232245,VNPay,Success
TR1151,T591,F1194,189100,Credit,Failed
TR1152,T2561,F1284,525853,MoMo,Success
TR1153,T2182,F131,387267,MoMo,Success
TR1154,T1003,F1948,268366,MoMo,Failed
TR1155,T3833,F567,194858,Credit,Success
TR1156,T2925,F1750,590317,Cash,Failed
TR1157,T1432,F1130,418852,Cash,Failed
TR1158,T1745,F774,541999,VNPay,Success
TR1159,T2540,F1279,145585,Credit,Failed
TR1160,T3968,F1080,499552,MoMo,Success
TR1161,T2694,F730,533494,MoMo,Success
TR1162,T1792,F1351,428994,VNPay,Failed
TR1163,T82,F1908,232672,MoMo,Success
TR1164,T2657,F1296,429770,Cash,Failed
TR1165,T3719,F405,283169,MoMo,Success
TR1166,T1771,F1941,130481,Credit,Failed
TR1167,T168,F1020,244867,Credit,Success
TR1168,T2408,F102,544375,VNPay,Success
TR1169,T871,F750,154596,Cash,Success
TR1170,T112,F1535,385729,Cash,Success
TR1171,T166,F1927,288239,Cash,Success
TR1172,T3744,F1291,218788,MoMo,Success
TR1173,T1023,F1492,455553,Credit,Success
TR1174,T1553,F905,449470,Cash,Failed
TR1175,T109,F675,514908,Credit,Success
TR1176,T3852,F1206,178023,Credit,Failed
TR1177,T2254,F348,306822,VNPay,Failed
TR1178,T3585,F627,404883,Credit,Failed
TR1179,T2890,F1929,409760,Cash,Success
TR1180,T3845,F862,118188,VNPay,Failed
TR1181,T1430,F1476,430070,VNPay,Success
TR1182,T3864,F824,135923,Cash,Failed
TR1183,T1224,F1731,253385,MoMo,Success
TR1184,T2012,F1746,407805,VNPay,Failed
TR1185,T370,F1401,100791,Credit,Success
TR1186,T3011,F1475,236760,Cash,Success
TR1187,T2931,F1788,131347,Credit,Failed
TR1188,T866,F341,277404,MoMo,Failed
TR1189,T980,F1702,559062,Cash,Failed
TR1190,T3610,F556,553799,MoMo,Failed
TR1191,T134,F1124,409256,Cash,Success
TR1192,T546,F1878,237169,Cash,Success
TR1193,T3003,F583,115894,Credit,Failed
TR1194,T654,F1072,216111,Cash,Failed
TR1195,T2999,F1198,260727,Credit,Success
TR1196,T583,F477,418810,VNPay,Failed
TR1197,T2162,F553,120502,MoMo,Success
TR1198,T2366,F527,561868,MoMo,Success
TR1199,T2010,F1192,488556,Credit,Success
TR1200,T1791,F464,248387,VNPay,Success
TR1201,T100,F256,493024,Cash,Failed
TR1202,T647,F129,291660,VNPay,Failed
TR1203,T2833,F326,109646,MoMo,Failed
TR1204,T1564,F1860,397012,Credit,Success
TR1205,T3260,F4,505230,VNPay,Failed
TR1206,T3253,F849,384140,MoMo,Failed
TR1207,T787,F618,183062,MoMo,Failed
TR1208,T1426,F623,554145,Cash,Failed
TR1209,T411,F1752,233592,Credit,Success
TR1210,T3834,F858,572095,Credit,Success
TR1211,T2299,F1364,379339,VNPay,Success
TR1212,T2113,F1483,427489,Credit,Success
TR1213,T241,F1960,204762,Credit,Failed
TR1214,T282,F318,116909,Credit,Failed
TR1215,T1192,F2,295291,Credit,Success
TR1216,T1777,F6,344062,MoMo,Success
TR1217,T1565,F447,513857,Cash,Failed
TR1218,T641,F276,455252,Cash,Failed
TR1219,T3507,F1525,359861,VNPay,Success
TR1220,T597,F581,493670,VNPay,Success
TR1221,T2272,F1154,565108,MoMo,Success
TR1222,T1777,F986,536589,Credit,Failed
TR1223,T78,F1696,599522,MoMo,Failed
TR1224,T3342,F1240,351964,Credit,Success
TR1225,T2524,F556,136992,Credit,Success
TR1226,T379,F681,474893,Credit,Success
TR1227,T3928,F300,453443,VNPay,Success
TR1228,T1036,F1383,136174,Cash,Failed
TR1229,T1930,F1735,169181,Credit,Success
TR1230,T3209,F119,414598,Cash,Failed
TR1231,T2302,F956,297956,VNPay,Failed
TR1232,T626,F714,557187,Credit,Failed
TR1233,T3802,F307,200252,MoMo,Failed
TR1234,T1589,F662,216425,Cash,Failed
TR1235,T3660,F906,165215,Cash,Failed
TR1236,T2711,F1767,122064,Cash,Success
TR1237,T1733,F1926,524274,MoMo,Failed
TR1238,T3098,F1243,364202,Credit,Failed
TR1239,T2897,F1292,255212,Credit,Failed
TR1240,T1956,F310,463303,MoMo,Success
TR1241,T2540,F239,149375,MoMo,Failed
TR1242,T5,F1465,395168,Cash,Failed
TR1243,T1745,F214,252197,MoMo,Failed
TR1244,T3039,F1423,208076,Credit,Failed
TR1245,T20,F504,589560,Credit,Failed
TR1246,T1543,F1309,575431,Credit,Failed
TR1247,T3621,F285,236983,MoMo,Success
TR1248,T1027,F1300,126757,Credit,Success
TR1249,T2298,F200,399796,Credit,Success
TR1250,T2729,F1507,455972,MoMo,Success
TR1251,T3854,F1205,401122,VNPay,Failed
TR1252,T553,F1001,436205,VNPay,Success
TR1253,T2193,F1219,395219,VNPay,Failed
TR1254,T732,F838,546596,VNPay,Failed
TR1255,T3863,F1543,122226,Cash,Success
TR1256,T1031,F1600,558854,Cash,Success
TR1257,T2876,F334,201801,Credit,Failed
TR1258,T588,F981,516449,VNPay,Failed
TR1259,T1737,F131,229303,Cash,Success
TR1260,T563,F626,301192,Cash,Success
TR1261,T2437,F498,212616,MoMo,Failed
TR1262,T1296,F1793,277089,Cash,Failed
TR1263,T2345,F397,280736,VNPay,Failed
TR1264,T1188,F1705,173914,VNPay,Success
TR1265,T3548,F1036,290444,Cash,Failed
TR1266,T3872,F1396,203325,Cash,Failed
TR1267,T1419,F1287,572918,Credit,Failed
TR1268,T2453,F1977,440763,MoMo,Failed
TR1269,T3820,F1774,394049,MoMo,Success
TR1270,T68,F124,401915,Cash,Failed
TR1271,T3003,F491,490419,Cash,Success
TR1272,T3303,F77,557149,MoMo,Failed
TR1273,T3384,F469,417999,MoMo,Success
TR1274,T997,F135,450040,Credit,Success
TR1275,T1345,F338,301025,Credit,Failed
TR1276,T3041,F111,552975,Credit,Failed
TR1277,T3731,F712,188486,VNPay,Failed
TR1278,T3425,F935,465957,Credit,Failed
TR1279,T1362,F1414,229424,VNPay,Success
TR1280,T3894,F32,233173,MoMo,Failed
TR1281,T1726,F329,544518,Cash,Failed
TR1282,T3712,F1028,150764,VNPay,Failed
TR1283,T2551,F352,570672,VNPay,Success
TR1284,T1123,F1238,166487,Cash,Failed
TR1285,T1371,F156,254502,Cash,Failed
TR1286,T3486,F386,452848,MoMo,Success
TR1287,T1462,F1294,243725,VNPay,Failed
TR1288,T3283,F804,509362,VNPay,Success
TR1289,T3343,F1633,349477,VNPay,Success
TR1290,T452,F696,357390,MoMo,Success
TR1291,T509,F1461,441257,Credit,Success
TR1292,T2081,F1843,382830,Cash,Success
TR1293,T1494,F63,544525,Cash,Success
TR1294,T375,F497,500643,VNPay,Success
TR1295,T653,F1967,232660,MoMo,Success
TR1296,T2521,F943,509100,MoMo,Success
TR1297,T3487,F638,170372,Credit,Failed
TR1298,T1004,F718,317163,VNPay,Success
TR1299,T1348,F1025,284231,MoMo,Failed
TR1300,T2971,F622,505563,MoMo,Failed
TR1301,T1670,F993,110605,Credit,Failed
TR1302,T1942,F1897,498467,Credit,Success
TR1303,T1987,F1819,413183,VNPay,Failed
TR1304,T2845,F1338,319720,Credit,Success
TR1305,T1585,F1806,502652,Credit,Success
TR1306,T766,F341,320332,VNPay,Failed
TR1307,T255,F60,345205,Cash,Failed
TR1308,T2060,F1950,581520,Credit,Success
TR1309,T867,F635,436344,VNPay,Success
TR1310,T3822,F769,189260,Cash,Failed
TR1311,T484,F753,473627,VNPay,Failed
TR1312,T3918,F1390,232819,MoMo,Failed
TR1313,T604,F1223,543593,MoMo,Success
TR1314,T553,F1900,339346,Cash,Success
TR1315,T1412,F1322,118321,Credit,Failed
TR1316,T3495,F1023,558950,VNPay,Failed
TR1317,T3379,F929,524417,Cash,Success
TR1318,T3002,F531,520245,MoMo,Failed
TR1319,T254,F1929,476806,VNPay,Failed
TR1320,T1045,F1654,212964,Cash,Success
TR1321,T778,F1641,432391,Credit,Success
TR1322,T3399,F1415,186873,Credit,Success
TR1323,T457,F1000,562124,Credit,Failed
TR1324,T2202,F1278,357058,Credit,Success
TR1325,T2769,F1025,171648,Cash,Failed
TR1326,T1314,F1402,340560,VNPay,Failed
TR1327,T2945,F885,274483,MoMo,Success
TR1328,T3701,F1602,256126,VNPay,Failed
TR1329,T3574,F1807,566487,Credit,Failed
TR1330,T2556,F521,401048,Credit,Failed
TR1331,T393,F1612,374438,MoMo,Failed
TR1332,T3437,F1001,349427,MoMo,Failed
TR1333,T2984,F82,272268,Credit,Success
TR1334,T1686,F1764,324646,VNPay,Failed
TR1335,T415,F1489,247363,MoMo,Success
TR1336,T3244,F863,322379,Credit,Failed
TR1337,T1611,F334,547225,VNPay,Failed
TR1338,T1492,F1001,572895,VNPay,Failed
TR1339,T2175,F776,237652,Credit,Failed
TR1340,T899,F1729,547985,MoMo,Failed
TR1341,T246,F1221,448192,Credit,Success
TR1342,T784,F1103,581567,Credit,Success
TR1343,T2734,F595,513995,Cash,Failed
TR1344,T3824,F322,384962,Cash,Success
TR1345,T3945,F1028,356721,MoMo,Failed
TR1346,T361,F398,519384,VNPay,Failed
TR1347,T3623,F1447,379291,Cash,Failed
TR1348,T1368,F585,559647,Credit,Success
TR1349,T843,F1927,551161,VNPay,Failed
TR1350,T406,F397,443415,Credit,Failed
TR1351,T2563,F364,338002,Cash,Success
TR1352,T530,F220,420833,Cash,Failed
TR1353,T3521,F490,478917,Credit,Failed
TR1354,T2426,F645,129510,Cash,Failed
TR1355,T2369,F1166,362740,VNPay,Failed
TR1356,T3585,F1590,324233,Cash,Failed
TR1357,T2857,F1356,118067,Cash,Success
TR1358,T1525,F1649,114314,MoMo,Success
TR1359,T1878,F404,233745,MoMo,Failed
TR1360,T2621,F1684,364531,VNPay,Success
TR1361,T3989,F1650,335002,VNPay,Failed
TR1362,T1012,F1784,178984,Credit,Success
TR1363,T3055,F1740,535655,MoMo,Failed
TR1364,T463,F606,580070,VNPay,Success
TR1365,T1028,F773,346097,VNPay,Success
TR1366,T1862,F1873,157801,Credit,Success
TR1367,T3394,F145,190515,MoMo,Success
TR1368,T471,F1394,188171,VNPay,Failed
TR1369,T955,F1241,567004,MoMo,Failed
TR1370,T620,F1846,358006,Cash,Failed
TR1371,T596,F1691,526002,VNPay,Failed
TR1372,T1099,F219,288695,Cash,Success
TR1373,T1569,F731,537556,Cash,Failed
TR1374,T3948,F1412,562753,Cash,Success
TR1375,T3140,F112,320437,MoMo,Success
TR1376,T766,F1472,423174,Cash,Success
TR1377,T2233,F1445,165172,Credit,Failed
TR1378,T2403,F1615,249762,MoMo,Success
TR1379,T3957,F1692,417217,Credit,Failed
TR1380,T411,F1463,529510,VNPay,Success
TR1381,T3353,F1569,165600,Credit,Success
TR1382,T1300,F723,253051,Cash,Failed
TR1383,T1369,F986,332581,VNPay,Success
TR1384,T2028,F1912,213804,Credit,Failed
TR1385,T3751,F1063,471057,MoMo,Success
TR1386,T448,F1254,307609,Cash,Failed
TR1387,T1753,F653,471828,Credit,Success
TR1388,T1787,F1824,483015,MoMo,Success
TR1389,T948,F581,572956,Cash,Failed
TR1390,T1491,F106,455094,VNPay,Success
TR1391,T2146,F736,382467,VNPay,Failed
TR1392,T1875,F1179,218415,Cash,Failed
TR1393,T562,F1402,543969,Cash,Failed
TR1394,T1465,F175,413375,Cash,Failed
TR1395,T1962,F1990,177918,VNPay,Success
TR1396,T1668,F1251,209594,VNPay,Failed
TR1397,T1359,F1951,118576,Cash,Success
TR1398,T1387,F310,496782,Credit,Failed
TR1399,T2657,F1791,319524,MoMo,Success
TR1400,T514,F1750,369675,VNPay,Failed
TR1401,T1620,F562,104983,VNPay,Failed
TR1402,T554,F96,385461,Cash,Failed
TR1403,T2899,F727,539394,Cash,Success
TR1404,T1160,F1569,207270,VNPay,Failed
TR1405,T2712,F592,269095,VNPay,Failed
TR1406,T807,F245,414328,Cash,Failed
TR1407,T2458,F460,277164,Credit,Failed
TR1408,T1374,F1532,595748,Cash,Failed
TR1409,T3391,F1630,404836,Credit,Failed
TR1410,T2811,F578,152246,Credit,Failed
TR1411,T1474,F475,580726,Credit,Success
TR1412,T819,F46,364991,MoMo,Failed
TR1413,T623,F883,209292,VNPay,Failed
TR1414,T3929,F667,558564,VNPay,Success
TR1415,T3092,F136,441745,VNPay,Failed
TR1416,T1032,F672,298026,Cash,Failed
TR1417,T3505,F1894,474976,Cash,Success
TR1418,T2558,F654,297397,Credit,Success
TR1419,T3461,F1848,461314,Credit,Success
TR1420,T1484,F79,496992,VNPay,Success
TR1421,T1029,F63,303439,VNPay,Failed
TR1422,T2242,F649,500633,VNPay,Failed
TR1423,T1208,F1308,239869,MoMo,Failed
TR1424,T1469,F1017,278103,VNPay,Failed
TR1425,T894,F333,585536,VNPay,Success
TR1426,T78,F562,588192,Credit,Success
TR1427,T910,F653,134880,MoMo,Failed
TR1428,T3505,F809,566993,Credit,Success
TR1429,T830,F1971,506942,VNPay,Success
TR1430,T2314,F1685,433179,Credit,Failed
TR1431,T1678,F1646,287594,Cash,Failed
TR1432,T1649,F494,168975,MoMo,Failed
TR1433,T1483,F927,497535,MoMo,Success
TR1434,T817,F1787,263680,Cash,Success
TR1435,T3248,F386,100538,VNPay,Success
TR1436,T3518,F1351,409026,Credit,Success
TR1437,T2480,F56,310829,Credit,Success
TR1438,T355,F1623,363624,MoMo,Success
TR1439,T1349,F250,107429,Credit,Success
TR1440,T274,F906,360415,MoMo,Failed
TR1441,T3183,F1091,536855,Credit,Success
TR1442,T3446,F1194,564438,MoMo,Success
TR1443,T1825,F1898,199056,Credit,Success
TR1444,T2086,F1746,170606,Credit,Failed
TR1445,T3459,F1026,226641,VNPay,Failed
TR1446,T2633,F55,548757,Cash,Failed
TR1447,T1385,F313,206701,Credit,Success
TR1448,T171,F1799,308606,Cash,Failed
TR1449,T306,F1690,382598,Cash,Failed
TR1450,T2839,F498,368222,MoMo,Failed
TR1451,T2488,F820,166193,Credit,Success
TR1452,T1783,F935,234200,Credit,Failed
TR1453,T1872,F1359,443582,Credit,Success
TR1454,T741,F161,210102,VNPay,Failed
TR1455,T428,F797,329106,Cash,Success
TR1456,T382,F836,394191,Credit,Failed
TR1457,T1744,F1789,478443,Cash,Failed
TR1458,T1399,F486,565296,VNPay,Success
TR1459,T3598,F165,395807,Cash,Success
TR1460,T2554,F294,166193,Cash,Success
TR1461,T835,F1910,374862,Credit,Failed
TR1462,T1413,F1155,314995,MoMo,Success
TR1463,T3775,F1795,587128,Cash,Failed
TR1464,T2568,F272,103836,Credit,Failed
TR1465,T52,F83,252871,VNPay,Failed
TR1466,T2277,F1820,476346,MoMo,Success
TR1467,T3871,F958,245133,VNPay,Success
TR1468,T3408,F992,530127,VNPay,Failed
TR1469,T3099,F1704,288123,Cash,Failed
TR1470,T3813,F1339,585203,Cash,Success
TR1471,T3288,F1231,188595,VNPay,Failed
TR1472,T1344,F270,285883,Credit,Success
TR1473,T3070,F1400,173727,MoMo,Failed
TR1474,T3927,F1182,314790,Credit,Success
TR1475,T520,F1484,527714,Credit,Success
TR1476,T2165,F1190,274262,VNPay,Failed
TR1477,T3847,F178,146785,Credit,Failed
TR1478,T1608,F924,508692,MoMo,Success
TR1479,T811,F1090,363979,Cash,Failed
TR1480,T152,F848,435405,VNPay,Failed
TR1481,T1631,F950,424342,VNPay,Success
TR1482,T271,F229,452218,Cash,Success
TR1483,T423,F979,595253,VNPay,Failed
TR1484,T1857,F1694,268531,MoMo,Failed
TR1485,T1801,F568,319583,VNPay,Success
TR1486,T575,F168,149008,Cash,Success
TR1487,T2675,F1911,129847,VNPay,Failed
TR1488,T3546,F78,215673,Credit,Failed
TR1489,T2393,F624,249749,VNPay,Failed
TR1490,T3385,F1597,315474,MoMo,Failed
TR1491,T2816,F1970,105712,VNPay,Failed
TR1492,T130,F910,255068,Credit,Failed
TR1493,T2964,F1435,208756,MoMo,Success
TR1494,T2625,F404,470394,Cash,Failed
TR1495,T3944,F1889,153027,Credit,Failed
TR1496,T1004,F63,319765,Cash,Failed
TR1497,T2690,F945,375333,MoMo,Failed
TR1498,T3243,F886,542183,VNPay,Failed
TR1499,T308,F801,501167,Cash,Failed
TR1500,T2723,F1808,363057,VNPay,Success
TR1501,T2063,F1267,453572,Credit,Failed
TR1502,T1200,F1672,188350,MoMo,Failed
TR1503,T3079,F814,155979,Cash,Success
TR1504,T1036,F1020,254845,Cash,Failed
TR1505,T2624,F1601,328528,VNPay,Failed
TR1506,T643,F1999,132556,Cash,Success
TR1507,T841,F789,447648,Cash,Success
TR1508,T3335,F1646,212733,Cash,Success
TR1509,T3569,F1974,246098,Cash,Success
TR1510,T3610,F862,512805,Cash,Success
TR1511,T3663,F103,577631,Cash,Failed
TR1512,T3891,F865,524122,VNPay,Success
TR1513,T1931,F863,227525,MoMo,Success
TR1514,T1547,F331,576811,MoMo,Failed
TR1515,T3366,F1306,158114,MoMo,Failed
TR1516,T3885,F421,433909,Cash,Failed
TR1517,T3108,F975,347301,VNPay,Success
TR1518,T693,F1424,418509,MoMo,Failed
TR1519,T95,F525,272287,VNPay,Failed
TR1520,T981,F845,139643,Credit,Failed
TR1521,T1392,F744,490451,Cash,Success
TR1522,T792,F414,540875,VNPay,Success
TR1523,T1206,F1864,526375,Credit,Success
TR1524,T3662,F1012,270935,Cash,Failed
TR1525,T771,F790,461989,VNPay,Failed
TR1526,T3714,F1163,305652,Credit,Failed
TR1527,T155,F1405,531870,VNPay,Success
TR1528,T927,F334,191679,MoMo,Failed
TR1529,T3594,F1022,351531,Cash,Failed
TR1530,T454,F894,344973,Cash,Failed
TR1531,T2690,F559,159220,VNPay,Failed
TR1532,T3034,F588,193196,VNPay,Failed
TR1533,T1822,F78,391356,MoMo,Failed
TR1534,T42,F673,490958,Cash,Success
TR1535,T3750,F1277,511489,VNPay,Failed
TR1536,T664,F1800,210281,Credit,Success
TR1537,T2920,F1377,437856,Credit,Success
TR1538,T1629,F883,114378,Credit,Failed
TR1539,T1913,F1066,332702,Cash,Failed
TR1540,T3838,F1167,108966,Cash,Failed
TR1541,T1939,F18,420535,VNPay,Failed
TR1542,T3203,F576,166922,Credit,Failed
TR1543,T3591,F636,320798,MoMo,Success
TR1544,T1280,F861,466825,MoMo,Failed
TR1545,T3083,F1050,162247,VNPay,Failed
TR1546,T974,F600,560406,Cash,Success
TR1547,T3849,F1902,401356,VNPay,Success
TR1548,T1153,F1411,558593,VNPay,Failed
TR1549,T3605,F279,498692,Credit,Success
TR1550,T3307,F141,438257,VNPay,Failed
TR1551,T1767,F756,492415,Cash,Failed
TR1552,T2804,F1604,289657,Cash,Failed
TR1553,T231,F1706,392217,Cash,Success
TR1554,T886,F1866,437567,Credit,Failed
TR1555,T2724,F603,216441,MoMo,Success
TR1556,T321,F1645,493382,Cash,Failed
TR1557,T3718,F1052,145236,Credit,Success
TR1558,T2731,F1870,577638,MoMo,Success
TR1559,T270,F603,391518,Cash,Success
TR1560,T2471,F1523,144413,VNPay,Success
TR1561,T3231,F1950,180430,VNPay,Success
TR1562,T3002,F86,342926,Cash,Failed
TR1563,T1470,F1498,217104,VNPay,Failed
TR1564,T3738,F1256,431715,Credit,Failed
TR1565,T1182,F892,406680,VNPay,Failed
TR1566,T2518,F1529,295846,Cash,Failed
TR1567,T1770,F1213,553736,Cash,Failed
TR1568,T297,F1974,366753,VNPay,Failed
TR1569,T2378,F1566,269505,Cash,Failed
TR1570,T3849,F237,522052,Credit,Failed
TR1571,T363,F1437,252335,VNPay,Success
TR1572,T1183,F77,552244,Cash,Failed
TR1573,T1699,F874,320357,Cash,Failed
TR1574,T2119,F1863,412072,MoMo,Success
TR1575,T3561,F100,141564,Credit,Failed
TR1576,T3972,F1576,149535,Cash,Failed
TR1577,T211,F473,412816,Cash,Failed
TR1578,T349,F817,425630,Credit,Success
TR1579,T2820,F1986,544615,Credit,Success
TR1580,T2750,F330,154141,Cash,Failed
TR1581,T1488,F356,177073,VNPay,Success
TR1582,T3142,F1525,471774,MoMo,Failed
TR1583,T1276,F736,426826,VNPay,Failed
TR1584,T3929,F534,264598,Credit,Failed
TR1585,T1682,F954,154235,VNPay,Success
TR1586,T1625,F743,300433,Cash,Success
TR1587,T3904,F1344,156056,Credit,Success
TR1588,T1888,F573,103565,Credit,Failed
TR1589,T2288,F256,584725,Credit,Success
TR1590,T98,F1279,376978,Credit,Failed
TR1591,T2292,F1278,129302,Credit,Success
TR1592,T2663,F1073,359059,Credit,Failed
TR1593,T3829,F870,385409,Cash,Success
TR1594,T2316,F1364,588558,MoMo,Failed
TR1595,T348,F1447,217399,Credit,Failed
TR1596,T2663,F1847,394172,MoMo,Failed
TR1597,T3841,F1042,596842,MoMo,Failed
TR1598,T1559,F277,117002,Credit,Failed
TR1599,T1574,F149,263892,Cash,Success
TR1600,T3140,F826,268779,MoMo,Failed
TR1601,T636,F538,325896,VNPay,Failed
TR1602,T3276,F1954,407999,Cash,Success
TR1603,T469,F596,326281,Credit,Failed
TR1604,T2638,F363,239372,Cash,Success
TR1605,T1811,F1603,458222,Credit,Success
TR1606,T2346,F855,540708,Credit,Failed
TR1607,T2505,F996,225356,Credit,Success
TR1608,T2561,F246,525727,Cash,Failed
TR1609,T470,F849,558676,Cash,Success
TR1610,T1211,F809,321032,Cash,Failed
TR1611,T3626,F394,525767,Credit,Success
TR1612,T2603,F1950,497067,VNPay,Failed
TR1613,T1673,F1963,210335,VNPay,Success
TR1614,T1736,F346,554426,Credit,Success
TR1615,T2420,F1732,537973,Cash,Failed
TR1616,T2410,F1737,187286,Credit,Failed
TR1617,T3430,F1100,273068,MoMo,Failed
TR1618,T2981,F1464,317254,MoMo,Success
TR1619,T2876,F1401,205050,Credit,Failed
TR1620,T3759,F647,440848,MoMo,Failed
TR1621,T3988,F1095,443004,Credit,Success
TR1622,T1194,F1683,334814,MoMo,Success
TR1623,T2241,F1148,206171,MoMo,Success
TR1624,T1123,F1788,132742,Cash,Success
TR1625,T1794,F1800,168378,Credit,Success
TR1626,T1087,F75,438611,Credit,Failed
TR1627,T3408,F139,226621,Credit,Success
TR1628,T964,F269,375417,Cash,Failed
TR1629,T3229,F611,525640,Cash,Success
TR1630,T339,F393,162974,MoMo,Failed
TR1631,T3823,F807,480315,Cash,Success
TR1632,T460,F1353,445003,Cash,Failed
TR1633,T2511,F1819,246697,Credit,Success
TR1634,T2313,F1316,186367,MoMo,Success
TR1635,T3913,F545,332703,Credit,Success
TR1636,T3950,F62,347635,MoMo,Success
TR1637,T3353,F257,336264,MoMo,Success
TR1638,T1679,F1428,225665,VNPay,Success
TR1639,T281,F767,374338,VNPay,Success
TR1640,T29,F1947,475821,Cash,Failed
TR1641,T3912,F1094,544390,Cash,Failed
TR1642,T717,F197,578584,MoMo,Success
TR1643,T1936,F1818,493248,Cash,Success
TR1644,T1578,F1924,485297,MoMo,Failed
TR1645,T2388,F783,367458,Cash,Failed
TR1646,T502,F1314,516743,MoMo,Failed
TR1647,T1186,F565,493427,Credit,Failed
TR1648,T2058,F368,170750,Credit,Success
TR1649,T3062,F980,104513,Cash,Success
TR1650,T1565,F337,254178,VNPay,Failed
TR1651,T3374,F492,456593,MoMo,Failed
TR1652,T3538,F1615,214962,VNPay,Success
TR1653,T1928,F1428,440286,Credit,Success
TR1654,T3398,F1678,589293,MoMo,Failed
TR1655,T1130,F1334,193888,Cash,Success
TR1656,T95,F1928,558809,Credit,Success
TR1657,T2647,F376,143979,MoMo,Success
TR1658,T600,F1344,443647,Cash,Success
TR1659,T3821,F505,338102,Cash,Success
TR1660,T374,F672,468319,VNPay,Failed
TR1661,T2596,F1939,161158,VNPay,Success
TR1662,T3180,F1512,400998,Credit,Failed
TR1663,T2039,F1240,528910,VNPay,Success
TR1664,T2532,F133,474852,MoMo,Success
TR1665,T2714,F275,321656,MoMo,Failed
TR1666,T3909,F1017,129960,VNPay,Failed
TR1667,T380,F1978,566405,VNPay,Success
TR1668,T1988,F713,456203,VNPay,Success
TR1669,T72,F326,324518,Cash,Failed
TR1670,T1820,F1186,114371,VNPay,Success
TR1671,T655,F954,136180,VNPay,Failed
TR1672,T3931,F1706,145422,VNPay,Success
TR1673,T1310,F1692,208188,Credit,Failed
TR1674,T3893,F823,246929,Cash,Failed
TR1675,T2730,F1431,594886,MoMo,Success
TR1676,T1088,F1023,436369,Credit,Failed
TR1677,T1125,F660,394862,VNPay,Failed
TR1678,T3891,F1295,443051,MoMo,Success
TR1679,T1850,F71,544761,Cash,Success
TR1680,T1405,F46,584241,VNPay,Failed
TR1681,T2007,F789,439278,Cash,Success
TR1682,T37,F1671,134153,MoMo,Success
TR1683,T1544,F236,391699,Cash,Failed
TR1684,T236,F26,317401,MoMo,Failed
TR1685,T639,F828,305613,Credit,Success
TR1686,T1756,F1939,442947,VNPay,Success
TR1687,T1090,F1715,564538,VNPay,Success
TR1688,T3679,F1673,540337,MoMo,Failed
TR1689,T3019,F1308,519625,VNPay,Failed
TR1690,T2426,F1830,394999,Cash,Success
TR1691,T3336,F1140,202038,Credit,Success
TR1692,T3329,F481,113395,Credit,Failed
TR1693,T2700,F151,269718,Credit,Failed
TR1694,T200,F1143,427335,MoMo,Failed
TR1695,T2740,F1675,256739,VNPay,Success
TR1696,T3666,F147,438426,Credit,Success
TR1697,T1934,F839,241000,VNPay,Failed
TR1698,T67,F1460,551165,Cash,Failed
TR1699,T1634,F1234,385135,Credit,Success
TR1700,T1363,F993,182969,VNPay,Failed
TR1701,T851,F1673,525629,Credit,Failed
TR1702,T1651,F436,181070,MoMo,Success
TR1703,T2206,F1369,546035,MoMo,Success
TR1704,T2718,F265,553190,Cash,Success
TR1705,T3819,F215,552392,VNPay,Success
TR1706,T922,F1109,309496,Credit,Failed
TR1707,T1932,F1011,311981,Credit,Failed
TR1708,T3313,F1668,258544,Credit,Success
TR1709,T1552,F1359,543352,Credit,Failed
TR1710,T613,F1685,421673,Cash,Success
TR1711,T656,F1805,507611,Cash,Failed
TR1712,T711,F1897,573396,Cash,Failed
TR1713,T1533,F1365,334311,Cash,Success
TR1714,T3938,F1901,486622,MoMo,Success
TR1715,T3166,F1197,429202,MoMo,Success
TR1716,T3074,F1403,104679,MoMo,Success
TR1717,T3884,F1826,346848,Cash,Failed
TR1718,T3438,F552,230756,MoMo,Success
TR1719,T2717,F421,578621,VNPay,Success
TR1720,T3400,F1331,460529,Cash,Success
TR1721,T207,F1655,437384,VNPay,Failed
TR1722,T873,F305,214910,MoMo,Success
TR1723,T630,F1907,111953,Cash,Success
TR1724,T3432,F1575,424951,Cash,Success
TR1725,T3335,F306,220398,VNPay,Success
TR1726,T3145,F1563,271171,MoMo,Failed
TR1727,T409,F1349,390542,Credit,Success
TR1728,T538,F375,507794,Cash,Failed
TR1729,T2626,F619,184974,VNPay,Failed
TR1730,T455,F1178,121283,Credit,Failed
TR1731,T911,F654,554993,MoMo,Failed
TR1732,T3680,F1529,164161,VNPay,Failed
TR1733,T2864,F1771,243744,VNPay,Failed
TR1734,T1401,F1855,448070,Credit,Success
TR1735,T90,F975,239925,Credit,Failed
TR1736,T1421,F587,242871,Credit,Failed
TR1737,T2789,F762,154174,VNPay,Failed
TR1738,T3389,F146,263889,Credit,Failed
TR1739,T41,F1812,138953,MoMo,Failed
TR1740,T3968,F551,383794,Credit,Success
TR1741,T137,F787,180307,MoMo,Failed
TR1742,T1903,F1578,452453,Cash,Failed
TR1743,T2073,F1852,110540,VNPay,Failed
TR1744,T2732,F100,527306,MoMo,Failed
TR1745,T3227,F839,457952,MoMo,Failed
TR1746,T2359,F1927,573829,Cash,Success
TR1747,T3206,F948,276580,MoMo,Failed
TR1748,T279,F1335,395298,Credit,Failed
TR1749,T2181,F842,479400,Cash,Failed
TR1750,T833,F1231,509908,Credit,Success
TR1751,T1456,F624,464508,Cash,Failed
TR1752,T1917,F1450,186429,Cash,Failed
TR1753,T1978,F349,392508,VNPay,Success
TR1754,T2026,F1253,242393,VNPay,Failed
TR1755,T3624,F103,134684,VNPay,Failed
TR1756,T3056,F1763,150032,Cash,Failed
TR1757,T331,F40,196641,VNPay,Success
TR1758,T2260,F1237,184608,Cash,Success
TR1759,T1147,F1578,347554,VNPay,Success
TR1760,T3422,F1526,192591,MoMo,Failed
TR1761,T2279,F19,101886,VNPay,Success
TR1762,T1654,F1182,357501,Credit,Success
TR1763,T1206,F272,267583,Cash,Failed
TR1764,T2767,F374,389639,Credit,Success
TR1765,T146,F1906,554147,Credit,Success
TR1766,T3059,F1015,595823,MoMo,Success
TR1767,T1976,F257,508366,Credit,Success
TR1768,T3081,F1204,204967,Cash,Success
TR1769,T1757,F203,285492,Credit,Success
TR1770,T517,F659,115071,Cash,Failed
TR1771,T662,F1868,193775,VNPay,Failed
TR1772,T50,F27,171803,Credit,Failed
TR1773,T196,F1525,425171,VNPay,Success
TR1774,T1140,F960,293028,MoMo,Success
TR1775,T168,F280,526848,MoMo,Success
TR1776,T3408,F19,365143,Cash,Success
TR1777,T3302,F1774,108972,Credit,Success
TR1778,T393,F1465,172036,VNPay,Success
TR1779,T466,F35,258011,VNPay,Failed
TR1780,T1264,F482,373164,Cash,Failed
TR1781,T2429,F1929,128507,Cash,Failed
TR1782,T378,F620,296728,Cash,Success
TR1783,T3662,F1706,229195,Credit,Failed
TR1784,T1538,F1602,376698,Cash,Failed
TR1785,T989,F1553,584888,MoMo,Failed
TR1786,T1313,F1527,107564,Credit,Success
TR1787,T3605,F1781,313129,VNPay,Success
TR1788,T1501,F1132,469282,MoMo,Success
TR1789,T3467,F1310,220324,Credit,Success
TR1790,T2221,F1900,219041,Credit,Failed
TR1791,T2220,F462,403956,Credit,Failed
TR1792,T2276,F658,439606,MoMo,Failed
TR1793,T1684,F1955,194476,Cash,Success
TR1794,T852,F1188,133809,MoMo,Success
TR1795,T876,F926,439917,Cash,Success
TR1796,T771,F587,544495,MoMo,Success
TR1797,T1677,F1442,477082,VNPay,Failed
TR1798,T2371,F1264,311214,Cash,Failed
TR1799,T1515,F1123,541521,VNPay,Success
TR1800,T1911,F552,309850,Credit,Failed
TR1801,T713,F332,271452,Credit,Failed
TR1802,T1171,F1819,533607,Credit,Failed
TR1803,T3719,F753,337489,MoMo,Success
TR1804,T1066,F196,173967,VNPay,Failed
TR1805,T3669,F632,255725,Cash,Failed
TR1806,T3098,F940,495112,Cash,Success
TR1807,T562,F1476,275180,Credit,Failed
TR1808,T3960,F10,557120,MoMo,Failed
TR1809,T1137,F1695,265792,Credit,Success
TR1810,T3419,F1960,182173,Credit,Failed
TR1811,T119,F960,328813,MoMo,Failed
TR1812,T1745,F383,541194,Cash,Failed
TR1813,T3368,F434,204716,Credit,Failed
TR1814,T955,F1317,256114,VNPay,Success
TR1815,T1003,F293,276767,Cash,Failed
TR1816,T763,F1199,475531,Cash,Failed
TR1817,T2863,F1433,461618,Credit,Success
TR1818,T2960,F489,403578,Cash,Failed
TR1819,T367,F1282,347117,MoMo,Failed
TR1820,T50,F787,545073,VNPay,Failed
TR1821,T666,F1384,295497,Cash,Failed
TR1822,T3928,F1683,303978,VNPay,Failed
TR1823,T994,F1364,250199,Credit,Success
TR1824,T2062,F1345,353962,MoMo,Success
TR1825,T1627,F543,274668,VNPay,Failed
TR1826,T2883,F16,474016,MoMo,Failed
TR1827,T3781,F682,186064,Cash,Success
TR1828,T1,F957,320796,VNPay,Failed
TR1829,T1141,F1518,268666,MoMo,Success
TR1830,T622,F1582,155494,MoMo,Success
TR1831,T2599,F1944,500147,MoMo,Failed
TR1832,T1980,F1307,477811,Credit,Success
TR1833,T189,F243,394347,MoMo,Failed
TR1834,T3149,F1518,411341,MoMo,Failed
TR1835,T752,F422,528292,Cash,Success
TR1836,T1709,F215,188530,VNPay,Failed
TR1837,T305,F1649,252116,Credit,Failed
TR1838,T1603,F1538,232375,Cash,Failed
TR1839,T1257,F357,237668,VNPay,Success
TR1840,T3495,F1453,563112,VNPay,Success
TR1841,T2832,F95,473104,MoMo,Success
TR1842,T465,F567,524340,Credit,Success
TR1843,T2985,F1997,116172,Credit,Failed
TR1844,T1757,F1651,392065,Credit,Success
TR1845,T2906,F1241,501967,Credit,Success
TR1846,T3913,F669,340040,MoMo,Failed
TR1847,T1723,F1926,592748,Cash,Failed
TR1848,T1036,F1925,526997,Cash,Success
TR1849,T2178,F1463,274236,MoMo,Success
TR1850,T2205,F866,397992,Cash,Failed
TR1851,T3980,F1664,396092,Cash,Success
TR1852,T3604,F1183,215328,MoMo,Success
TR1853,T3470,F1048,184710,MoMo,Success
TR1854,T665,F1309,177663,Cash,Success
TR1855,T945,F192,436672,Credit,Success
TR1856,T2690,F501,545359,MoMo,Failed
TR1857,T3632,F1771,228529,Credit,Failed
TR1858,T3017,F807,352369,VNPay,Failed
TR1859,T1685,F330,555194,Cash,Success
TR1860,T333,F1535,474004,Cash,Failed
TR1861,T2878,F1994,185174,Credit,Success
TR1862,T3064,F1604,105018,MoMo,Failed
TR1863,T1025,F1301,572391,Cash,Success
TR1864,T2075,F1713,491382,Credit,Failed
TR1865,T2796,F1090,150581,Cash,Success
TR1866,T1782,F1792,262004,MoMo,Success
TR1867,T3141,F448,250108,Cash,Success
TR1868,T1791,F648,241128,Cash,Success
TR1869,T3754,F227,197212,Cash,Success
TR1870,T3188,F854,498195,MoMo,Success
TR1871,T3939,F1694,595931,Credit,Failed
TR1872,T2081,F592,169140,VNPay,Success
TR1873,T2296,F1168,595152,VNPay,Failed
TR1874,T3760,F586,296335,Credit,Failed
TR1875,T2204,F1456,244366,Credit,Success
TR1876,T1209,F961,432915,Credit,Failed
TR1877,T3047,F1411,505369,VNPay,Success
TR1878,T775,F7,460317,VNPay,Success
TR1879,T3763,F1760,236165,Credit,Failed
TR1880,T3417,F1128,355387,Cash,Failed
TR1881,T2346,F1040,179914,MoMo,Failed
TR1882,T3276,F1907,107129,Cash,Success
TR1883,T3581,F1141,327211,VNPay,Failed
TR1884,T1543,F850,500021,Credit,Failed
TR1885,T666,F1493,321359,MoMo,Failed
TR1886,T1043,F463,352836,VNPay,Success
TR1887,T2571,F1640,206242,Credit,Failed
TR1888,T3139,F1332,390250,Credit,Failed
TR1889,T3144,F938,316912,VNPay,Success
TR1890,T3786,F1228,129094,MoMo,Failed
TR1891,T3663,F1265,572192,Credit,Success
TR1892,T1547,F662,578457,MoMo,Failed
TR1893,T2459,F410,544290,Credit,Success
TR1894,T2053,F455,546224,Credit,Success
TR1895,T1291,F1102,143810,VNPay,Failed
TR1896,T2808,F1391,413768,Cash,Success
TR1897,T1067,F942,585966,VNPay,Success
TR1898,T3923,F1110,355745,Credit,Success
TR1899,T985,F161,355598,VNPay,Failed
TR1900,T2083,F1290,421876,Cash,Success
TR1901,T21,F770,429177,VNPay,Failed
TR1902,T3730,F395,496898,Cash,Success
TR1903,T3667,F261,384613,Cash,Failed
TR1904,T3978,F471,463527,VNPay,Success
TR1905,T1917,F1287,390067,Credit,Failed
TR1906,T3707,F966,552496,VNPay,Failed
TR1907,T3843,F60,457350,VNPay,Failed
TR1908,T1865,F909,361797,VNPay,Failed
TR1909,T451,F324,268733,Cash,Failed
TR1910,T2683,F360,110421,MoMo,Success
TR1911,T390,F136,462910,Credit,Success
TR1912,T2631,F604,222594,VNPay,Failed
TR1913,T1180,F41,406386,VNPay,Failed
TR1914,T1664,F1490,426227,Credit,Success
TR1915,T3033,F1332,199724,Credit,Failed
TR1916,T1998,F1520,351475,VNPay,Failed
TR1917,T3666,F1568,469078,VNPay,Failed
TR1918,T684,F1229,287134,VNPay,Failed
TR1919,T1990,F1038,233490,Cash,Success
TR1920,T85,F832,271902,Cash,Failed
TR1921,T2390,F1138,249821,Credit,Success
TR1922,T2505,F1795,222468,MoMo,Success
TR1923,T1769,F1603,332086,Cash,Failed
TR1924,T638,F453,380369,Credit,Success
TR1925,T994,F787,596211,Cash,Failed
TR1926,T1912,F1451,123276,MoMo,Success
TR1927,T347,F54,453240,VNPay,Success
TR1928,T3543,F599,165900,MoMo,Failed
TR1929,T3085,F1915,353097,Credit,Success
TR1930,T2663,F1458,329399,Cash,Success
TR1931,T3041,F1071,238380,VNPay,Failed
TR1932,T1183,F1330,549756,Credit,Failed
TR1933,T2342,F1779,566720,MoMo,Failed
TR1934,T2143,F1302,339463,MoMo,Failed
TR1935,T3758,F908,479128,Cash,Success
TR1936,T2630,F1622,374437,Cash,Failed
TR1937,T2898,F424,581679,VNPay,Failed
TR1938,T2999,F717,575515,MoMo,Success
TR1939,T2547,F710,189352,Cash,Success
TR1940,T2737,F1245,310650,Credit,Failed
TR1941,T2114,F350,234511,Credit,Success
TR1942,T3528,F1187,439828,MoMo,Failed
TR1943,T520,F130,140461,MoMo,Failed
TR1944,T1624,F453,194893,Cash,Success
TR1945,T1036,F1620,493510,Cash,Failed
TR1946,T2397,F770,106232,MoMo,Failed
TR1947,T659,F1,514900,VNPay,Failed
TR1948,T302,F846,135581,Credit,Success
TR1949,T2634,F79,386353,MoMo,Success
TR1950,T2791,F1338,186736,Credit,Success
TR1951,T2069,F710,267172,Credit,Success
TR1952,T1180,F943,236400,MoMo,Failed
TR1953,T3695,F1317,400235,Cash,Success
TR1954,T1546,F720,334062,Credit,Success
TR1955,T3477,F1156,527856,Credit,Success
TR1956,T3818,F1185,464350,VNPay,Failed
TR1957,T2758,F1257,322523,Cash,Success
TR1958,T3671,F1316,409136,MoMo,Failed
TR1959,T581,F1810,476348,MoMo,Success
TR1960,T508,F1742,291367,MoMo,Success
TR1961,T3015,F1389,396156,Credit,Success
TR1962,T503,F1947,334460,MoMo,Failed
TR1963,T721,F1484,468747,Cash,Failed
TR1964,T2164,F1907,291650,Credit,Failed
TR1965,T3250,F1369,241284,Credit,Failed
TR1966,T1184,F971,547175,Cash,Success
TR1967,T935,F295,102821,VNPay,Success
TR1968,T2169,F1553,330739,Credit,Failed
TR1969,T1772,F1607,121558,Credit,Failed
TR1970,T967,F998,154102,MoMo,Success
TR1971,T3584,F1200,481895,VNPay,Success
TR1972,T500,F498,592856,MoMo,Success
TR1973,T1752,F88,410915,VNPay,Failed
TR1974,T2706,F1950,293759,Cash,Success
TR1975,T2829,F1489,195779,Cash,Success
TR1976,T338,F567,339584,VNPay,Failed
TR1977,T2893,F1430,598587,VNPay,Failed
TR1978,T840,F1415,155564,Credit,Failed
TR1979,T894,F433,267640,Cash,Success
TR1980,T10,F1968,291416,MoMo,Failed
TR1981,T1653,F1990,287219,MoMo,Success
TR1982,T1575,F140,531005,Credit,Failed
TR1983,T3245,F998,581259,Cash,Success
TR1984,T1533,F1187,191939,MoMo,Success
TR1985,T2823,F697,291664,MoMo,Failed
TR1986,T1650,F392,214281,Credit,Failed
TR1987,T616,F1817,564771,VNPay,Failed
TR1988,T3029,F30,468389,MoMo,Success
TR1989,T667,F1183,528593,MoMo,Success
TR1990,T228,F565,363905,Cash,Success
TR1991,T347,F1926,245986,Cash,Failed
TR1992,T2027,F808,281852,MoMo,Failed
TR1993,T1772,F1624,488601,Cash,Success
TR1994,T3238,F850,357010,Credit,Success
TR1995,T3741,F1166,405760,VNPay,Success
TR1996,T3209,F1618,510572,Cash,Success
TR1997,T2475,F201,512601,VNPay,Success
TR1998,T249,F350,441508,VNPay,Success
TR1999,T722,F1019,448226,Credit,Failed
TR2000,T2792,F876,418836,Credit,Failed
TR2001,T1854,F1032,546653,Cash,Success
TR2002,T1551,F690,304547,MoMo,Failed
TR2003,T1470,F1840,185305,Credit,Success
TR2004,T1206,F643,517314,Credit,Success
TR2005,T2009,F1523,187662,Credit,Success
TR2006,T380,F699,303544,Cash,Failed
TR2007,T3274,F1978,485398,MoMo,Success
TR2008,T3320,F1895,516576,VNPay,Failed
TR2009,T1363,F498,378309,Credit,Failed
TR2010,T1732,F1398,301108,MoMo,Success
TR2011,T623,F118,378090,Credit,Failed
TR2012,T2696,F921,303529,VNPay,Failed
TR2013,T2761,F1063,405297,VNPay,Success
TR2014,T2705,F1797,181323,Credit,Failed
TR2015,T2528,F1776,394619,Cash,Success
TR2016,T1786,F850,491355,Cash,Success
TR2017,T1361,F1104,503134,Credit,Failed
TR2018,T1636,F1214,357177,MoMo,Failed
TR2019,T21,F341,493633,Cash,Failed
TR2020,T3841,F95,497898,MoMo,Failed
TR2021,T3317,F1945,183846,Cash,Failed
TR2022,T3173,F755,263748,MoMo,Success
TR2023,T3507,F437,302111,VNPay,Success
TR2024,T457,F457,155855,MoMo,Failed
TR2025,T593,F1584,169364,Cash,Success
TR2026,T2776,F1581,526301,VNPay,Failed
TR2027,T3352,F904,142013,Credit,Failed
TR2028,T3776,F50,133948,Credit,Success
TR2029,T3335,F1526,160372,Cash,Success
TR2030,T685,F1730,514916,Credit,Failed
TR2031,T1475,F332,137859,VNPay,Success
TR2032,T3477,F1291,277293,MoMo,Failed
TR2033,T413,F94,478103,Cash,Success
TR2034,T3508,F1415,145318,Credit,Success
TR2035,T2048,F968,137457,MoMo,Failed
TR2036,T3837,F609,305211,MoMo,Failed
TR2037,T1241,F1301,508899,Credit,Failed
TR2038,T2955,F447,360645,Cash,Failed
TR2039,T2866,F1920,198682,Credit,Failed
TR2040,T270,F151,245104,MoMo,Success
TR2041,T339,F1454,336344,Credit,Success
TR2042,T3222,F1714,325108,VNPay,Failed
TR2043,T3418,F1846,277792,VNPay,Success
TR2044,T3850,F189,467090,MoMo,Success
TR2045,T3961,F537,190397,Credit,Failed
TR2046,T1418,F138,259965,Credit,Success
TR2047,T1604,F1001,148329,Credit,Success
TR2048,T2937,F526,443485,MoMo,Failed
TR2049,T1602,F1551,553578,MoMo,Success
TR2050,T3748,F1542,392162,Credit,Failed
TR2051,T2322,F1467,128671,Cash,Failed
TR2052,T2578,F56,317137,Cash,Failed
TR2053,T1161,F28,333552,Credit,Failed
TR2054,T1660,F1250,449788,Credit,Success
TR2055,T1440,F788,242023,VNPay,Failed
TR2056,T1720,F1398,565221,MoMo,Failed
TR2057,T1801,F681,211811,MoMo,Success
TR2058,T1970,F1695,546242,MoMo,Success
TR2059,T55,F591,424792,Credit,Success
TR2060,T3102,F1912,251095,Cash,Success
TR2061,T1656,F884,126600,MoMo,Success
TR2062,T162,F1933,514889,MoMo,Success
TR2063,T2639,F910,348155,Cash,Failed
TR2064,T1990,F1266,405665,VNPay,Success
TR2065,T2909,F783,199290,Credit,Success
TR2066,T3161,F40,552036,Cash,Failed
TR2067,T1148,F318,561603,Cash,Failed
TR2068,T2091,F1667,458857,MoMo,Failed
TR2069,T1196,F385,488534,VNPay,Failed
TR2070,T356,F78,108585,MoMo,Failed
TR2071,T1209,F1209,503394,Credit,Success
TR2072,T2840,F380,501876,VNPay,Failed
TR2073,T1921,F301,378375,Cash,Success
TR2074,T2081,F719,265072,Cash,Success
TR2075,T1171,F1507,441228,Credit,Failed
TR2076,T2484,F1265,171384,VNPay,Failed
TR2077,T3641,F1997,108461,MoMo,Success
TR2078,T1652,F974,482360,VNPay,Success
TR2079,T3469,F1044,202569,VNPay,Success
TR2080,T2269,F29,420332,VNPay,Success
TR2081,T109,F266,252712,VNPay,Failed
TR2082,T215,F629,535815,MoMo,Failed
TR2083,T3153,F1681,386226,VNPay,Failed
TR2084,T1774,F1966,576190,VNPay,Failed
TR2085,T713,F123,111329,Credit,Success
TR2086,T719,F150,253261,MoMo,Failed
TR2087,T3959,F1303,334765,Credit,Success
TR2088,T606,F1409,204001,VNPay,Success
TR2089,T713,F1319,458488,Credit,Failed
TR2090,T3543,F1820,115525,VNPay,Success
TR2091,T2542,F1029,442595,VNPay,Success
TR2092,T134,F967,165345,Cash,Failed
TR2093,T3188,F1624,366761,VNPay,Success
TR2094,T1915,F337,427161,Cash,Success
TR2095,T3529,F1268,403775,VNPay,Failed
TR2096,T1278,F869,194772,MoMo,Failed
TR2097,T3281,F509,456824,MoMo,Failed
TR2098,T1411,F265,112641,Cash,Success
TR2099,T3044,F37,457795,Credit,Failed
TR2100,T3076,F1066,265902,VNPay,Failed
TR2101,T2438,F1356,128028,MoMo,Success
TR2102,T2921,F572,433000,MoMo,Success
TR2103,T2292,F1991,420675,VNPay,Failed
TR2104,T3771,F778,110705,Credit,Success
TR2105,T1872,F1427,283720,Credit,Success
TR2106,T969,F929,251211,VNPay,Success
TR2107,T2221,F787,555556,Credit,Failed
TR2108,T3563,F1593,237791,Credit,Failed
TR2109,T253,F1705,335701,MoMo,Failed
TR2110,T2036,F1959,537374,MoMo,Success
TR2111,T2285,F1350,342094,VNPay,Success
TR2112,T1322,F610,278605,Credit,Success
TR2113,T3206,F837,129420,VNPay,Failed
TR2114,T3329,F494,371405,Credit,Success
TR2115,T743,F1898,455244,MoMo,Success
TR2116,T3543,F1077,364373,VNPay,Success
TR2117,T3786,F778,225040,MoMo,Success
TR2118,T3264,F35,116731,MoMo,Failed
TR2119,T3627,F1729,170437,VNPay,Success
TR2120,T3070,F1711,179720,Cash,Success
TR2121,T1797,F1709,590536,VNPay,Failed
TR2122,T2220,F1385,503370,Credit,Success
TR2123,T1937,F607,120756,Cash,Failed
TR2124,T957,F436,273470,VNPay,Success
TR2125,T141,F645,302571,Credit,Failed
TR2126,T3739,F1011,492311,Credit,Success
TR2127,T3877,F1171,306115,MoMo,Success
TR2128,T3041,F297,420235,VNPay,Failed
TR2129,T141,F318,242662,MoMo,Success
TR2130,T2453,F1006,281185,Credit,Success
TR2131,T3149,F145,213381,MoMo,Failed
TR2132,T718,F1309,386448,Credit,Failed
TR2133,T315,F569,329416,VNPay,Success
TR2134,T1759,F1308,371494,Credit,Failed
TR2135,T630,F990,442321,MoMo,Failed
TR2136,T2873,F1366,547210,MoMo,Failed
TR2137,T469,F387,368045,Credit,Success
TR2138,T2771,F253,543370,Credit,Failed
TR2139,T2397,F793,119386,Credit,Success
TR2140,T2355,F1352,194347,MoMo,Success
TR2141,T2521,F289,196327,VNPay,Failed
TR2142,T2414,F1783,593941,Credit,Failed
TR2143,T2362,F1698,283052,VNPay,Success
TR2144,T1924,F833,344355,Cash,Failed
TR2145,T547,F1348,342985,MoMo,Success
TR2146,T740,F85,410519,Credit,Success
TR2147,T3336,F555,557763,MoMo,Success
TR2148,T1649,F1600,250138,Credit,Success
TR2149,T2752,F766,288686,Cash,Success
TR2150,T820,F1036,211690,Credit,Success
TR2151,T400,F199,422724,Cash,Failed
TR2152,T892,F757,203325,Credit,Success
TR2153,T2319,F433,360999,Cash,Success
TR2154,T2707,F152,146612,Cash,Success
TR2155,T212,F1586,217021,Cash,Success
TR2156,T839,F1907,301650,MoMo,Success
TR2157,T2681,F1632,330755,Credit,Failed
TR2158,T3752,F1686,399495,MoMo,Failed
TR2159,T3127,F686,444761,MoMo,Success
TR2160,T3700,F1440,457449,Credit,Success
TR2161,T1254,F1700,348215,MoMo,Success
TR2162,T755,F204,250055,Credit,Success
TR2163,T1802,F359,207101,MoMo,Success
TR2164,T2283,F510,313905,VNPay,Failed
TR2165,T2911,F1597,510798,VNPay,Failed
TR2166,T10,F260,537959,Cash,Success
TR2167,T19,F1748,181246,Cash,Success
TR2168,T760,F1922,482180,VNPay,Success
TR2169,T3875,F755,562667,MoMo,Success
TR2170,T386,F1462,287248,MoMo,Failed
TR2171,T1975,F1642,294212,Cash,Success
TR2172,T912,F1315,523040,VNPay,Failed
TR2173,T1857,F711,223417,Cash,Failed
TR2174,T166,F803,519232,MoMo,Success
TR2175,T935,F974,422968,Credit,Failed
TR2176,T3312,F1933,261043,Cash,Success
TR2177,T2965,F1387,475604,Credit,Failed
TR2178,T1095,F846,227690,MoMo,Failed
TR2179,T2983,F1158,524841,Cash,Success
TR2180,T2786,F1300,212817,Credit,Success
TR2181,T2591,F1050,398769,MoMo,Success
TR2182,T2671,F1558,105055,Cash,Success
TR2183,T1434,F1149,179038,MoMo,Success
TR2184,T3933,F293,241540,MoMo,Success
TR2185,T3550,F1381,295497,MoMo,Success
TR2186,T3475,F1264,337000,VNPay,Success
TR2187,T3082,F1361,491636,VNPay,Success
TR2188,T1063,F487,450497,VNPay,Failed
TR2189,T138,F620,302596,MoMo,Failed
TR2190,T2372,F240,350062,VNPay,Failed
TR2191,T2676,F1994,145048,Credit,Failed
TR2192,T697,F79,427123,VNPay,Failed
TR2193,T847,F1604,366881,MoMo,Success
TR2194,T2338,F1190,249752,MoMo,Success
TR2195,T2641,F1641,181311,VNPay,Failed
TR2196,T223,F1793,147670,VNPay,Success
TR2197,T3654,F11,115170,VNPay,Success
TR2198,T1326,F1798,499408,Cash,Failed
TR2199,T3103,F1194,444129,Credit,Failed
TR2200,T603,F1364,543778,Credit,Failed
TR2201,T2799,F149,250357,Cash,Failed
TR2202,T1947,F1136,437411,VNPay,Failed
TR2203,T3311,F264,505012,MoMo,Failed
TR2204,T1893,F205,474497,MoMo,Success
TR2205,T937,F210,463358,MoMo,Failed
TR2206,T3903,F655,272226,MoMo,Failed
TR2207,T904,F1244,222886,Cash,Failed
TR2208,T848,F492,384351,VNPay,Success
TR2209,T3827,F285,553025,MoMo,Failed
TR2210,T3595,F574,246314,Cash,Success
TR2211,T1882,F113,126004,VNPay,Failed
TR2212,T1132,F388,142621,Cash,Failed
TR2213,T1915,F1363,203820,Cash,Failed
TR2214,T1365,F917,216380,Cash,Success
TR2215,T2622,F1414,383878,MoMo,Failed
TR2216,T3907,F1444,553314,Credit,Success
TR2217,T388,F1278,193282,MoMo,Success
TR2218,T3438,F786,462537,MoMo,Success
TR2219,T2952,F1232,111980,Cash,Success
TR2220,T1666,F1988,363918,Credit,Success
TR2221,T3414,F221,526786,Cash,Failed
TR2222,T2356,F851,265582,VNPay,Success
TR2223,T3215,F731,300434,VNPay,Success
TR2224,T3094,F187,545900,Cash,Failed
TR2225,T637,F770,566678,Cash,Failed
TR2226,T3366,F608,403576,VNPay,Success
TR2227,T180,F1181,509695,Cash,Success
TR2228,T3376,F491,157795,Cash,Success
TR2229,T2149,F1671,123609,Credit,Success
TR2230,T1039,F743,167268,VNPay,Failed
TR2231,T623,F1799,304524,VNPay,Success
TR2232,T454,F846,383817,Cash,Failed
TR2233,T140,F1278,386913,MoMo,Failed
TR2234,T2785,F1104,350532,MoMo,Success
TR2235,T1560,F297,358912,Cash,Success
TR2236,T2263,F1003,322708,Credit,Success
TR2237,T1798,F1075,256266,MoMo,Success
TR2238,T2239,F1999,443425,Credit,Success
TR2239,T1362,F48,120105,Cash,Failed
TR2240,T1706,F1633,122190,MoMo,Failed
TR2241,T3118,F528,266596,Cash,Success
TR2242,T2838,F1384,162970,VNPay,Failed
TR2243,T2611,F542,583318,VNPay,Failed
TR2244,T2355,F1829,438148,MoMo,Failed
TR2245,T2665,F1084,152979,MoMo,Failed
TR2246,T2633,F317,193159,Credit,Success
TR2247,T1422,F1527,268049,VNPay,Failed
TR2248,T2708,F247,123259,Cash,Success
TR2249,T1365,F1457,242821,Cash,Failed
TR2250,T2088,F420,257276,Credit,Failed
TR2251,T1282,F1555,164408,Cash,Success
TR2252,T2620,F1999,441631,Cash,Failed
TR2253,T975,F552,373874,Cash,Success
TR2254,T1884,F132,431181,MoMo,Failed
TR2255,T3132,F436,118971,Cash,Failed
TR2256,T2382,F966,522009,Credit,Failed
TR2257,T388,F610,564139,Cash,Failed
TR2258,T2689,F1471,428106,Cash,Success
TR2259,T3752,F390,249457,VNPay,Failed
TR2260,T3584,F16,161468,Credit,Success
TR2261,T1422,F1654,510854,Cash,Failed
TR2262,T177,F1082,592134,Cash,Success
TR2263,T2166,F45,581811,Cash,Success
TR2264,T541,F1494,110044,Credit,Failed
TR2265,T2511,F1218,542753,VNPay,Failed
TR2266,T1176,F1929,143546,MoMo,Success
TR2267,T2792,F895,443835,VNPay,Success
TR2268,T1641,F1696,556316,Credit,Success
TR2269,T2314,F1888,390802,VNPay,Failed
TR2270,T3113,F550,420897,Cash,Failed
TR2271,T792,F944,203894,MoMo,Success
TR2272,T3681,F16,108865,VNPay,Failed
TR2273,T2109,F966,521552,Credit,Success
TR2274,T524,F672,490335,Credit,Failed
TR2275,T327,F1683,273573,MoMo,Success
TR2276,T1725,F890,450120,VNPay,Failed
TR2277,T3707,F1194,172347,Credit,Success
TR2278,T1329,F1409,478723,MoMo,Success
TR2279,T353,F483,456498,MoMo,Failed
TR2280,T1426,F480,446481,Credit,Failed
TR2281,T2375,F1392,486823,Credit,Success
TR2282,T2885,F1657,301381,Credit,Failed
TR2283,T2540,F750,400654,VNPay,Failed
TR2284,T88,F172,139030,Cash,Success
TR2285,T875,F1040,338598,Credit,Success
TR2286,T1345,F1287,348686,MoMo,Failed
TR2287,T144,F298,143912,VNPay,Failed
TR2288,T3109,F1765,492477,MoMo,Failed
TR2289,T2999,F456,466420,VNPay,Failed
TR2290,T3705,F1302,117523,Credit,Failed
TR2291,T2529,F1976,219817,VNPay,Failed
TR2292,T1331,F1539,207845,Cash,Success
TR2293,T3638,F1627,172541,Credit,Failed
TR2294,T3703,F1172,289340,MoMo,Success
TR2295,T3912,F241,255211,VNPay,Failed
TR2296,T1476,F558,211807,VNPay,Failed
TR2297,T1099,F53,599466,MoMo,Success
TR2298,T3429,F1599,140263,MoMo,Failed
TR2299,T2001,F1744,248985,Credit,Failed
TR2300,T992,F1569,189820,Cash,Success
TR2301,T2794,F1005,169545,Cash,Success
TR2302,T2432,F1705,251524,Credit,Failed
TR2303,T526,F1069,487200,Credit,Failed
TR2304,T3321,F301,118783,Cash,Success
TR2305,T2386,F1573,170362,Cash,Success
TR2306,T207,F891,173085,Credit,Success
TR2307,T969,F1331,344019,Cash,Success
TR2308,T1548,F1400,555342,Credit,Failed
TR2309,T2886,F1008,232951,MoMo,Success
TR2310,T3888,F1190,412692,VNPay,Failed
TR2311,T2248,F639,562014,MoMo,Success
TR2312,T3555,F1621,292170,Credit,Failed
TR2313,T2539,F144,107452,MoMo,Failed
TR2314,T330,F149,349768,VNPay,Success
TR2315,T3801,F1990,124129,MoMo,Success
TR2316,T3835,F1326,430841,Cash,Success
TR2317,T3421,F1290,138420,VNPay,Failed
TR2318,T2693,F1071,426965,VNPay,Success
TR2319,T1150,F1537,100973,Credit,Failed
TR2320,T3967,F93,119836,Cash,Success
TR2321,T3723,F200,331013,MoMo,Success
TR2322,T2514,F1305,542902,Credit,Success
TR2323,T2194,F1447,234171,Cash,Success
TR2324,T2798,F1880,476578,Cash,Success
TR2325,T338,F459,327539,MoMo,Failed
TR2326,T2439,F1258,533386,Cash,Success
TR2327,T1050,F1495,381736,Cash,Success
TR2328,T736,F1724,178775,VNPay,Failed
TR2329,T1109,F1643,382735,Cash,Failed
TR2330,T3563,F1926,164656,MoMo,Success
TR2331,T520,F175,563437,VNPay,Success
TR2332,T2432,F401,462297,Cash,Failed
TR2333,T1306,F141,430531,MoMo,Success
TR2334,T3498,F524,226704,VNPay,Failed
TR2335,T1225,F1694,261468,Credit,Success
TR2336,T3542,F220,552681,Credit,Success
TR2337,T641,F815,457846,Cash,Failed
TR2338,T677,F92,485911,MoMo,Success
TR2339,T2607,F914,287286,Credit,Failed
TR2340,T4,F898,233499,MoMo,Success
TR2341,T383,F1042,117563,MoMo,Success
TR2342,T1865,F464,540382,VNPay,Success
TR2343,T537,F95,441192,VNPay,Success
TR2344,T906,F1369,253162,VNPay,Success
TR2345,T3095,F1429,453431,Cash,Success
TR2346,T1115,F1532,476424,MoMo,Success
TR2347,T415,F1037,212677,VNPay,Success
TR2348,T3593,F1193,376586,Cash,Failed
TR2349,T1273,F601,400752,Cash,Success
TR2350,T1932,F1010,382086,Cash,Failed
TR2351,T2618,F141,421629,Cash,Success
TR2352,T3040,F1248,246747,MoMo,Success
TR2353,T3091,F582,479217,Cash,Failed
TR2354,T2095,F1197,519000,MoMo,Failed
TR2355,T2833,F983,342203,MoMo,Failed
TR2356,T1109,F132,164566,MoMo,Success
TR2357,T2324,F89,391930,Credit,Failed
TR2358,T1539,F638,134130,Cash,Success
TR2359,T3647,F370,481917,VNPay,Failed
TR2360,T404,F914,465863,Cash,Success
TR2361,T1728,F1512,531974,Cash,Failed
TR2362,T2575,F3,357208,Credit,Failed
TR2363,T3680,F944,529261,Cash,Success
TR2364,T2797,F149,525208,MoMo,Failed
TR2365,T3822,F1156,348533,Cash,Failed
TR2366,T2569,F291,450663,Credit,Failed
TR2367,T796,F5,243677,VNPay,Failed
TR2368,T1852,F657,277861,Cash,Failed
TR2369,T671,F1977,429336,Credit,Failed
TR2370,T1330,F1159,422770,Cash,Failed
TR2371,T1035,F1861,527969,VNPay,Failed
TR2372,T1194,F141,133905,Credit,Failed
TR2373,T1816,F773,226299,VNPay,Failed
TR2374,T2,F1955,372997,Credit,Success
TR2375,T3047,F263,452613,Cash,Failed
TR2376,T1228,F1887,323316,Cash,Failed
TR2377,T3711,F1314,593006,Cash,Failed
TR2378,T3899,F1811,498250,Cash,Failed
TR2379,T368,F121,395693,VNPay,Success
TR2380,T933,F34,317134,MoMo,Success
TR2381,T3378,F1713,337324,Cash,Success
TR2382,T636,F1890,491013,Cash,Failed
TR2383,T2136,F1297,593068,VNPay,Failed
TR2384,T1516,F1428,530237,MoMo,Success
TR2385,T3844,F518,290734,MoMo,Success
TR2386,T916,F1652,302365,Credit,Success
TR2387,T3152,F1628,323773,VNPay,Success
TR2388,T2988,F1915,455591,VNPay,Success
TR2389,T1841,F634,279048,Cash,Success
TR2390,T3377,F692,583737,Cash,Failed
TR2391,T3915,F935,233246,Credit,Success
TR2392,T1539,F358,504052,MoMo,Failed
TR2393,T1249,F1568,240929,MoMo,Failed
TR2394,T884,F1977,288868,Credit,Failed
TR2395,T815,F1304,107340,VNPay,Success
TR2396,T3146,F128,213947,Credit,Success
TR2397,T3579,F1750,323314,Credit,Success
TR2398,T1218,F1857,313103,Cash,Success
TR2399,T1563,F231,593912,Credit,Failed
TR2400,T2768,F800,590006,Cash,Success
TR2401,T3103,F584,190868,VNPay,Success
TR2402,T985,F512,253778,VNPay,Failed
TR2403,T498,F1294,533799,MoMo,Success
TR2404,T1762,F1373,481589,MoMo,Success
TR2405,T422,F1356,433900,VNPay,Success
TR2406,T1597,F1507,405838,MoMo,Success
TR2407,T1414,F1850,360936,Credit,Success
TR2408,T2891,F157,277228,MoMo,Failed
TR2409,T2998,F1421,255955,MoMo,Failed
TR2410,T2702,F845,296337,MoMo,Success
TR2411,T3776,F1773,585935,MoMo,Success
TR2412,T212,F1709,124009,VNPay,Success
TR2413,T3742,F967,392798,MoMo,Failed
TR2414,T3288,F276,136886,Credit,Failed
TR2415,T2253,F1473,249583,Cash,Success
TR2416,T3912,F443,428198,Credit,Success
TR2417,T1809,F1963,172142,Credit,Success
TR2418,T1542,F1253,573289,VNPay,Failed
TR2419,T644,F667,143701,Credit,Failed
TR2420,T2678,F1536,527223,MoMo,Failed
TR2421,T3454,F1584,252913,MoMo,Success
TR2422,T2387,F498,414308,VNPay,Failed
TR2423,T1042,F969,327617,Credit,Failed
TR2424,T755,F154,417153,VNPay,Failed
TR2425,T1900,F1479,267701,Cash,Failed
TR2426,T1534,F1180,245240,MoMo,Success
TR2427,T807,F601,197726,MoMo,Success
TR2428,T2972,F1735,210375,VNPay,Failed
TR2429,T1235,F489,549518,VNPay,Success
TR2430,T3993,F620,379051,MoMo,Success
TR2431,T58,F1192,437728,Credit,Success
TR2432,T2485,F189,398177,Cash,Success
TR2433,T3286,F878,394045,Credit,Success
TR2434,T2462,F684,220506,VNPay,Failed
TR2435,T792,F1379,291326,Cash,Failed
TR2436,T1904,F372,522379,VNPay,Failed
TR2437,T1918,F1355,165665,Cash,Success
TR2438,T1119,F579,119996,MoMo,Failed
TR2439,T1675,F1101,177798,MoMo,Success
TR2440,T3757,F1205,479639,VNPay,Success
TR2441,T2577,F1337,236059,Credit,Success
TR2442,T1497,F1935,400418,Credit,Success
TR2443,T1669,F125,531102,Credit,Failed
TR2444,T3961,F1101,177887,MoMo,Success
TR2445,T2736,F1759,560378,Credit,Failed
TR2446,T3555,F1004,544318,VNPay,Failed
TR2447,T76,F1731,574266,Credit,Failed
TR2448,T3703,F139,354811,Credit,Success
TR2449,T1838,F1579,120965,Cash,Failed
TR2450,T1448,F1857,214495,VNPay,Failed
TR2451,T3136,F727,158328,Credit,Failed
TR2452,T216,F1672,107916,VNPay,Success
TR2453,T749,F1058,158663,Credit,Success
TR2454,T1134,F522,246390,Cash,Failed
TR2455,T585,F1805,571063,VNPay,Failed
TR2456,T3528,F804,424722,MoMo,Failed
TR2457,T1716,F1936,233974,MoMo,Failed
TR2458,T818,F1968,210264,VNPay,Success
TR2459,T445,F953,221751,Credit,Success
TR2460,T3750,F1486,240032,MoMo,Success
TR2461,T1323,F606,206237,Credit,Success
TR2462,T2642,F1446,133983,VNPay,Success
TR2463,T654,F235,128234,Cash,Success
TR2464,T3150,F188,178569,Credit,Failed
TR2465,T920,F1407,572936,VNPay,Success
TR2466,T2374,F366,415279,Credit,Failed
TR2467,T3728,F231,371577,Cash,Failed
TR2468,T1303,F681,241911,Credit,Failed
TR2469,T3378,F375,459662,VNPay,Failed
TR2470,T3884,F424,127602,Cash,Success
TR2471,T2920,F1155,361202,Cash,Success
TR2472,T980,F1693,546232,Cash,Success
TR2473,T1219,F537,198969,Cash,Failed
TR2474,T543,F1083,405345,VNPay,Success
TR2475,T241,F1933,454702,Cash,Success
TR2476,T186,F759,367156,VNPay,Failed
TR2477,T540,F1579,557202,MoMo,Failed
TR2478,T2499,F1229,437088,MoMo,Success
TR2479,T1161,F1257,327680,Credit,Success
TR2480,T1820,F1254,400799,MoMo,Failed
TR2481,T1585,F1576,561737,MoMo,Success
TR2482,T3134,F1533,210147,MoMo,Failed
TR2483,T2746,F788,266616,Credit,Failed
TR2484,T2358,F950,522312,Credit,Success
TR2485,T3860,F1137,124640,VNPay,Failed
TR2486,T710,F337,499122,Cash,Success
TR2487,T3555,F551,163862,Credit,Failed
TR2488,T2308,F1831,147148,Credit,Success
TR2489,T109,F1041,324472,VNPay,Failed
TR2490,T1651,F874,536487,VNPay,Success
TR2491,T1509,F203,325962,MoMo,Success
TR2492,T845,F1960,242090,MoMo,Success
TR2493,T2904,F1739,393620,VNPay,Failed
TR2494,T3761,F1604,293328,MoMo,Failed
TR2495,T1450,F1605,496618,Credit,Success
TR2496,T929,F1057,520627,Credit,Failed
TR2497,T888,F1313,427657,VNPay,Failed
TR2498,T2197,F442,151701,Credit,Success
TR2499,T208,F1646,458347,Cash,Success
TR2500,T636,F1950,156348,Credit,Failed
TR2501,T1272,F1108,133128,VNPay,Failed
TR2502,T1097,F1670,365974,Credit,Failed
TR2503,T915,F369,206433,Cash,Failed
TR2504,T3942,F1080,532243,Credit,Failed
TR2505,T1121,F1523,483235,Cash,Success
TR2506,T2628,F1543,183441,MoMo,Failed
TR2507,T1114,F1874,533043,Credit,Failed
TR2508,T3033,F1886,217548,MoMo,Failed
TR2509,T3478,F1057,215804,Credit,Success
TR2510,T1946,F924,451264,MoMo,Failed
TR2511,T3865,F1671,317654,MoMo,Failed
TR2512,T670,F1282,238967,Cash,Success
TR2513,T1740,F71,466956,MoMo,Failed
TR2514,T3725,F1102,472411,MoMo,Failed
TR2515,T1700,F1734,362090,VNPay,Failed
TR2516,T2707,F927,499312,Credit,Failed
TR2517,T2341,F803,337680,Credit,Failed
TR2518,T3039,F1467,552895,Cash,Success
TR2519,T2068,F187,108466,MoMo,Success
TR2520,T908,F71,113234,MoMo,Success
TR2521,T140,F1996,128462,Credit,Failed
TR2522,T1318,F1933,265769,VNPay,Success
TR2523,T178,F1475,531469,Credit,Success
TR2524,T1941,F937,541288,Cash,Success
TR2525,T3564,F323,107397,Cash,Success
TR2526,T3354,F1865,320064,VNPay,Success
TR2527,T962,F9,505907,Credit,Failed
TR2528,T3665,F800,540033,Credit,Failed
TR2529,T2666,F71,336084,MoMo,Failed
TR2530,T3853,F1493,166351,Credit,Failed
TR2531,T1482,F1932,319306,Cash,Success
TR2532,T2115,F823,475136,Credit,Success
TR2533,T1634,F1877,582306,Credit,Failed
TR2534,T1239,F1825,517068,VNPay,Success
TR2535,T4000,F811,144519,VNPay,Failed
TR2536,T1062,F1498,325293,MoMo,Failed
TR2537,T3326,F809,241323,MoMo,Failed
TR2538,T1869,F39,477943,VNPay,Success
TR2539,T3058,F990,459617,MoMo,Failed
TR2540,T3258,F791,172651,VNPay,Failed
TR2541,T1074,F469,218987,Credit,Failed
TR2542,T2158,F813,160034,Cash,Success
TR2543,T3631,F1091,545103,VNPay,Success
TR2544,T2782,F529,316582,Credit,Success
TR2545,T1875,F749,528035,Cash,Success
TR2546,T2233,F1991,304681,Cash,Success
TR2547,T2675,F273,180258,MoMo,Success
TR2548,T2484,F1926,239432,MoMo,Failed
TR2549,T2038,F124,126537,Credit,Failed
TR2550,T2589,F715,311998,VNPay,Success
TR2551,T3857,F636,461310,MoMo,Failed
TR2552,T613,F759,490089,Credit,Success
TR2553,T709,F1446,577709,Credit,Failed
TR2554,T782,F30,251044,VNPay,Success
TR2555,T2010,F1621,586867,Cash,Success
TR2556,T641,F790,541664,VNPay,Success
TR2557,T3165,F1323,427751,Cash,Success
TR2558,T817,F907,506709,Credit,Success
TR2559,T2346,F1340,164249,Cash,Failed
TR2560,T1859,F205,285946,MoMo,Failed
TR2561,T932,F1237,566973,Credit,Failed
TR2562,T1524,F817,229954,MoMo,Success
TR2563,T2195,F261,272425,Credit,Failed
TR2564,T3599,F1593,139237,Cash,Success
TR2565,T326,F190,137424,VNPay,Failed
TR2566,T3901,F541,426774,Credit,Success
TR2567,T194,F1957,461143,Cash,Failed
TR2568,T3736,F1446,566025,MoMo,Success
TR2569,T1039,F432,171910,Credit,Success
TR2570,T3837,F973,259607,Cash,Success
TR2571,T1261,F583,149388,MoMo,Failed
TR2572,T3010,F1205,489141,VNPay,Failed
TR2573,T1764,F250,518067,MoMo,Failed
TR2574,T417,F516,230058,Cash,Success
TR2575,T799,F1887,529344,Cash,Failed
TR2576,T1921,F233,576433,MoMo,Failed
TR2577,T2523,F716,578434,Cash,Failed
TR2578,T772,F1709,177906,Credit,Success
TR2579,T3707,F1881,446869,Cash,Success
TR2580,T1084,F608,326676,Credit,Success
TR2581,T3545,F271,134881,Cash,Failed
TR2582,T1284,F1927,268852,Cash,Failed
TR2583,T173,F1119,196111,MoMo,Success
TR2584,T3506,F525,195380,Credit,Success
TR2585,T395,F772,330249,Cash,Success
TR2586,T3311,F1007,330394,MoMo,Failed
TR2587,T1231,F245,152112,Cash,Success
TR2588,T1654,F1603,324149,Cash,Failed
TR2589,T797,F1798,360555,VNPay,Success
TR2590,T3482,F1180,396210,MoMo,Success
TR2591,T1015,F1058,488593,MoMo,Failed
TR2592,T3129,F364,145920,Cash,Success
TR2593,T855,F942,253911,Cash,Failed
TR2594,T2318,F693,573361,MoMo,Failed
TR2595,T3390,F1070,193340,Cash,Success
TR2596,T2693,F680,378577,Cash,Failed
TR2597,T2615,F67,551110,VNPay,Failed
TR2598,T414,F557,586009,MoMo,Success
TR2599,T3180,F1618,596069,Cash,Failed
TR2600,T513,F1954,485548,Cash,Failed
TR2601,T3496,F12,445000,VNPay,Success
TR2602,T1529,F319,349941,VNPay,Failed
TR2603,T3585,F1488,210344,Cash,Failed
TR2604,T1461,F189,168429,Credit,Failed
TR2605,T2976,F1444,143593,VNPay,Failed
TR2606,T3800,F133,460604,VNPay,Failed
TR2607,T1533,F799,120124,Cash,Failed
TR2608,T2252,F653,350267,Cash,Success
TR2609,T375,F393,370557,Cash,Failed
TR2610,T3444,F163,159929,Cash,Success
TR2611,T3152,F1171,470709,Cash,Failed
TR2612,T1168,F1232,416056,Credit,Failed
TR2613,T548,F1744,482283,VNPay,Failed
TR2614,T3864,F353,131750,VNPay,Success
TR2615,T3260,F887,231160,Credit,Failed
TR2616,T3543,F588,199191,VNPay,Failed
TR2617,T1459,F1560,266966,Credit,Success
TR2618,T3150,F854,334896,VNPay,Failed
TR2619,T3366,F1271,251384,VNPay,Failed
TR2620,T2680,F1955,347722,Credit,Success
TR2621,T674,F1224,343911,Cash,Failed
TR2622,T824,F1377,152763,Cash,Success
TR2623,T2972,F1599,244239,Credit,Success
TR2624,T825,F737,114263,VNPay,Failed
TR2625,T3673,F264,201495,Credit,Success
TR2626,T221,F498,321122,Cash,Success
TR2627,T1409,F793,370871,MoMo,Success
TR2628,T2760,F1943,144966,Credit,Failed
TR2629,T3432,F393,476537,MoMo,Failed
TR2630,T2334,F886,307866,Cash,Failed
TR2631,T661,F1719,575590,MoMo,Success
TR2632,T2499,F1505,541753,Credit,Failed
TR2633,T3611,F738,398181,Credit,Success
TR2634,T1380,F1840,585588,MoMo,Success
TR2635,T3648,F557,473193,MoMo,Success
TR2636,T1815,F1074,101145,MoMo,Failed
TR2637,T3866,F40,199424,Credit,Failed
TR2638,T2519,F627,470557,VNPay,Failed
TR2639,T1086,F1225,309272,Credit,Failed
TR2640,T417,F496,584680,Credit,Failed
TR2641,T668,F648,415527,Cash,Failed
TR2642,T1165,F1821,305091,Credit,Success
TR2643,T2277,F929,504536,VNPay,Failed
TR2644,T468,F411,183864,MoMo,Success
TR2645,T1738,F1588,187739,MoMo,Success
TR2646,T3644,F382,323350,Credit,Failed
TR2647,T2034,F777,329742,Credit,Success
TR2648,T3640,F1512,142839,VNPay,Success
TR2649,T3600,F503,146567,Cash,Failed
TR2650,T1486,F598,230537,Cash,Failed
TR2651,T882,F1808,573247,Credit,Failed
TR2652,T3530,F1082,538085,Credit,Failed
TR2653,T1822,F1654,325294,Credit,Failed
TR2654,T3345,F478,320596,Cash,Success
TR2655,T3469,F406,136678,Cash,Success
TR2656,T3397,F1697,107139,Cash,Failed
TR2657,T926,F709,223409,MoMo,Failed
TR2658,T808,F670,174455,MoMo,Success
TR2659,T2862,F1836,566990,Credit,Success
TR2660,T2333,F1467,498826,Credit,Success
TR2661,T1775,F212,209820,Cash,Failed
TR2662,T3104,F844,482908,Credit,Success
TR2663,T1358,F1895,476430,VNPay,Failed
TR2664,T3844,F1543,439733,Cash,Failed
TR2665,T895,F1332,262192,Credit,Failed
TR2666,T290,F884,438648,VNPay,Success
TR2667,T3743,F1474,321027,Credit,Success
TR2668,T2347,F1529,264379,Credit,Failed
TR2669,T2310,F889,232940,Credit,Failed
TR2670,T610,F1651,431727,VNPay,Success
TR2671,T3829,F1967,561767,VNPay,Failed
TR2672,T742,F456,550077,Cash,Success
TR2673,T2334,F1725,382390,Credit,Failed
TR2674,T402,F255,598740,Cash,Failed
TR2675,T15,F345,566896,Cash,Failed
TR2676,T3788,F1797,282520,Cash,Success
TR2677,T2622,F350,310118,Credit,Success
TR2678,T2006,F1058,460938,VNPay,Failed
TR2679,T3108,F441,386565,VNPay,Failed
TR2680,T3577,F165,196343,MoMo,Success
TR2681,T1879,F469,160786,MoMo,Failed
TR2682,T948,F740,315914,MoMo,Failed
TR2683,T1705,F595,458041,Cash,Success
TR2684,T1713,F1758,381768,Credit,Failed
TR2685,T1287,F260,183860,Credit,Failed
TR2686,T167,F630,516321,MoMo,Success
TR2687,T3807,F156,344715,Cash,Failed
TR2688,T3811,F558,239209,Credit,Failed
TR2689,T153,F506,558008,Credit,Failed
TR2690,T2736,F1579,569108,VNPay,Success
TR2691,T3034,F1578,228725,Credit,Failed
TR2692,T3624,F823,371391,VNPay,Success
TR2693,T3071,F694,340387,Credit,Failed
TR2694,T2602,F1618,399715,VNPay,Success
TR2695,T1677,F871,408208,Cash,Failed
TR2696,T2503,F1928,261763,Cash,Failed
TR2697,T1190,F1814,239391,VNPay,Failed
TR2698,T1400,F1328,358023,Cash,Success
TR2699,T2098,F67,528074,VNPay,Success
TR2700,T3286,F1366,131768,MoMo,Success
TR2701,T2072,F331,223201,Credit,Success
TR2702,T3677,F1929,237464,VNPay,Failed
TR2703,T3510,F389,130078,Cash,Success
TR2704,T2878,F424,169501,Cash,Success
TR2705,T1392,F1307,174652,VNPay,Failed
TR2706,T1383,F1822,263887,MoMo,Success
TR2707,T2530,F494,433971,Credit,Failed
TR2708,T1947,F257,231131,Cash,Failed
TR2709,T1622,F1330,432895,Credit,Success
TR2710,T2280,F16,338245,VNPay,Failed
TR2711,T2725,F266,316239,VNPay,Failed
TR2712,T3806,F1879,216508,Credit,Success
TR2713,T635,F1237,115273,MoMo,Failed
TR2714,T2339,F227,462807,Credit,Failed
TR2715,T3101,F1172,363387,Cash,Success
TR2716,T305,F784,136696,VNPay,Failed
TR2717,T1263,F1380,543502,MoMo,Failed
TR2718,T2847,F1615,492902,MoMo,Success
TR2719,T325,F772,473169,MoMo,Failed
TR2720,T310,F1501,434445,Cash,Success
TR2721,T2207,F492,152290,VNPay,Failed
TR2722,T2139,F240,598974,Credit,Success
TR2723,T953,F375,117088,Cash,Success
TR2724,T2189,F512,329770,VNPay,Failed
TR2725,T2987,F1350,149251,Credit,Failed
TR2726,T1694,F926,159923,VNPay,Failed
TR2727,T3493,F267,272641,MoMo,Failed
TR2728,T432,F616,203399,Cash,Success
TR2729,T1924,F654,176931,VNPay,Success
TR2730,T3946,F1975,566691,Credit,Success
TR2731,T1613,F309,414770,VNPay,Success
TR2732,T2779,F1580,489172,VNPay,Failed
TR2733,T2820,F531,108756,Credit,Success
TR2734,T1740,F25,266619,MoMo,Success
TR2735,T3094,F1345,453329,MoMo,Success
TR2736,T3629,F692,379597,Credit,Success
TR2737,T998,F1432,180717,Credit,Success
TR2738,T1745,F1132,269945,VNPay,Success
TR2739,T1298,F1604,288531,VNPay,Success
TR2740,T3270,F451,555911,Cash,Failed
TR2741,T3333,F37,120538,VNPay,Success
TR2742,T1144,F270,454443,Credit,Failed
TR2743,T617,F161,327779,Credit,Success
TR2744,T2764,F225,594601,Credit,Failed
TR2745,T1329,F1821,223297,MoMo,Success
TR2746,T2368,F23,101843,VNPay,Success
TR2747,T3843,F391,402455,Cash,Success
TR2748,T2413,F1622,319257,Credit,Success
TR2749,T2444,F365,480111,VNPay,Failed
TR2750,T3550,F251,153544,VNPay,Success
TR2751,T723,F1059,363212,Cash,Success
TR2752,T2979,F1922,194705,MoMo,Success
TR2753,T3075,F205,588769,MoMo,Success
TR2754,T2157,F1934,545401,MoMo,Success
TR2755,T1055,F1079,440771,MoMo,Success
TR2756,T1455,F121,168431,Cash,Failed
TR2757,T3561,F1957,431599,Cash,Success
TR2758,T1218,F722,240272,Cash,Success
TR2759,T1834,F1462,345076,MoMo,Success
TR2760,T419,F219,370086,Cash,Failed
TR2761,T3246,F783,412979,Cash,Failed
TR2762,T3610,F573,498256,MoMo,Success
TR2763,T483,F218,593679,Credit,Success
TR2764,T3776,F1967,126707,Cash,Success
TR2765,T1150,F1925,286232,MoMo,Failed
TR2766,T1138,F1318,229980,VNPay,Failed
TR2767,T1415,F1668,523379,VNPay,Success
TR2768,T1815,F144,209552,Credit,Success
TR2769,T437,F534,554495,Cash,Success
TR2770,T243,F256,138198,VNPay,Failed
TR2771,T3410,F1104,375398,Credit,Failed
TR2772,T144,F784,284542,Credit,Failed
TR2773,T3391,F282,317291,Credit,Failed
TR2774,T40,F1886,315777,Credit,Success
TR2775,T3844,F322,490451,MoMo,Failed
TR2776,T805,F1529,568162,VNPay,Failed
TR2777,T1324,F96,427021,MoMo,Success
TR2778,T1614,F1924,349155,VNPay,Success
TR2779,T1743,F240,344002,Credit,Failed
TR2780,T394,F1572,422287,Credit,Failed
TR2781,T3761,F784,217707,Cash,Failed
TR2782,T2598,F1871,502602,MoMo,Success
TR2783,T3870,F1885,404050,MoMo,Success
TR2784,T2604,F674,153436,VNPay,Failed
TR2785,T26,F50,331690,Cash,Success
TR2786,T1929,F619,443337,Credit,Success
TR2787,T2815,F1070,390514,VNPay,Success
TR2788,T178,F1831,134354,VNPay,Failed
TR2789,T1708,F41,149051,VNPay,Failed
TR2790,T3544,F371,132798,Credit,Failed
TR2791,T273,F1245,149118,MoMo,Success
TR2792,T1988,F805,506915,Credit,Success
TR2793,T2072,F1116,315746,MoMo,Success
TR2794,T974,F470,238484,MoMo,Failed
TR2795,T2057,F808,400917,VNPay,Failed
TR2796,T1862,F84,469081,Cash,Failed
TR2797,T1498,F547,148577,VNPay,Failed
TR2798,T2837,F70,513952,Cash,Failed
TR2799,T1664,F805,204920,MoMo,Failed
TR2800,T1185,F768,212298,VNPay,Failed
TR2801,T2993,F1403,137188,VNPay,Success
TR2802,T2130,F1579,514761,MoMo,Success
TR2803,T984,F276,330366,Credit,Success
TR2804,T350,F1052,157702,Credit,Failed
TR2805,T1079,F1558,315719,Credit,Success
TR2806,T2941,F1684,464233,Cash,Success
TR2807,T1259,F32,578099,Credit,Success
TR2808,T2703,F402,542540,VNPay,Success
TR2809,T2241,F1665,184419,Cash,Failed
TR2810,T81,F1023,394475,Cash,Failed
TR2811,T3701,F771,365040,VNPay,Success
TR2812,T1420,F1790,344158,VNPay,Success
TR2813,T465,F1219,587958,MoMo,Failed
TR2814,T3228,F1550,431951,Credit,Success
TR2815,T3864,F629,489652,VNPay,Failed
TR2816,T3446,F847,189007,Cash,Success
TR2817,T2263,F31,197905,MoMo,Failed
TR2818,T2163,F250,400337,Credit,Success
TR2819,T3566,F753,358113,MoMo,Success
TR2820,T3932,F525,233334,VNPay,Failed
TR2821,T168,F1366,375419,Cash,Failed
TR2822,T3045,F261,533922,VNPay,Success
TR2823,T3501,F1940,218994,Cash,Success
TR2824,T1591,F1098,478210,VNPay,Failed
TR2825,T3445,F107,126371,Cash,Success
TR2826,T458,F1239,557041,VNPay,Failed
TR2827,T339,F354,532889,MoMo,Failed
TR2828,T724,F671,337002,MoMo,Success
TR2829,T3372,F308,241252,Cash,Failed
TR2830,T2487,F635,492233,MoMo,Failed
TR2831,T2898,F1590,251413,MoMo,Success
TR2832,T1549,F695,277216,MoMo,Success
TR2833,T3725,F393,523729,Credit,Failed
TR2834,T1073,F1715,442167,Cash,Failed
TR2835,T2550,F758,130097,Cash,Success
TR2836,T756,F1226,259937,Credit,Failed
TR2837,T3075,F1036,536833,Credit,Failed
TR2838,T1083,F1126,295209,Cash,Success
TR2839,T657,F928,574008,VNPay,Failed
TR2840,T2413,F721,409258,Credit,Success
TR2841,T419,F390,496341,VNPay,Failed
TR2842,T2286,F1547,481166,Cash,Success
TR2843,T2888,F1637,536341,Cash,Success
TR2844,T2870,F918,114186,VNPay,Failed
TR2845,T130,F121,593029,Cash,Success
TR2846,T2180,F110,444381,Cash,Failed
TR2847,T663,F1184,156713,Credit,Failed
TR2848,T2438,F927,388592,VNPay,Failed
TR2849,T143,F1127,565321,MoMo,Success
TR2850,T2160,F47,517814,MoMo,Success
TR2851,T2688,F451,359876,Cash,Success
TR2852,T1519,F1136,333473,MoMo,Failed
TR2853,T2480,F671,104836,VNPay,Failed
TR2854,T1613,F539,258846,MoMo,Failed
TR2855,T1042,F1598,122309,MoMo,Failed
TR2856,T3521,F1214,262024,Credit,Failed
TR2857,T90,F574,282059,Credit,Success
TR2858,T1233,F403,107755,VNPay,Failed
TR2859,T501,F284,270413,Credit,Success
TR2860,T2092,F1939,441226,VNPay,Failed
TR2861,T3881,F1673,278196,Credit,Success
TR2862,T190,F1178,514621,Credit,Failed
TR2863,T2227,F1980,111518,VNPay,Failed
TR2864,T2561,F1451,196981,VNPay,Success
TR2865,T3645,F1477,352154,Credit,Success
TR2866,T3444,F347,365732,MoMo,Failed
TR2867,T1792,F696,551953,Cash,Failed
TR2868,T853,F1342,318644,MoMo,Success
TR2869,T3638,F33,478094,Cash,Success
TR2870,T2854,F215,438692,Credit,Failed
TR2871,T3019,F1702,274358,VNPay,Failed
TR2872,T1219,F1272,521281,Cash,Failed
TR2873,T1319,F497,317464,MoMo,Failed
TR2874,T392,F1868,278513,MoMo,Success
TR2875,T3741,F25,175046,Credit,Success
TR2876,T1005,F35,329143,Credit,Failed
TR2877,T2167,F7,117355,MoMo,Success
TR2878,T1377,F1649,375960,VNPay,Failed
TR2879,T3663,F1682,400354,MoMo,Failed
TR2880,T3455,F244,169795,VNPay,Failed
TR2881,T662,F192,355080,Credit,Success
TR2882,T3523,F463,336219,MoMo,Failed
TR2883,T873,F1287,226479,Credit,Failed
TR2884,T2608,F227,447926,VNPay,Success
TR2885,T3930,F1544,467849,MoMo,Failed
TR2886,T20,F763,106744,Credit,Success
TR2887,T21,F448,403242,VNPay,Failed
TR2888,T3813,F389,325273,MoMo,Failed
TR2889,T2810,F1275,592110,Cash,Failed
TR2890,T871,F671,506503,Credit,Success
TR2891,T2563,F394,457222,MoMo,Failed
TR2892,T723,F1156,344157,MoMo,Success
TR2893,T803,F584,406565,Credit,Failed
TR2894,T1068,F534,298399,Credit,Success
TR2895,T3318,F363,382310,VNPay,Success
TR2896,T1824,F1247,164974,Cash,Failed
TR2897,T2263,F1092,410579,MoMo,Failed
TR2898,T2912,F1175,100179,Cash,Failed
TR2899,T3916,F1696,401972,Cash,Failed
TR2900,T2407,F189,471459,VNPay,Success
TR2901,T1348,F1688,407584,Credit,Success
TR2902,T1954,F538,494845,Credit,Success
TR2903,T3211,F437,215744,MoMo,Failed
TR2904,T982,F1436,452532,VNPay,Success
TR2905,T1313,F7,191040,Credit,Success
TR2906,T2179,F1590,117015,MoMo,Failed
TR2907,T680,F1906,528213,Credit,Failed
TR2908,T53,F1079,320681,Credit,Success
TR2909,T1027,F672,275452,VNPay,Failed
TR2910,T3801,F1372,375554,VNPay,Success
TR2911,T658,F847,458486,Cash,Success
TR2912,T2725,F916,121994,VNPay,Failed
TR2913,T447,F1133,267648,VNPay,Failed
TR2914,T1680,F1549,578693,Cash,Failed
TR2915,T284,F1651,448214,Cash,Failed
TR2916,T514,F1531,569560,Credit,Success
TR2917,T281,F309,179070,VNPay,Success
TR2918,T3870,F71,418547,VNPay,Success
TR2919,T2825,F814,188022,Credit,Failed
TR2920,T1927,F1411,301208,MoMo,Success
TR2921,T1322,F564,508672,Cash,Failed
TR2922,T1201,F29,110313,Cash,Failed
TR2923,T2672,F865,114905,Cash,Success
TR2924,T812,F744,105030,Cash,Success
TR2925,T1327,F724,233131,Credit,Success
TR2926,T134,F757,496851,Credit,Success
TR2927,T3439,F1686,281921,Cash,Success
TR2928,T2702,F23,461422,Cash,Success
TR2929,T3244,F56,294160,VNPay,Success
TR2930,T2584,F411,220361,MoMo,Success
TR2931,T524,F1425,171021,Credit,Failed
TR2932,T3659,F1547,119986,Cash,Success
TR2933,T769,F629,160653,VNPay,Failed
TR2934,T947,F1028,496635,Cash,Success
TR2935,T1895,F1698,315755,Cash,Failed
TR2936,T3816,F593,528776,MoMo,Success
TR2937,T2244,F685,300224,MoMo,Success
TR2938,T2596,F526,361222,MoMo,Success
TR2939,T509,F1686,545495,VNPay,Success
TR2940,T3057,F486,582915,Cash,Success
TR2941,T1276,F681,523117,MoMo,Failed
TR2942,T559,F3,465089,Cash,Success
TR2943,T598,F298,502839,MoMo,Failed
TR2944,T1084,F1857,521804,VNPay,Failed
TR2945,T1726,F561,145478,Credit,Success
TR2946,T1276,F973,418648,Credit,Failed
TR2947,T975,F347,466510,Credit,Success
TR2948,T330,F1836,364749,Credit,Failed
TR2949,T2593,F1515,441848,MoMo,Failed
TR2950,T3022,F403,199988,Credit,Success
TR2951,T898,F811,341660,VNPay,Failed
TR2952,T2603,F876,260105,MoMo,Failed
TR2953,T509,F574,152276,VNPay,Success
TR2954,T3602,F1587,353973,VNPay,Success
TR2955,T1201,F1715,214104,MoMo,Success
TR2956,T1436,F592,572523,VNPay,Success
TR2957,T3201,F850,197563,Cash,Failed
TR2958,T2320,F1033,104957,VNPay,Success
TR2959,T2610,F466,572740,Credit,Success
TR2960,T2351,F999,233625,Cash,Success
TR2961,T3379,F870,297892,VNPay,Success
TR2962,T1921,F1820,493994,Cash,Success
TR2963,T2262,F1600,459088,Credit,Success
TR2964,T3656,F1243,333701,VNPay,Failed
TR2965,T3233,F93,428008,Cash,Success
TR2966,T1789,F968,530623,Credit,Failed
TR2967,T594,F177,108682,Cash,Failed
TR2968,T2879,F1915,224512,VNPay,Failed
TR2969,T3492,F1413,145102,VNPay,Success
TR2970,T15,F1735,449344,Cash,Failed
TR2971,T2671,F1864,244385,Credit,Failed
TR2972,T774,F1717,414571,MoMo,Success
TR2973,T1877,F1637,273841,MoMo,Success
TR2974,T38,F1913,356951,VNPay,Success
TR2975,T3118,F71,184185,Credit,Success
TR2976,T2888,F1393,100938,Cash,Failed
TR2977,T1800,F546,351213,VNPay,Failed
TR2978,T2187,F1492,365944,Cash,Failed
TR2979,T2548,F1793,359209,MoMo,Failed
TR2980,T1260,F936,337303,Credit,Success
TR2981,T1606,F142,535433,VNPay,Success
TR2982,T1386,F1173,404541,MoMo,Success
TR2983,T3188,F1180,221553,Cash,Success
TR2984,T1013,F1796,102416,VNPay,Failed
TR2985,T3592,F1357,432095,MoMo,Failed
TR2986,T2030,F628,124334,VNPay,Success
TR2987,T2906,F1654,131224,Credit,Failed
TR2988,T2247,F563,230126,MoMo,Failed
TR2989,T142,F885,125608,VNPay,Success
TR2990,T1262,F119,156673,VNPay,Success
TR2991,T2100,F498,504035,MoMo,Failed
TR2992,T1096,F1155,252340,Credit,Success
TR2993,T2781,F562,195876,MoMo,Failed
TR2994,T2494,F381,467417,Cash,Success
TR2995,T1372,F1503,360464,VNPay,Failed
TR2996,T2400,F1170,323840,Credit,Failed
TR2997,T3384,F915,384646,Cash,Success
TR2998,T1859,F1500,150222,VNPay,Failed
TR2999,T1505,F741,243345,MoMo,Failed
TR3000,T3934,F1886,102304,MoMo,Failed
TR3001,T1398,F340,316156,Credit,Success
TR3002,T902,F1989,152169,Credit,Failed
TR3003,T948,F637,148229,VNPay,Failed
TR3004,T3160,F871,370339,MoMo,Success
TR3005,T3874,F1080,262268,VNPay,Success
TR3006,T3556,F1364,286730,Cash,Failed
TR3007,T2575,F684,502481,VNPay,Failed
TR3008,T2126,F406,471850,MoMo,Failed
TR3009,T1489,F1010,576235,Cash,Success
TR3010,T3295,F308,356872,VNPay,Failed
TR3011,T3136,F634,586588,Credit,Failed
TR3012,T171,F310,367899,Credit,Failed
TR3013,T3964,F1,440935,VNPay,Failed
TR3014,T3477,F1456,183507,VNPay,Failed
TR3015,T596,F1413,449641,VNPay,Success
TR3016,T2569,F607,159602,MoMo,Success
TR3017,T2718,F485,437334,VNPay,Failed
TR3018,T202,F1173,192121,Cash,Success
TR3019,T3679,F1773,277742,MoMo,Success
TR3020,T2673,F18,221653,MoMo,Success
TR3021,T1192,F482,178214,VNPay,Success
TR3022,T1380,F1907,193987,VNPay,Failed
TR3023,T3624,F1564,401361,Credit,Failed
TR3024,T1787,F928,327650,Credit,Success
TR3025,T865,F911,485348,Credit,Failed
TR3026,T755,F1555,249979,Cash,Success
TR3027,T2482,F772,100707,Cash,Success
TR3028,T2679,F227,434758,VNPay,Success
TR3029,T2842,F1852,408345,MoMo,Success
TR3030,T2859,F834,398061,MoMo,Failed
TR3031,T1287,F1635,190518,Credit,Failed
TR3032,T2377,F1150,314349,VNPay,Success
TR3033,T1134,F1502,229919,MoMo,Success
TR3034,T2959,F1245,113222,MoMo,Success
TR3035,T1950,F1975,104249,MoMo,Failed
TR3036,T202,F609,295984,VNPay,Failed
TR3037,T3767,F999,543682,Credit,Success
TR3038,T2251,F806,217565,VNPay,Success
TR3039,T1451,F1579,292819,VNPay,Success
TR3040,T368,F806,354832,VNPay,Success
TR3041,T1324,F1942,132050,Cash,Failed
TR3042,T2654,F707,430029,Credit,Success
TR3043,T2918,F971,245596,Cash,Success
TR3044,T1612,F776,289053,Cash,Failed
TR3045,T823,F1560,182470,Cash,Failed
TR3046,T3922,F1991,410459,Credit,Success
TR3047,T3444,F777,379543,MoMo,Failed
TR3048,T3788,F1010,352019,Cash,Success
TR3049,T1876,F1098,472394,Credit,Failed
TR3050,T1674,F344,279546,VNPay,Success
TR3051,T3475,F284,415020,Cash,Success
TR3052,T1725,F244,364098,Credit,Failed
TR3053,T1381,F1404,447850,Cash,Failed
TR3054,T3766,F96,543912,MoMo,Success
TR3055,T2242,F1185,481059,MoMo,Success
TR3056,T3214,F944,364520,VNPay,Failed
TR3057,T144,F1635,320951,VNPay,Success
TR3058,T2469,F576,598612,Credit,Failed
TR3059,T2734,F545,150844,Cash,Success
TR3060,T3123,F355,205277,VNPay,Success
TR3061,T3035,F1307,155351,MoMo,Success
TR3062,T503,F319,235262,Cash,Success
TR3063,T184,F783,147050,VNPay,Success
TR3064,T3876,F1088,162826,MoMo,Failed
TR3065,T3455,F1862,542826,Cash,Failed
TR3066,T2670,F1890,362939,VNPay,Success
TR3067,T2466,F940,321487,Credit,Success
TR3068,T2401,F1863,336182,MoMo,Failed
TR3069,T744,F1781,142424,VNPay,Success
TR3070,T2016,F484,510772,Credit,Success
TR3071,T2616,F600,258322,Credit,Success
TR3072,T2036,F1459,397470,MoMo,Failed
TR3073,T3181,F1010,368247,VNPay,Failed
TR3074,T2348,F757,540586,MoMo,Success
TR3075,T956,F1351,254011,VNPay,Success
TR3076,T3731,F1939,237473,Cash,Success
TR3077,T3723,F552,510872,MoMo,Failed
TR3078,T102,F1407,123768,VNPay,Success
TR3079,T1067,F413,451439,MoMo,Success
TR3080,T1217,F1743,103542,MoMo,Success
TR3081,T2525,F1040,314130,VNPay,Failed
TR3082,T81,F1539,103668,Credit,Success
TR3083,T1003,F343,559976,MoMo,Success
TR3084,T2479,F250,504154,Credit,Failed
TR3085,T2231,F1447,467111,VNPay,Failed
TR3086,T2184,F707,350898,VNPay,Success
TR3087,T311,F920,524108,Cash,Failed
TR3088,T3268,F1512,348905,MoMo,Failed
TR3089,T865,F1297,577299,Credit,Success
TR3090,T2391,F1242,364551,Cash,Failed
TR3091,T3298,F1164,577007,MoMo,Success
TR3092,T2102,F1717,480199,Cash,Failed
TR3093,T3855,F388,258324,VNPay,Failed
TR3094,T1196,F1863,481735,Credit,Failed
TR3095,T1480,F540,133252,MoMo,Failed
TR3096,T2099,F886,477211,Cash,Success
TR3097,T381,F482,559955,VNPay,Failed
TR3098,T2502,F168,310316,VNPay,Success
TR3099,T3603,F175,386876,Credit,Failed
TR3100,T1056,F92,460698,VNPay,Success
TR3101,T201,F1783,369041,Credit,Failed
TR3102,T968,F210,337267,VNPay,Success
TR3103,T9,F1369,249666,VNPay,Failed
TR3104,T1149,F275,311931,VNPay,Success
TR3105,T9,F1818,409774,MoMo,Success
TR3106,T2092,F988,525860,Credit,Success
TR3107,T212,F162,461070,MoMo,Success
TR3108,T1955,F1226,591019,VNPay,Failed
TR3109,T2252,F1764,482483,Credit,Failed
TR3110,T3606,F1660,227150,VNPay,Success
TR3111,T874,F1141,323686,Credit,Success
TR3112,T1899,F827,329599,Credit,Success
TR3113,T2254,F1626,547456,Credit,Success
TR3114,T163,F810,539212,VNPay,Success
TR3115,T955,F1139,207060,Cash,Failed
TR3116,T1293,F1355,198561,MoMo,Failed
TR3117,T3444,F1704,380881,MoMo,Success
TR3118,T765,F1457,417191,MoMo,Success
TR3119,T2778,F515,307777,VNPay,Success
TR3120,T1089,F556,555305,Cash,Failed
TR3121,T518,F1420,552714,VNPay,Failed
TR3122,T2318,F1429,462265,Cash,Success
TR3123,T2947,F120,334608,Credit,Success
TR3124,T2756,F1806,575466,Credit,Failed
TR3125,T2314,F1836,267010,VNPay,Failed
TR3126,T3855,F558,212427,Cash,Failed
TR3127,T875,F255,237909,Credit,Failed
TR3128,T3834,F1061,344709,VNPay,Failed
TR3129,T3870,F1397,109388,Cash,Success
TR3130,T3803,F1507,126812,Credit,Failed
TR3131,T2023,F468,337717,MoMo,Failed
TR3132,T333,F741,348830,VNPay,Failed
TR3133,T174,F1984,253665,Credit,Success
TR3134,T1765,F1491,300543,Cash,Failed
TR3135,T2067,F160,107896,MoMo,Success
TR3136,T687,F457,555528,Credit,Success
TR3137,T2772,F1442,553482,MoMo,Failed
TR3138,T1538,F1262,111167,Credit,Success
TR3139,T3299,F1248,384234,MoMo,Success
TR3140,T3649,F449,183039,VNPay,Failed
TR3141,T3791,F320,347787,Cash,Success
TR3142,T3172,F1233,157345,Cash,Success
TR3143,T2023,F1988,457584,Cash,Success
TR3144,T1072,F923,567474,Cash,Success
TR3145,T154,F94,270217,MoMo,Success
TR3146,T2116,F991,387941,Credit,Failed
TR3147,T2167,F82,559334,Cash,Success
TR3148,T3449,F793,287163,Cash,Failed
TR3149,T3246,F66,514428,Cash,Success
TR3150,T3355,F395,331306,Cash,Success
TR3151,T1535,F1783,167701,VNPay,Success
TR3152,T2153,F1952,299341,MoMo,Success
TR3153,T307,F90,186801,Credit,Failed
TR3154,T2381,F803,380398,Credit,Success
TR3155,T3493,F793,346995,Credit,Failed
TR3156,T1443,F1458,558888,Cash,Success
TR3157,T2784,F406,309303,Credit,Failed
TR3158,T482,F1847,148239,Credit,Failed
TR3159,T1366,F1628,203732,Cash,Failed
TR3160,T3902,F994,526827,MoMo,Success
TR3161,T2355,F146,271210,MoMo,Success
TR3162,T2770,F376,107728,MoMo,Success
TR3163,T3024,F1071,228621,VNPay,Failed
TR3164,T778,F533,504774,Cash,Failed
TR3165,T2763,F500,148125,VNPay,Failed
TR3166,T2012,F908,120570,Cash,Success
TR3167,T393,F801,204808,Credit,Success
TR3168,T142,F1369,541707,Cash,Failed
TR3169,T1121,F1086,565761,VNPay,Failed
TR3170,T1555,F382,230494,Credit,Failed
TR3171,T3357,F981,356065,Cash,Success
TR3172,T1105,F557,568609,Credit,Failed
TR3173,T582,F977,286066,VNPay,Failed
TR3174,T2581,F1555,326165,Credit,Success
TR3175,T1621,F1375,299008,VNPay,Failed
TR3176,T340,F801,294484,VNPay,Success
TR3177,T406,F142,294657,Credit,Success
TR3178,T505,F1512,136677,Credit,Failed
TR3179,T2675,F1194,510448,Credit,Success
TR3180,T1303,F680,404268,VNPay,Success
TR3181,T2523,F1962,588701,VNPay,Success
TR3182,T1124,F1992,339040,Credit,Failed
TR3183,T763,F1863,513981,Cash,Success
TR3184,T2336,F200,248248,VNPay,Failed
TR3185,T2621,F1933,550012,MoMo,Failed
TR3186,T600,F1274,116809,Cash,Failed
TR3187,T3388,F612,561356,MoMo,Success
TR3188,T2485,F83,404646,Credit,Failed
TR3189,T1701,F1590,511366,VNPay,Failed
TR3190,T2474,F1416,437493,VNPay,Failed
TR3191,T1821,F1174,545971,Cash,Success
TR3192,T2754,F1967,163666,Credit,Success
TR3193,T2642,F1791,277793,VNPay,Failed
TR3194,T1518,F506,507595,Cash,Failed
TR3195,T3075,F1268,336631,MoMo,Success
TR3196,T3547,F321,100440,MoMo,Success
TR3197,T244,F1592,558744,VNPay,Success
TR3198,T1617,F177,578314,VNPay,Success
TR3199,T1055,F1426,579333,MoMo,Failed
TR3200,T383,F1350,132680,Credit,Failed
TR3201,T1765,F1074,508613,MoMo,Failed
TR3202,T2786,F529,207590,Credit,Failed
TR3203,T1301,F501,584681,Cash,Failed
TR3204,T214,F626,149909,MoMo,Success
TR3205,T1478,F1370,498974,Credit,Success
TR3206,T1901,F1287,398863,Credit,Failed
TR3207,T232,F426,560363,Credit,Failed
TR3208,T377,F1938,355721,VNPay,Success
TR3209,T3158,F1104,136380,MoMo,Failed
TR3210,T3782,F1016,289165,VNPay,Success
TR3211,T290,F1182,331944,MoMo,Success
TR3212,T2989,F733,170136,MoMo,Failed
TR3213,T3597,F739,298855,MoMo,Success
TR3214,T2429,F1419,166123,MoMo,Failed
TR3215,T1088,F1032,477709,MoMo,Failed
TR3216,T1035,F73,292751,Credit,Failed
TR3217,T2264,F1818,314334,Cash,Success
TR3218,T1556,F1869,253743,Credit,Failed
TR3219,T1659,F1531,207343,MoMo,Failed
TR3220,T3294,F408,410536,Credit,Success
TR3221,T3630,F145,490979,VNPay,Success
TR3222,T1323,F1619,128290,VNPay,Success
TR3223,T2578,F1490,527814,Cash,Failed
TR3224,T1738,F353,262461,Credit,Failed
TR3225,T367,F1630,301413,VNPay,Success
TR3226,T3284,F1533,189523,VNPay,Failed
TR3227,T2548,F1703,311753,MoMo,Failed
TR3228,T2213,F1068,500119,Credit,Failed
TR3229,T3453,F1583,468006,Cash,Failed
TR3230,T1415,F294,553874,Credit,Success
TR3231,T1129,F1125,173379,VNPay,Success
TR3232,T2244,F1958,195170,Credit,Failed
TR3233,T3155,F722,532235,MoMo,Success
TR3234,T2612,F457,431739,VNPay,Failed
TR3235,T2209,F1413,304180,MoMo,Failed
TR3236,T3253,F1027,222686,VNPay,Success
TR3237,T1475,F576,101058,MoMo,Failed
TR3238,T3568,F1822,444977,VNPay,Failed
TR3239,T981,F584,599396,MoMo,Success
TR3240,T3172,F1923,596020,MoMo,Success
TR3241,T3501,F1558,228845,Cash,Success
TR3242,T3789,F1892,382820,MoMo,Failed
TR3243,T2073,F1010,464288,VNPay,Success
TR3244,T1373,F1387,435234,MoMo,Success
TR3245,T794,F929,219854,VNPay,Success
TR3246,T1067,F1815,305424,MoMo,Success
TR3247,T1572,F1550,380696,Credit,Failed
TR3248,T2092,F485,124021,Credit,Failed
TR3249,T1175,F469,528685,Credit,Failed
TR3250,T3205,F1520,391683,VNPay,Success
TR3251,T375,F644,500240,MoMo,Success
TR3252,T3204,F291,554386,VNPay,Failed
TR3253,T1901,F1899,289827,Cash,Success
TR3254,T3177,F412,253435,VNPay,Failed
TR3255,T1099,F1620,185314,VNPay,Failed
TR3256,T826,F61,457489,Credit,Failed
TR3257,T1693,F228,125737,VNPay,Failed
TR3258,T263,F118,428425,VNPay,Success
TR3259,T2134,F1309,465653,MoMo,Failed
TR3260,T2924,F442,208839,Credit,Failed
TR3261,T2746,F574,501371,Credit,Failed
TR3262,T868,F1903,194422,Cash,Failed
TR3263,T1628,F1630,359896,Cash,Success
TR3264,T195,F1452,166749,Credit,Failed
TR3265,T1856,F1137,261446,VNPay,Success
TR3266,T3148,F1740,263136,Cash,Success
TR3267,T3475,F1592,355000,VNPay,Failed
TR3268,T1810,F1077,545378,Credit,Success
TR3269,T625,F1974,434610,VNPay,Failed
TR3270,T2882,F799,523617,VNPay,Success
TR3271,T3375,F1246,234815,VNPay,Success
TR3272,T3034,F1686,519737,VNPay,Success
TR3273,T1871,F1221,196426,Credit,Failed
TR3274,T3637,F318,415788,VNPay,Success
TR3275,T2732,F1162,464174,Credit,Success
TR3276,T3691,F903,270032,MoMo,Failed
TR3277,T2132,F1049,330023,VNPay,Failed
TR3278,T1808,F225,484724,Credit,Failed
TR3279,T3675,F1981,401042,MoMo,Failed
TR3280,T3657,F769,224846,MoMo,Failed
TR3281,T558,F34,277307,Cash,Success
TR3282,T3405,F1112,223339,MoMo,Success
TR3283,T1668,F754,259427,MoMo,Failed
TR3284,T1129,F888,433352,VNPay,Success
TR3285,T2615,F663,264537,Cash,Failed
TR3286,T2375,F457,335171,Credit,Success
TR3287,T3003,F575,209082,VNPay,Success
TR3288,T2358,F1589,103281,VNPay,Failed
TR3289,T49,F917,410306,Cash,Failed
TR3290,T1099,F312,446452,Credit,Success
TR3291,T2878,F1753,489425,MoMo,Success
TR3292,T1204,F1841,257291,VNPay,Failed
TR3293,T2175,F1304,599308,Credit,Success
TR3294,T75,F1727,421050,Credit,Success
TR3295,T2507,F1730,423221,MoMo,Success
TR3296,T3135,F1116,489054,MoMo,Success
TR3297,T1599,F1845,550508,VNPay,Failed
TR3298,T942,F1774,367546,MoMo,Success
TR3299,T1056,F1858,272487,Cash,Failed
TR3300,T1936,F1099,165795,VNPay,Failed
TR3301,T1221,F1777,583363,VNPay,Success
TR3302,T3334,F1741,412290,Cash,Success
TR3303,T1066,F1567,387698,Cash,Failed
TR3304,T2302,F1793,252861,Cash,Failed
TR3305,T3345,F929,369349,Credit,Failed
TR3306,T607,F1292,442538,VNPay,Failed
TR3307,T3215,F394,251781,Credit,Failed
TR3308,T3677,F1589,458501,Cash,Success
TR3309,T3505,F1151,492485,Cash,Failed
TR3310,T2001,F861,582682,MoMo,Success
TR3311,T3991,F920,110960,Credit,Failed
TR3312,T3621,F914,598591,MoMo,Failed
TR3313,T2258,F149,159228,VNPay,Success
TR3314,T3058,F1784,466312,MoMo,Failed
TR3315,T3638,F1897,226108,Credit,Failed
TR3316,T17,F1548,207790,Cash,Failed
TR3317,T512,F185,531129,Credit,Success
TR3318,T1675,F1548,404382,MoMo,Success
TR3319,T2902,F312,391875,VNPay,Failed
TR3320,T770,F1183,426625,Cash,Failed
TR3321,T3743,F773,551460,MoMo,Success
TR3322,T197,F1815,536886,VNPay,Failed
TR3323,T1537,F1374,407632,Credit,Failed
TR3324,T1568,F371,157609,Credit,Success
TR3325,T2945,F865,469068,MoMo,Failed
TR3326,T991,F1947,352835,Credit,Failed
TR3327,T2634,F1413,315313,Cash,Failed
TR3328,T3100,F954,469832,VNPay,Failed
TR3329,T2021,F1392,315439,MoMo,Failed
TR3330,T1471,F1249,558541,VNPay,Failed
TR3331,T3131,F1111,338103,MoMo,Failed
TR3332,T1812,F1082,368582,VNPay,Failed
TR3333,T1521,F1396,441320,MoMo,Success
TR3334,T2242,F1595,433688,Cash,Failed
TR3335,T2106,F1121,561582,MoMo,Failed
TR3336,T2068,F1254,549283,VNPay,Success
TR3337,T967,F302,135187,MoMo,Success
TR3338,T977,F1042,226945,VNPay,Failed
TR3339,T822,F998,318073,VNPay,Success
TR3340,T3541,F120,106340,VNPay,Success
TR3341,T2212,F853,570908,Cash,Success
TR3342,T1618,F574,561862,VNPay,Failed
TR3343,T2158,F1955,194086,Cash,Failed
TR3344,T804,F1034,494124,Credit,Success
TR3345,T951,F1026,297894,Credit,Success
TR3346,T600,F372,468609,MoMo,Success
TR3347,T2945,F1901,378095,Cash,Success
TR3348,T2946,F1155,177064,Credit,Success
TR3349,T669,F1558,139288,VNPay,Success
TR3350,T1208,F1115,455952,Credit,Success
TR3351,T3345,F450,351185,Cash,Success
TR3352,T1763,F1885,240806,Credit,Success
TR3353,T3449,F312,103555,MoMo,Success
TR3354,T3384,F1239,534708,MoMo,Success
TR3355,T2608,F1586,281542,MoMo,Success
TR3356,T1557,F212,344771,MoMo,Success
TR3357,T1842,F382,492623,Credit,Success
TR3358,T486,F455,118867,Credit,Failed
TR3359,T1966,F859,446013,VNPay,Failed
TR3360,T862,F90,289855,VNPay,Failed
TR3361,T3014,F840,381892,Credit,Failed
TR3362,T2978,F1675,291036,Cash,Failed
TR3363,T2906,F571,573434,Cash,Failed
TR3364,T2914,F1045,396592,Credit,Success
TR3365,T3402,F291,349621,Cash,Success
TR3366,T728,F1598,393319,MoMo,Success
TR3367,T84,F1077,517546,VNPay,Failed
TR3368,T3136,F1755,435887,MoMo,Failed
TR3369,T3972,F1744,107079,VNPay,Failed
TR3370,T687,F770,400374,Cash,Failed
TR3371,T2324,F1923,313821,Credit,Success
TR3372,T3735,F37,449138,Credit,Failed
TR3373,T2049,F257,454080,Credit,Success
TR3374,T1719,F1770,562524,VNPay,Success
TR3375,T3155,F1796,436935,VNPay,Failed
TR3376,T74,F239,237719,Credit,Success
TR3377,T1712,F557,573740,MoMo,Failed
TR3378,T994,F1473,172824,Cash,Failed
TR3379,T3800,F1410,541968,Credit,Failed
TR3380,T1405,F1856,327226,Cash,Success
TR3381,T3488,F497,545321,Cash,Failed
TR3382,T1425,F375,434941,MoMo,Failed
TR3383,T958,F562,432183,Credit,Success
TR3384,T2267,F1973,251331,Cash,Success
TR3385,T3510,F66,182162,Credit,Failed
TR3386,T3753,F205,326577,VNPay,Failed
TR3387,T3234,F633,328518,Cash,Success
TR3388,T3638,F1049,541694,Cash,Failed
TR3389,T3783,F611,577865,MoMo,Failed
TR3390,T1538,F295,120208,VNPay,Failed
TR3391,T1385,F1047,216496,Cash,Success
TR3392,T137,F544,226088,Credit,Success
TR3393,T1237,F1471,230655,VNPay,Success
TR3394,T540,F1951,260524,Credit,Failed
TR3395,T1071,F946,311302,Credit,Failed
TR3396,T637,F593,162211,VNPay,Failed
TR3397,T677,F1011,419358,Credit,Failed
TR3398,T2606,F714,598739,Cash,Failed
TR3399,T1387,F1410,484183,VNPay,Failed
TR3400,T1862,F754,548966,MoMo,Success
TR3401,T381,F475,455543,Cash,Failed
TR3402,T2747,F1330,275373,Credit,Failed
TR3403,T1086,F388,147719,MoMo,Success
TR3404,T105,F1519,160787,Credit,Failed
TR3405,T2107,F1559,214790,Credit,Failed
TR3406,T3492,F467,333600,MoMo,Failed
TR3407,T3259,F221,530663,VNPay,Failed
TR3408,T2044,F467,593638,Cash,Success
TR3409,T2514,F1738,256129,MoMo,Failed
TR3410,T2196,F161,187762,MoMo,Success
TR3411,T1648,F300,387827,VNPay,Success
TR3412,T73,F1832,559687,VNPay,Failed
TR3413,T3039,F190,282240,Credit,Failed
TR3414,T2427,F231,577162,VNPay,Success
TR3415,T116,F1740,369322,VNPay,Failed
TR3416,T560,F250,596861,Cash,Success
TR3417,T1928,F1175,542023,Credit,Failed
TR3418,T795,F332,174770,Credit,Failed
TR3419,T3818,F293,225190,VNPay,Success
TR3420,T2344,F1173,191710,Cash,Success
TR3421,T3444,F674,384207,VNPay,Success
TR3422,T3576,F1391,163453,Cash,Success
TR3423,T2866,F622,103100,VNPay,Failed
TR3424,T226,F1840,503366,MoMo,Success
TR3425,T3782,F1146,373172,Credit,Failed
TR3426,T3568,F1586,186305,Cash,Success
TR3427,T2223,F241,209678,Cash,Failed
TR3428,T1610,F1346,428836,VNPay,Failed
TR3429,T724,F1191,291608,Credit,Failed
TR3430,T2086,F1714,522337,Credit,Failed
TR3431,T1715,F986,497164,MoMo,Success
TR3432,T2826,F241,174859,VNPay,Success
TR3433,T2853,F1715,475253,Cash,Failed
TR3434,T380,F277,180714,VNPay,Failed
TR3435,T1768,F429,384458,VNPay,Failed
TR3436,T1997,F1210,427244,Cash,Failed
TR3437,T2056,F250,226593,Credit,Failed
TR3438,T2044,F158,422551,MoMo,Failed
TR3439,T280,F499,565211,Cash,Success
TR3440,T220,F204,395197,Cash,Failed
TR3441,T208,F1052,538106,MoMo,Failed
TR3442,T819,F1690,333202,Credit,Success
TR3443,T2429,F1040,237772,Credit,Failed
TR3444,T1768,F1742,277301,VNPay,Success
TR3445,T684,F1426,248657,VNPay,Success
TR3446,T3739,F686,395033,MoMo,Failed
TR3447,T1924,F788,497469,Credit,Failed
TR3448,T357,F1999,341367,VNPay,Failed
TR3449,T1827,F1099,104276,Cash,Success
TR3450,T882,F1880,178651,VNPay,Success
TR3451,T1979,F1355,212313,VNPay,Failed
TR3452,T111,F845,298375,MoMo,Success
TR3453,T1006,F1425,376980,MoMo,Failed
TR3454,T12,F162,593278,MoMo,Success
TR3455,T3770,F612,451637,VNPay,Success
TR3456,T780,F510,591262,Cash,Success
TR3457,T686,F765,108342,Cash,Success
TR3458,T3554,F966,184062,Cash,Success
TR3459,T2478,F490,146469,MoMo,Success
TR3460,T2925,F795,318775,MoMo,Success
TR3461,T109,F1267,116118,MoMo,Success
TR3462,T2373,F1004,463956,VNPay,Success
TR3463,T833,F1666,224635,Credit,Success
TR3464,T2385,F1531,236643,VNPay,Failed
TR3465,T561,F1323,184598,VNPay,Success
TR3466,T1715,F911,337584,VNPay,Failed
TR3467,T805,F1458,168250,VNPay,Failed
TR3468,T103,F156,438783,Cash,Failed
TR3469,T795,F798,349477,VNPay,Success
TR3470,T3493,F574,218755,Cash,Failed
TR3471,T3680,F329,366455,Credit,Success
TR3472,T2032,F700,459231,VNPay,Success
TR3473,T159,F473,503211,Credit,Success
TR3474,T3746,F320,595870,Cash,Failed
TR3475,T1939,F961,256976,MoMo,Success
TR3476,T1471,F1143,216838,MoMo,Failed
TR3477,T1948,F1824,358321,Cash,Failed
TR3478,T3539,F591,468784,VNPay,Success
TR3479,T2372,F1805,352516,Credit,Success
TR3480,T2110,F746,103381,Credit,Failed
TR3481,T2076,F1217,174798,Cash,Failed
TR3482,T115,F1526,451984,VNPay,Success
TR3483,T1066,F1088,128691,MoMo,Failed
TR3484,T462,F1492,365373,Credit,Success
TR3485,T2279,F420,501517,MoMo,Failed
TR3486,T2562,F1909,182135,VNPay,Failed
TR3487,T2999,F700,289392,Credit,Failed
TR3488,T1130,F1374,318771,Cash,Failed
TR3489,T608,F76,376634,Credit,Success
TR3490,T3607,F1329,306088,VNPay,Success
TR3491,T2687,F1955,318753,VNPay,Success
TR3492,T3113,F224,373055,Cash,Failed
TR3493,T2914,F1036,114380,Cash,Success
TR3494,T272,F138,422479,Credit,Failed
TR3495,T2919,F717,520312,Credit,Failed
TR3496,T3998,F1139,148561,Credit,Success
TR3497,T3252,F1705,356429,Cash,Failed
TR3498,T230,F645,404292,Cash,Failed
TR3499,T3531,F695,479019,Credit,Success
TR3500,T1981,F838,213009,Cash,Success
TR3501,T3464,F24,138822,Credit,Failed
TR3502,T2209,F377,174026,Cash,Failed
TR3503,T967,F1012,509390,MoMo,Failed
TR3504,T2491,F889,385520,VNPay,Failed
TR3505,T1938,F1235,282535,VNPay,Failed
TR3506,T2117,F53,320183,Credit,Failed
TR3507,T2885,F419,572945,Cash,Failed
TR3508,T306,F950,155231,Credit,Failed
TR3509,T2436,F1757,243059,Credit,Failed
TR3510,T2216,F815,399282,Cash,Success
TR3511,T1927,F172,321525,MoMo,Failed
TR3512,T2047,F446,391196,VNPay,Failed
TR3513,T1607,F735,530056,Credit,Success
TR3514,T1089,F1544,372372,MoMo,Success
TR3515,T1995,F1015,517864,Cash,Failed
TR3516,T3082,F1167,211044,Credit,Success
TR3517,T596,F334,457100,MoMo,Failed
TR3518,T3710,F956,100684,Credit,Success
TR3519,T923,F1691,511104,MoMo,Failed
TR3520,T1858,F1124,163114,Cash,Failed
TR3521,T3474,F1355,511828,Cash,Failed
TR3522,T1394,F838,121795,Credit,Success
TR3523,T376,F479,542997,MoMo,Success
TR3524,T3171,F1686,372258,Cash,Failed
TR3525,T1641,F1334,116079,VNPay,Success
TR3526,T617,F1569,532664,MoMo,Success
TR3527,T2460,F1345,331608,Cash,Failed
TR3528,T2196,F575,230970,Credit,Failed
TR3529,T3107,F1279,450768,Credit,Failed
TR3530,T2265,F298,447657,MoMo,Success
TR3531,T2124,F1152,446737,MoMo,Failed
TR3532,T2000,F1982,352709,Credit,Failed
TR3533,T1123,F1419,541497,Cash,Failed
TR3534,T2774,F513,409359,VNPay,Success
TR3535,T3391,F1976,190677,MoMo,Success
TR3536,T545,F1509,254069,Credit,Failed
TR3537,T318,F879,323715,Credit,Success
TR3538,T2913,F1935,130340,VNPay,Success
TR3539,T873,F1162,564804,MoMo,Failed
TR3540,T3172,F1632,394916,VNPay,Failed
TR3541,T279,F1964,365419,MoMo,Failed
TR3542,T2430,F1010,500803,Cash,Success
TR3543,T3585,F1796,584225,Cash,Success
TR3544,T653,F1582,483951,Credit,Failed
TR3545,T2551,F1767,324888,Credit,Failed
TR3546,T865,F724,340875,MoMo,Success
TR3547,T465,F1396,245612,MoMo,Success
TR3548,T3399,F1138,350304,Credit,Failed
TR3549,T3786,F995,123303,VNPay,Success
TR3550,T3012,F1451,194434,MoMo,Success
TR3551,T2237,F1076,402778,MoMo,Failed
TR3552,T3383,F516,323654,Cash,Success
TR3553,T2037,F669,573720,Cash,Success
TR3554,T3416,F1546,596690,MoMo,Success
TR3555,T3755,F898,341493,Cash,Failed
TR3556,T2846,F1169,323715,MoMo,Failed
TR3557,T1076,F212,392498,VNPay,Failed
TR3558,T725,F1957,547410,Credit,Success
TR3559,T1489,F239,368143,Cash,Success
TR3560,T1977,F850,198689,Credit,Success
TR3561,T1137,F643,527761,MoMo,Success
TR3562,T3343,F1538,131972,Cash,Success
TR3563,T3261,F66,302208,Cash,Failed
TR3564,T1447,F1160,503649,Cash,Failed
TR3565,T1024,F587,180657,MoMo,Failed
TR3566,T326,F1963,547862,MoMo,Success
TR3567,T3454,F584,293567,VNPay,Success
TR3568,T422,F1926,462065,Credit,Failed
TR3569,T3158,F1490,284756,MoMo,Failed
TR3570,T1146,F769,119879,VNPay,Failed
TR3571,T2545,F938,293341,Credit,Failed
TR3572,T1978,F1208,541178,Cash,Failed
TR3573,T2344,F321,201069,VNPay,Failed
TR3574,T1273,F635,171783,Credit,Failed
TR3575,T1542,F1354,251230,VNPay,Failed
TR3576,T2891,F304,191635,VNPay,Failed
TR3577,T480,F254,269680,MoMo,Success
TR3578,T1910,F1982,303067,Credit,Failed
TR3579,T689,F475,239283,Cash,Failed
TR3580,T1705,F1680,332949,MoMo,Success
TR3581,T1019,F1448,282417,MoMo,Failed
TR3582,T1304,F981,193947,Cash,Success
TR3583,T3630,F1020,523122,Cash,Success
TR3584,T1166,F1922,306411,Cash,Failed
TR3585,T895,F312,160217,Credit,Failed
TR3586,T1036,F576,380826,VNPay,Failed
TR3587,T813,F81,246133,VNPay,Success
TR3588,T1567,F1172,578917,Cash,Failed
TR3589,T3769,F1178,316137,VNPay,Failed
TR3590,T3127,F889,516098,VNPay,Failed
TR3591,T860,F430,305168,Credit,Success
TR3592,T3665,F1152,406090,MoMo,Failed
TR3593,T787,F1575,513541,Credit,Failed
TR3594,T748,F1490,318297,MoMo,Success
TR3595,T1426,F1712,147627,VNPay,Success
TR3596,T932,F1864,459784,VNPay,Failed
TR3597,T2131,F797,160386,Cash,Failed
TR3598,T3030,F635,401219,Cash,Failed
TR3599,T1111,F1769,214081,MoMo,Failed
TR3600,T1550,F879,105865,VNPay,Failed
TR3601,T3407,F1182,556139,Cash,Failed
TR3602,T3058,F1936,272581,VNPay,Success
TR3603,T2193,F71,437553,MoMo,Failed
TR3604,T2647,F1219,525891,MoMo,Success
TR3605,T2861,F1841,183726,VNPay,Success
TR3606,T2109,F1472,169027,Credit,Failed
TR3607,T3851,F1682,113728,VNPay,Failed
TR3608,T220,F1927,308139,VNPay,Success
TR3609,T408,F185,145829,Credit,Failed
TR3610,T1061,F1816,329318,Credit,Success
TR3611,T256,F1616,156177,MoMo,Failed
TR3612,T1971,F1358,132998,Credit,Success
TR3613,T765,F336,314399,Credit,Failed
TR3614,T2174,F1439,345725,Credit,Failed
TR3615,T516,F855,168091,Credit,Failed
TR3616,T41,F1714,538974,MoMo,Success
TR3617,T3236,F1631,136877,Credit,Failed
TR3618,T2546,F1836,444767,Credit,Success
TR3619,T241,F254,208521,Credit,Success
TR3620,T3338,F883,149998,VNPay,Failed
TR3621,T3306,F636,399048,MoMo,Failed
TR3622,T1621,F818,459306,VNPay,Failed
TR3623,T2032,F320,518447,Credit,Failed
TR3624,T1886,F236,214650,Credit,Failed
TR3625,T3484,F512,544448,MoMo,Success
TR3626,T3253,F76,414027,Credit,Failed
TR3627,T2270,F1373,314536,Cash,Success
TR3628,T12,F1568,304893,VNPay,Failed
TR3629,T2544,F596,344577,Credit,Failed
TR3630,T234,F1460,349626,Credit,Success
TR3631,T1567,F1423,543086,Credit,Success
TR3632,T2878,F963,100767,Credit,Success
TR3633,T3644,F1272,407775,MoMo,Success
TR3634,T3343,F1631,183553,Credit,Failed
TR3635,T3935,F1702,453714,Cash,Success
TR3636,T1728,F500,119491,Cash,Failed
TR3637,T2616,F1471,334305,VNPay,Failed
TR3638,T1453,F851,298265,Credit,Success
TR3639,T3811,F32,220699,Cash,Success
TR3640,T1414,F1943,443227,VNPay,Failed
TR3641,T240,F106,156010,VNPay,Success
TR3642,T2768,F712,185457,Credit,Failed
TR3643,T2096,F1912,288218,VNPay,Failed
TR3644,T2665,F1263,379961,Cash,Failed
TR3645,T2594,F319,138852,Credit,Failed
TR3646,T857,F461,509355,Credit,Failed
TR3647,T1522,F121,447785,Cash,Failed
TR3648,T2094,F1672,332482,VNPay,Failed
TR3649,T1623,F1861,574758,Cash,Failed
TR3650,T1935,F898,443235,Cash,Failed
TR3651,T1023,F117,503289,VNPay,Failed
TR3652,T707,F1937,545887,VNPay,Failed
TR3653,T2447,F1733,146816,MoMo,Success
TR3654,T1332,F1601,414593,MoMo,Failed
TR3655,T618,F1106,566771,VNPay,Failed
TR3656,T1740,F1013,128070,VNPay,Failed
TR3657,T1922,F391,274766,Cash,Failed
TR3658,T2999,F1744,597875,VNPay,Success
TR3659,T2639,F1564,564221,VNPay,Failed
TR3660,T2727,F1639,271256,Cash,Failed
TR3661,T1893,F1762,530968,VNPay,Success
TR3662,T124,F1265,558530,MoMo,Success
TR3663,T2669,F1756,489125,Credit,Success
TR3664,T584,F539,505966,Credit,Success
TR3665,T1396,F1876,152628,MoMo,Success
TR3666,T3426,F1649,516656,MoMo,Failed
TR3667,T569,F951,511420,VNPay,Failed
TR3668,T1984,F769,366721,Cash,Success
TR3669,T704,F12,498880,MoMo,Success
TR3670,T489,F400,175246,VNPay,Failed
TR3671,T2663,F1970,438885,MoMo,Success
TR3672,T1172,F1801,575922,MoMo,Success
TR3673,T2950,F262,126342,MoMo,Failed
TR3674,T3842,F672,342905,Cash,Failed
TR3675,T1733,F515,245005,MoMo,Success
TR3676,T631,F1601,153272,VNPay,Failed
TR3677,T3514,F1397,302583,Cash,Success
TR3678,T3411,F1466,398292,Credit,Failed
TR3679,T1285,F1154,353719,VNPay,Success
TR3680,T3337,F1661,499975,Credit,Failed
TR3681,T1119,F89,483349,Credit,Failed
TR3682,T2759,F1487,515679,MoMo,Success
TR3683,T2966,F1789,177714,Cash,Success
TR3684,T1096,F1505,275484,MoMo,Failed
TR3685,T3575,F289,104817,Credit,Success
TR3686,T307,F1048,160726,VNPay,Failed
TR3687,T1103,F43,358218,Credit,Failed
TR3688,T211,F1741,331686,Cash,Failed
TR3689,T1905,F219,199437,Credit,Success
TR3690,T1444,F1034,501156,Credit,Failed
TR3691,T3018,F1655,358807,MoMo,Success
TR3692,T2751,F790,480143,Cash,Success
TR3693,T99,F423,284926,MoMo,Success
TR3694,T1509,F1001,139175,Credit,Failed
TR3695,T8,F1148,400726,VNPay,Failed
TR3696,T1169,F237,514536,Cash,Failed
TR3697,T1365,F667,308306,MoMo,Success
TR3698,T3213,F1015,505598,Credit,Success
TR3699,T1462,F1328,166002,MoMo,Failed
TR3700,T954,F286,100659,MoMo,Success
TR3701,T3351,F1183,287114,Credit,Failed
TR3702,T3814,F681,334381,MoMo,Failed
TR3703,T2411,F1274,551262,Cash,Failed
TR3704,T1233,F182,598987,Cash,Failed
TR3705,T1329,F1929,336708,Credit,Success
TR3706,T1784,F246,503443,VNPay,Failed
TR3707,T941,F910,202113,MoMo,Success
TR3708,T3179,F1330,126351,MoMo,Success
TR3709,T1556,F964,326391,VNPay,Success
TR3710,T885,F525,519777,Cash,Success
TR3711,T3951,F1512,140398,Cash,Success
TR3712,T3959,F383,252620,Cash,Failed
TR3713,T1746,F122,390267,VNPay,Success
TR3714,T3230,F449,119355,VNPay,Success
TR3715,T281,F693,491343,MoMo,Success
TR3716,T1973,F868,268937,MoMo,Success
TR3717,T614,F1,513732,Cash,Success
TR3718,T211,F99,458956,MoMo,Success
TR3719,T228,F206,578781,Cash,Success
TR3720,T3189,F1768,106764,MoMo,Failed
TR3721,T1937,F2,257643,MoMo,Failed
TR3722,T25,F301,453859,Cash,Failed
TR3723,T3360,F879,391087,VNPay,Success
TR3724,T1516,F240,536811,Credit,Success
TR3725,T387,F1430,221513,Credit,Success
TR3726,T2724,F1574,435146,Cash,Success
TR3727,T1876,F948,161867,Cash,Success
TR3728,T3026,F1850,202734,VNPay,Success
TR3729,T3921,F42,251648,MoMo,Success
TR3730,T804,F1031,588901,Cash,Success
TR3731,T2336,F100,199198,Credit,Failed
TR3732,T567,F1391,544223,Credit,Success
TR3733,T3241,F81,283992,Credit,Success
TR3734,T1357,F1817,155369,Cash,Failed
TR3735,T3074,F70,123748,Cash,Success
TR3736,T3460,F296,100244,MoMo,Failed
TR3737,T1663,F1897,287651,Credit,Failed
TR3738,T832,F1304,322131,MoMo,Success
TR3739,T2259,F944,316164,Cash,Success
TR3740,T3759,F991,162133,MoMo,Failed
TR3741,T3394,F1718,288221,MoMo,Failed
TR3742,T1814,F1975,142984,MoMo,Failed
TR3743,T45,F463,592219,Credit,Success
TR3744,T2359,F1888,587815,Cash,Failed
TR3745,T1104,F1148,542803,Credit,Success
TR3746,T43,F433,371851,Credit,Success
TR3747,T2763,F1841,383955,VNPay,Success
TR3748,T927,F508,311673,MoMo,Success
TR3749,T2115,F602,460350,Credit,Failed
TR3750,T2343,F969,373241,Cash,Failed
TR3751,T77,F896,297552,VNPay,Success
TR3752,T3046,F1530,303213,Credit,Failed
TR3753,T838,F608,421164,VNPay,Failed
TR3754,T1096,F1086,368673,MoMo,Success
TR3755,T1718,F360,593510,MoMo,Failed
TR3756,T1859,F1018,525759,Cash,Success
TR3757,T3656,F1073,494491,Credit,Failed
TR3758,T3789,F606,578816,Cash,Success
TR3759,T1076,F440,437450,MoMo,Failed
TR3760,T1054,F662,410546,VNPay,Failed
TR3761,T1163,F741,163235,Cash,Success
TR3762,T2044,F326,395226,Credit,Success
TR3763,T859,F1061,277507,Credit,Success
TR3764,T1291,F1095,471129,Credit,Success
TR3765,T3897,F837,370991,Credit,Success
TR3766,T1235,F244,447284,Credit,Failed
TR3767,T2286,F794,394813,VNPay,Failed
TR3768,T832,F1218,162946,Cash,Failed
TR3769,T723,F1162,279495,Credit,Success
TR3770,T1549,F217,547021,Cash,Failed
TR3771,T3195,F525,101177,Credit,Failed
TR3772,T2326,F621,563069,MoMo,Success
TR3773,T1351,F1184,424045,MoMo,Success
TR3774,T2795,F1166,546299,VNPay,Success
TR3775,T833,F636,125508,Credit,Failed
TR3776,T3198,F1922,316106,Credit,Failed
TR3777,T3678,F1541,151745,Credit,Failed
TR3778,T3235,F673,243586,Credit,Success
TR3779,T1904,F69,591234,Cash,Failed
TR3780,T3289,F110,531874,Credit,Success
TR3781,T495,F1135,199203,Credit,Success
TR3782,T2468,F1195,441168,Credit,Success
TR3783,T749,F404,594279,Credit,Failed
TR3784,T3130,F965,517916,Cash,Success
TR3785,T1236,F73,247924,Cash,Success
TR3786,T1064,F833,195444,MoMo,Failed
TR3787,T3953,F598,591426,Cash,Success
TR3788,T3352,F598,168609,VNPay,Failed
TR3789,T3318,F638,356089,MoMo,Success
TR3790,T3251,F197,312190,Cash,Success
TR3791,T1741,F395,426166,VNPay,Success
TR3792,T1099,F646,586314,Credit,Success
TR3793,T2694,F1119,365757,Credit,Failed
TR3794,T2984,F1528,179057,Cash,Success
TR3795,T2796,F1225,518502,Cash,Success
TR3796,T1257,F540,140053,Cash,Success
TR3797,T1803,F1936,258994,MoMo,Success
TR3798,T1101,F446,456451,Credit,Failed
TR3799,T3924,F1691,154059,MoMo,Success
TR3800,T889,F616,257832,MoMo,Success
TR3801,T2899,F1680,300244,MoMo,Failed
TR3802,T3507,F78,242614,MoMo,Failed
TR3803,T2665,F585,300069,VNPay,Failed
TR3804,T2805,F656,160412,VNPay,Failed
TR3805,T328,F661,284906,VNPay,Failed
TR3806,T1960,F132,391983,Credit,Success
TR3807,T688,F1762,358795,Credit,Success
TR3808,T670,F665,204747,MoMo,Success
TR3809,T32,F1415,158601,Cash,Success
TR3810,T1112,F1237,225909,Credit,Failed
TR3811,T909,F1397,437313,Credit,Failed
TR3812,T3576,F1821,372502,Credit,Failed
TR3813,T3504,F1204,496502,MoMo,Failed
TR3814,T1438,F1934,284612,Cash,Failed
TR3815,T233,F1390,160614,VNPay,Failed
TR3816,T2949,F335,129006,Credit,Success
TR3817,T2366,F1505,438951,Cash,Failed
TR3818,T2954,F1465,258928,Credit,Success
TR3819,T3124,F349,400582,Credit,Failed
TR3820,T2366,F169,323043,Cash,Success
TR3821,T1202,F1041,510567,VNPay,Success
TR3822,T523,F1997,101334,Cash,Success
TR3823,T1698,F273,504626,Cash,Success
TR3824,T2508,F590,457417,Cash,Success
TR3825,T40,F1102,349524,VNPay,Failed
TR3826,T1629,F208,481725,Credit,Success
TR3827,T1237,F498,109226,VNPay,Failed
TR3828,T2181,F1328,410406,Cash,Success
TR3829,T2340,F1029,123878,Cash,Failed
TR3830,T3884,F1500,256170,VNPay,Failed
TR3831,T2071,F1773,523475,Credit,Failed
TR3832,T483,F1919,209018,Credit,Success
TR3833,T3393,F1790,246414,VNPay,Success
TR3834,T3687,F1947,336545,Credit,Success
TR3835,T385,F1336,145547,Credit,Success
TR3836,T1631,F764,398374,VNPay,Success
TR3837,T1864,F1018,361497,VNPay,Failed
TR3838,T961,F655,482841,Credit,Failed
TR3839,T573,F1686,461910,Credit,Success
TR3840,T2988,F1113,570526,MoMo,Failed
TR3841,T474,F262,159055,MoMo,Failed
TR3842,T2336,F850,580567,Credit,Success
TR3843,T2820,F902,328947,Cash,Failed
TR3844,T1871,F415,126218,Credit,Success
TR3845,T3402,F301,205404,VNPay,Failed
TR3846,T2153,F1863,537579,MoMo,Success
TR3847,T2629,F1524,213168,MoMo,Failed
TR3848,T603,F1068,592662,VNPay,Success
TR3849,T2442,F1307,233386,Cash,Success
TR3850,T2852,F1707,142632,VNPay,Success
TR3851,T2339,F1521,588759,VNPay,Success
TR3852,T713,F727,509338,MoMo,Failed
TR3853,T1695,F1420,477960,VNPay,Failed
TR3854,T3498,F1467,359742,VNPay,Success
TR3855,T185,F319,216867,Credit,Success
TR3856,T2037,F672,157124,Credit,Success
TR3857,T3955,F1716,234987,Credit,Failed
TR3858,T3278,F99,244722,MoMo,Failed
TR3859,T1084,F678,324179,MoMo,Success
TR3860,T3028,F504,226498,MoMo,Failed
TR3861,T487,F1352,171375,MoMo,Failed
TR3862,T3495,F1072,324542,VNPay,Failed
TR3863,T3676,F435,208825,MoMo,Failed
TR3864,T3154,F1722,146156,VNPay,Success
TR3865,T3683,F634,525786,Cash,Success
TR3866,T3644,F643,230435,VNPay,Success
TR3867,T3208,F1343,488751,VNPay,Failed
TR3868,T3657,F69,578415,MoMo,Success
TR3869,T2283,F1586,360893,Credit,Failed
TR3870,T2537,F1986,433323,Credit,Failed
TR3871,T3213,F955,443367,Credit,Failed
TR3872,T2749,F935,248725,VNPay,Success
TR3873,T1712,F264,225560,VNPay,Success
TR3874,T1231,F124,543197,Credit,Success
TR3875,T347,F922,585597,Credit,Success
TR3876,T3219,F1591,160529,MoMo,Failed
TR3877,T1568,F335,125113,MoMo,Success
TR3878,T217,F968,169528,Cash,Success
TR3879,T1508,F871,165867,Cash,Failed
TR3880,T496,F1903,473192,MoMo,Failed
TR3881,T3930,F124,432416,MoMo,Success
TR3882,T969,F971,318417,VNPay,Success
TR3883,T3330,F759,192408,Cash,Failed
TR3884,T1518,F291,500633,Cash,Success
TR3885,T289,F677,415489,Cash,Failed
TR3886,T3361,F308,113640,MoMo,Failed
TR3887,T3444,F1337,262381,MoMo,Success
TR3888,T1850,F1411,278349,Cash,Success
TR3889,T2700,F1814,234246,Cash,Success
TR3890,T1198,F741,215237,MoMo,Success
TR3891,T835,F152,537542,VNPay,Failed
TR3892,T1226,F1048,342715,Credit,Success
TR3893,T2680,F589,176817,Cash,Success
TR3894,T3824,F240,372337,MoMo,Success
TR3895,T3591,F1537,175585,Cash,Success
TR3896,T1882,F814,577139,Cash,Success
TR3897,T2555,F662,290811,Cash,Failed
TR3898,T1158,F779,109168,VNPay,Success
TR3899,T2465,F640,243126,Cash,Failed
TR3900,T1255,F703,423723,MoMo,Failed
TR3901,T3574,F449,106204,MoMo,Success
TR3902,T1045,F385,300667,VNPay,Failed
TR3903,T1508,F1750,101539,Cash,Failed
TR3904,T3843,F1271,261798,MoMo,Success
TR3905,T677,F511,328743,Credit,Failed
TR3906,T3319,F23,173594,Credit,Success
TR3907,T725,F1782,183714,Credit,Failed
TR3908,T1015,F361,156769,Cash,Failed
TR3909,T950,F1181,591312,Cash,Failed
TR3910,T1633,F1607,576831,Credit,Failed
TR3911,T3755,F1614,532345,Cash,Failed
TR3912,T3704,F1884,137528,VNPay,Failed
TR3913,T51,F1736,228557,Cash,Success
TR3914,T2445,F172,583806,MoMo,Failed
TR3915,T3189,F689,303086,Cash,Success
TR3916,T481,F1955,555254,VNPay,Success
TR3917,T253,F847,252918,Cash,Success
TR3918,T3271,F1483,357993,MoMo,Success
TR3919,T1783,F1234,476692,VNPay,Failed
TR3920,T623,F232,252762,Cash,Failed
TR3921,T2872,F1079,255242,Cash,Success
TR3922,T1492,F329,434794,Credit,Failed
TR3923,T1168,F859,151334,MoMo,Success
TR3924,T2458,F660,318981,Cash,Success
TR3925,T1532,F856,594415,VNPay,Success
TR3926,T1949,F351,342616,Credit,Success
TR3927,T667,F268,295023,Credit,Failed
TR3928,T2927,F1550,126946,VNPay,Failed
TR3929,T2223,F1734,479093,Credit,Failed
TR3930,T3833,F1335,118107,Credit,Success
TR3931,T1072,F224,245091,VNPay,Failed
TR3932,T2444,F1213,173005,VNPay,Success
TR3933,T1772,F299,424855,Credit,Failed
TR3934,T2201,F385,466939,Credit,Success
TR3935,T1573,F42,175758,Cash,Success
TR3936,T3092,F172,315108,Cash,Failed
TR3937,T2047,F1616,354176,VNPay,Success
TR3938,T1390,F550,480131,Credit,Failed
TR3939,T1814,F1438,271527,Credit,Failed
TR3940,T3056,F1336,588364,MoMo,Success
TR3941,T400,F139,301382,Cash,Success
TR3942,T1142,F391,216884,Credit,Failed
TR3943,T62,F27,414688,MoMo,Success
TR3944,T3623,F1704,264762,VNPay,Failed
TR3945,T3610,F563,261973,Credit,Failed
TR3946,T3845,F227,467076,Cash,Failed
TR3947,T3425,F1380,474299,MoMo,Failed
TR3948,T21,F586,549251,MoMo,Success
TR3949,T1239,F1535,383690,MoMo,Success
TR3950,T2702,F1364,289046,Credit,Failed
TR3951,T2631,F1598,392220,Credit,Success
TR3952,T40,F1365,205854,MoMo,Failed
TR3953,T3897,F1869,299257,Cash,Success
TR3954,T2449,F532,291188,Cash,Failed
TR3955,T1062,F1077,115928,VNPay,Success
TR3956,T3193,F304,561014,Credit,Success
TR3957,T311,F1502,468461,Cash,Success
TR3958,T640,F1281,307560,VNPay,Success
TR3959,T1053,F1880,316711,MoMo,Success
TR3960,T3046,F1551,217165,Cash,Failed
TR3961,T2849,F16,124780,Cash,Failed
TR3962,T938,F714,287800,Cash,Failed
TR3963,T3641,F756,544411,Cash,Success
TR3964,T684,F21,527178,Cash,Success
TR3965,T3250,F1205,545333,MoMo,Failed
TR3966,T489,F916,242753,Cash,Failed
TR3967,T213,F332,464972,MoMo,Failed
TR3968,T2178,F1578,508740,VNPay,Success
TR3969,T3873,F1823,570791,Credit,Failed
TR3970,T2727,F1150,354475,Cash,Failed
TR3971,T2530,F1398,565326,VNPay,Success
TR3972,T3826,F858,180231,MoMo,Failed
TR3973,T1683,F1709,469054,MoMo,Success
TR3974,T3596,F396,346827,MoMo,Failed
TR3975,T3904,F1266,395170,MoMo,Failed
TR3976,T1329,F966,389283,Credit,Success
TR3977,T2673,F1952,318620,MoMo,Success
TR3978,T804,F1828,119926,VNPay,Failed
TR3979,T1288,F1589,543430,Credit,Success
TR3980,T2943,F123,365461,MoMo,Failed
TR3981,T3889,F663,268130,Credit,Success
TR3982,T2476,F1059,178498,Cash,Failed
TR3983,T1064,F466,579113,MoMo,Success
TR3984,T3097,F878,219118,Credit,Success
TR3985,T724,F282,419353,Cash,Failed
TR3986,T2587,F1098,402788,Credit,Failed
TR3987,T1049,F1568,318070,Cash,Success
TR3988,T1264,F945,487030,Cash,Success
TR3989,T194,F66,388640,VNPay,Failed
TR3990,T1866,F1876,550421,Credit,Success
TR3991,T1800,F1294,558677,VNPay,Success
TR3992,T1876,F473,589298,Credit,Success
TR3993,T1046,F789,156963,Credit,Success
TR3994,T105,F493,217698,MoMo,Success
TR3995,T2094,F1362,570123,MoMo,Failed
TR3996,T249,F903,124708,Cash,Failed
TR3997,T17,F889,158234,VNPay,Success
TR3998,T704,F1072,439508,Credit,Failed
TR3999,T3728,F98,597715,MoMo,Success
TR4000,T3877,F1081,388276,Cash,Failed
